Category,Brand,File Description (from web),File Name,Type,PID,Protocol
A/C,Daewoo,Daewoo AC,Daewoo_AC.txt,txt,00 5A,NEC1
A/C,Daewoo,Daewoo AC Model DWC-055RL,Daewoo_AC_model_DWC-055RL.txt,txt,00 5A,NEC1
A/C,Daewoo,Daewoo DWC-121R 12 100 BTU Window AC,Daewoo DWC-121R 12 100 BTU Window AC.rmdu,rmdu,00 5A,NEC1
A/C,Daikin,"Daikin ""Aircon"" a/c FTXS20CVMB",Daikin_AC_RM.rmdu,rmdu,01 FF,Manual Settings
A/C,Daimatsu,Daimatsu AC,Daimatsu AC.rmdu,rmdu,00 5C,Proton
A/C,Danby,Danby - DPAC7099 - Portable Air Conditioner_URC-10820B00,Danby - DPAC7099 - Portable Air Conditioner_URC-10820B00.rmdu,rmdu,00 5A,NEC1
A/C,Fedder,Fedder Window Air Conditioner v1,Fedder_AC_6_Button_Remote.txt,txt,00 5A,NEC1
A/C,Friedrich,Friedrich Air Conditioner,Friedrich AC.rmdu,rmdu,00 F8,Fujitsu
A/C,Frigidaire,Frigidaire / Electrolux FAAxxxP7A AC,Frigidaire FAA055P7A.rmdu,rmdu,00 5A,NEC1
A/C,Frigidaire,Frigidaire 8000 BTU window air conditioner,Frigidaire_Room_Air_Conditioner.txt,txt,00 5A,NEC1
A/C,Frigidaire,Frigidaire FASK153 Air Conditioner,Frigidare FASK153 Air Conditioner.rmdu,rmdu,00 5A,NEC1
A/C,GE,GE A/C 6000BTU,GE Air Conditioner.rmdu,rmdu,00 5A,NEC1
A/C,GE,GE AC Remote 6711A20035J,GE AC Remote 6711A20035J.rmdu,rmdu,00 5A,NEC1
A/C,GE,GE AC model AEWxxLM Remote YK4EB,GE AC remote YK4EB.rmdu,rmdu,00 5C,Proton
A/C,GE,GE Air Conditioner; Model AGM18DA; Remote 6711A20056F,GE AC Remote 6711A20056F.rmdu,rmdu,00 5A,NEC1
A/C,GE,GE General Electric Air Conditioner,GE Air conditioner.rmdu,rmdu,00 2F,Samsung20
A/C,Gree,Gree GJC08BK Windows Air Conditioner,Gree windows Air Conditioner GJC08BK_URC-10820B00.rmdu,rmdu,00 5C,Proton
A/C,Gree,Gree GJC08BK Windows Air Conditioner (mod Fan),Gree windows Air Conditioner GJC08BK__(mod fan+ mode)_URC-10820B00.rmdu,rmdu,00 5C,Proton
A/C,Haier,Haier Air Conditioner HWR12XC3-T,Haier Air Conditioner HWR12XC3-T.rmdu,rmdu,00 5A,NEC1
A/C,Haier,Haier air conditioner,Haier air conditioner.rmdu,rmdu,00 5A,NEC1
A/C,ICP,ICP HMC012KD1 A/C,ICP_HMC012KD1_AC_RM.rmdu,rmdu,01 FF,Manual Settings
A/C,Kenmore,Kenmore 253-355400 Air Conditioner - URC-10820,Kenmore 253-355400 Air Conditionner_URC-10820 (0253).rmdu,rmdu,00 5A,NEC1
A/C,Kenmore,Kenmore AC,Kenmore AC.rmdu,rmdu,01 FF,Manual Settings
A/C,Kenmore,Kenmore AC,Kenmore_AC.txt,txt,01 FF,Manual Settings
A/C,LG,LG LWHD1000CR,LG_LWHD1000CR_Air_Conditioner.rmdu,rmdu,00 5A,NEC1
A/C,Maeco,Maeco 1056,Maeco 1056 Fan.rmdu,rmdu,00 5A,NEC1
A/C,Panasonic,Panasonic CW-XC104HU a/c,Panasonic CW-XC104HU.rmdu,rmdu,00 5A,NEC1
A/C,Samsung,Samsung AC (untested),Samsung_AC.txt,txt,01 FF,Manual Settings
A/C,Samsung,Samsung AWxxECB Series AC.rmdu,Samsung AWxxECB Series AC.rmdu,rmdu,01 99,Manual Settings
A/C,Samsung,Samsung AWxxECB Series AC.rmdu #2,Samsung AWxxECB Series AC2.rmdu,rmdu,00 2F,Samsung20
A/C,Sharp,Sharp AF-S85PX Air Conditioner (10 Button),Sharp Air Conditioner.rmdu,rmdu,00 5A,NEC1
A/C,Sharp,Sharp Air Conditioner-KM,Sharp Air Conditioner-KM.txt,txt,01 C9,Kaseikyo
A/C,Soleus,Soleus Air Conditioner,Soleus_Air_Conditioner.rmdu,rmdu,00 5c,Proton
A/C,Soleus,Soleus Air Conditioner,Soleus_Air_Conditioner.txt,txt,00 5C,Proton
A/C,Soleus,Soleus SG-WAC-08ESE A/C,Soleus SG-WAC-08ESE-C.rmdu,rmdu,00 5C,Proton
Audio,ADS,ADS TEST1,ADSTEST1.txt,txt,00 68,pid: 00 68
Audio,ADS,ADS TEST2,ADSTEST2.txt,txt,00 68,pid: 00 68
Audio,AK-45,AK-45 Amplifier,AK-45 Amplifier.rmdu,rmdu,00 5A,NEC1
Audio,Acurus,Acurus ACT-3,Acurus ACT-3.txt,txt,00 E8,RC-5
Audio,Adcom,Adcom GTP-500,Adcom_GTP500.txt,txt,00 1A,F12
Audio,Adcom,Adcom GTP-500II preamp,Adcom_GTP500II.txt,txt,00 5E,Aiwa
Audio,Adcom,Adcom GTP-550,Adcom GTP-550 GTP-600.rmdu,rmdu,00 5A,NEC1
Audio,Adcom,Adcom GTP-602,Adcom GTP-602.rmdu,rmdu,00 B6,NEC1 Combo
Audio,Adcom,Adcom GTP-740,Adcom_GTP-740.txt,txt,00 5A,NEC1
Audio,Adcom,Adcom GTP-830,Adcom GTP-830 device.txt,txt,00 5A,NEC1
Audio,Aiwa,Aiwa DV75 Receiver,Aiwa_DV75_Receiver.txt,txt,00 9E,Aiwa Combo
Audio,Aiwa,Aiwa Exos-9,Aiwa Exos-9.rmdu,rmdu,00 5A,NEC1
Audio,Aiwa,Aiwa NSX-350M,Aiwa_NSX-350M.txt,txt,00 9E,Aiwa Combo
Audio,Aiwa,Aiwa NSX-HMA56,Aiwa-NSX-HMA56.txt,txt,00 5E,Aiwa
Audio,Aiwa,Aiwa NSX-MT50/MT55,Aiwa-NSX-MT50.txt,txt,00 5E,Aiwa
Audio,Altec_Lansing,Altec_Lansing ADA885,Altec_Lansing_ADA885.txt,txt,00 5A,NEC1
Audio,Altec_Lansing,Altec_Lansing MX5021,Altec_Lansing_MX5021.txt,txt,00 5A,NEC1
Audio,Amazon,Amazon Basics SB210 Soundbar,Amazon Basics SB210 Soundbar.rmdu,rmdu,00 5A,NEC1
Audio,Anthem,Anthem 2 Main,Anthem_2_Main.txt,txt,01 23,Anthem
Audio,Anthem,Anthem 2 Zone2,Anthem_2_Zone2.txt,txt,01 23,Anthem
Audio,Anthem,Anthem 20 Main,Anthem_20_Main.txt,txt,01 23,Anthem
Audio,Anthem,Anthem 20 Zone2,Anthem_20_Zone2.txt,txt,01 23,Anthem
Audio,Anthem,Anthem 20 Zone3,Anthem_2_Zone3.txt,txt,01 23,Anthem
Audio,Anthem,Anthem AVM 30 (main),Anthem AVM30.rmdu,rmdu,01 23,Anthem
Audio,Apogee,Apogee Grand Speakers,Apogee_Grand_Speakers.txt,txt,00 3E,Manual Settings
Audio,Arcam,Arcam AVR250 Receiver,Arcam AVR250 surround sound receiver.rmdu,rmdu,00 73,RC-5/5x Combo
Audio,Arcam,Arcam Amp,Arcam Amp-Tuner-CD.rmdu,rmdu,00 E8,RC-5
Audio,Arcam,Arcam Receiver (AVR100),Arcam Receiver AVR100.rmdu,rmdu,00 E8,RC-5
Audio,Arcam,Arcam Tuner,Arcam-Tuner.txt,txt,00 E8,RC-5
Audio,Arylic,Arylic,Arylic.rmdu,rmdu,00 5A,NEC1
Audio,Audio_Refinement,Audio_Refinement Complete Integrated amp,Audio Refinement Complete Integrated amp.rmdu,rmdu,00 E8,RC-5
Audio,Audioengine,Audioengine A5+ Powered Speakers (.rmdu),Comcast AudioEngine A5.rmdu,rmdu,00 5A,NECx2
Audio,Auvio,Auvio 31-314.xt,Auvio 31-314.txt,txt,00 5A,NEC1
Audio,B&K,B&K 107,B&K-107.txt,txt,00 5A,NEC2
Audio,B&K,B&K Reference 20,BK Reference 20.rmdu,rmdu,00 5A,NEC2
Audio,B&K,B&K Reference 20.rmdu,BK Reference 20.rmdu,rmdu,00 5a,NEC2
Audio,BS-28B,BS-28B Soundbar URC-7880,BS-28B Soundbar URC-7880.rmdu,rmdu,00 5A,NEC1
Audio,BSR,BSR 14/14XR Equalizer,BSR-1414-XR.txt,txt,00 5A,NEC2
Audio,Bang&Olufsen,Bang&Olufsen 9000,Bang_&_Olufsen_9000.txt,txt,00 EB,Manual Settings
Audio,Bomaker,Bomaker Ondine 1 Soundbar,Bomaker Ondine 1 Soundbar.rmdu,rmdu,00 5A,NEC1
Audio,Bose,Bose CineMate Series II Digital Home Theater Speaker System,Bose_CineMate_Series_II.txt,txt,00 5A,NEC2
Audio,Bose,Bose Lifestyle 50,Bose_Lifestyle_50.txt,txt,00 5A,NEC2
Audio,Bose,Bose Lifestyle MRI B,Bose_Lifestyle_MRI_B.txt,txt,00 5A,NEC2
Audio,Bose,Bose Lifestyle MRI C,Bose_Lifestyle_MRI_C.txt,txt,00 5A,NEC2
Audio,Bose,Bose Lifestyle MRI D,Bose_Lifestyle_MRI_D.txt,txt,00 5A,NEC2
Audio,Bose,Bose Solo TV Speaker (soundbar),Bose Solo TV Speaker (soundbar).rmdu,rmdu,01 0C,Bose
Audio,Bose,Bose Solo TV Speaker (soundbar),Bose_Solo_TV_Speaker (soundbar).rmdu,rmdu,01 0C,Bose
Audio,Bose,Bose SoundTouch 10/20/30,Bose SoundTouch.rmdu,rmdu,01 0C,Bose
Audio,Boston_Acoustics,Boston_Acoustics 7000 amplifier,Boston Acoustics 7000 amplifier.rmdu,rmdu,00 E4,Boston Acoustics
Audio,Boston_Acoustics,Boston_Acoustics Horizon Duo-I,Boston_Acoustics_Horizon_Duo_I.txt,txt,00 5A,NEC2
Audio,Bush,Bush CBAR4 SoundBar,Bush CBAR4 SoundBar.rmdu,rmdu,00 5A,NEC1
Audio,Cambridge,Cambridge Audio TV5v2,Cambridge Audio TV5v2.rmdu,rmdu,00 5A,NEC1
Audio,Cambridge_Audio,Cambridge_Audio 651R or 751R,Cambridge Audio 651R or 751R.rmdu,rmdu,00 E8,RC-5
Audio,Cambridge_Audio,Cambridge_Audio CXN v1,Cambridge Audio CXN v1.rmdu,rmdu,00 73,RC-5/5x Combo
Audio,Cambridge_Audio,Cambridge_Audio CXN v2,CXN Remote Upgrade.rmdu,rmdu,00 E8,RC-5
Audio,Cambridge_Audio,Cambridge_Audio DAB300,DEV5 - RCV 1455 - (Cambridge Audio DAB 300S).rmdu,rmdu,00 E8,RC-5
Audio,Cambridge_Audio,Cambridge_Audio One (the version with 2 digital inputs),Cambridge Audio One 7980.rmdu,rmdu,00 E8,RC-5
Audio,Cambridge_Audio,Cambridge_Audio One (the version with 2 digital inputs) for URC-6440,Cambridge Audio One 6440 phantoms.rmdu,rmdu,00 E8,RC-5
Audio,Cambridge_Audio,Cambridge_Audio TV5 (V2),Cambridge Audio TV5 V2.rmdu,rmdu,00 5A,NEC1
Audio,Cambridge_Audio,Cambridge_Audio V500 DAC.rmdu,Cambridge Audio V500 DAC.rmdu,rmdu,00 1C,Denon
Audio,Cambridge_SoundWorks,Cambridge_SoundWorks Model 88 Table Radio by Henry Kloss,Cambridge SoundWorks 88 Radio.rmdu,rmdu,00 5A,NEC1
Audio,Cambridge_SoundWorks,Cambridge_SoundWorks i755 Table Radio with IPhone Dock,Cambridge SoundWorks i755.rmdu,rmdu,00 5A,NEC1
Audio,Cambridge_SoundWorks,Cambridge_Soundworks DTT3500,Creative dolby digital decoder.rmdu,rmdu,00 5a,NEC1
Audio,Camdridge_Audio,Camdridge Audio TV2,Cambridge Audio TV2.rmdu,rmdu,00 5A,NEC1
Audio,Canton,Canton DM50 DM75,Canton DM50 DM75.rmdu,rmdu,00 5A,NEC1
Audio,Carver,Carver CT-17 pre-amp,Carver_CT-17_pre-amp.txt,txt,00 5A,NEC1
Audio,Carver,Carver Sonic Holography Receiver Model Number HR-722.,Carver Sonic Holography Receiver Model Number HR-722.rmdu,rmdu,00 5A,NEC1
Audio,Cary,Cary Audio Design Cinema 11a,Cary Audio Design Cinema 11a.rmdu,rmdu,00 E8,RC-5
Audio,Channel,Channel Plus MDS-6A - whole house audio,CHANNEL_PLUS_MDS-6A.txt,txt,00 E8,RC-5
Audio,Chase,Chase RLC-1,Chase_RLC-1.rmdu,rmdu,00 5a,NEC1
Audio,Chase,Chase RLC-1 pre-amp,Chase_RLC-1_pre-amp.txt,txt,00 5A,NEC1
Audio,Classe,Classe CAP-151,Classe CAP-151.rmdu,rmdu,00 45,RECS80 (45)
Audio,Classe,Classe SSP30,Classe_SSP30.txt,txt,00 E8,RC-5
Audio,Craig_Electronics,Craig_Electronics CHT-900,Craig Electronics CHT-900.rmdu,rmdu,00 1A,F12
Audio,Craig_Electronics,Craig_Electronics CR4189BT.rmdu,Craig CR4189BT.rmdu,rmdu,00 5A,NEC1
Audio,Creative_Labs,Creative_Labs Inspire 5700 5.1 speakers,Creative_Labs_Inspire-5700.txt,txt,00 5A,NEC1
Audio,Creek,Creek OBH,Creek OBH.rmdu,rmdu,00 E8,RC-5
Audio,Cyrus,Cyrus AM/FM Stereo Remote Controlled Tuner,Cyrus AM-FM Tuner.rmdu,rmdu,00 E8,RC-5
Audio,Cyrus,Cyrus aCA7.5 Pre,Cyrus aCA7.5 Pre.rmdu,rmdu,00 E8,RC-5
Audio,DBX,DBX 4bx KM,DBX_4bx_KM.txt,txt,00 7D,Manual Settings
Audio,Daewoo,Daewoo HC-4150 / Challenger HT-8230,Daewoo_HC-4150.txt,txt,00 5A,NEC1
Audio,Definitive,Definitive Technology SoloCinema Studio Soundbar,Definitive Technology SoloCinema Studio.rmdu,rmdu,02 37,Manual Settings\: 02 37
Audio,Denon,Denon 3312 all Denon-K,Denon 3312 all denon-k.rmdu,rmdu,00 CD,Denon-K
Audio,Denon,Denon 3808CI Denon-K Extensions,Denon 3808ci Denon-K Extensions.rmdu,rmdu,00 CD,Denon-K
Audio,Denon,Denon 3808CI Denon-K Extensions (KM),Denon-K_3808ci_Extensions.txt,txt,00 CD,Manual Settings
Audio,Denon,Denon ADV-1000,Denon ADV-1000.rmdu,rmdu,00 9C,Denon Combo
Audio,Denon,Denon AVC-A10SE - RC-869 for URC-8910,Denon AVC-A10SE - RC-869 for URC-8910.rmdu,rmdu,00 9c,Denon Combo (Official)
Audio,Denon,Denon AVD-2000,Denon AVD-2000.rmdu,rmdu,00 1C,Denon
Audio,Denon,Denon AVR 2106,Denon AVR-2106.rmdu,rmdu,00 9C,Denon Combo (Official)
Audio,Denon,Denon AVR S500BT,Denon AVR S500BT.rmdu,rmdu,00 CD,Denon-K
Audio,Denon,Denon AVR X5200W,Denon AVR X5200W.rmdu,rmdu,00 CD,Denon-K
Audio,Denon,Denon AVR-1000,Denon AVR-1000.rmdu,rmdu,00 9C,Denon Combo (Official)
Audio,Denon,Denon AVR-1082,denon AVR-1082.rmdu,rmdu,00 1C,Denon
Audio,Denon,Denon AVR-1601,Denon AVR-1601.txt,txt,00 1C,Denon
Audio,Denon,Denon AVR-1603,Denon AVR-1603.rmdu,rmdu,00 9C,Denon Combo (Official)
Audio,Denon,Denon AVR-1801,Denon AVR-1801.rmdu,rmdu,00 9C,Denon Combo (Official)
Audio,Denon,Denon AVR-1803,Denon AVR-1803.txt,txt,00 47,Denon Combo
Audio,Denon,Denon AVR-1804,Denon AVR-1804.rmdu,rmdu,00 9C,Denon Combo (Official)
Audio,Denon,Denon AVR-2802,Denon AVR-2802_8811.txt,txt,00 9C,Denon Combo (Official)
Audio,Denon,Denon AVR-2805,Denon AVR-2805.rmdu,rmdu,00 9C,Denon Combo
Audio,Denon,Denon AVR-2807,Denon AVR-2807 Receiver Ver. 02.rmdu,rmdu,01 C8,Denon/Denon-K Combo
Audio,Denon,Denon AVR-2807,Denon AVR-2807.rmdu,rmdu,00 1c,Denon
Audio,Denon,Denon AVR-2809 (basic profile),Denon 2809 (Basic-v2.0).rmdu,rmdu,00 9C,Denon Combo (Official)
Audio,Denon,Denon AVR-3200,Denon AVR-3200.rmdu,rmdu,00 47,Denon Combo
Audio,Denon,Denon AVR-3200.rmdu,Denon AVR-3200.rmdu,rmdu,00 47,Denon Combo
Audio,Denon,Denon AVR-3300,Denon_AVR-3300_6131nw.rmdu,rmdu,00 9C,Denon Combo (Official)
Audio,Denon,Denon AVR-3803,Denon AVR-3803 for URC 9910 8810.txt,txt,00 9C,Denon Combo (Official)
Audio,Denon,Denon AVR-3803 A/V Receiver - more,Denon AVR-3803 Receiver for URC-9910.rmdu,rmdu,00 9c,Denon Combo (Official)
Audio,Denon,Denon AVR-3808.rmdu,Denon AVR-3808.rmdu,rmdu,00 9C,Denon Combo (Official)
Audio,Denon,Denon AVR-4810CI Zone2,AVR4810CI Zone2 Denon-DenonK combo-all-zone2-functions.rmdu,rmdu,01 C8,PID 01 C8
Audio,Denon,Denon AVR-988,Denon AVR-988.rmdu,rmdu,00 9C,Denon Combo (Official)
Audio,Denon,Denon AVR-E400 AVR-X2000,Denon AVR-E400 ALL.rmdu,rmdu,00 CD,Denon-K
Audio,Denon,Denon AVR-S510BT,Denon AVR-S510BT.rmdu,rmdu,00 CD,Denon-K
Audio,Denon,Denon AVR-S760H Zone 1,Denon AVR-S760H Zone 1.rmdu,rmdu,00 CD,Denon-K
Audio,Denon,Denon AVR-S900W,Denon AVR-S900W.rmdu,rmdu,00 CD,Denon-K
Audio,Denon,Denon AVR-X1000,Denon AVR-X1000.rmdu,rmdu,01 1E,RC-5-38
Audio,Denon,Denon AVR-X4000,Denon AVR-x4000 ALL.rmdu,rmdu,00 CD,Denon-K
Audio,Denon,Denon AVR-xx12,Denon AVR-xx12.rmdu,rmdu,00 CD,Denon-K
Audio,Denon,Denon AVR1603,Denon_AVR1603.txt,txt,00 9C,Denon Combo (Official)
Audio,Denon,Denon AVR1910,DENON_AVR1910.txt,txt,00 47,Denon Combo
Audio,Denon,Denon AVR2700,DENON_AVR2700.txt,txt,00 47,Denon Combo
Audio,Denon,Denon AVR3310,Denon AVR3310.rmdu,rmdu,00 9C,Denon Combo (Official)
Audio,Denon,Denon AVR65,Denon AVR 65.rmdu,rmdu,00 9C,Denon Combo (Official)
Audio,Denon,Denon DRA-425R,Denon DRA-425R.rmdu,rmdu,00 9C,Denon Combo (Official)
Audio,Denon,Denon DRA-685P,Denon DRA-685P.txt,txt,00 1C,Denon
Audio,Denon,Denon DRA-xxx,Denon DRA-xxx.rmdu,rmdu,01 C8,Denon/Denon-K Combo
Audio,Denon,Denon UDRA-M10 Compact Stereo System Remote Model RC-846,Denon UDRA-M10 Compact Stereo System.rmdu,rmdu,00 47,Denon Combo
Audio,Denon,Denon audio/0004,Denon_audio-0004.txt,txt,00 1C,Denon
Audio,Denon,Denon audio/0160,Denon_audio-0160.txt,txt,00 1C,Denon
Audio,Denon,Denon receivers,Denon Receivers.rmdu,rmdu,00 9C,Denon Combo (Official)
Audio,Dick_Smith_Electronics,Dick_Smith_Electronics DSE A2693,Dick Smith Electronics DSE A2693.rmdu,rmdu,00 5a,NEC1
Audio,Dual,Dual XD6100 amfmcd for URC8811,dual xd6100 automotive amfmcd receiver.rmdu,rmdu,00 5a,NEC1
Audio,Dual,Dual XHD6425 automotive receiver for URC8811,dual xhd6425 automotive amfmcd receiver.rmdu,rmdu,00 5a,NEC1
Audio,Durabrand,Durabrand HT-395 remote codes 1.rmdu,Durabrand HT-395 remote codes 1.rmdu,rmdu,00 5a,NEC1
Audio,Dynex,Dynex DX-SB114 sound bar,Insignia-NS-SB314.rmdu,rmdu,00 5A,NEC1
Audio,Edifier,Edifier R1850DB Speakers,NS-RC01G-09_Edifier_R1850DB.rmdu,rmdu,00 5A,NEC1
Audio,Edifier,Edifier RC10E (R1280DB),Edifier RC10E remote.rmdu,rmdu,00 5A,NEC1
Audio,Elan,Elan Z-630 Pre-Amp,Elan_Z-630_Pre-Amp.txt,txt,00 90,RECS80 (90)
Audio,Elta,Elta 8886 CS,Elta 8886 CLS.rmdu,rmdu,00 5A,NEC1
Audio,Emerson,Emerson HT-200,Emerson_HT-200.txt,txt,00 1A,F12
Audio,Emotiva,Emotiva LMC-1 Pre Amp,Emotiva_LMC-1_Pre-Amp.txt,txt,00 5A,NEC1
Audio,Emotiva,Emotiva UMC a-v receiver,Emotiva UMC a-v receiver.rmdu,rmdu,01 1A,NEC 2DEV Combo
Audio,Emotiva,Emotiva UMC-1,Emotiva UMC-1.rmdu,rmdu,00 5A,NEC1
Audio,Emotiva,Emotiva UMC-1 Metal,Emotiva UMC-1 Metal.rmdu,rmdu,01 1A,NEC 4DEV Combo
Audio,Emotiva,Emotiva UMC-1 Processor - Metal Remote NEC1,Emotive UMC-1 Procesor Metal NEC1.rmdu,rmdu,00 5A,NEC1
Audio,Emotiva,Emotiva XDA-1,Emotiva_XDA-1.rmdu,rmdu,00 5A,NEC1
Audio,Fine,Fine Audio NV-00771 speaker,FINE_AUDIO_NV-00771.txt,txt,00 5A,NEC1
Audio,Focal,Focal Dimension,Focal Dimension Soundbar.rmdu,rmdu,00 5A,NEC1
Audio,Generic,Generic Soundbar (from Amazon),Generic Soundbar.rmdu,rmdu,00 5A,NEC1
Audio,Genius,Genius SW-HF5.1 4500,Genius SW-HF5.1 4500.rmdu,rmdu,00 5A,NEC1
Audio,Goodmans,Goodmans GHC31PLLC,Goodmans_GHC31PLLC.txt,txt,00 5A,NEC1
Audio,Grace,Grace GDI-IRA500,Grace GDI-IRA500.rmdu,rmdu,00 5A,NEC1
Audio,HH,HH Scott RS50,Scott Remote RS500 for Scott tuner RS50.rmdu,rmdu,00 1A,F12
Audio,Harman,Harman Kardon AV125,Harman Kardon AV125.rmdu,rmdu,01 1A,NEC 4DEV Combo
Audio,Harman,Harman Kardon AVR 140,Harman Kardon AVR 140 for URC-9911.rmdu,rmdu,01 41,HK Combo
Audio,Harman,Harman Kardon AVR 200 RDS,Harman_Kardon_AVR_200_RDS.txt,txt,01 1A,NEC 2DEV Combo
Audio,Harman,Harman Kardon AVR 340,Harman Kardon AVR 340 nec4dev protocol.rmdu,rmdu,01 1A,NEC 4DEV Combo
Audio,Harman,Harman Kardon AVR 525,Harman Kardon AVR 525.rmdu,rmdu,01 41,HK Combo
Audio,Harman,Harman Kardon AVR-2600,HK-AVR-2600.rmdu,rmdu,01 1A,NEC 4DEV Combo
Audio,Harman,Harman Kardon AVR-2600,Harmon_Kardon_AVR_2600.txt,txt,01 1A,NEC 4DEV Combo
Audio,Harman,Harman Kardon AVR-30,HK_AVR30.txt,txt,01 41,HK Combo
Audio,Harman,Harman Kardon AVR-330,Harman_Kardon_AVR-330_final_2.txt,txt,01 41,HK Combo
Audio,Harman,Harman Kardon AVR-7200,HK_AVR-7200.txt,txt,01 41,HK Combo
Audio,Harman,Harman Kardon AVR130,HK AVR130.rmdu,rmdu,01 41,HK Combo
Audio,Harman,Harman Kardon AVR200 RDS,HKAmp1110.rmdu,rmdu,01 41,HK Combo
Audio,Harman,Harman Kardon AVR300,HK-AVR300.txt,txt,01 41,HK Combo
Audio,Harman,Harman Kardon AVR325,HK_AVR325.txt,txt,01 41,HK Combo
Audio,Harman,Harman Kardon AVR500,HK-AVR500.txt,txt,01 41,HK Combo
Audio,Harman,Harman Kardon AVR80 Mk II Combo,H-K_AVR80_Mk_II_Combo.txt,txt,00 73,RC-5/5x Combo
Audio,Harman,Harman Kardon AVR8000,Harman Kardon AVR8000.rmdu,rmdu,01 41,HK Combo
Audio,Harman,Harman Kardon AVR85,HK-AVR85.txt,txt,01 41,HK Combo
Audio,Harman,Harman Kardon DPR2005,HK_DPR_2005.txt,txt,01 1A,NEC 4DEV Combo
Audio,Harman,Harman Kardon HK-3490,Harman Kardon HK-3490.rmdu,rmdu,00 5A,NEC1
Audio,Harman,Harman Kardon RCVR-0110,HK-RCVR-0110.txt,txt,00 5A,NEC1
Audio,Harmon,Harmon Kardon AVR354,HK AVR354 Mark Custom - 1114 for 6131n.rmdu,rmdu,01 1A,NEC 4DEV Combo
Audio,Hitachi,Hitachi HTA-DD3W,Hitachi_HTA-DD3w.txt,txt,00 5A,NEC1
Audio,Insignia,Insignia IS_HCO40917,Insignia_IS-HC040917_8910.txt,txt,00 5A,NEC1
Audio,Insignia,Insignia NB-SB314 sound bar,Insignia-NS-SB314.rmdu,rmdu,00 5A,NEC1
Audio,Insignia,Insignia NS-HDTUNE,Insignia NS-HDTUNE.rmdu,rmdu,00 5A,NEC1
Audio,Insignia,Insignia NS-SH513,Insignia NS-SH513.rmdu,rmdu,00 5A,NEC1
Audio,Integra,Integra 80.3 Main,Integra 80.3.rmdu,rmdu,00 B6,NEC1 Combo
Audio,Integra,Integra DTR-5.3,Integra DTR-5.3.rmdu,rmdu,01 40,NEC Combo
Audio,JBL,JBL Bar 2.1 Deep Bass,JBL Sound Bar 2.1 Deep Bass.rmdu,rmdu,01 1A,NEC 4DEV Combo
Audio,JBL,JBL DCR 600 Cinema ProPack,JBL DCR 600 Cinema ProPack.txt,txt,01 41,HK Combo
Audio,JBL,JBL ESC-333 1390,JBL ESC-333_1390.txt,txt,00 5A,NEC1
Audio,JVC,JVC 1028BK Tuner,JVC-Tuner-1028BK-combo.txt,txt,00 98,JVC Combo
Audio,JVC,JVC FS1000,JVC_FS1000_RCVR.txt,txt,00 34,JVC
Audio,JVC,JVC RM-SR518U,JVC RM-SR518U remote control.rmdu,rmdu,00 34,JVC
Audio,JVC,JVC RM-SR518U remote,JVC_RM-SR518U_remote_control.txt,txt,00 34,JVC
Audio,JVC,JVC RX-212,JVC RX-212 All Function CD Tape Radio Amp.rmdu,rmdu,00 98,JVC Combo
Audio,JVC,JVC RX-350BX receiver,JVC_RX-350BX_receiver.txt,txt,00 98,JVC Combo
Audio,JVC,JVC RX-703,JVC RX703.rmdu,rmdu,00 34,JVC
Audio,JVC,JVC RX-778v receiver,JVC-RCVR-RX-778v.txt,txt,00 34,JVC
Audio,JVC,JVC RX-8010 Receiver,JVC Receiver RX-8010 RS15-2116 1074.txt,txt,00 98,JVC Combo
Audio,JVC,JVC RX-8010 Receiver.rmdu,JVC RX-8010 Receiver.rmdu,rmdu,00 34,JVC
Audio,JVC,JVC RX-8020VBK,JVC RX-8020VBK.txt,txt,01 44,Device Combiner
Audio,JVC,JVC RX-884V AV Receiver URC9910,JVC_RX-884V_Receiver_URC9910.txt,txt,01 44,Device Combiner
Audio,JVC,JVC RX-9010 Receiver,JVC RX-9010 Receiver.txt,txt,00 34,JVC
Audio,JVC,JVC RX-D702B A/V Receiver,JVC RX-D702B Receiver (JVC Combo) for URC-8910.rmdu,rmdu,00 98,JVC Combo
Audio,JVC,JVC RX552V receiver for URC8810,JVC-RCVR-RX-552V.rmdu,rmdu,00 34,JVC
Audio,JVC,JVC Receiver RX-DV3SL Audio/Tuner mode,JVC Receiver RX-DV3SL Audio 2047.rmdu,rmdu,00 34,JVC
Audio,JVC,JVC Receiver RX-DV3SL DVD mode,JVC Receiver RX-DV3SL DVD 1558.rmdu,rmdu,00 34,JVC
Audio,Jamo,Jamo i3000,jamo i300.rmdu,rmdu,00 E8,RC-5
Audio,John_Lewis,John_Lewis 'Octave' Internet DAB FM Radio,John Lewis Octave Radio device.rmdu,rmdu,00 5A,NEC1
Audio,KLH,KLH R5100-KM,KLH-R5100-KM.txt,txt,00 5A,NEC1
Audio,KLH,KLH R7000 tuner1428-tf,KLH-R7000 tuner1428-tf.txt,txt,00 5A,NEC1
Audio,KLH,KLH REC,KLH REC.txt,txt,00 5A,NEC1
Audio,KLH,KLH REC - R5100,KLH REC - R5100.txt,txt,00 5A,NEC1
Audio,Kenwood,Kenwood - With Room B Functions,Kenwood VR-2090.rmdu,rmdu,00 B6,NEC1 Combo
Audio,Kenwood,Kenwood 103sw sub-woofer,Kenwood_103sw.txt,txt,00 5A,NEC1
Audio,Kenwood,Kenwood 1060VR RCVR,Kenwood 1060VR.rmdu,rmdu,00 B6,NEC1 Combo
Audio,Kenwood,Kenwood 313 device,Kenwood-313-device.txt,txt,00 5A,NEC1
Audio,Kenwood,Kenwood KA-V7000 Amp,Kenwood_KA-V7000_Amp.txt,txt,00 5A,NEC1
Audio,Kenwood,Kenwood KC-993 amp,Kenwood_KC-993_amp.txt,txt,00 5A,NEC1
Audio,Kenwood,Kenwood KR-A5060 Audio Receiver/Tuner,Kenwood_KC-993_amp.txt,txt,00 5A,NEC1
Audio,Kenwood,Kenwood KR-V7040,Kenwood KR-V7040.txt,txt,00 5A,NEC1
Audio,Kenwood,Kenwood KR-V990D,Kenwood KR-V990D receiver.rmdu,rmdu,00 B6,NEC1 Combo
Audio,Kenwood,Kenwood SW700 subwoofer,Subwoofer_Kenwood_(SW700).txt,txt,00 5A,NEC1
Audio,Kenwood,Kenwood Spectrum AV1040-AV947 #1,Kenwood Spectrum AV1040-AV947.rmdu,rmdu,00 B6,NEC1 Combo
Audio,Kenwood,Kenwood Spectrum AV1040-AV947 #2,Kenwood Spectrum AV1040-AV947-2.rmdu,rmdu,00 B6,NEC1 Combo
Audio,Kenwood,Kenwood Tuner Upgrade,Kenwood_Tuner_Upgrade.txt,txt,00 5A,NEC1
Audio,Kenwood,Kenwood VR Receivers,Kenwood VR Recievers.rmdu,rmdu,00 B6,NEC1 Combo
Audio,Kenwood,Kenwood VR407,Kenwood VR407.rmdu,rmdu,00 B6,NEC1 Combo
Audio,Kenwood,Kenwood VR407 Receiver,Kenwood VR407 Receiver.rmdu,rmdu,00 B6,NEC1 Combo
Audio,Kenwood,Kenwood VR707 receiver,Kenwood VR707 receiver.rmdu,rmdu,00 B6,NEC1 Combo
Audio,Kenwood,Kenwood VRS-7100,Kenwood VRS-7100.rmdu,rmdu,00 b6,NEC1 Combo
Audio,Klipsch,Klipsch ProMedia DD-5.1,Klipsch DD-5.1.rmdu,rmdu,00 5a,NEC1
Audio,Klipsch,Klipsch R-15PM powered speakers,Klipsch R-15PM.rmdu,rmdu,00 5A,NEC1
Audio,Klipsch,Klipsch SB120,KlipschSB120.rmdu,rmdu,00 5A,NEC2
Audio,Krell,Krell AVS Processor,Krell Avs Processor.rmdu,rmdu,01 84,RC5/6 combo
Audio,Krell,Krell KCT,Krell KCT.rmdu,rmdu,00 E8,RC-5
Audio,LG,LG LAS454B Sound bar with discrete inputs,LG-LAS454B-Sound-Bar.rmdu,rmdu,00 5A,NECx1
Audio,LG,LG NB4530A sound bar,LG NB4530A.rmdu,rmdu,00 5A,NECx1
Audio,LG,LG Soundbar NB3520A,LG SOUNDBAR NB3520A.rmdu,rmdu,00 5A,NECx1
Audio,Lexicon,Lexicon CP-1,Lexicon CP-1.rmdu,rmdu,00 9C,Denon Combo (Official)
Audio,Lexicon,Lexicon CP-2,Lexicon CP-2.rmdu,rmdu,00 9C,Denon Combo (Official)
Audio,Lexicon,Lexicon DC-2 a.rmdu,Lexicon DC-2 a.rmdu,rmdu,00 5a,NEC1
Audio,Lexicon,Lexicon MC1,Lexicon_MC1.txt,txt,00 5A,NEC1
Audio,Lexicon,Lexicon MC1 DC2,Lexicon_MC1_DC2.txt,txt,00 5A,NEC1
Audio,Linn,Linn LK1,Linn_LK1_Device_and_Protocol_Upgrade.txt,txt,01 37,Manual Settings
Audio,Logitech,Logitech Speaker System Z906,Logitech Speaker System Z906.rmdu,rmdu,00 5A,NEC1
Audio,Logitech,Logitech Z-5500,Logitech Z-5500.rmdu,rmdu,00 5A,NEC1
Audio,Logitech,Logitech Z-5500,Logitech_Z-5500.txt,txt,00 5A,NEC1
Audio,Logitech,Logitech Z-680,Logitech_Z-680.txt,txt,00 5A,NEC1
Audio,Luxman,Luxman R117,Luxman_R117.txt,txt,00 5A,NEC1
Audio,Lyngdorf,Lyngdorf TDAI-1120 amplifier,Lyngdorf TDAI-1120 amplifier.rmdu,rmdu,00 5A,NEC1
Audio,Lyngdorf,Lyngdorf TDAI_2200 amp,Lyngdorf_TDAI_2200.txt,txt,00 5A,NEC1
Audio,Lyngdorf,Lyngdorf Tuner,Lyngdorf_Tuner.txt,txt,00 5A,NEC1
Audio,Marantz,Marantz 5200,Marantz 5200.rmdu,rmdu,00 73,RC-5/5x Combo
Audio,Marantz,Marantz AV7705,Marantz_AV7705.rmdu,rmdu,00 73,RC-5/5x Combo
Audio,Marantz,Marantz ES-7001,Marantz ES-7001.rmdu,rmdu,00 73,RC-5/5x Combo
Audio,Marantz,Marantz M-CR603,media_melody.rmdu,rmdu,00 73,RC-5/5x Combo
Audio,Marantz,Marantz SR-5300,Marantz SR-5300.txt,txt,00 73,RC-5/5x Combo
Audio,Marantz,Marantz SR-5300,Marantz SR5300 combiner protocol for 6131.txt,txt,01 44,Device Combiner
Audio,Marantz,Marantz SR-66,Marantz SR-66 combiner for 1995.txt,txt,01 44,Device Combiner
Audio,Marantz,Marantz SR-7200,Marantz SR-7200.txt,txt,00 73,RC-5/5x Combo
Audio,Marantz,Marantz SR4300_URC7781,URC7781_Marantz SR4300_RM.rmdu,rmdu,00 73,RC-5/5x Combo
Audio,Marantz,Marantz SR4300_URC8820N,URC8820N_Marantz SR4300_RM.rmdu,rmdu,00 73,RC-5/5x Combo
Audio,Marantz,Marantz SR8015-SR7015-NR1711 Receiver,Marantz 2020 Receivers.rmdu,rmdu,00 73,RC-5/5x Combo
Audio,Marantz,Marantz combo,marantz_combo.txt,txt,01 44,Device Combiner
Audio,Marantz,Marantz tuner amp 100 series 0002,Marantz tuner_amp 100 series 0002 .txt,txt,00 5A,NEC1
Audio,Mark_Levinson,Mark_Levinson 383 integrated amplifier,Mark Levinson 383s.rmdu,rmdu,00 01,Manual Settings\: 00 01
Audio,Mark_Levinson,Mark_Levinson 383 integrated amplifier,Mark_Levinson_383s.txt,txt,01 FF,Manual Settings
Audio,Maxell,Maxell MXSP-SB3000 Soundbar,Maxell MXSP-SB3000.rmdu,rmdu,00 5A,NEC1
Audio,Maxell,Maxell MXSP-SB3000 soundbase,Maxell.rmdu,rmdu,00 5A,NEC1
Audio,McIntosh,McIntosh MA6500 IntAmp-code1650,McIntosh_MA6500_IntAmp-code1650.txt,txt,00 5A,NEC2
Audio,McIntosh,McIntosh MAC3,Mcintosh_MAC3.txt,txt,00 5A,NEC2
Audio,Medion,Medion MD 84017,Medion MD 84017.rmdu,rmdu,00 5A,NEC1
Audio,Meridian,Meridian 0715,Meridian_0715.txt,txt,00 E8,RC-5
Audio,Mitsubishi,Mitsubishi M-AV3,Mitsubishi-M-AV3.txt,txt,00 14,Mitsubishi
Audio,Mitsubishi,Mitsubishi M-VR600,MITSUBISHI M-VR600.rmdu,rmdu,00 14,Mitsubishi
Audio,Motorola,Motorola DCP501,Motorola_DCP501.txt,txt,01 C6,Manual Settings
Audio,Musical_Fidelity,Musical_Fidelity,Musical_Fidelity.txt,txt,00 1A,F12
Audio,Musical_Fidelity,Musical_Fidelity A1,Musical Fidelity A1.rmdu,rmdu,00 E8,RC-5
Audio,NAD,NAD 705,NAD 705.rmdu,rmdu,00 5A,NEC2
Audio,NAD,NAD 712,NAD_712.txt,txt,00 5A,NEC1
Audio,NAD,NAD 770,NAD-770.txt,txt,00 5A,NEC1
Audio,NAD,NAD C340 KM,NAD_C340_KM.txt,txt,00 5A,NEC1
Audio,NAD,NAD D 3020,NAD_D3020.rmdu,rmdu,00 5A,NEC1
Audio,NAD,NAD D 3020 amplifier,NAD D 3020 amplifier.rmdu,rmdu,00 5A,NEC1
Audio,NAD,NAD HTR2,NAD_HTR2.txt,txt,00 5A,NEC1
Audio,NAD,NAD master,NAD master.rmdu,rmdu,00 5A,NEC2
Audio,NEC,NEC A-910 amp,NEC-A-910-amp.txt,txt,00 5A,NEC1
Audio,NHT,NHT Controller,NHT Controller.rmdu,rmdu,00 73,RC-5/5x Combo
Audio,Nakamichi,Nakamichi AV-1S,Nakamichi-AV-1S.txt,txt,00 5A,NEC1
Audio,Nakamichi,Nakamichi AV-7 Audio Video Receiver,Nakamichi_AV-7_Audio_Video_Receiver.txt,txt,00 5A,NEC1
Audio,Nakamichi,Nakamichi AV10-AV8,Nakamichi_AV10-AV8.txt,txt,00 5A,NEC1
Audio,Nakamichi,Nakamichi AV2 Darryl,Nakamichi_AV2_Darryl.txt,txt,00 5A,NEC2
Audio,Nakamichi,Nakamichi RE-1,Nakamichi_RE-1.txt,txt,00 5A,NEC1
Audio,Nakamichi,Nakamichi Shockwafe Elite,Nakamichi_Shockwafe_Elite_R01.rmdu,rmdu,00 5A,NEC1
Audio,Neukomm,Neukomm Amplifier and CD Player,Neukomm Amplifier and CD Player RF.rmdu,rmdu,00 E8,RC-5
Audio,Niatec,Niatec Cabina NT-PB13 Bluetooth Speaker,Cabina NT-PB13.rmdu,rmdu,00 5A,NEC1
Audio,Niles,Niles RVL-6,Niles RVL-6.rmdu,rmdu,00 5A,NEC1
Audio,Onkyo,Onkyo GXW 5-1-combo,Onkyo GXW 5.1.rmdu,rmdu,00 B6,NEC1 Combo
Audio,Onkyo,Onkyo HT-R330 Receiver,Onkyo HT-R330 Receiver.rmdu,rmdu,00 b6,NEC1 Combo
Audio,Onkyo,Onkyo HT-R500,Onkyo HT-R500.rmdu,rmdu,00 B6,NEC1 Combo
Audio,Onkyo,Onkyo HT-R530,Onkyo HT-R530.rmdu,rmdu,00 B6,NEC1 Combo
Audio,Onkyo,Onkyo HT-SR510 Receiver,Onkyo HT-SR510 Receiver.rmdu,rmdu,00 B6,NEC1 Combo
Audio,Onkyo,Onkyo HTX-22HDX,Onkyo HTX-22HDX.rmdu,rmdu,01 1A,NEC 4DEV Combo
Audio,Onkyo,Onkyo HTX-22HDX (RC-720S),OnkyoRC-720S.rmdu,rmdu,01 7E,NEC 1or2 Combo
Audio,Onkyo,Onkyo Integra T-4555,Onkyo-Integra T-4555.rmdu,rmdu,00 5A,NEC1
Audio,Onkyo,Onkyo Receiver HT-R530,Onkyo Receiver HT-R530.rmdu,rmdu,00 B6,NEC1 Combo
Audio,Onkyo,"Onkyo Receivers ""Zone2""",Onkyo_TX-SR702-Zone2-v1.2.txt,txt,01 FF,Manual Settings
Audio,Onkyo,Onkyo Receivers - Master File,Onkyo Master File.rmdu,rmdu,00 B6,NEC1 Combo
Audio,Onkyo,Onkyo Super Master [HT-R550 Rcvr (part of HT-SR-800 HT system)],Onkyo_SuperMaster_OCAP.rmdu,rmdu,01 1A,NEC 4DEV Combo
Audio,Onkyo,Onkyo TR-NX3007,DEVICE 0052 - AMP - Onkyo TX-NR3007.txt,txt,01 1A,NEC 4DEV Combo
Audio,Onkyo,Onkyo TX-8050 Receiver,Onkyo TX8050.rmdu,rmdu,01 1A,NEC 4DEV Combo
Audio,Onkyo,Onkyo TX-8260 Network Stereo Receiver,Onkyo TX-8260.rmdu,rmdu,01 AD,NEC1-f16 Official
Audio,Onkyo,Onkyo TX-9031RDS,Onkyo TX-9031RDS.rmdu,rmdu,01 7E,NEC 1or2 Combo
Audio,Onkyo,Onkyo TX-DS494,Onkyo TX-DS494.rmdu,rmdu,00 B6,NEC1 Combo
Audio,Onkyo,Onkyo TX-DS575,Onkyo_TX-DS575.txt,txt,01 40,NEC1 Combo
Audio,Onkyo,Onkyo TX-DS595,Onkyo TX-DS595.rmdu,rmdu,00 B6,NEC1 Combo
Audio,Onkyo,Onkyo TX-DS787,Onkyo TX-DS787.rmdu,rmdu,00 B6,NEC1 Combo
Audio,Onkyo,Onkyo TX-DS898,Onkyo TX-DS898.rmdu,rmdu,00 B6,NEC1 Combo
Audio,Onkyo,Onkyo TX-LR552,Onkyo_TX-LR552.rmdu,rmdu,00 b6,NEC1 Combo
Audio,Onkyo,Onkyo TX-NR609 Receiver (remote RC-803M),ONKYO Receiver TX-NR609 (remote RC-803M).rmdu,rmdu,00 B6,NEC1 Combo
Audio,Onkyo,Onkyo TX-NR709,ONKYO TX-NR709.rmdu,rmdu,00 B6,NEC1 Combo
Audio,Onkyo,Onkyo TX-NR807 (1 of 2),Onkyo TX-NR807 (1 of 2).rmdu,rmdu,01 1A,NEC 4DEV Yamaha Combo
Audio,Onkyo,Onkyo TX-NR807 (2 of 2),Onkyo TX-NR807 (2 of 2).rmdu,rmdu,01 AD,NEC1-f16 Official
Audio,Onkyo,Onkyo TX-NR807 (Receiver Mode Only),Onkyo TX-NR807 AVR Upgrade.rmdu,rmdu,01 1A,NEC 4DEV Combo
Audio,Onkyo,Onkyo TX-RZ830,Onkyo TX-RZ830.rmdu,rmdu,01 1A,NEC 4DEV Combo
Audio,Onkyo,Onkyo TX-SA603,Onkyo TX-SA603.rmdu,rmdu,00 b6,NEC1 Combo
Audio,Onkyo,Onkyo TX-SR501,Onkyo SR-501.rmdu,rmdu,00 B6,NEC1 Combo
Audio,Onkyo,Onkyo TX-SR502.rmdu,Onkyo TX-SR502.rmdu,rmdu,00 b6,NEC1 Combo
Audio,Onkyo,Onkyo TX-SR507 Zone 1,Onkyo TX-SR507 Zone 1.rmdu,rmdu,01 1A,NEC 4DEV Combo
Audio,Onkyo,Onkyo TX-SR507 Zone 2,Onkyo TX-SR507 Zone 2.rmdu,rmdu,01 1A,NEC 4DEV Combo
Audio,Onkyo,Onkyo TX-SR600,Onkyo TX-SR600 RCVR.rmdu,rmdu,00 B6,NEC1 Combo
Audio,Onkyo,Onkyo TX-SR601 RCVR-1135,Onkyo TX-SR601.rmdu,rmdu,01 1A,NEC 4DEV Combo
Audio,Onkyo,Onkyo TX-SR605,Onkyo TX-SR605 RCVR.rmdu,rmdu,00 b6,NEC1 Combo
Audio,Onkyo,Onkyo TX-SR606 Zone 1,Onkyo TX-SR606 Zone 1 on URC-7781.rmdu,rmdu,01 7E,pid\: 01 7E
Audio,Onkyo,Onkyo TX-SR606 Zone 2,Onkyo TX-SR606 Zone 2 on URC-7781.rmdu,rmdu,01 7E,pid\: 01 7E
Audio,Onkyo,Onkyo TX-SR607 Receiver (Zone 1 only),Onkyo TX-SR607.rmdu,rmdu,01 1A,NEC 4DEV Combo
Audio,Onkyo,Onkyo TX-SR702,Onkyo TX-SR702.rmdu,rmdu,01 1A,NEC 2DEV Combo
Audio,Onkyo,Onkyo TX-SR803,Onkyo TX-SR803.rmdu,rmdu,00 B6,NEC1 Combo
Audio,Onkyo,Onkyo TX-SR805,Onkyo TX-SR805.rmdu,rmdu,00 B6,NEC1 Combo
Audio,Onkyo,Onkyo updated Master file,Onkyo_SuperMaster_OCAP.rmdu,rmdu,01 1A,NEC 4DEV Combo
Audio,Optimus,Optimus STAV-3270 A-V amp 7800,Optimus_STAV-3270_A-V_amp_7800.txt,txt,00 6A,Pioneer 3DEV
Audio,Outlaw_Audio,Outlaw Audio 1050,Outlaw-Audio-1050.txt,txt,00 5A,NEC2
Audio,Outlaw_Audio,Outlaw Audio Model 950 Preamp,Outlaw Audio Model 950 Preamp.txt,txt,00 5A,NEC1
Audio,Outlaw_Audio,Outlaw Audio Model 990 preamp,Outlaw Audio 990 Preamp.rmdu,rmdu,00 5A,NEC1
Audio,Outlaw_Audio,Outlaw Audio RR2150,Outlaw_Audio_RR2150.txt,txt,00 5A,NEC1
Audio,Panasonic,Panasonic SA master file (and SC),Panasonic SA or SC series audio device.rmdu,rmdu,00 CD,Panasonic Combo
Audio,Panasonic,Panasonic SA-AX25,Panasonic SA-AX25.rmdu,rmdu,00 CD,Panasonic Combo
Audio,Panasonic,Panasonic SA-HE100,Panasonic SA-HE100.rmdu,rmdu,00 CD,Panasonic Combo
Audio,Panasonic,Panasonic SA-HE100 v3,Panasonic SA-HE100 v3.rmdu,rmdu,00 CD,Panasonic Combo
Audio,Panasonic,Panasonic SA-HE200,Panasonic SA-HE200.rmdu,rmdu,00 CD,Panasonic Combo
Audio,Panasonic,Panasonic SA-HE75,Panasonic SA-HE75.rmdu,rmdu,00 CD,Panasonic Combo
Audio,Panasonic,Panasonic SA-HT05,Panasonic SA-HT05 Receiver for Atlas.rmdu,rmdu,00 CD,Panasonic Combo
Audio,Panasonic,Panasonic SA-PT660,Panasonic SA-PT660.rmdu,rmdu,00 CD,Panasonic Combo
Audio,Panasonic,Panasonic SA-XR10,Panasonic SA-XR10.rmdu,rmdu,00 42,Panasonic Multi-Device (Hacked)
Audio,Panasonic,Panasonic SA-XR25,Panasonic SA-XR25.rmdu,rmdu,00 CD,Panasonic Combo
Audio,Panasonic,Panasonic SA-XR30,Panasonic_SA-XR30.rmdu,rmdu,00 42,Panasonic Multi-Device (Hacked)
Audio,Panasonic,Panasonic SA-XR57,Panasonic SA-XR57.rmdu,rmdu,00 42,Panasonic Multi-Device (Hacked)
Audio,Panasonic,Panasonic SC-BT230,Panasonic SC-BT230.rmdu,rmdu,00 1F,Panasonic Mixed Combo
Audio,Panasonic,Panasonic SC-HTB18 soundbar,Panasonic SC-HTB18 Soundbar.rmdu,rmdu,00 CD,Panasonic Combo
Audio,Paramount_Pictures,Paramount_Pictures Fx3000,Paramount Pictures FX3000.rmdu,rmdu,00 5A,NEC1
Audio,Parasound,Parasound 0895,Parasound-0895.txt,txt,00 1B,pid: 00 1B
Audio,Parasound,Parasound 2100 New Classic PreAmp,Parasound_2100_2_Ch_Pre-Amp_URC8910.txt,txt,00 5A,NEC1
Audio,Parasound,Parasound AVC-2500,Parasound AVC-2500.rmdu,rmdu,00 e8,RC-5
Audio,Parasound,Parasound Halo C1,Parasound_Halo_C1.txt,txt,00 E8,RC-5
Audio,Philips,Philips AZ6000,Philips AZ6000.rmdu,rmdu,01 84,RC5/6 combo
Audio,Philips,Philips CSS2123 Sound Bar,Philips CSS2123 Sound Bar.rmdu,rmdu,01 84,RC5/6 combo
Audio,Philips,Philips FR965 Home Theater,PhilipsFR965HomeTheater.rmdu,rmdu,01 84,RC5/6 combo
Audio,Philips,Philips FR965 Home Theater,Philips_FR965_Home_Theater.rmdu,rmdu,01 84,RC5/6 combo
Audio,Philips,Philips FR968 Video Controller,PhilipsFR968VideoController.txt,txt,01 44,Device Combiner
Audio,Philips,Philips Streamium SLA5520,Philips Streamium.rmdu,rmdu,00 5A,NEC1
Audio,Pioneer,Pioneer (yet ANOTHER master) VSX2016,Pioneer-Master-List-Capn.txt,txt,01 D0,Pioneer 4DEV
Audio,Pioneer,Pioneer ELITE VSX-40,Pioneer Elite VSX-40 (2011.12.24a).rmdu,rmdu,01 D0,Pioneer 4DEV
Audio,Pioneer,Pioneer Elite VSX-01TXH,pioneer elite-vsx-01txh.txt,txt,01 D0,Pioneer 4DEV
Audio,Pioneer,Pioneer Elite VSX-xxx,Pioneer Elite VSX-xxx.txt,txt,00 6A,Pioneer 3DEV
Audio,Pioneer,Pioneer Master List,Pioneer Master List.rmdu,rmdu,00 6A,Pioneer 4DEV
Audio,Pioneer,Pioneer RX1180,Pioneer-RX1180.txt,txt,01 44,Device Combiner
Audio,Pioneer,Pioneer Receiver SX-315,Pioneer Receiver SX-315.rmdu,rmdu,01 D0,Pioneer 4DEV
Audio,Pioneer,Pioneer Receiver VSX-C100.rmdu,Pioneer Receiver VSX-C100.rmdu,rmdu,01 D0,Pioneer 4DEV
Audio,Pioneer,Pioneer SP-SB Series Soundbar,Pioneer SP-SB Series Soundbar.rmdu,rmdu,00 5A,NEC1
Audio,Pioneer,Pioneer VSX-1014TX Receiver,Pioneer-VSX1014TX.txt,txt,01 D0,Pioneer 4DEV
Audio,Pioneer,Pioneer VSX-1018AH+MasterList,Pioneer-Master-List-VSX-1018.txt,txt,01 D0,Pioneer 4DEV
Audio,Pioneer,Pioneer VSX-3800,PioneerVSX3800.txt,txt,00 6A,Pioneer 3DEV
Audio,Pioneer,Pioneer VSX-521,Pioneer VSX-521.rmdu,rmdu,01 D0,Pioneer 4DEV
Audio,Pioneer,Pioneer VSX-534 receiver,Pioneer VSX-534 receiver2.rmdu,rmdu,01 7C,Pioneer Mega MIX
Audio,Pioneer,Pioneer VSX-53TX Receiver,Pioneer VSX-53TX Receiver.txt,txt,00 6A,Pioneer 3DEV
Audio,Pioneer,Pioneer VSX-818V.rmdu,Pioneer_VSX-818V.rmdu,rmdu,00 6A,Pioneer 4DEV
Audio,Pioneer,Pioneer VSX-D307,Pioneer VSX-D307.txt,txt,00 6A,Pioneer 3DEV
Audio,Pioneer,Pioneer VSX-D509S amplifier upgrade 1.00a,Pioneer-VSX-D509s-amp-1_00a.rmdu,rmdu,00 6A,Pioneer 3DEV
Audio,Pioneer,Pioneer VSX-D509S amplifier upgrade v2,Pioneer_VSXD509S_amp.rmdu,rmdu,00 6A,Pioneer 3DEV
Audio,Pioneer,Pioneer VSX-D509S tuner upgrade,Pioneer_VSXD509S_tuner.rmdu,rmdu,00 6a,Pioneer 3DEV
Audio,Pioneer,Pioneer VSX-D510,Pioneer VSX D 510.txt,txt,00 6A,Pioneer 3DEV
Audio,Pioneer,Pioneer VSX-D510,Pioneer VSXD510 AUD 1013.txt,txt,00 6A,Pioneer 3DEV
Audio,Pioneer,Pioneer VSX-D511 Remote XXD3038.rmdu,Pioneer VSX-D511 Remote XXD3038.rmdu,rmdu,00 6a,Pioneer 3DEV
Audio,Pioneer,Pioneer VSX-D608,Pioneer VSX D608.txt,txt,00 6A,Pioneer 3DEV
Audio,Pioneer,Pioneer VSX-D638,PioneerAmp.rmdu,rmdu,00 e2,Pioneer
Audio,Pioneer,Pioneer VSX-D710S,Pioneer VSX D710S.txt,txt,00 6A,Pioneer 3DEV
Audio,Pioneer,Pioneer VSX-D710S 8910ext.rmdu,Pioneer VSX-D710S.rmdu,rmdu,00 6a,Pioneer 3DEV
Audio,Pioneer,Pioneer VSX-D901S,Pioneer VSX-D901S.rmdu,rmdu,01 D0,Pioneer 4DEV
Audio,Pioneer,Pioneer X-HM76D,Pioneer X-HM76D - 1280.rmdu,rmdu,00 7E,Pioneer MIX
Audio,Pioneer,Pioneer master list (RM),Pioneer-Master-List.rmdu,rmdu,00 5f,Pioneer 2CMD
Audio,Plinius,Plinius Audio,Plinius_Audio.txt,txt,00 E8,RC-5
Audio,Polk,Polk Audio 9500BT SoundBar (with OEM Sub),Polk 9500BT Device Upgrade.rmdu,rmdu,00 5A,NEC1
Audio,Polk,Polk Audio DSW Micro Pro 1000,Polk_Audio_DSW_Micro_Pro_1000.rmdu,rmdu,00 5A,NEC1
Audio,Polk,Polk Audio XRT12,Polk_XM_Rcvr.txt,txt,00 E8,RC-5
Audio,Proceed,Proceed PAV-Device and Protocol Upgrade,Proceed_PAV-Device_and_Protocol_Upgrade.txt,txt,01 45,Manual Settings
Audio,Pyle,Pyle PDA46BT amp,PDA46BT-amp.rmdu,rmdu,00 5A,NEC1
Audio,Quest,Quest QSR5000 receiver,Quest_QSR5000_Receiver URC6690.txt,txt,00 5A,NEC1
Audio,RCA,RCA Home Theater 1609 Upgrade,RCA_Home_Theater_1609_Upgrade.txt,txt,01 40,NEC1 Combo
Audio,RCA,RCA RT 2390 receiver (update),RCA RT2390 receiver (8910).rmdu,rmdu,01 14,RCA Combo (Official)
Audio,RCA,RCA RT2300 Receiver URC-8910,RCA_RT2300_Receiver_URC-8910.txt,txt,01 44,Device Combiner
Audio,RCA,RCA Receivers Master File (KM),RCA_Receivers_master_file.txt,txt,01 14,RCA Combo (Official)
Audio,RCA,RCA Recievers,RCA Recievers.txt,txt,01 14,RCA Combo (Official)
Audio,RCA,RCA STAV Keymap,RCA-Prologic-Receiver.txt,txt,00 6A,Pioneer 3DEV
Audio,RCA,RCA receiver,RCA-receiver.txt,txt,00 AF,RCA
Audio,RCA,RCA receiver test.rmdu,RCA-receiver test.rmdu,rmdu,01 14,RCA Combo (Official)
Audio,RCA,RCA receiver with inputs,RCA-receiver-with inputs.txt,txt,01 14,RCA Combo (Official)
Audio,RME,RME ADI-2 DAC FS,RME ADI-2 DAC FS.rmdu,rmdu,00 5A,NEC1
Audio,Realistic,Realistic STA-2700 Receiver,Realistic_STA2700.rmdu,rmdu,00 5A,NEC1
Audio,Revox,Revox B150,Revox B-150 Amp.rmdu,rmdu,00 a0,pid\: 00 A0
Audio,Revox,Revox B160 FM Tuner,Revox B-160 Tuner.rmdu,rmdu,00 a0,pid\: 00 A0
Audio,Revox,Revox B251 Integrated Amplifier,Revox B-251 Amp.rmdu,rmdu,00 a0,pid\: 00 A0
Audio,Revox,Revox B260 Tuner,Revox_B260_Tuner.txt,txt,01 DC,Manual Settings
Audio,Revox,Revox B260 Tuner (2),Revox_B260_Tuner_2.txt,txt,00 A0,pid: 00 A0
Audio,Roberts,Roberts 83i Internet/DAB Radio/Player,Roberts 83i Internet-DAB Radio-Player.rmdu,rmdu,00 5A,NECx1
Audio,Roberts,Roberts Internet Radio WM-201,Roberts WM-201 OAR Upgrade.rmdu,rmdu,00 5E,Aiwa
Audio,Roberts,Roberts Stream 64i Radio Upgrade (& preset work around),Roberts Stream 64i Radio.rmdu,rmdu,00 5E,Aiwa
Audio,Roberts,Roberts Stream 93i,C2042 - Roberts Stream 93i.rmdu,rmdu,00 5A,NECx1
Audio,Rock,Rock Fosgate Omnifi remote,Rock Fosgate OmniFi_Remote.txt,txt,00 5A,NEC1
Audio,Roksan,Roksan Kandy MK111 and Roksan Kandy K2,Roksan Kandy amplifier.rmdu,rmdu,00 5A,NEC1
Audio,Rotel,Rotel A11 Amplifier,Rotel A11.rmdu,rmdu,00 5A,NEC1
Audio,Rotel,Rotel CD11,Rotel CD11.rmdu,rmdu,00 5A,NEC1
Audio,Rotel,Rotel Master File,Rotel_Master_File.txt,txt,00 5A,NEC1
Audio,Rotel,Rotel RA-985BX Amp,Rotel_RA-985BX_Amp.txt,txt,00 5A,NEC1
Audio,Rotel,Rotel RC-995 preamp AMP-2000,Rotel_RC-995_preamp_AMP-2000.txt,txt,00 5A,NEC1
Audio,Rotel,Rotel RR-AX91 (Rotel RA-12),rotel-rrax91.rmdu,rmdu,01 1A,NEC 4DEV Combo
Audio,Rotel,Rotel RSX-1055,Rotel_RSX-1055.txt,txt,00 5A,NEC1
Audio,Rotel,Rotel RSX972,RotelRSX972.txt,txt,00 5A,NEC1
Audio,SMSL,SMSL RC-8A remote,SMSL_RC-8A.rmdu,rmdu,00 5A,NEC1
Audio,SMSL,SMSL RC-8C,SMSL-RC8C.rmdu,rmdu,00 5A,NEC1
Audio,SONY,SONY HT Remote RMT-AH412U,SONY HT Remote RMT-AH412U.rmdu,rmdu,00 27,Sony Combo (12/15/20)
Audio,Samsung,Samsung HT-BD1250,Samsung HT-BD1250.rmdu,rmdu,00 5A,NECx2
Audio,Samsung,Samsung HW-C450,Samsung HW-C450.txt,txt,01 B5,Samsung36
Audio,Samsung,Samsung HW-C560S AV receiver,samsung hw-c560s.rmdu,rmdu,01 FF,Manual Settings\: 01 FF
Audio,Samsung,Samsung HW-F355 Wireless AirTrack speaker system,Samsung HW-F355.rmdu,rmdu,01 B5,Samsung36
Audio,Samsung,Samsung HW-FM45,Samsung HW-FM45.rmdu,rmdu,01 B5,Samsung36
Audio,Samsung,Samsung HW-Q990C soundbar,Samsung 990c Soundbar + Discrete.rmdu,rmdu,01 B5,Samsung36
Audio,Samsung,Samsung Sound Bar HW-F450,samusng-hwf450.rmdu,rmdu,01 B5,Samsung36
Audio,Samsung,Samsung Sound Bar HW-H450,Samsung HW-H450 Sound Bar.rmdu,rmdu,01 B5,Samsung36
Audio,Samsung,Samsung Sound Bar HW-MS650,Samsung HW-MS650 URC-7556.rmdu,rmdu,01 B5,Samsung36
Audio,Samsung,Samsung Soundbar T-400,Samsung Sound Bar T-400.rmdu,rmdu,01 B5,Samsung36
Audio,Sangean,Sangean HD-1X tuner,SangeanTuner-HD-1X.txt,txt,00 5E,Aiwa
Audio,Sangean,Sangean HDR18 radio,SangeanHDR18-8910ext(v22).rmdu,rmdu,00 5E,Aiwa
Audio,Sangean,Sangean HDT-1,Sangean HDT1.rmdu,rmdu,00 5E,Aiwa
Audio,Sansui,Sansui 1531 based on Aiwa 531,Sansui_1531_based_on_Aiwa_531.txt,txt,00 5E,Aiwa
Audio,Sansui,Sansui RZ-6800AV Receiver-Amp,Sansui_RZ-6800AV_Receiver-Amp.txt,txt,00 5A,NECx1
Audio,Sharp,Sharp HT-SB300 sound bar,Sharp_HT-SB300_sound_bar.txt,txt,00 1C,Sharp
Audio,Sharp,Sharp XL-B517D Audio System,Sharp XL-B517D Audio System.rmdu,rmdu,00 5A,NEC1
Audio,Sherbourn,Sherbourn PT-7030,Sherbourn PT-7030.rmdu,rmdu,00 5A,NEC1
Audio,Sherwood,Sherwood 6030R,Sherwood 6030R.txt,txt,00 5A,NEC2
Audio,Sherwood,Sherwood 8090R RCVR,Sherwood 8090R RCVR.rmdu,rmdu,00 5A,NEC2
Audio,Sherwood,Sherwood Netboxx R-904N.rdmu,Sherwood Netboxx R-904N.rmdu,rmdu,00 5A,NEC2
Audio,Sherwood,Sherwood RCVR-0491,Sherwood RCVR-0491.rmdu,rmdu,00 5A,NEC1
Audio,Sherwood,Sherwood RD-7103,Sherwood RD-7103 Receiver.rmdu,rmdu,00 5A,NEC2
Audio,Sherwood,Sherwood RD6108 receiver,Sherwood RD6108 receiver.rmdu,rmdu,00 5A,NEC1
Audio,Sherwood,Sherwood RX-4103 Receiver,Sherwood RX-4103 Receiver.rmdu,rmdu,00 5A,NEC1
Audio,Sherwood,Sherwood RX-4105 receiver,Sherwood RX-4105 receiver.rmdu,rmdu,00 5A,NEC2
Audio,Sonic,Sonic Frontiers Line-2 Preamp Codes Complete (KM),Sonic Frontiers Line 2 Device Codes-KM.txt,txt,00 5A,NEC1
Audio,Sony,Sony 0158 & 0159 Combined Code KM 506,Sony 0158 & 0159 Combined Code KM 506.txt,txt,01 44,Device Combiner
Audio,Sony,Sony 0158 & 0159 Combined Code KM 8.23,Sony 0158 & 0159 Combined Code KM 8.23.txt,txt,01 44,Device Combiner
Audio,Sony,Sony AV-Receiver STR-DN1030 (MostComplete),Sony_AV-Receiver_STR-DN1030_(MostComplete).rmdu,rmdu,00 27,Sony Combo (12/15/20)
Audio,Sony,Sony Audio Remote RM-SR8,Sony_Audio_Remote_RM-SR8.txt,txt,01 27,Sony Combo (12/15/20)
Audio,Sony,Sony CD Player CDP-590,Sony CD Player CDP-590.rmdu,rmdu,00 CA,Sony 12/15
Audio,Sony,Sony DA50ES (DSP),Sony-DSP-DA50ES.txt,txt,01 42,Sony DSP
Audio,Sony,Sony DAV-HDX500i,Sony DAV-HDX500i.rmdu,rmdu,00 27,Sony Combo (12/15/20)
Audio,Sony,Sony DB830,Sony-DB830.txt,txt,00 CA,Sony 12/15
Audio,Sony,Sony DB930 (DSP),Sony-DSP-DB930.txt,txt,01 42,Sony DSP
Audio,Sony,Sony HT-CT770 Sound Bar,Sony HT-CT770 Sound Bar.rmdu,rmdu,00 27,Sony Combo (12/15/20)
Audio,Sony,Sony HT-DDW840 Simple,Sony_HT-DDW840_Simple.txt,txt,00 CA,Sony 12/15
Audio,Sony,Sony HT-SS360,Sony HT-SS360.rmdu,rmdu,00 27,Sony Combo (12/15/20)
Audio,Sony,Sony HTCT100 (Sound Bar w/Sub-Woofer),Sony HTCT100 Sound Bar + Sub-Woofer.rmdu,rmdu,00 27,Sony Combo (12/15/20)
Audio,Sony,Sony HTCT100 (Sound Bar w/Sub-Woofer),Sony_HTCT100_Sound_Bar_Sub-Woofer.txt,txt,00 27,Sony Combo (12/15/20)
Audio,Sony,Sony MHC-F50 (50 CD Player Stereo),Sony_MHC-F50.rmdu,rmdu,00 27,Sony Combo (12/15/20)
Audio,Sony,Sony Receiver Combo (12 13 16 18),Sony Receiver Combo (12 13 16 18).txt,txt,00 27,Sony Combo
Audio,Sony,Sony Receiver Upgrade Code_urc10820.rmdu,Sony Receiver Upgrade Code_urc10820.rmdu,rmdu,00 CA,Sony 12/15
Audio,Sony,Sony SA-VA35 AMP 0689,Sony SA-VA35 AMP_0689.txt,txt,00 CA,Sony 12/15
Audio,Sony,Sony SDP-E800 (remote RM-E800) for 8810w,Sony_SDP-E800_(remote_RM-E800)_for_8810w.txt,txt,00 DE,Sony20
Audio,Sony,Sony SLV-AV100-22,Sony_SLV-AV100-22.txt,txt,00 27,Sony Combo
Audio,Sony,Sony STR DH810,Sony STR-DH810.rmdu,rmdu,00 27,Sony Combo (12/15/20)
Audio,Sony,Sony STR-AN1000,Sony STR-AN1000 for URC-3661.rmdu,rmdu,00 27,Sony Combo (12/15/20)
Audio,Sony,Sony STR-D615,Sony_STR-D615_rev4.rmdu,rmdu,00 27,Sony Combo (12/15/20)
Audio,Sony,Sony STR-DA2000ES AV-Receiver on URC-10820,Sony STR-DA3000ES 10820 new.rmdu,rmdu,00 CA,Sony 12/15
Audio,Sony,Sony STR-DA3000ES.rmdu,Sony STR-DA3000ES.rmdu,rmdu,00 ca,Sony 12/15
Audio,Sony,Sony STR-DA3100ES,Sony STR-DA3100ES.rmdu,rmdu,00 CA,Sony 12/15
Audio,Sony,Sony STR-DA90ESG Test2 Final,Sony_STRDA90ESG_Test2_Final.txt,txt,01 19,Manual Settings
Audio,Sony,Sony STR-DB1070,Sony-STR-DB1070.txt,txt,00 CA,Sony 12/15
Audio,Sony,Sony STR-DB830/930,Sony_Receiver_Combo 0158_8910.txt,txt,01 27,Sony Combo (12/15/20)
Audio,Sony,Sony STR-DE197,Sony STR-DE197.rmdu,rmdu,00 CA,Sony 12/15
Audio,Sony,Sony STR-DE545 no DSP,Sony_STR-DE545_no_DSP.txt,txt,00 27,Sony Combo
Audio,Sony,Sony STR-DE598 Receiver,Sony STR-DE598 Receiver.rmdu,rmdu,00 ca,Sony 12/15
Audio,Sony,Sony STR-DE635 Receiver.rmdu,Sony STR-DE635 Receiver.rmdu,rmdu,00 27,Sony Combo (12/15/20)
Audio,Sony,Sony STR-DE635 no DSP,Sony_STR-DE635_no_DSP.txt,txt,00 CA,Sony 12/15
Audio,Sony,Sony STR-DE675 AV SYSTEM RM-PP505,Sony STR-DE675 AV SYSTEM RM-PP505.rmdu,rmdu,00 27,Sony Combo (12/15/20)
Audio,Sony,Sony STR-DE695,Sony_STR-DE695.txt,txt,00 CA,Sony12/15
Audio,Sony,Sony STR-DE805G Receiver,Sony_STR-DE805G_Receiver.txt,txt,01 15,Sony Egg
Audio,Sony,Sony STR-DE805G Receiver Final,Sony_STR-DE805G_Receiver-UPDATE.txt,txt,01 15,Sony Egg
Audio,Sony,Sony STR-DE805G Receiver Final (RM),Sony STR-DE805G Receiver.rmdu,rmdu,01 15,Sony Egg
Audio,Sony,Sony STR-DE875 Rcvr,Sony STR-DE875 Rcvr.txt,txt,00 CA,Sony12/15
Audio,Sony,Sony STR-DE885 Receiver,Sony_STR-DE885_Receiver.txt,txt,00 CA,Sony 12/15
Audio,Sony,Sony STR-DE895,Sony_STRDE_895.txt,txt,00 CA,Sony12/15
Audio,Sony,Sony STR-DE935-(Receiver),Sony_STR-DE935-(Receiver).txt,txt,01 27,Sony Combo (12/15/20)
Audio,Sony,Sony STR-DE945 Receiver.rmdu,Sony STR-DE945 Receiver.rmdu,rmdu,00 27,Sony Combo (12/15/20)
Audio,Sony,Sony STR-DE995 Receiver,Sony_STR-DE995_Receiver.txt,txt,00 CA,Sony12/15
Audio,Sony,Sony STR-DE998 Remote RM-AAE001,str-de998.txt,txt,00 CA,Sony12/15
Audio,Sony,Sony STR-DG700,Sony_STR-DG700.txt,txt,00 CA,Sony12/15
Audio,Sony,Sony STR-DG910 AV2,Sony_STR-DG910_in AV2_SonyAUD1359.txt,txt,00 CA,Sony12/15
Audio,Sony,Sony STR-DG920 7-Channel AV Receiver,Sony STR-DG920 7ch AV Receiver.rmdu,rmdu,00 27,Sony Combo (12/15/20)
Audio,Sony,Sony STR-DH720HP AV Receiver,Sony STR-DH720HP AV Receiver.rmdu,rmdu,00 27,Sony Combo (12/15/20)
Audio,Sony,Sony STR-DN860,Device - Sony STR-DN860.rmdu,rmdu,00 27,Sony Combo (12/15/20)
Audio,Sony,Sony STR-GX900ES Receiver,Sony STR-GX900ES Receiver.rmdu,rmdu,00 27,Sony Combo (12/15/20)
Audio,Sony,Sony STR-K502P,Sony_STR-K502P.rmdu,rmdu,00 ca,Sony 12/15
Audio,Sony,Sony STR-K750P HT-DDW750,Sony_STR-K750P_HT-DDW750.txt,txt,00 CA,Sony 12/15
Audio,Sony,Sony STS-311 Tuner,Sony_Tuner.txt,txt,00 CA,Sony 12/15
Audio,Sony,Sony St-S261 tuner,Sony-ST-S261-tuner.txt,txt,00 CA,Sony 12/15
Audio,Sony,Sony TA AX295 - Part of SEN 300,Sony TAAX295.rmdu,rmdu,00 CA,Sony 12/15
Audio,Sony,Sony XDR-F1HD,Sony XDR-F1HD.rmdu,rmdu,00 DE,Sony20
Audio,Sony,Sony XDR-S1,Sony XDR-S1.rmdu,rmdu,00 DE,Sony20
Audio,Sony,Sony XDR-S10HDiP,Sony XDR-S10HDiP.rmdu,rmdu,00 DE,Sony20
Audio,Sony,Sony XDRF1HD HD radio tuner,Sony_XDR-F1HD for 15-100.txt,txt,00 DE,Sony20
Audio,Spherex,Spherex Xbox 5.1 Surround Sound,Spherex Xbox 5.1 Surround Sound System.rmdu,rmdu,00 5a,NEC1
Audio,Sunfire,Sunfire Theater Grand I preamp,Sunfire Theater Grand I preamp.rmdu,rmdu,00 B6,NEC1 Combo
Audio,Sunfire,Sunfire Theater Grand II and III Preamps (Zone 1),Sunfire Theater Grand II and III Preamps (Zone 1).rmdu,rmdu,01 91,Sunfire
Audio,Sunfire,Sunfire Theater Grand II and III Preamps (Zone 2),Sunfire Theater Grand II and III Preamps (Zone 2).rmdu,rmdu,01 91,Sunfire
Audio,Sylvania,Sylvania Audio,Sylvania-Audio.txt,txt,00 5A,NEC1
Audio,TacT,TacT Millennium MKII amplifier,TacT Millennium MKII amplifier.rmdu,rmdu,00 5A,NEC1
Audio,TaoTronics,TaoTronics TT-SK017 soundbar,Taotronics Soundbar Model TT-SK017.rmdu,rmdu,00 5A,NEC1
Audio,Teac,Teac A-H01,Teac A-H01.rmdu,rmdu,00 5A,NEC1
Audio,Teac,Teac A-H01 amp,Teac A-H01 amp.rmdu,rmdu,00 5A,NEC1
Audio,Teac,Teac AG-H550,Teac AG H550.rmdu,rmdu,00 5A,NEC1
Audio,Teac,Teac AV-G8500,Teac Receiver AV-G8500-V002.rmdu,rmdu,00 5a,NEC1
Audio,Teac,Teac AV-H5000 A/V surround amplifier,TEAC AV SURROUND AMPLIFIER AV-H5000.rmdu,rmdu,00 5a,NEC1
Audio,Teac,Teac NP-H750,Teac NP-H750.rmdu,rmdu,01 40,NEC Combo
Audio,Teac,Teac Receiver,Teac Receiver Tuner-0463.rmdu,rmdu,00 5A,NEC1
Audio,Technics,Technics AC300,Technics_AC300.txt,txt,00 C9,Panasonic
Audio,Technics,Technics Audio System for OFA 8910 URC,Technics Audio System.rmdu,rmdu,00 00,Panasonic (old)
Audio,Technics,Technics SA-AX530,Technics SA-AX530.txt,txt,00 42,Panasonic Combo2
Audio,Technics,Technics SA-DX1040 with Digital Input function,Technics_SA-DX1040.txt,txt,00 CD,Panasonic Combo
Audio,Technics,Technics SA-EX320 Receiver (URC-8911),Technics_SA-EX320_Receiver_(URC-8911).txt,txt,00 42,Panasonic Combo2
Audio,Technics,Technics SA-EX320 Receiver (URC-8911).rmdu,Technics SA-EX320 Receiver (URC-8911).rmdu,rmdu,00 42,Panasonic Combo2
Audio,Technics,Technics SA-GX330,Technics_SA-GX330.txt,txt,00 00,Panasonic (old)
Audio,Technics,Technics SA-GX770 Dolby,Technics_SA-GX770_Dolby.txt,txt,00 C9,Panasonic
Audio,Technics,Technics SH-AC500D,Technics SH-AC500D.txt,txt,00 C9,Panasonic
Audio,Technics,Technics receiver,Technics receiver.txt,txt,00 42,Panasonic Combo2
Audio,Techwood,Techwood PLR 85,Techwood_PLR_85_Remote.txt,txt,00 5A,NEC1
Audio,Toshiba,Toshiba Integrated Digital AV Amplifier Model XB-1000,Toshiba_Integrated_Digital_AV_Amplifier_Model_XB-1000.txt,txt,00 5A,NEC1
Audio,Toshiba,Toshiba W-706 upgrade 8910,Toshiba_W-706_upgrade_8910.txt,txt,00 5A,NEC1
Audio,Vanatoo,Vanatoo remote,vanatoo-v1.rmdu,rmdu,00 E8,RC-5
Audio,Velodyne,Velodyne SMS-1,Velodyne_SMS-1.txt,txt,00 C3,Manual Settings
Audio,Victrola,Victrola 8-in-1 Turntable w/remote,Victrola 8-in-1 Turntable w-remote.rmdu,rmdu,00 5A,NEC1
Audio,Vinnie,Vinnie Rossi LIO,Vinnie Rossi LIO.rmdu,rmdu,01 FF,Manual Settings
Audio,Vizio,Vizio S4251w-B4 soundbar,VizioS4251w-B4.rmdu,rmdu,00 5A,NEC1
Audio,Vizio,Vizio SB4551-D5,4551 Vizio SB4551-D5.rmdu,rmdu,00 5A,NEC1
Audio,Vizio,Vizio SB4551-D5,Vizio SB4551-D5.rmdu,rmdu,00 5A,NEC1
Audio,Vizio,Vizio Sound Bar VSB-210WS,Vizio sound bar.rmdu,rmdu,00 5A,NEC2
Audio,Vizio,Vizio Sound Bar VSB200 (1160).rmdu,Vizio Sound Bar VSB200 (1160).rmdu,rmdu,00 5A,NEC1
Audio,Vizio,Vizio VHT510,Vizio VHT510.rmdu,rmdu,00 5A,NEC1
Audio,XremeMac,XremeMac Luna,XremeMac Luna.rmdu,rmdu,00 5A,NEC2
Audio,Yamaha,Yamaha AV REC,Yamaha AV REC.txt,txt,00 5A,NEC1
Audio,Yamaha,Yamaha AVC-50 Amplifier,Yamaha AVC-50.rmdu,rmdu,00 5A,NEC1
Audio,Yamaha,Yamaha AX-620,Yamaha AX-620.txt,txt,00 5A,NEC1
Audio,Yamaha,Yamaha Amps Combined,Yamaha_Amps_Combined.txt,txt,01 44,Device Combiner
Audio,Yamaha,Yamaha Aventage AVR RX-A3000-expanded for 6440 with extended functions,Yamaha Aventage AVR RX-A3000-expanded for 6440 with extended functions.rmdu,rmdu,01 1A,NEC 4DEV Yamaha Combo
Audio,Yamaha,Yamaha DP-U50 CAVIT External Audio Soundboard,Yamaha DP-U50 6131 AUD.rmdu,rmdu,00 5a,NEC1
Audio,Yamaha,Yamaha DSP-1,Yamaha DSP-1.rmdu,rmdu,00 5A,NEC1
Audio,Yamaha,Yamaha DSP-A2,YAMAHA_DSP_A-2.txt,txt,00 5A,NEC1
Audio,Yamaha,Yamaha DSP-A3090,Yamaha DSP-A3090.txt,txt,00 5A,NEC1
Audio,Yamaha,Yamaha HTR-5063 (includes custom signals),Yamaha_combo_special_4.txt,txt,01 1A,NEC 4DEV Yamaha Combo
Audio,Yamaha,Yamaha HTR-5063 (includes custom signals) RM,Yamaha combo special 4.rmdu,rmdu,01 1A,NEC 4DEV Yamaha Combo
Audio,Yamaha,Yamaha HTR-5063/RX-V567,Yamaha_HTR-5063-RX-V567.txt,txt,01 1A,Manual Settings
Audio,Yamaha,Yamaha HTR-54x0 Modified,Yamaha_HTR-54x0_Modified.txt,txt,00 5A,NEC1
Audio,Yamaha,Yamaha HTR-54x0 RCVR.rmdu,Yamaha HTR-54x0 RCVR.rmdu,rmdu,00 5a,NEC1
Audio,Yamaha,Yamaha HTR-54x0 receivers,Yamaha_HTR-54x0_receivers.txt,txt,00 5A,NEC1
Audio,Yamaha,Yamaha HTR-5550,Yamaha HTR5550.rmdu,rmdu,00 5A,NEC1
Audio,Yamaha,Yamaha HTR-5550 Receiver,Yamaha HTR-5550 Receiver.txt,txt,00 5A,NEC1
Audio,Yamaha,Yamaha HTR-5550-54x0 Receiver V1.0,Yamaha HTR-5550-54x0 Receiver_V1.0.txt,txt,00 5A,NEC1
Audio,Yamaha,Yamaha HTR-5650-5640 HTR Receiver,Yamaha HTR-5650-5640 HTR Receiver.txt,txt,00 5A,NEC1
Audio,Yamaha,Yamaha HTR-5790/RX-V1400 (Remote RAV238),Yamaha_HTR-5790-RX-V1400_(Remote_RAV238).txt,txt,01 1A,NEC 2DEV Combo
Audio,Yamaha,Yamaha HTR-5860 (Remote model RAV252),Yamaha HTR-5860.rmdu,rmdu,00 5a,NEC1
Audio,Yamaha,Yamaha HTR-6030 (RX-V361) AV receiver,YAMAHA HTR-6030 (RX-V361).rmdu,rmdu,01 1A,NEC 4DEV Combo
Audio,Yamaha,Yamaha HTR-6130,Yamaha HTR-6130.rmdu,rmdu,01 1A,NEC 4DEV Combo
Audio,Yamaha,Yamaha R-N803 2.1 channel networked receiver,Yamaha R-N803 2.1 channel networked receiver.rmdu,rmdu,01 AD,NEC1-f16 Official
Audio,Yamaha,Yamaha R-N803 network stereo receiver,yamaha r-n803.rmdu,rmdu,01 AD,NEC1-f16 Official
Audio,Yamaha,Yamaha RX 775 AV Receiver,Yamaha RX 775 AV Receiver.txt,txt,00 5A,NEC1
Audio,Yamaha,Yamaha RX 995 AV Receiver,Yamaha RX 995 AV Receiver.txt,txt,00 5A,NEC1
Audio,Yamaha,Yamaha RX V420,Yamaha_RX_V420.txt,txt,00 5A,NEC1
Audio,Yamaha,Yamaha RX-483,yamaha rx-v483.rmdu,rmdu,01 1A,NEC 4DEV Yamaha Combo
Audio,Yamaha,Yamaha RX-496 RDS,Yamaha RX-496 RDS.rmdu,rmdu,00 5a,NEC1
Audio,Yamaha,Yamaha RX-V1000,Yamaha RX-V1000.txt,txt,01 1A,NEC 4DEV Combo
Audio,Yamaha,Yamaha RX-V1300,Yamaha_RX-V1300.txt,txt,00 5A,NEC1
Audio,Yamaha,Yamaha RX-V2065,Yamaha RX-V2065 FINAL.rmdu,rmdu,01 44,Device Combiner
Audio,Yamaha,Yamaha RX-V2095 8810w,Yamaha_RX-V2095_8810w.txt,txt,00 5A,NEC1
Audio,Yamaha,Yamaha RX-V2500,Yamaha RX-V2500 (ID1and2).rmdu,rmdu,01 1A,NEC 4DEV Combo
Audio,Yamaha,Yamaha RX-V2500 Receiver,Yamaha RX-V2500 Receiver.rmdu,rmdu,00 5a,NEC1
Audio,Yamaha,Yamaha RX-V3000,Yamaha_RX-V3000.txt,txt,00 5A,NEC1
Audio,Yamaha,Yamaha RX-V359,Yamaha RX-V359.rmdu,rmdu,00 5A,NEC1
Audio,Yamaha,Yamaha RX-V365,Yamaha RX-V365 All Functions KM.txt,txt,01 1A,NEC 2DEV Combo
Audio,Yamaha,Yamaha RX-V381 receiver,YamahaRcvr-RX-V381.rmdu,rmdu,01 AD,NEC1-f16 Official
Audio,Yamaha,Yamaha RX-V430 (KM),YAMAHA-RX-V430_KM.txt,txt,00 5A,NEC1
Audio,Yamaha,Yamaha RX-V465 Discrete Inputs,Yamaha_RX-V465_Gap_Helper.txt,txt,01 FF,Manual Settings
Audio,Yamaha,Yamaha RX-V473 (and RX-V573).rmdu,Yamaha_RX-V473(and_573).rmdu,rmdu,01 1A,NEC 4DEV Yamaha Combo
Audio,Yamaha,Yamaha RX-V567,YamahaRcvr-RX-V567(Atlas(setup1112)).rmdu,rmdu,01 1A,NEC 4DEV Yamaha Combo
Audio,Yamaha,Yamaha RX-V567(RCRP05B).txt,YamahaRX-V567(RCRP05B).txt,txt,01 1A,NEC 4DEV Yamaha Combo
Audio,Yamaha,Yamaha RX-V575,Yamaha RX-V575.rmdu,rmdu,01 1A,NEC 4DEV Yamaha Combo
Audio,Yamaha,Yamaha RX-V590RDS (Remote VS71400),Yamaha-RX-V590RDS (Remote VS71400).txt,txt,00 5A,NEC1
Audio,Yamaha,Yamaha RX-V595 receiver no setup.rmdu,Yamaha RX-V595 receiver no setup.rmdu,rmdu,00 5a,NEC1
Audio,Yamaha,Yamaha RX-V595 receiver.rmdu,Yamaha RX-V595 receiver.rmdu,rmdu,00 5a,NEC1
Audio,Yamaha,Yamaha RX-V596 receiver,atlas_Yamaha_RX-V596_receiver.rmdu,rmdu,00 5A,NEC1
Audio,Yamaha,Yamaha RX-V640RDS,Yamaha_RX-V640RDS.txt,txt,00 5A,NEC1
Audio,Yamaha,Yamaha RX-V657,Yamaha_RX-V657.txt,txt,00 5A,NEC1
Audio,Yamaha,Yamaha RX-V661,YAMAHA RX-V661.rmdu,rmdu,01 1A,NEC 4DEV Yamaha Combo
Audio,Yamaha,Yamaha RX-V667,Yamaha RX-V671 AV Receiver.txt,txt,01 1A,NEC 4DEV Yamaha Combo
Audio,Yamaha,Yamaha RX-V671_NEC_Yam_4DEV_v001.rmdu,Yamaha RX-V671_NEC_Yam_4DEV_v001.rmdu,rmdu,01 1A,NEC 4DEV Yamaha Combo
Audio,Yamaha,Yamaha RX-V685 ALL Zones,RX-V685-ALL.rmdu,rmdu,01 AD,NEC1-f16 Official
Audio,Yamaha,Yamaha RX-V685 MAIN Zone,RX-V685-MAIN.rmdu,rmdu,01 AD,NEC1-f16 Official
Audio,Yamaha,Yamaha RX-V685 ZONE2,RX-V685-ZONE2.rmdu,rmdu,01 AD,NEC1-f16 Official
Audio,Yamaha,Yamaha RX-V6A-TSR-700 A-V Receiver (ID1),Yamaha RX-V6A-TSR-700 A-V Receiver (ID1).rmdu,rmdu,01 AD,NEC1-f16 Official
Audio,Yamaha,Yamaha RX-V740,Yamaha_RX-V740.txt,txt,00 5A,NEC1
Audio,Yamaha,Yamaha RX-V757 Receiver,Yamaha RX-V757 Receiver.rmdu,rmdu,00 5a,NEC1
Audio,Yamaha,Yamaha RX-V765,Yamaha RX765_NEC_Yam_4DEV.rmdu,rmdu,01 1A,NEC 4DEV Yamaha Combo
Audio,Yamaha,Yamaha RX-V995 AV Receiver,Yamaha RX-V995 AV Receiver.txt,txt,00 5A,NEC1
Audio,Yamaha,Yamaha Receiver,Yamaha Receiver.rmdu,rmdu,01 1A,NEC 4DEV Yamaha Combo
Audio,Yamaha,Yamaha Receiver (Zone 1),Yamaha Rcvr Zone 1 Control.rmdu,rmdu,01 1A,NEC 4DEV Yamaha Combo
Audio,Yamaha,Yamaha Receiver R-S300 Remote RAX23 wv5000020,Yamaha Receiver R-S300 Remote RAX23 wv5000020.rmdu,rmdu,01 1A,NEC 4DEV Yamaha Combo
Audio,Yamaha,Yamaha YAS-207 Soundbar,Yamaha YAS-207 Soundbar.rmdu,rmdu,00 5A,NEC1
Audio,Yamaha,Yamaha YSP-1000,Yamaha YSP-1000.rmdu,rmdu,00 5A,NEC1
Audio,Yamaha,Yamaha YSP-4100/5100,Yamaha YSP-5100.rmdu,rmdu,01 1A,NEC 4DEV Combo
Audio,Yamaha,Yamaha receiver R-S202 remote RAX33,Yamaha R-S202.rmdu,rmdu,01 1A,NEC 4DEV Yamaha Combo
Audio,ZON,ZON Whole House Audio (6131).rmdu,ZON Whole House Audio (6131).rmdu,rmdu,00 5a,NEC1
Audio,Zvox,Zvox SoundBase 350 and 450 Soundbar,Zvox Soundbase 350.rmdu,rmdu,00 5A,NEC1
Audio,dCS,dCS Rossini DAC,dCS Rossini DAC.rmdu,rmdu,00 E8,RC-5
Audio,iCraig,iCraig CHT910 Bluetooth Speaker Tower,iCraig_CHT910.txt,txt,00 5A,NEC1
Audio,iLive,iLive Soundbar it123b,iLive Soundbar it123b.rmdu,rmdu,00 5A,NEC2
Audio,iLive,iLive Soundbar itb238b,iLive Soundbar itb280b .rmdu,rmdu,00 5A,NEC1
Audio,iLive,iLive Soundbar itp280b,iLive Soundbar itp280b .rmdu,rmdu,00 5A,NEC1
Audio_Video Selectors,3-Way,3-Way HDMI (HD) Switch,HDMI 3-Way Switcher.rmdu,rmdu,00 5A,NEC1
Audio_Video Selectors,AVS,AVS VS-14-KM-tested,AVS_VS-14-KM-tested.txt,txt,01 26,Manual Settings
Audio_Video Selectors,AVS,AVS VS14 California Switch,AVS_VS14_California_Switch.txt,txt,01 C5,Manual Settings
Audio_Video Selectors,Accell,Accell UltraAV HDMI Switch,Accell_UltraAV_HDMI_Switch.txt,txt,00 5A,NEC1
Audio_Video Selectors,Apogee,Apogee HDMI 3x1 Mini Switcher,Apogee HDMI 3 Port Switcher.rmdu,rmdu,00 5A,NEC1
Audio_Video Selectors,Audio_Authority,Audio_Authority AVAtrix,Audio Authority AVAtrix .rmdu,rmdu,01 2A,MCE
Audio_Video Selectors,B-Tech,B-Tech BT941 Quattro+ AV Centre,B-Tech BT941 QuattroPlus.rmdu,rmdu,00 45,RECS80 (45)
Audio_Video Selectors,B-Tech,B-Tech Quintro BT945,B-Tech Quintro BT945.rmdu,rmdu,00 45,RECS80 (45)
Audio_Video Selectors,BeingHD,BeingHD or HDTVSupply 4K 4x1 HDMI Multi-Viewer,BeingHD 4K 4x1 HDMI Multi-Viewer.rmdu,rmdu,00 5A,NEC1
Audio_Video Selectors,BlackWeb,BlackWeb (ONN) 1x4 HDMI Switch,BlackWeb HDMI Switcher.rmdu,rmdu,00 5A,NEC1
Audio_Video Selectors,Blue,Blue Jeans 5 to 1 HDMI selector,Blue Jeans 5 to 1 HDMI Switch.rmdu,rmdu,00 5a,NEC1
Audio_Video Selectors,CE,CE Labs SW104HD Switch,CE_Labs_SW104HD_Switcher.txt,txt,00 5A,NEC1
Audio_Video Selectors,DTronics,DTronics DS-21R DVI switch,DTronics_DS-21R_DVI_switch.txt,txt,01 FF,Manual Settings
Audio_Video Selectors,DVDO,DVDO Iscan HD,DVDO_IScan_HD__Apr-17-2010.txt,txt,00 5A,NEC1
Audio_Video Selectors,Digital,Digital Optical A/V Selector,Digital_Optical_A-V_Selector.txt,txt,00 5A,NEC1
Audio_Video Selectors,DotStone,DotStone HDMI Switch Remote,DotStone HDMI switch.rmdu,rmdu,00 5A,NEC1
Audio_Video Selectors,Elan,Elan V883 Video Switcher,Elan V883.rmdu,rmdu,01 FF,PID 01 FF
Audio_Video Selectors,Elan,Elan Z system with Carrier (40.2kHz),Elan S6-VSE-Z880-Z630-JP1.2-Carrier.rmdu,rmdu,00 91,PID 00 91
Audio_Video Selectors,Elan,Elan Z-880 Video Controller,Elan_Z-880_Video_Controller.txt,txt,00 90,RECS80 (90)
Audio_Video Selectors,Ellies,Ellies AV Switcher,Ellies AV Switcher.rmdu,rmdu,00 5a,NEC1
Audio_Video Selectors,Emerson,Emerson Switch-KM,Emerson Switch-KM.txt,txt,00 D0,Manual Settings
Audio_Video Selectors,EnjoyGadgets,EnjoyGadgets - 3 port HDMI switcher with remote,3_Port_HDMI_Switch_-_EnjoyGadgets.txt,txt,00 5A,NEC1
Audio_Video Selectors,EnjoyGadgets,EnjoyGadgets - 5 port HDMI switcher with remote,5_Port_HDMI_Switch_-_EnjoyGadgets.txt,txt,00 5A,NEC1
Audio_Video Selectors,Etekcity_hdmi,Etekcity_hdmi Switch,Etekcity_hdmi Switch.rmdu,rmdu,00 5A,NEC1
Audio_Video Selectors,Fosmon,Fosmon HD1832 Intelligent 5x1 5-Port HDMI Switch,fosmon 5x1 HDMI switch.rmdu,rmdu,00 5A,NEC1
Audio_Video Selectors,Fosmon,Fosmon HD8062 5x1 HDMI Switch,Fosmon HD8062 5x1 4K HDMI Switch.rmdu,rmdu,00 5A,NEC1
Audio_Video Selectors,GC_Electronics,GC_Electronics AB_Switch 32-3221,GC_Electronics_AB_Switch_32-3221.rmdu,rmdu,00 1a,F12
Audio_Video Selectors,GXT,GXT Digital Pro HSA-401 4 Ports HDMI Switch,GXT HDMI HSA-401 HDMI Switcher.rmdu,rmdu,00 5a,NEC1
Audio_Video Selectors,Gefen,Gefen 4x2 HDMI switch,Gefen_442_switch.txt,txt,00 E8,RC-5
Audio_Video Selectors,Gefen,Gefen GTV-AUDDEC-N,GEFEN GTV-AUDDEC-N Switch.rmdu,rmdu,00 E8,RC-5
Audio_Video Selectors,Gefen,Gefen HD Digital Audio Switcher HDMI-441A.rmdu,Gefen HD Digital Audio Switcher HDMI-441A.rmdu,rmdu,00 e8,RC-5
Audio_Video Selectors,Generic,Generic 5-Port 1080P Video HDMI Switch Switcher Splitter,DGS No-name Chinese 5 port HDMI switch.rmdu,rmdu,00 5A,NEC1
Audio_Video Selectors,Generic,Generic Chinese 5 port HDMI switch,No-name Chinese 5 port HDMI switch.rmdu,rmdu,00 5A,NEC1
Audio_Video Selectors,Generic,Generic HDMI Switcher 5 ports model 501,HDMI Switcher 5 Ports Model 501_URC-10820.rmdu,rmdu,00 5A,NEC1
Audio_Video Selectors,Generic,Generic HDMI switcher HSW0501,HDMI_switch.txt,txt,00 5A,NEC1
Audio_Video Selectors,Generic,Generic HSW0301 3-port HDMI Switch,HDMI Switch HSW0301.rmdu,rmdu,00 5A,NEC1
Audio_Video Selectors,Generic,HDMI switch HDSW0015M1 5 Port 4K,HDSW0015M1 HDMI Switch.rmdu,rmdu,00 5A,NEC1
Audio_Video Selectors,Generic,HDMI switcher 5 Port XHL-SW501,5 PORT HDMi Switch XHL-SW501.rmdu,rmdu,00 5A,NEC1
Audio_Video Selectors,Generic,No brand HDSW0015M1,5 port HDMI switch.rmdu,rmdu,00 5A,NEC1
Audio_Video Selectors,HD,HD FuryDiva,HDFuryDiva.rmdu,rmdu,00 5A,NEC2
Audio_Video Selectors,Impact,Impact Accoustics 6x2 Component Video Switcher.rmdu,Impact Accoustics 6x2 Component Video Switcher.rmdu,rmdu,00 5A,NEC1
Audio_Video Selectors,Impact,Impact Acoustics 3-Play Component Video-Digital Audio Selector,Impact Acoustics 3-Play Component Video-Digital Audio Selector.rmdu,rmdu,00 5A,NEC1
Audio_Video Selectors,Impact,Impact Acoustics 6x2 Component Video Matrix Selector (Model: 40697),impact_acoustics_6x2_video_switcher final rev.txt,txt,00 5A,NEC1
Audio_Video Selectors,Impact,Impact Acoustics Video Explorer,Impact_Acoustics_Video_Explorer.txt,txt,00 5A,NEC1
Audio_Video Selectors,Inday,Inday RGB4X-R Component Video Switcher (2004).rmdu,Inday RGB4X-R Component Video Switcher (2004).rmdu,rmdu,00 5a,NEC1
Audio_Video Selectors,Inday,Inday RGB4X-R Video Switcher,Inday_RGB4X-R_Video_Switcher.txt,txt,01 FF,Manual Settings
Audio_Video Selectors,Inday,Inday RGB4X-R and DA4X-R switchers,Inday RGB4X-R and DA4X-R switchers.txt,txt,00 5A,NEC2
Audio_Video Selectors,Intec,Intec A-V Selector,Intec_A-V_Selector.txt,txt,01 FF,Manual Settings
Audio_Video Selectors,Iogear,IOGEAR 3x1 HDMI switch,IOGEAR 3x1 HDMI Switch.rmdu,rmdu,00 5A,NEC1
Audio_Video Selectors,Iogear,IOGEAR 4x1 HDMI Switch,IOGEAR_4x1_HDMI_Switch.txt,txt,00 5A,NEC1
Audio_Video Selectors,Iogear,IOGEAR GHDSW4K4 4x1 HDMI Switch,IOGEAR 4x1 HDMI Switch.rmdu,rmdu,00 5A,NEC1
Audio_Video Selectors,Iogear,Iogear 4 hdmi with 3D/2D,IOmega 4 port switcher 3D.rmdu,rmdu,00 5A,NEC1
Audio_Video Selectors,JVC,JVC JS-X777 video selector,JVC_JS-X777_video_selector.txt,txt,00 34,JVC
Audio_Video Selectors,JVC,JVC JX-S900 RM-A900.rmdu,JVC JX-S900 RM-A900.rmdu,rmdu,00 34,JVC
Audio_Video Selectors,JVC,JVC Video Switcher JX-S300-KM,JVC_Video_Switcher_JX-S300-KM.txt,txt,00 34,JVC
Audio_Video Selectors,Joytech,Joytech 240C,Joytech_Control_Center_240C.txt,txt,00 5A,NEC1
Audio_Video Selectors,Joytech,Joytech AV Control Center 2 - JS965B,Joytech_2.txt,txt,00 5A,NEC1
Audio_Video Selectors,Joytech,Joytech JS 965 AV Control Center,Joytech_JS965.txt,txt,00 5A,NEC1
Audio_Video Selectors,Kinivo,Kinivo 301BN HDMI Switch,Kinivo 501BN.rmdu,rmdu,00 5A,NEC1
Audio_Video Selectors,Kinivo,Kinivo 501BN,Kinivo 501BN.rmdu,rmdu,00 5A,NEC1
Audio_Video Selectors,Kinivo,Kinivo 501BN HDMI Switch,C2041 - Kinivo HDMI Switch.rmdu,rmdu,00 5A,NEC1
Audio_Video Selectors,Kinyo,Kinyo AV-100Gz,Kinyo AV-100Gz.rmdu,rmdu,00 5a,NEC1
Audio_Video Selectors,MadCatz,MadCatz PS3 HDMI Switcher,MadCatz PS3 HDMI Switcher.rmdu,rmdu,00 27,Sony Combo (12/15/20)
Audio_Video Selectors,Meritline,Meritline 4x1 w Audio HDMI Switch,Meritline_4x1_w_Audio_HDMI_Switch_195-154.txt,txt,00 5A,NEC1
Audio_Video Selectors,Monoprice,Monoprice 2x1 HDMI Switch HDX-201E,Monoprice 2x1 HDMI Switch HDX-201E 8910.rmdu,rmdu,00 5A,NEC1
Audio_Video Selectors,Monoprice,Monoprice 4x1 HDMI DigiMedia Switch,Monoprice-DIGIMedia_4x1_HDMI_Switch.txt,txt,00 5A,NEC1
Audio_Video Selectors,Monoprice,Monoprice 4x1 HDMI Switch HDX-401E,Monoprice HDX-401E.rmdu,rmdu,00 5A,NEC1
Audio_Video Selectors,Monoprice,Monoprice 4x1 HDMI switch HDX-401TA,Monoprice HDX401TA switch.rmdu,rmdu,00 5A,NEC1
Audio_Video Selectors,Monoprice,Monoprice 4x2 HDMI Matrix Switcher,Monoprice_Matrix_4x2_HDMI_Switch.txt,txt,00 5A,NEC1
Audio_Video Selectors,Monoprice,Monoprice 4x2 HDMI true matrix switch (V3.0),Monoprice_Matrix_4x2_HDMI_Switch (V3.0).txt,txt,00 5A,NEC1
Audio_Video Selectors,Monoprice,Monoprice 4x4 HDMI Switch HDX-404E,Monoprice HDX-404E HDMI Switch.rmdu,rmdu,00 5A,NEC1
Audio_Video Selectors,Monoprice,Monoprice 5x1 HDMI Switch,Monoprice_5x1_HDMI_Switch.txt,txt,00 5A,NECx1
Audio_Video Selectors,Monoprice,Monoprice 5x1 Mini HDMI Switch MP-SW04.rmdu,Monoprice_5x1_Mini_HDMI_Switch_MP-SW04.rmdu,rmdu,00 5A,NEC1
Audio_Video Selectors,Monoprice,Monoprice 8x1 HDMI Switch HRM 2218F,Monoprice HRM 2218F.rmdu,rmdu,00 5A,NEC1
Audio_Video Selectors,Monoprice,Monoprice Blackbird 4K 5x1 HDMI Switch,Monoprice_13703_HDMI_SW.rmdu,rmdu,00 5A,NEC1
Audio_Video Selectors,Monoprice,Monoprice CPX-401 A/V Switch Box,Monoprice CPX-401 A-V Switch.rmdu,rmdu,00 5A,NEC1
Audio_Video Selectors,Moome,Moome MUX-HD 4-port HDMI switcher,MUX-HD.rmdu,rmdu,00 5A,NEC1
Audio_Video Selectors,Naim,Naim AV2 video selector,Naim AV2.rmdu,rmdu,00 E8,RC-5
Audio_Video Selectors,Nuvo,Nuvo NV-GRC1,Nuvo_NV-GRC1.txt,txt,00 5A,NEC1
Audio_Video Selectors,PJI,PJI MUX-HD,PJI MUX-HD.rmdu,rmdu,00 5A,NEC1
Audio_Video Selectors,PTC,PTC Digiview HM-501E 5x1 HDMI Switch,PTC Digiview HM-501E 5x1 HDMI Switch.rmdu,rmdu,00 5A,NECx1
Audio_Video Selectors,Pelican,Pelican System Selector Pro,Pelican_System_Selector_Pro.txt,txt,00 5A,NEC1
Audio_Video Selectors,Pelican,Pelican System Selector Pro 2.0,PelicanSSP20.rmdu,rmdu,00 5A,NEC1
Audio_Video Selectors,Philex,Philex Video Switcher,Philex_Video_Switcher.txt,txt,00 5A,NEC1
Audio_Video Selectors,Portta,PORTTA PET0301S 3x1 HDMI Switch,PORTTA PET0301S 3x1 Port HDMI Switch.rmdu,rmdu,00 5A,NEC1
Audio_Video Selectors,Portta,Portta 4x1 Optical Audio Switcher.rmdu,Portta 4x1 Optical Audio Switcher.rmdu,rmdu,00 5A,NEC1
Audio_Video Selectors,Psyclone,Psyclone HDMI AV Switch,Psyclone_HDMI_AV_Switch.txt,txt,00 5A,NEC1
Audio_Video Selectors,Psyclone,Psyclone PSC01,PsycloneSwitch_PSC01.rmdu,rmdu,00 1A,F12
Audio_Video Selectors,Psyclone,Psyclone PSC47,Psyclone PSC47.rmdu,rmdu,00 5A,NEC1
Audio_Video Selectors,RCA,RCA VH915,RCA_VH915_AV_Switch.rmdu,rmdu,00 5A,NEC1
Audio_Video Selectors,RCA,RCA VH915 AV Switch,RCA VH915 AV Switch.txt,txt,00 5A,NEC1
Audio_Video Selectors,RCA,RCA VH915 AV Switch,RCA_VH915_AV_Switch.txt,txt,00 5A,NEC1
Audio_Video Selectors,RCA,RCA VH920 A/V Source Selector,RCA VH920.txt,txt,01 43,RCA Combo (w/Duration)
Audio_Video Selectors,Radio_Shack,Radio Shack 15-1968 coax A/B switch,Radio_Shack_Remote_15-1968.txt,txt,00 1A,F12
Audio_Video Selectors,Radio_Shack,Radio Shack 15-316 AV/Switch,RadioShack 15-316.rmdu,rmdu,00 5A,NEC1
Audio_Video Selectors,Radio_Shack,Radio Shack a b switch,Radio Shack a b switch.txt,txt,00 5A,NEC1
Audio_Video Selectors,Rocketfish,Rocketfish RF-G1185 HDMI Switch,Rocketfish RF-G1185.rmdu,rmdu,00 5A,NEC1
Audio_Video Selectors,Rocketfish,Rocketfish RF-G1501 4K HDMI Switch,Rocketfish 4-Port 4K HDMI Switch.rmdu,rmdu,00 5A,NEC1
Audio_Video Selectors,Rocketfish,Rocketfish RF-WHD200 4-Port Wireless HD Kit,Rocketfish_RF-WHD200_4-Port_Wireless_HD_Kit.txt,txt,00 5A,NEC1
Audio_Video Selectors,SGEYR,SGEYR USB 2.0 3 Port 4K HDMI Switch,SGEYR HDMI 3 Port Switcher.rmdu,rmdu,00 5A,NEC1
Audio_Video Selectors,ST01,ST01 5Port HDMI Selector,HDMi Changer.rmdu,rmdu,00 5A,NEC1
Audio_Video Selectors,Score,Score System Selector Pro 2.0,Score_System_Selector_Pro.txt,txt,00 5A,NEC1
Audio_Video Selectors,Shinybow,Shinybow 5526 switcher,Shinybow_5526_switcher.txt,txt,00 5A,NEC1
Audio_Video Selectors,Shinybow,Shinybow SB-5470 Component Matrix Switcher,Shinybow SB-5470.rmdu,rmdu,00 5A,NEC1
Audio_Video Selectors,Shinybow,Shinybow SB-5520,Shinybow SB-5520.txt,txt,00 5A,NEC2
Audio_Video Selectors,Sima,Sima SVS-4 SRC-1,Sima_SVS-4_SRC-1.txt,txt,00 5A,NEC1
Audio_Video Selectors,Sima,Sima SVS4 Video Selector,Sima-SVS4-v504.txt,txt,00 5A,NEC1
Audio_Video Selectors,Sima,Sima VS-502 video selector,Sima_VS-502_video_selector.txt,txt,00 5A,NEC1
Audio_Video Selectors,Steren,Steren Switch ABCD 200-380 (AV-41RS),Steren_Switch_ABCD_200-380.txt,txt,00 5A,NEC1
Audio_Video Selectors,Ultra,Ultra HD HDMI Matrix Switch 6x2,Ultra HD HDMI Matrix Switch 6x2.rmdu,rmdu,00 5A,NEC1
Audio_Video Selectors,Uninex,Uninex VS-14,Uninex VS-14.rmdu,rmdu,00 5a,NEC1
Audio_Video Selectors,Yamaha,Yamaha AVS 700 (VIDACC/0176),Yamaha AVS 700 AV switcher_VIDACC_0176.rmdu,rmdu,00 5A,NEC1
Audio_Video Selectors,Yamaha,Yamaha AVS-700 AV Switcher (VIDACC 0176),Yamaha_AVS-300_AV_Switcher_(VIDACC-0176).txt,txt,00 5A,NEC1
Audio_Video Selectors,Yamaha,Yamaha HTR-5930,Yamaha HTR-5930.rmdu,rmdu,00 5A,NEC1
Audio_Video Selectors,Yamaha,Yamaha HTR-6090/RX-1700/RX-2700,YamahaHTR-6090_RX-1700_RX-2700.rmdu,rmdu,01 1A,NEC 4DEV Yamaha Combo
Audio_Video Selectors,Yamaha,yamaha DSP AX640SE,yamaha.rmdu,rmdu,00 5A,NEC1
Audio_Video Selectors,Zektor,Zektor HD 4X1 Switch,Zektor_HD_4X1_Switch.txt,txt,00 5A,NEC1
CD,ADS,ADS CD,ADS CD.rmdu,rmdu,00 68,RECS80 (68)
CD,ADS,ADS CD,ADS_CD2.txt,txt,00 68,RECS80 (68)
CD,Adcom,Adcom GCD-700,Adcom GCD-700.rmdu,rmdu,00 5A,NEC1
CD,Adcom,Adcom GCD-700,Adcom_GCD-700.txt,txt,00 5A,NEC1
CD,Adcom,Adcom GCD575,Adcom_GCD575.txt,txt,00 5A,NEC1
CD,Akai,Akai CD-79 CD player,Akai CD-79 CD player.rmdu,rmdu,00 5A,NEC1
CD,Arcam,Arcam Alpha 7se,Arcam_Alpha_7se.txt,txt,00 E8,RC-5
CD,Arcam,Arcam CD,Arcam-CD.txt,txt,00 E8,RC-5
CD,Cary,Cary Audio Design 306 SACD,Cary-Audio-Design-306-200.txt,txt,00 E8,RC-5
CD,Denon,Denon DCD-480,DENON DCD-480.rmdu,rmdu,00 1C,Denon
CD,Denon,Denon DCD-570,Denon DCD-570.rmdu,rmdu,00 1C,Denon
CD,Denon,Denon DCD-910,Denon DCD-910 CD Player-V002.rmdu,rmdu,00 1c,Denon
CD,Denon,Denon Pro DN-T625 combo (CD side),Denon CD.rmdu,rmdu,00 1C,Denon
CD,Hermstedt,Hermstedt Hifidelio Olive Musica Symphony,Hermstedt Hifidelio.rmdu,rmdu,00 e8,RC-5
CD,JVC,JVC 200 CD CHNG XL-MC334,JVC 200 CD CHNG XL-MC334.txt,txt,00 C9,JVC-48
CD,JVC,JVC CD changer,JVC CD changer.txt,txt,00 34,JVC
CD,JVC,JVC CD changer.rmdu,JVC CD changer.rmdu,rmdu,00 34,JVC
CD,JVC,JVC XL-F254,JVC XL-F254.txt,txt,00 34,JVC
CD,JVC,JVC karaoke,jvc-karaoke810.txt,txt,00 34,JVC
CD,KLH,KLH 6CD CHGR,KLH_6CD_CHGR.txt,txt,00 5A,NEC1
CD,Kenwood,Kenwood Entre MRH-1,Kenwood_Entre_MRH-1.txt,txt,00 5A,NEC1
CD,Lyngdorf,Lyngdorf CD-1,Lyngdorf_CD-1.txt,txt,00 5A,NEC1
CD,Magnavox,Magnavox CDB 582,Magnavox CDB 582.rmdu,rmdu,00 E8,RC-5
CD,Marantz,Marantz CD player,Marantz_CD_player.txt,txt,00 E8,RC-5
CD,Marantz,Marantz CD-67mkIISE & PM-66SE Integrated Amplifier,Marantz CD-67mkIISE & PM-66SE AMP.rmdu,rmdu,00 E8,RC-5
CD,Marantz,Marantz PMD351 CD Mode,Marantz PMD351 CD Mode.txt,txt,00 E8,RC-5
CD,NAD,NAD C521i CD Player,NAD_C521i_CD_Player.txt,txt,00 5A,NEC1
CD,Nakamichi,Nakamichi CDPlayer4,Nakamichi_CDPlayer4.txt,txt,00 5A,NEC1
CD,Onkyo,Onkyo CR-245 CD Receiver with IPod Interface,Onkyo CR-245 CD Receiver with IPod Interface.rmdu,rmdu,01 7E,NEC 1or2 Combo
CD,Onkyo,Onkyo DX-6920,Onkyo DX-6920.rmdu,rmdu,00 5A,NEC1
CD,Onkyo,Onkyo DX-7333,Onkyo DX-7333.rmdu,rmdu,00 5A,NEC1
CD,Onkyo,Onkyo DX-C390,Onkyo DX-C390.rmdu,rmdu,00 5A,NEC1
CD,Onkyo,Onkyo MB-S1,Onkyo MB-S1.txt,txt,00 5A,NEC1
CD,Panasonic,Panasonic SA-AK29/AK18 CD Stereo System,Panasonic_SA-AK610_Combo.txt,txt,00 42,Panasonic Combo2
CD,Panasonic,Panasonic SA-AK610 Combo,Panasonic SA-AK610 Combo.rmdu,rmdu,00 CD,Panasonic Multi-Device (Hacked)
CD,Philips,Philips CD,Philips CD.txt,txt,00 E8,RC-5
CD,Philips,Philips CDR-760,Philips CDR-760.txt,txt,00 E8,RC-5
CD,Philips,Philips CDR-775,Philips_CDR-775.txt,txt,00 E8,RC-5
CD,Philips,Philips Magnavox CD Master,Philips Magnavox CD Master.rmdu,rmdu,00 E8,RC-5
CD,Pioneer,Pioneer PD-F1007 CD-1032,Pioneer_PD-F1007_CD-1032.txt,txt,00 5F,Pioneer 2CMD
CD,Pioneer,Pioneer PD-F905 CD URC-9910,Pioneer_PD-F905_CD_URC-9910.txt,txt,00 5F,Pioneer 2CMD
CD,Pioneer,Pioneer PD-F960 CD 1032,Pioneer_PD-F960_CD_1032.txt,txt,00 5F,Pioneer 2CMD
CD,Pioneer,Pioneer PD-M59 CD,Pioneer PD-M59 CD.rmdu,rmdu,00 e2,Pioneer
CD,Pioneer,Pioneer PD-M601 CD,Pioneer CD PD-M601.rmdu,rmdu,00 6A,Pioneer 3DEV
CD,Pioneer,Pioneer PD-TM2,AUX 8 CD Pioneer_CD & AMP_Mark_Custom-1023.txt,txt,01 D0,Pioneer 4DEV
CD,Pioneer,Pioneer PDF 706 CD 1032,Pioneer PDF 706 CD 1032.txt,txt,00 6A,Pioneer 3DEV
CD,Pioneer,Pioneer XR_P260F,Pioneer_XR_P260F.txt,txt,00 E2,Pioneer
CD,Pioneer,Pioneer XR_P260F,Pioneer_XR_P260F.txt,txt,00 E2,Pioneer
CD,RCA,RCA CD-9500,RCA-CD-9500.txt,txt,00 E2,Pioneer
CD,Revox,Revox B-126,Revox B-126 CD.rmdu,rmdu,00 a0,pid\: 00 A0
CD,Revox,Revox B225 Compact Disc Player,Revox B-225 CD.rmdu,rmdu,00 a0,pid\: 00 A0
CD,Revox,Revox B226 CD Player,Revox B226 CD Player.txt,txt,01 DC,Manual Settings
CD,Rotel,Rotel 820BX CD player,Rotel-CD820.txt,txt,00 E8,RC-5
CD,Rotel,Rotel CD11,Rotel CD11.rmdu,rmdu,00 5A,NEC1
CD,Rotel,Rotel RCD-950 CD Player,Rotel_RCD-950_CD_Player.txt,txt,00 5A,NEC1
CD,Sony,Sony CD Player,Sony_CD_Player.txt,txt,00 27,Sony Combo (12/20)
CD,Sony,Sony CDP-355,Sony_CDP-355_Final.txt,txt,00 CA,Sony12/15
CD,Sony,Sony CDP-455 (without Top Artist Cancel button),Sony_CDP-455_without_cancel.txt,txt,00 CA,Sony12/15
CD,Sony,Sony CDP-455 Jukebox,Sony_CDP-455_Combo_Proto_Final.txt,txt,01 27,Sony Combo (12/15/20)
CD,Sony,Sony CDP-491,Sony_CDP-491.txt,txt,00 CA,Sony12/15
CD,Sony,Sony CDP-55,Sony_CDP-55.txt,txt,00 CA,Sony12/15
CD,Sony,Sony CDP-C325,SONY CDP-C325.rmdu,rmdu,00 CA,Sony 12/15
CD,Sony,Sony CDP-C725,SONY_CDP-C725.txt,txt,00 CA,Sony 12/15
CD,Sony,Sony CDP-CX230,Sony-CDP-CX230.txt,txt,00 CA,Sony 12/15
CD,Sony,Sony CDP-CX335 300 CD changer,Sony CDP-CX335 (CD1).rmdu,rmdu,00 ca,Sony 12/15
CD,Sony,Sony CDP-CX455,Sony CDP-CX455.rmdu,rmdu,00 CA,Sony 12/15
CD,Sony,Sony CDP-M70 cd player,Sony cd player CDP-M70.rmdu,rmdu,00 ca,Sony 12/15
CD,Sony,Sony PS2 CD Player,Sony_PS2_CD_Player.txt,txt,00 DE,Sony20
CD,Sony,Sony XPLOAD CDX-GT410U,Sony XPLOAD CDX-GT410U - car CD player.rmdu,rmdu,00 CA,Sony 12/15
CD,Symphonic,Symphonic CD-5001,Symphonic_CD-5001.txt,txt,01 FF,Manual Settings
CD,Symphonic,Symphonic CD-5001 Upgrade,Symphonic CD-5001.rmdu,rmdu,01 FF,Manual Settings
CD,Teac,TEAC AD-4 CD-TAPE,TEAC_AD-4_CD-TAPE.txt,txt,00 5A,NEC1
CD,Teac,Teac CD VRDST1,Teac_CD_VRDST1.txt,txt,00 5A,NEC1
CD,Technics,Technics SL-MC300 CD Player,Technics_SL-MC300_CD_Player.txt,txt,00 C9,Panasonic
CD,Technics,Technics SL-MC50 60-CD jukebox,Technics SL-MC50 CD Player.rmdu,rmdu,00 C9,Panasonic
CD,Technics,Technics SL-P300,Technics SL-P300.rmdu,rmdu,00 00,Panasonic (old)
CD,Technics,Technics SL-PD687 5Disc CD,Technics SL-PD687 5Disc CD.txt,txt,00 00,Panasonic (old)
CD,Technics,Technics SL-PD788 5-Disc-(CD),Technics_SL-PD788_5-Disc-(CD).txt,txt,00 00,Panasonic (old)
CD,Technics,Technics SL-PD827,Technics-SL-PD827.txt,txt,00 00,Panasonic (old)
CD,Technics,Technics SL-PD887 CD Player,Technics_SL-PD887_CD_Player.txt,txt,00 C9,Panasonic
CD,Technics,Technics SL-PJ45 for OFA 8910 URC,Technics SL-PJ45 CD.rmdu,rmdu,00 00,Panasonic (old)
CD,Technics,Technics SLMC-7,Technics-SLMC-7.txt,txt,00 C9,Panasonic
CD,Ultrx,Ultrx CD,Ultrx_CD.txt,txt,00 5A,NEC1
CD,Ultrx,Ultrx CD player,Ultrx-CD.rmdu,rmdu,00 5a,NEC1
CD,Wurlitzer,Wurlitzer 1015 CD Jukebox,Wurlitzer-CD-Jukebox.txt,txt,00 E8,RC-5
CD,Yamaha,Yamaha 5-disc CD player,Yamaha_5-disc_CD_player.txt,txt,00 5A,NEC1
CD,Yamaha,Yamaha CD-S300,Yamaha CD-S300.rmdu,rmdu,00 5A,NEC1
CD,Yamaha,Yamaha CDX-497,YAMAHA CDX-497.rmdu,rmdu,00 5A,NEC1
CD,Yamaha,Yamaha CDX-590,YAMAHA CDX-590.rmdu,rmdu,00 5A,NEC1
Cable,ADB,ADB (I-SCAN) 3810T,ADB (I-Scan) 3810T .rmdu,rmdu,01 6C,XMP (Slingbox)
Cable,ADB,ADB 2840C,ADB 2840C.rmdu,rmdu,01 2A,MCE
Cable,ADB,ADB ABQ-1H57-SCV,ADB_Cable_Box.txt,txt,01 73,Nokia32
Cable,ADB,ADB ADB5810 IPTV Set Top Box,ADB5810_IPTV_Set_Top_Box.txt,txt,01 61,Manual Settings
Cable,AT&T,AT&T (U-verse),AT&T U-verse.rmdu,rmdu,01 73,PID 01 73
Cable,AT&T,AT&T U-Verse Cisco ISB-7005 & VIP2250,At&T Uverse Cisco isb7005 vip2250.rmdu,rmdu,01 73,Nokia32
Cable,AT&T,AT&T U-verse (Motorola Box),AT&T U-verseV2.rmdu,rmdu,01 73,Nokia32
Cable,AT&T,AT&T U-verse Cisco IPN330HD IPN4320 IPN430MC,At&T Uverse.rmdu,rmdu,01 73,Nokia32
Cable,AT&T,AT&T U-verse IPH8005,AT&T U-verse IPH8005.rmdu,rmdu,01 73,Nokia32
Cable,Abeo,Abeo AB-DVBC1,Abeo AB-DVBC1.rmdu,rmdu,00 5A,NEC1
Cable,Airties,Airties Air7100/7120,AirtiesAir7120.rmdu,rmdu,00 E8,RC-5
Cable,Airties,Airties Air7130,Airties Air7130.rmdu,rmdu,01 EE,TDC
Cable,Albis,Albis Scenegate 8500 (untested),Albis_Scenegate_8500.txt,txt,00 5A,NEC1
Cable,Allied,Allied Telesis AT001-SD Cable Box (SD Version) Remote,Allied Telesis AT001-SD Cable Box Remote.rmdu,rmdu,00 5A,NEC1
Cable,Amino,Amino AmiNET110 STB (Surewest),Amino AmiNET110 STB (Surewest).rmdu,rmdu,01 FF,Manual Settings
Cable,Amino,Amino AmiNET110 STB - updated,Amino_AmiNET110_STB.txt,txt,01 FF,Manual Settings
Cable,Amino,Amino AmiNET110 SuperSun STB,Amino_SuperSun_STB.txt,txt,01 FF,Manual Settings
Cable,Amino,Amino AmiNET110 SuperSun STB (Slingbox),Amino_SuperSun_STB3.txt,txt,01 FF,Manual Settings
Cable,Amino,Amino Tilkin Mood 400-020 STB,Amino-Tilkin Mood 400-020 STB.rmdu,rmdu,01 EE,TDC
Cable,Amstrad,Amstrad STU200 Cable,Amstrad_STU200_Cable.txt,txt,00 5A,NEC1
Cable,Amstrad,Amstrad STU200 Cable.rmdu,Amstrad STU200 Cable.rmdu,rmdu,00 5a,NEC1
Cable,Arista,Arista DVB-HD720,Arista_DVB-HD720.txt,txt,00 5A,NEC1
Cable,Arris,Arris VMS-1100 4100 (Verizon FiOS),Arris VMS-1100 (Verizon FIOS).rmdu,rmdu,00 C4,GI Cable
Cable,Auvisio,Auvisio PX-1444-675-5.rmdu,auvisio PX-1444-675-5.rmdu,rmdu,00 5A,NEC1
Cable,BeoutQ,BeoutQ Sports STB,BeoutQ Sports STB.rmdu,rmdu,00 5A,NEC1
Cable,COSHIP,COSHIP N8606,Coship_N8606_km.txt,txt,01 FF,Manual Settings
Cable,Canal,Canal Digital CDC-1201 CX,CanalDigital CDC-1201 CX.rmdu,rmdu,00 45,RECS80 (45)
Cable,Cisco,Cisco (Comcast) RNG 100 & 150,Cisco RNG 100_150.rmdu,rmdu,01 6C,XMP (Slingbox)
Cable,Cisco,Cisco (Hong Kong Cable),Cisco STB.rmdu,rmdu,00 5A,NEC1
Cable,Cisco,Cisco CIS-430,Cisco CIS-430.rmdu,rmdu,01 73,Nokia32
Cable,Cisco,Cisco DTA 170HD,Cisco DTA HD170.rmdu,rmdu,00 00,Panasonic (old)
Cable,Cisco,Cisco RNG200N Xfinity,Cisco RNG200N Xfinity.rmdu,rmdu,01 6C,XMP
Cable,Cisco,Cisco Z3375DVB,Cisco Z3375DVB.rmdu,rmdu,00 5A,NEC1
Cable,Cisco,Cisco Z368DVB SD STB (Hong Kong I-Cable),Cisco Z368DVB.rmdu,rmdu,00 5A,NEC1
Cable,Cogeco,Cogeco PVR and non pvr cable box RS15-1994,Cogeco - non recorder + Recorder_RS15-1994 smart in 1_add jvc tv volume.rmdu,rmdu,00 C4,GI Cable
Cable,Comag,Comag 900dkr HD CI+,Comag 900dkr HD CI+.rmdu,rmdu,00 5A,NEC1
Cable,Comcast,Comcast Cisco DTA30,Millenium4-Comcast Cisco DTA30.rmdu,rmdu,00 C4,GI Cable
Cable,Comcast,Comcast DCI1011(ThomsonBox),Comcast-DCI1011(ThomsonBox).rmdu,rmdu,01 6C,XMP
Cable,Comcast,Comcast X1 DVR and satellite - with Discretes,NSRC02Uext-Comcast X1.rmdu,rmdu,01 6C,XMP
Cable,Comcast,Comcast XMP (X1 and legacy),Comcast XMP-X1.rmdu,rmdu,01 6C,XMP
Cable,Comcast,Comcast Xfinity X1,Comcast X1.rmdu,rmdu,01 6C,XMP
Cable,Comcast,Comcast Xfinity X1 - Arris MX011ANC (XG1-a),Comcast X1.rmdu,rmdu,01 6C,XMP
Cable,Cox,Cox Mini Box DTA250HD-COX-K9,COX URC-2220.rmdu,rmdu,00 5A,NEC1
Cable,DCI,DCI 4130,DCI 4130.rmdu,rmdu,00 E8,RC-5
Cable,Dreambox,Dreambox DM7020HD,DreamBoxDM7020_plus_help_buttons_vbs_with_rec.rmdu,rmdu,01 6C,XMP
Cable,Echostar,Echostar HDC 601-DER,Echostar HDC 601-DER.rmdu,rmdu,01 EE,TDC
Cable,Emerson,Emerson ECC1450 CATV Tuner,Emerson ECC1450 Tuner.rmdu,rmdu,00 5A,NEC1
Cable,Foxtel,Foxtel Digital Cable (UEC box),Foxtel_Digital_HJD.txt,txt,00 20,RC6-M-20n
Cable,Foxtel,Foxtel Digital.rmdu,Foxtel Digital.rmdu,rmdu,00 20,RC6-M-20n
Cable,Foxtel,Foxtel IQ2,Foxtel_Digital-IQ-IQ2.txt,txt,01 73,Nokia32
Cable,GE,GE General Electric 22730,General Electric 22730.rmdu,rmdu,00 5A,NEC1
Cable,GI,GI CFT2200,GI CFT2200.txt,txt,00 C4,GI Cable
Cable,Homechoice,Homechoice (UK TV over ADSL service),Homechoice.rmdu,rmdu,00 e8,RC-5
Cable,Huawei,Huawei DC211,Huawei DC211.rmdu,rmdu,00 5A,NEC2
Cable,Huawei,Huawei DC211 - Extended,Huawei DC211_ext.rmdu,rmdu,00 5A,NEC2
Cable,I3-Micro,I3-Micro,I3-Micro.txt,txt,01 61,Manual Settings
Cable,IODATA,IODATA T100,IOData.rmdu,rmdu,01 ff,Manual Settings
Cable,Insight,Insight DCI1041CS,Insight-DCI1041CS.rmdu,rmdu,01 6C,XMP
Cable,Intek,Intek HDPV-T12CX,Intek HDPV-T12CX.rmdu,rmdu,00 5A,NEC1
Cable,Jerrold,Jerrold GI TOCOM 5507,Jerrold_GI_TOCOM_5507.txt,txt,00 1D,pid: 00 1D
Cable,Jerrold,Jerrold Impulse Cable Box with Revised Jerrold Protocol,Jerrold_Impulse_Cable_Box_with_Revised_Jerrold_Protocol.txt,txt,01 C2,Manual Settings
Cable,Jerrold,Jerrold Impulse DPBB7312,Jerrold Impulse DPBB7312.rmdu,rmdu,00 06,Jerrold
Cable,Jiangsu,Jiangsu,Jiangsu.rmdu,rmdu,01 EF,Jiangsu
Cable,KryptView,KryptView A-700/750 Cablebox,KryptView A-700C.rmdu,rmdu,00 5A,NEC1
Cable,Macab,Macab DCB-700,Macab DCB-700 .rmdu,rmdu,00 5A,NEC1
Cable,Macab,Macab HD-4CT,Macab HD-4CT.rmdu,rmdu,01 FF,NEC1 (No Repeats)
Cable,Maestro,Maestro SX-750 Cable Box,Maestro_SX-750_Cable_Box.txt,txt,00 5A,NEC1
Cable,Maxplus,Maxplus 2100s,Maxplus_2100s.txt,txt,00 5A,NEC1
Cable,MediaStar,MediaStar (Cabletime),MediaStar_Cabletime.txt,txt,00 45,RECS80 (45)
Cable,Metronic,Metronic ZAPBOX HD-Z2,MetronicÃ‚Â ZAPBOXÃ‚Â HD-Z2 .rmdu,rmdu,01 FF,Manual Settings
Cable,Motorola,Motorola (GI) DCT-2000(2244),Motorola (GI) DCT-2000(2244).txt,txt,,GI Cable
Cable,Motorola,Motorola (GI) DCT-2000(2244)- V2,Motorola (GI) DCT-2000(2244)- V2.txt,txt,00 C4,GI Cable
Cable,Motorola,Motorola - DCT6208-RS15-1994,Motorola - DCT6208-RS15-1994.txt,txt,00 C4,GI Cable
Cable,Motorola,Motorola - DCT6208-URC8810,Motorola - DCT6208-URC8810.txt,txt,00 C4,GI Cable
Cable,Motorola,Motorola 6416-III Dual Tuner DVR (and DCX3400-M),Motorola 6416 Dual Duner DVR.txt,txt,00 C4,GI Cable
Cable,Motorola,Motorola And Pace Cable Box DVR HD,Motorola And Pace Cable Box DVR HD.rmdu,rmdu,00 C4,GI Cable
Cable,Motorola,Motorola BMC-9012 Moxi,Moxi_KM2.txt,txt,01 6C,XMP (JP1)
Cable,Motorola,Motorola DCT and DCH (setup1376) for Comcast 1067Bx3.rmdu,MotorolaDCTandDCH(setup1376)forComcast1067Bx3.rmdu,rmdu,00 C4,GI Cable
Cable,Motorola,Motorola DCT series (should cover all),Motorola_DCT-6412_8910.txt,txt,00 C4,GI Cable
Cable,Motorola,Motorola DCT-2000 or 2224,MotorolaDCT-2000or2224(8910)(km).txt,txt,00 C4,GI Cable
Cable,Motorola,Motorola DCT-2244 cable,Motorola_DCT2244_Cable.txt,txt,00 C4,GI Cable
Cable,Motorola,Motorola DCT-3412,Motorola DCT-3412 CBL.rmdu,rmdu,00 c4,GI Cable
Cable,Motorola,Motorola DCT-3412/6412,Motorola DCT3412.rmdu,rmdu,00 C4,GI Cable
Cable,Motorola,Motorola DCT-6412 w/15-2117,Motorola_DCT-6412.rmdu,rmdu,00 c4,GI Cable
Cable,Motorola,Motorola DCT-6412-III,Motorola_DCT-6412-III.txt,txt,00 C4,GI Cable
Cable,Motorola,Motorola DCT-6416 Dual Tuner DVR (Verizon FIOS),Motorola DCT-6416 Dual Tuner DVR (FIOS).rmdu,rmdu,00 C4,GI Cable
Cable,Motorola,Motorola DCT-DCH with Comcast Tivo or iGuide software,Motorola DCT DCH Reprogrammed wTivo v1.rmdu,rmdu,00 C4,GI Cable
Cable,Motorola,Motorola DCT6200,Motorola_DCT6200.txt,txt,00 C4,GI Cable
Cable,Motorola,Motorola DCT6412 Set Top Box.rmdu,Motorola DCT6412 Set Top Box.rmdu,rmdu,00 c4,GI Cable
Cable,Motorola,Motorola DVI3000/Cable box (PL) - KM,Motorola DVI_3000.txt,txt,01 EE,Manual Settings
Cable,Motorola,Motorola QIP7232 (Verizon FIOS),Motorola QIP7232 (Verizon FIOS).rmdu,rmdu,00 C4,GI Cable
Cable,Motorola,Motorola RG2400 DSL STB,Motorola_RG2400.txt,txt,01 FF,Manual Settings
Cable,Motorola,Motorola Streamaster5000,Motorola_Streamaster5000.txt,txt,01 25,Manual Settings
Cable,Motorola,Motorola Streamaster5000.rmdu,Motorola_Streamaster5000.rmdu,rmdu,01 25,Manual Settings
Cable,Motorola,Motorola VIP 1223E and VIP 1216,Motorola 1223E.rmdu,rmdu,01 EE,TDC
Cable,Motorola,Motorola VIP 2262/2502,Motorola VIP 2262_2502.rmdu,rmdu,01 73,Nokia32
Cable,Motorola,Motorola VIP1200,Motorola_VIP1200.txt,txt,01 73,Nokia32
Cable,Motorola,Motorola VIP1960-9,Motorola VIP1960_9.rmdu,rmdu,01 33,Zaptor
Cable,Nazabox,Nazabox Cable+,Nazabox Cable+.rmdu,rmdu,01 FF,NEC1 (No Repeats)
Cable,NetGem,NetGem 7600,NetGem 7600.rmdu,rmdu,00 5A,NEC1
Cable,Neta,Neta 5510 DCR-C,Neta 5510 DCR-C.rmdu,rmdu,01 FF,NEC1 (No Repeats)
Cable,Novaplex,Novaplex 1618 km515,Novaplex_1618_km515.txt,txt,00 5A,NEC1
Cable,Octal,Octal or Technotrend,Octal_Technotrend.txt,txt,00 E8,RC-5
Cable,Pace,Pace DC50X - Digital Transport Adapter,Pace DC50X.txt,txt,01 6C,XMP (JP1)
Cable,Pace,Pace DC50X - Digital Transport Adapter (using XMP protocol),Pace_DC50x_CBL-1982.txt,txt,01 6C,XMP (JP1)
Cable,Pace,Pace DC550P STB,Pace DC550P STB.rmdu,rmdu,00 00,Panasonic (old)
Cable,Pace,Pace DCR 712,Pace DCR-712.rmdu,rmdu,00 5A,NEC1
Cable,Pace,Pace DSR2000,Pace_DSR2000.txt,txt,00 5A,NEC1
Cable,Pace,Pace Redeye Di4000T,Pace-Redeye_Di4000T.txt,txt,00 58,RC-6
Cable,Pace,Pace STU 120,Pace_STU_120.txt,txt,00 5A,NEC1
Cable,Pace,Pace TDC577X,Pace_TDC577X.txt,txt,00 C4,GI Cable
Cable,Pace,Pace cable IRDA (CBL/1068),Pace_DITV1000.txt,txt,01 5E,Manual Settings
Cable,Philips,Philips DCR 9000-02,Philips DCR 9000-02.rmdu,rmdu,00 58,RC-6
Cable,Philips,Philips DCR3111-19,Philips DCR3111-19.rmdu,rmdu,00 58,RC-6
Cable,Philips,Philips DCR7101-03 HDMI UPC NL.rmdu,Philips DCR7101-03 HDMI UPC NL.rmdu,rmdu,01 73,Nokia32
Cable,Philips,Philips DCX-6171 (BeTV),Philips DCX-6171.rmdu,rmdu,00 e8,RC-5
Cable,Pioneer,Pioneer BDV1000,Pioneer-Cable-BDV1000.txt,txt,00 00,Panasonic (old)
Cable,Pioneer,Pioneer Cable box (Time Warner),Pioneer Cable box.rmdu,rmdu,00 00,Panasonic (old)
Cable,Pioneer,Pioneer Voyager BD-V3500 Digital Cable Box (Time-Warner),Pioneer_Voyager_BD-V3500_Digital_Cable_Box_(Time-Warner).txt,txt,00 00,Panasonic (old)
Cable,Prima,Prima PM 698,Prima PM-698.rmdu,rmdu,00 5A,NEC1
Cable,RCA,RCA RCZ111SJ1G - Cable NET Digital (Brazil),RCA RCZ111SJ1G - Cable NET Digital.txt,txt,00 5A,NEC1
Cable,SCV,SCV Hubstation RM file,SCV Hubstation.rmdu,rmdu,01 73,Nokia32
Cable,SCV,SCV cablebox,SCV_CableBox_PL.rmdu,rmdu,01 73,Nokia32
Cable,Sagem,Sagem / Nokia Cable DBOX2,Sagem DBOX2.rmdu,rmdu,00 ed,Nokia Quad
Cable,Sagem,Sagem 1817,Sagem 1817.txt,txt,00 5A,NEC1
Cable,Sagem,Sagem ITSD81 HD,Sagem ITSD81.rmdu,rmdu,00 5A,NEC1
Cable,Sagem,Sagem NOOS Vm1 to Vm 5,Sagem_NOOS_vm1_vm5.txt,txt,00 5A,NEC1
Cable,Sagem,Sagem UHD86,Sagem UHD86.rmdu,rmdu,00 5A,NEC1
Cable,SagemCom,SagemCom RCI88-320 KDG,SagemCom RCI88-320 KDG .rmdu,rmdu,01 73,Nokia32
Cable,Samsung,Samsung DCB-9401 Digital Cable box,Samsung DCB-9401.txt,txt,00 5A,NEC1
Cable,Samsung,Samsung DCB-P850R,Samsung_DCB-P850RV5.txt,txt,01 5C,Manual Settings
Cable,Samsung,Samsung DCB-P850R,Samsung_DCB-P850RV5.txt,txt,01 5C,Manual Settings
Cable,Samsung,Samsung HD-S200C (aka TrueVisions HD Plus),Samsung HD-S200C.rmdu,rmdu,01 6C,XMP
Cable,Samsung,Samsung SMT-2100C NTL (UK) for URC-7562,Samsung_SMT-2100C_NTL_1853.txt,txt,00 E8,RC-5
Cable,Samsung,Samsung SMT-2110C For URC-7562,Samsung SMT-2110C.rmdu,rmdu,00 E8,RC-5
Cable,Samsung,Samsung SMT-21110C,Samsung SMT-21110C.rmdu,rmdu,00 E8,RC-5
Cable,Samsung,Samsung SMT-G7400 (UPC Horizon),UPC-Horizon.rmdu,rmdu,01 FF,Manual Settings
Cable,Samsung,Samsung SMT-H3110 (Virgin V+ box),Samsung SMT-H3110.rmdu,rmdu,00 E8,RC-5
Cable,Scientific Atlanta,Scientific Atlanta - 8300 HDC / Atlas OCAP 1056 (Code 1877),Scientific Atlanta 8300HDC.rmdu,rmdu,00 00,Panasonic (old)
Cable,Scientific Atlanta,Scientific Atlanta - Explorer 8300 HD (RM),Scientific Atlanta - Explorer 8300 HD for URC-9911.rmdu,rmdu,00 00,Panasonic (old)
Cable,Scientific Atlanta,Scientific Atlanta - Explorer 8300 HD.txt,Scientific Atlanta - Explorer 8300 HD.txt,txt,00 00,Panasonic (old)
Cable,Scientific Atlanta,Scientific Atlanta 2000HD,Scientific-Atlanta 2000HD.rmdu,rmdu,00 00,Panasonic (old)
Cable,Scientific Atlanta,Scientific Atlanta 8240-HDC,Scientific_Atlanta_Explorer_8240HDC.txt,txt,00 00,Panasonic (old)
Cable,Scientific Atlanta,Scientific Atlanta Explorer 2000HD,Scientific_Atlanta_Explorer_2000HD.txt,txt,00 00,Panasonic (old)
Cable,Scientific Atlanta,Scientific Atlanta Explorer 2100,Scientific_Atlanta_Explorer_2100.rmdu,rmdu,00 00,Panasonic (old)
Cable,Scientific Atlanta,Scientific Atlanta Explorer 4200,Scientific Atlanta Explorer 4200.rmdu,rmdu,00 00,Panasonic (old)
Cable,Scientific Atlanta,Scientific Atlanta Explorer 8000,Scientific_Atlanta_Explorer_8000.txt,txt,00 00,Panasonic (old)
Cable,Scientific Atlanta,Scientific Atlanta Explorer Master,Scientific_Atlanta_Explorer_Master.txt,txt,00 00,Panasonic (old)
Cable,Scientific Atlanta,Scientific Atlanta IPN 420MC,SA IPN-430MC.rmdu,rmdu,01 73,Nokia32
Cable,Scientific Atlanta,Scientific Atlanta IPN330HD,Scientific Atlanta IPN330HD.rmdu,rmdu,01 73,Nokia32
Cable,Shaw,Shaw Bluesky,Shaw Bluesky.rmdu,rmdu,01 6C,XMP
Cable,Shaw,Shaw Gateway,Shaw Gateway.rmdu,rmdu,01 2A,RC6-6-32
Cable,ShengZheng,ShengZheng TianWei DVTe 203A Cable box (China),ShengZheng TianWei DVTe 203A 2.rmdu,rmdu,01 FF,PID 01 FF
Cable,Siligence,Siligence SGS7233MB,Siligence SGS7233MB.rmdu,rmdu,00 5A,NEC1
Cable,Siligence,Siligence TCG300,Siligence-TCG300.rmdu,rmdu,00 5A,NEC1
Cable,Sky,Sky S HD 3 (OEM version of Humax PR-HD 3000C) for URC-7950,Sky_S_HD_3_cable__Humax_PR-HD3000C__URC_7950.rmdu,rmdu,01 2A,MCE
Cable,Skyworth,Skyworth HC-7202,Skyworth HC-7202.rmdu,rmdu,01 2A,MCE
Cable,Slingbox,Slingbox 500,slingbox 500.rmdu,rmdu,00 5A,NEC1
Cable,Sony,Sony DHG-M55CV,Sony DHG-M55CV.txt,txt,00 DE,Sony20
Cable,Sony,Sony DHG-M55CV 1.1,Sony DHG-M55CV 1.1.txt,txt,00 DE,Sony20
Cable,Spectrum,Spectrum 210/110 Cable Box,Spectrum 210 and 110 Cable Boxes.rmdu,rmdu,00 C4,GI Cable
Cable,Starhub,Starhub,Starhub.rmdu,rmdu,01 73,Nokia32
Cable,Swisscom,Swisscom TV-Box KMM3010-SC-B,SwissCom IP box Nokia32 Variation.rmdu,rmdu,01 FF,Manual Settings
Cable,TV-Mate,TV-Mate III,TV_Mate_III.txt,txt,00 5A,NEC1
Cable,TechniSat,TechniSat DIGIT K3Xe,TechniSat DIGIT K3Xe.rmdu,rmdu,00 E8,RC-5
Cable,TechnoTrend,TechnoTrend TT-micro C271,TechnoTrend TT-micro C271.txt,txt,00 E8,RC-5
Cable,Telenet,Telenet Q77-TLN,Telenet Q77-TLN.rmdu,rmdu,01 EE,TDC
Cable,Telenet,Telenet RC-RW100 Digicorder,Telenet RC-RW100 Digicorder.rmdu,rmdu,01 BB,Manual Settings\: 01 BB
Cable,Thomson,Thomson DCI 52 UPC02 (UPC mediabox),Thomson DCI 52 UPC02 (UPC mediabox).rmdu,rmdu,01 73,Nokia32
Cable,Thomson,Thomson DCI46GC,THOMSON_DCI46GC.txt,txt,00 4B,Thomson
Cable,Thomson,Thomson DCI46GC.rmdu,THOMSON DCI46GC.rmdu,rmdu,00 4b,Thomson
Cable,Thomson,Thomson DCI7211,Thomson DCI7211.rmdu,rmdu,00 5A,NEC1
Cable,Thomson,Thomson DTA DCI1101 (Comcast),Thomson DTA DTI 1101 Comcast - Enhanced.rmdu,rmdu,01 6C,XMP
Cable,Top,Top TV STB-3000D (Taiwan),top tv.rmdu,rmdu,00 5A,NEC1 (no repeats)
Cable,Topfield,Topfield CBP-2001,Topfield CBP-2001.rmdu,rmdu,00 5A,NEC1
Cable,Transvideo,Transvideo DMD-200 Cable Box,TransVideo DMD-200.rmdu,rmdu,00 5A,NEC1
Cable,Triax,Triax C-HD 512 CG,Triax C-HD-512 CG.rmdu,rmdu,00 5A,NEC1
Cable,TrueVision,TrueVision HD-K10C Remote,Truevision_HD-K10C.rmdu,rmdu,00 5A,NEC1
Cable,Vdigi,V Digi (Model VD-i) STB,V Digi (Model VD-i) STB.rmdu,rmdu,00 5A,NEC1
Cable,Vdigi,Vdigi VD-i,V Digi (Model VD-i) STB_final.rmdu,rmdu,00 5A,NEC1
Cable,Virgin,Virgin Media V6 DCX960,Virgin Media V6 DCX960.rmdu,rmdu,00 E8,RC-5
Cable,Vision,Vision DV9800 - Cable NET Digital (Brazil),Vision DV9800_Cable_NET_Brazil.txt,txt,01 5A,Manual Settings
Cable,Vodafone,Vodafone PVR (New Zeeland),Vodafone PVR (New Zeeland).rmdu,rmdu,00 5E,Aiwa
Cable,Wow,WOW uDTA-E Digital Adapter Model DMS-2002U,WOW_uDTA-E_Digital_Adapter.txt,txt,00 5A,NEC1
Cable,Wow,Wow Explorer 4250HDC,Wow Explorer 4250HDC.rmdu,rmdu,00 00,Panasonic (old)
Cable,Xfinity,Xfinity Xi6,Xfinity-XR15.rmdu,rmdu,00 5A,NECx2
Cable,YES,YES ADB3100 (Israel),YES ADB3100 (Israel).rmdu,rmdu,00 5A,NEC1
Cable,YES,YES ADB3100 (Israel),YES_ADB3100_(Israel).txt,txt,00 5A,NEC1
Cable,ZTE,ZTE (Cincinnati Bell) ZXV10,Fioptics.rmdu,rmdu,01 73,Nokia32
Cable,ZTE,ZTE ZXV100 B700,ZTE_ZXV100_B700.txt,txt,00 5A,NEC1
Cable,Zyxel,Zyxel STB 1001H,Zyxel STB 1001H.rmdu,rmdu,00 5A,NEC1
Cable,iNet,iNet 200,iNet200.txt,txt,00 5A,NEC1
Cable (Universal),Apache,Apache Cable,Apache_Cable.txt,txt,00 5A,NEC1
Cable (Universal),Clearmax,Clearmax 3000 v1,Clearmax_3000_v1.txt,txt,00 5A,NEC1
Cable (Universal),Clearmax,Clearmax 3000 v2,Clearmax_3000_v2.txt,txt,00 5A,NEC1
Cable (Universal),Coolbox,Coolbox Avenger Plus KM (CBL-0106),Coolbox Avenger Plus KM %28CBL-0106%29.txt,txt,00 5A,NEC1
Cable (Universal),Coolbx,Coolbx universal cable descrambler,Coolbx_universal_cable_descrambler.txt,txt,00 5A,NEC1
Cable (Universal),Ranger,Ranger 5000 Cable Box,Ranger_5000_Cable_Box.txt,txt,00 5A,NEC1
Cable (Universal),TeleCaption,TeleCaption 4000 CBL1221 URC8910,TeleCaption4000_CBL1221_URC8910.txt,txt,00 21,Viewstar
Cable (Universal),TriStar,TriStar Master Piece VM4000,TriStarMasterPieceVM4000.txt,txt,00 5A,NEC1
Cable (Universal),Viewmaster,Viewmaster VM3800,Viewmaster-3800.txt,txt,00 5A,NEC1
Cable (Universal),Viewmaster,Viewmaster VM4000 & VM4500,Viewmaster-4000.txt,txt,00 5A,NEC1
Cable (Universal),Viewmax,Viewmax Descrambler,Viewmax_Descrambler.txt,txt,00 5A,NEC2
Car Stereos,Blaupunkt,Blaupunkt BOSTON 100 DETROIT 100 car stereo,blaupunkt.rmdu,rmdu,00 5A,NEC1
Car Stereos,Boss,Boss Audio Systems 824UAB,Boss_Audio_Systems_824UAB.txt,txt,00 5A,NEC1
Car Stereos,Directed,Directed HD Car Connect Radio (DMHD1000I),Directed HD Car Connect Radio (DMHD1000I).rmdu,rmdu,00 5A,NEC1
Car Stereos,Dual,Dual XHD-6425 car stereo,Dual XHD-6425 car stereo.rmdu,rmdu,00 5A,NEC1
Car Stereos,Kenwood,Kenwood Car Stereo Remote Model RC-406,Kenwood Car Stereo Remote Model RC-406.rmdu,rmdu,00 5A,NEC1
Car Stereos,Kenwood,Kenwood HU - Car CD/MP3 Universal,KenwoodHU.txt,txt,00 5A,NEC1
Car Stereos,Panasonic,Panasonic CA-RC60EX car stereo,Panasonic CA-RC60EX Car Stereo.rmdu,rmdu,00 5A,NEC2
Car Stereos,Pioneer,Pioneer Car Stereo DEH-PxxxxMP,Pioneer-CarAudioRemotes.txt,txt,00 7E,Pioneer MIX
Car Stereos,Pioneer,Pioneer Car Stereo DEH-PxxxxMP (RM),Pioneer Car Stereo.rmdu,rmdu,00 7E,Pioneer MIX
Car Stereos,Sony,Sony Car Stereo (Remote RM-X172),Sony_Car_Stereo_Remote_RM-X172.txt,txt,01 FF,Manual Settings
Combo Audio Systems,Aiwa,Aiwa Audio 1121,Aiwa_Audio_1121.txt,txt,00 5E,Aiwa
Combo Audio Systems,Aiwa,Aiwa Boombox,Aiwa-Boombox.rmdu,rmdu,00 5e,Aiwa
Combo Audio Systems,Aiwa,Aiwa CX-NAJ20U (OEM remote RC-ZAS02),Aiwa RC-ZAS02.rmdu,rmdu,00 5E,Aiwa
Combo Audio Systems,Aiwa,Aiwa CX-xxxx AM/FM/CD/Cassette,Aiwa-CX.rmdu,rmdu,00 5e,Aiwa
Combo Audio Systems,Aiwa,Aiwa NSX-HMA56,Aiwa-NSX-HMA56.txt,txt,00 5E,Aiwa
Combo Audio Systems,Aiwa,Aiwa XR-M10 compact Audio,AiwaXR-M10-compactAudio(km).txt,txt,00 5E,Aiwa
Combo Audio Systems,Aiwa,Aiwa boombox CSD-FD92,Aiwa_boombox_CSD-FD92.txt,txt,00 5E,Aiwa
Combo Audio Systems,Bose,Bose 321 Remote,Bose_321_Remote.txt,txt,00 5A,NEC2
Combo Audio Systems,Bose,Bose AV18 Media Center,Bose AV18 Media Center.rmdu,rmdu,00 5A,NEC2
Combo Audio Systems,Bose,Bose LS28 Home Theater System,Bose_LS28_8811.txt,txt,00 5A,NEC2
Combo Audio Systems,Bose,Bose LS38 and LS48--full command set,Bose Lifestyle 38-48.rmdu,rmdu,00 5A,NEC2
Combo Audio Systems,Bose,Bose Lifestyle 20/30,Bose_Lifestyle_20.txt,txt,00 5A,NEC1
Combo Audio Systems,Bose,Bose Lifestyle V20 or V30,Bose_Lifestyle_v20.txt,txt,00 5A,NECx2
Combo Audio Systems,Bose,Bose Wave Music System III with CD,Bose Wave Music System III WIth CD.rmdu,rmdu,01 0C,Bose
Combo Audio Systems,Cambridge_Soundworks,Cambridge_Soundworks AVS550,Cambridge_Soundworks_AVS550.txt,txt,00 5A,NEC1
Combo Audio Systems,Cambridge_Soundworks,Cambridge_Soundworks DTT3500 5.1 surround sound system,Creative_DTT.txt,txt,00 5A,NEC1
Combo Audio Systems,Crosley_Radio,Crosley_Radio CR712-BK turntable/radio/CD,CrosleyRadio_cr712.rmdu,rmdu,00 5E,Aiwa
Combo Audio Systems,Crown,Crown Edition OD-HFS14 (Office Depot),Crown Edition OD-HFS14.txt,txt,00 5E,Aiwa
Combo Audio Systems,Denon,Denon D-C35,Denon D-C35 mini system.rmdu,rmdu,00 5A,NEC1
Combo Audio Systems,Denon,Denon Personal Audio System D-C35,Denon D-C35 Personal Audio System.rmdu,rmdu,00 5A,NEC1
Combo Audio Systems,Denon,Denon S-101 HTIB,Denon_S-101_HTIB.txt,txt,00 9C,Denon Combo (Official)
Combo Audio Systems,Durabrand,Durabrand HT-3915,Durabrand_HT-3915.txt,txt,00 5A,NEC2
Combo Audio Systems,Durabrand,Durabrand HT-3916,Durabrand Home Theater System (HT-3916).rmdu,rmdu,00 5a,NEC2
Combo Audio Systems,Durabrand,Durabrand HT-395,Durabrand HT-395.rmdu,rmdu,00 5A,NEC1
Combo Audio Systems,Durabrand,Durabrand HT-395,Durabrand_HT-395.txt,txt,00 5A,NEC1
Combo Audio Systems,Durabrand,Durabrand STS92D,durabrand_sts92d.txt,txt,00 5A,NEC1
Combo Audio Systems,Emerson,Emerson CD Shelf System MS7635N (RC-7635 remote),Emerson RC-7635 remote.rmdu,rmdu,00 1A,F12
Combo Audio Systems,Fisher,Fisher,Fisher.txt,txt,00 5A,NEC1
Combo Audio Systems,GPX,GPX S7095 Home Stereo and CD System,GPX 7095 Home Stereo and cd system.rmdu,rmdu,01 1a,NEC 2DEV Combo
Combo Audio Systems,Insignia,Insignia IS-HC040917 RCVR/1893,Insignia_IS-HC040917.txt,txt,00 5A,NEC1
Combo Audio Systems,Insignia,Insignia IS-HTIB102732,Insignia_IS-HTIB102732.txt,txt,00 45,RECS80 (45)
Combo Audio Systems,Integra,Integra DSR-7.3,Integra DSR-7.3.rmdu,rmdu,00 B6,NEC1 Combo
Combo Audio Systems,JVC,JVC MX-GB5 Bookshelf System,JVC_MX-GB5_Bookshelf System.txt,txt,00 BB,Teac-K
Combo Audio Systems,JVC,JVC TH-A5 DVD/Theater,JVC_TH-A5R_HJD.txt,txt,00 5A,NECx2
Combo Audio Systems,JVC,JVC mini-stereo,JVC-mini-stereo.txt,txt,00 34,JVC
Combo Audio Systems,Klipsch,Klipsch KMC3 Bluetooth speaker,Klipsch KMC3 (8910).rmdu,rmdu,00 5A,NEC1
Combo Audio Systems,Koss,Koss KS3101,Koss-KS3101.txt,txt,00 45,RECS80 (45)
Combo Audio Systems,LG,LG HT353SD,LG Home Theater DVD CD HT353SD.rmdu,rmdu,00 5A,NECx1
Combo Audio Systems,LG,LG LHB306 Home Theater,LG_LHB306_Home_Theater.txt,txt,00 5A,NECx1
Combo Audio Systems,LG,LG LHB953 and LHB977 Blu-Ray Home Theater System,LG LHB977 and LHB953 Blu-Ray Home Theater Systems.rmdu,rmdu,01 1A,NEC 2DEV Combo
Combo Audio Systems,Magnat,Magnat M.One,Magnat_M_One.txt,txt,00 5A,NEC1
Combo Audio Systems,Magnat,Magnat M.One 2,Magnat_M_One_2.txt,txt,00 5A,NEC1
Combo Audio Systems,Motorola,Motorola DCP501,Motorola_DCP501.txt,txt,01 C6,Manual Settings
Combo Audio Systems,NexxTech,NexxTech ESDVD100 HTIB,NexxTech ESDVD100.rmdu,rmdu,00 5a,NEC1
Combo Audio Systems,NexxTech,NexxTech HTS ESDVD100,NexxTech_HTS_ESDVD100.txt,txt,00 5A,NEC1
Combo Audio Systems,Norcent,Norcent DP 1800 HT (M4),Norcent DP1800 HT M4.rmdu,rmdu,00 5A,NEC1
Combo Audio Systems,Nova,Nova HT-DV309 & 409 Home Theatre Systems,Nova_DVD_309_409.txt,txt,00 5A,NEC1
Combo Audio Systems,Office,Office Depot CD-FM-AM Player.txt,Office Depot CD-FM-AM Player.txt,txt,00 5E,Aiwa
Combo Audio Systems,Onn,Onn ONA13AV503 Mini-Stereo [A.C.E. Tech],Onn ONA13AV503 Mini-Stereo.rmdu,rmdu,00 5A,NEC1
Combo Audio Systems,Oritron,Oritron DAV3101 Home Theater System (DVD-0652),Oritron_DAV3101_Home_Theater_System_(DVD-0652).txt,txt,00 45,RECS80 (45)
Combo Audio Systems,Panasonic,Panasonic CD System Stereo SC-CH7,Panasonic CD System Stereo SC-CH7.rmdu,rmdu,00 CD,Panasonic Combo
Combo Audio Systems,Panasonic,Panasonic DS40 portable stereo,Panasonic_DS40_portable_stereo.txt,txt,00 00,Panasonic (old)
Combo Audio Systems,Panasonic,Panasonic Ghetto RXDT650,PanasonicGhettoRXDT650.txt,txt,00 C9,Panasonic
Combo Audio Systems,Panasonic,Panasonic HT Combo,Panasonic-HT-Combo.txt,txt,00 42,Panasonic Combo2
Combo Audio Systems,Panasonic,Panasonic HT MIX Combo,Panasonic-HT-MIX Combo.txt,txt,01 1F,Panasonic MIX Combo
Combo Audio Systems,Panasonic,Panasonic HT700,Panasonic HT700.txt,txt,00 42,Panasonic Combo2
Combo Audio Systems,Panasonic,Panasonic HT900,Panasonic HT900.txt,txt,00 42,Panasonic Combo2
Combo Audio Systems,Panasonic,Panasonic SA-CH60,Panasonic_Compact_System_SA-CH60.txt,txt,00 CD,Panasonic Combo
Combo Audio Systems,Panasonic,Panasonic SA-EN17,Panasonic-SA-EN17.rmdu,rmdu,00 CD,Panasonic Combo
Combo Audio Systems,Panasonic,Panasonic SA-HT15,Panasonic_SA-HT15.txt,txt,00 CD,Panasonic Combo
Combo Audio Systems,Panasonic,Panasonic SA-HT390,Panasonic SA-HT390.rmdu,rmdu,00 CD,Panasonic Combo
Combo Audio Systems,Panasonic,Panasonic SA-HT70 HT system,Panasonic-EUR7502X10.rmdu,rmdu,00 cd,Panasonic Combo2
Combo Audio Systems,Panasonic,Panasonic SA-PM16 SC-PM16/PM18 micro system,Panasonic_SC-PM16_micro_system.txt,txt,00 CD,Panasonic Combo
Combo Audio Systems,Panasonic,Panasonic SC-DT300/100,Pansonic sc-DT300.rmdu,rmdu,00 CD,Panasonic Combo
Combo Audio Systems,Panasonic,Panasonic SC-DT300_100.rmdu,Panasonic SC-DT300_100.rmdu,rmdu,00 c9,Panasonic
Combo Audio Systems,Panasonic,Panasonic SC-HT05 with discretes,Panasonic HT-05fix.rmdu,rmdu,00 cd,Panasonic Combo
Combo Audio Systems,Panasonic,Panasonic SC-HT500rm DVD.rmdu,Panasonic SC-HT500rm DVD.rmdu,rmdu,00 cd,Panasonic Combo2
Combo Audio Systems,Panasonic,Panasonic SC-HT810V -- DVD Component,Panasonic_SC-HT790-800-810V_--_DVD_Component.txt,txt,00 1F,Panasonic MIX Combo
Combo Audio Systems,Panasonic,Panasonic SC-HT810V -- Tuner & Audio Component,Panasonic_SC-HT790-800-810V_--_Tuner-Audio_component.txt,txt,00 1F,Panasonic MIX Combo
Combo Audio Systems,Panasonic,Panasonic SC-HT810V -- VCR Component,Panasonic_SC-HT790-800-810V_--_VCR_Component.txt,txt,00 1F,Panasonic MIX Combo
Combo Audio Systems,Philips,Philips 3-CD stereo system Tuner Controls,Philips Tuner.txt,txt,00 E8,RC-5
Combo Audio Systems,Philips,Philips Bookshelf System,Philips Bookshelf System.txt,txt,00 73,RC-5/5x Combo
Combo Audio Systems,Philips,Philips HTS3455 Home Theater,Philips HTS3544 Home Theater.rmdu,rmdu,01 84,RC5/6 combo
Combo Audio Systems,Philips,Philips LX3900-SA Home Theatre,Philips DVD LX 3900SA.rmdu,rmdu,01 84,RC5/6 combo
Combo Audio Systems,Pioneer,Pioneer Combo Tuner DVD,Pioneer Combo Tuner_DVD.txt,txt,00 6A,Pioneer 3DEV
Combo Audio Systems,Pioneer,Pioneer HTS-GS1 (Xbox 360 Sound System),Pioneer HTS-GS1 URC-6131 v0.9b.rmdu,rmdu,00 7E,Pioneer MIX
Combo Audio Systems,Pioneer,Pioneer X-MT2000 and XR-MT3,Pioneer X-MT2000 and XR-MT3.rmdu,rmdu,01 11,Acer Keyboard
Combo Audio Systems,Pioneer,Pioneer XV D313 (URC-6131),Pioneer XV D313 URC-6131.rmdu,rmdu,00 7E,Pioneer MIX
Combo Audio Systems,Pioneer,Pioneer XV D313 Home Theatre,Pioneer XV D313 DVD 1525.rmdu,rmdu,00 7E,Pioneer MIX
Combo Audio Systems,Pioneer,Pioneer XV-HTD510,Pioneer XV-HTD510.txt,txt,00 7E,Pioneer MIX
Combo Audio Systems,Pioneer,Pioneer XV-S100DV - URC 9910,Pioneer XV-S100DV - URC 9910 .txt,txt,00 7E,Pioneer MIX
Combo Audio Systems,RCA,RCA HTS 3000,RCA_HTS_3000.rmdu,rmdu,01 40,NEC Combo
Combo Audio Systems,RCA,RCA RP7984A bookshelf/portable stereo,RCA bookshelf stereo RP7984A.rmdu,rmdu,00 45,RECS80 (45)
Combo Audio Systems,RCA,RCA RS2044,RCA RS2044.rmdu,rmdu,01 14,RCA Combo (Official)
Combo Audio Systems,RCA,RCA RS2600 bookshelf combo,RCA_RS2600.txt,txt,01 14,RCA Combo (Official)
Combo Audio Systems,RCA,RCA RT2500,RCA-RT2500.rmdu,rmdu,01 14,RCA Combo (Official)
Combo Audio Systems,Radio_Shack,Radio Shack boombox 14-523,Radio_Shack_boombox.txt,txt,00 5A,NECx1
Combo Audio Systems,Regent,Regent HT391 Surround Sound,Regent-HT391-Surround-Sound.txt,txt,00 5A,NEC2
Combo Audio Systems,Rio,Rio HT2030 HT System (Sonic Blue),RIO_HT2030_Home_Theater.txt,txt,00 5A,NEC1
Combo Audio Systems,Samsung,Samsung HT C5550 Home cinema,Samsung HT-C5550.rmdu,rmdu,00 5A,NECx2
Combo Audio Systems,Samsung,Samsung HT DL200,Samsung HT DL200P DVD (DVD) 1295.rmdu,rmdu,00 5A,NECx2
Combo Audio Systems,Samsung,Samsung HT DL200P 1295,Samsung_HT_DL200P_1295.txt,txt,00 5A,NECx2
Combo Audio Systems,Samsung,Samsung HT DS690,Samsung HT DS690 DVD (DVD) 1295.rmdu,rmdu,00 5A,NECx2
Combo Audio Systems,Samsung,Samsung HT Q80 HT,Samsung HT Q80 HT.rmdu,rmdu,00 5A,NECx2
Combo Audio Systems,Samsung,Samsung HT-C series,Samsung HT-C series.rmdu,rmdu,00 5A,NECx2
Combo Audio Systems,Samsung,Samsung HT-DB600 - SK5 - DS610,Samsung_HT-DB600_-_SK5_-_DS610.txt,txt,00 5A,NECx2
Combo Audio Systems,Samsung,Samsung HT-DB600 0600,Samsung_HT-DB600_0600.txt,txt,00 5A,NECx2
Combo Audio Systems,Samsung,Samsung HT-DM550,Samsung-HT-DM550.txt,txt,00 5A,NECx2
Combo Audio Systems,Samsung,Samsung HT-P38,Samsung HT-P38.rmdu,rmdu,00 5a,NECx2
Combo Audio Systems,Samsung,Samsung HT-X40,Samsung HT-X40.rmdu,rmdu,00 5A,NECx2
Combo Audio Systems,Samsung,Samsung SCM6550 mini system,Samsung_SCM6550.txt,txt,00 5E,Aiwa
Combo Audio Systems,Sanyo,Sanyo AWM-2100U,Sanyo_AWM-2100U.txt,txt,00 5A,NECx1
Combo Audio Systems,Sanyo,Sanyo DC-X 601 combo Audio System,Sanyo DC-X 601 combo Audio System - Vintage_ RS15-1994.rmdu,rmdu,00 5A,NEC1
Combo Audio Systems,Seagate,Seagate FreeAgent Theater+,Seagate_Freeagent_Theater+.txt,txt,00 5A,NEC1
Combo Audio Systems,Sharp,Sharp CD-DK890N/891N,Sharp CD-DK89xN.rmdu,rmdu,00 1C,Sharp
Combo Audio Systems,Sharper Image,Sharper Image GT900 CD/Tuner system,Sharper_Image_GT900.txt,txt,00 5A,NEC1
Combo Audio Systems,Sony,Sony AV System RM-ANP085 remote for HTCT260 Soundbar,Sony AV System RM-ANP085 remote for HTCT260 Soundbar.rmdu,rmdu,00 27,Sony Combo (12/15/20)
Combo Audio Systems,Sony,Sony BDV EF1100,SONY_BDV-EF1100_HomeTheatre.rmdu,rmdu,00 27,Sony Combo (12/15/20)
Combo Audio Systems,Sony,Sony BDV-E370,Sony_BDV-E370.rmdu,rmdu,00 27,Sony Combo (12/15/20)
Combo Audio Systems,Sony,Sony Blu-ray Home Theater Systems,Sony_Blu-ray_Home_Theater_Systems.txt,txt,00 27,Sony Combo (12/15/20)
Combo Audio Systems,Sony,Sony BluRay Home Theater BDV-E370,Sony_BDV-E370.rmdu,rmdu,00 27,Sony Combo (12/15/20)
Combo Audio Systems,Sony,Sony Boombox Master,Sony Boombox Master.rmdu,rmdu,00 27,Sony Combo (12/15/20)
Combo Audio Systems,Sony,Sony CFD-F17CP (BoomBox),CFD-F17CP.rmdu,rmdu,00 CA,Sony 12/15
Combo Audio Systems,Sony,Sony CFD-S20CP boombox,Sony-CFD-S20CP-boombox.txt,txt,00 CA,Sony 12/15
Combo Audio Systems,Sony,Sony CMT-RB5 Micro system,Sony_Micro_system_CMT-RB5.txt,txt,00 27,Sony Combo (12/20)
Combo Audio Systems,Sony,Sony DAV C770,Sony_DAV_C770.txt,txt,01 44,Device Combiner
Combo Audio Systems,Sony,Sony DAV-HDX500,Sony_DAV-HDX500.txt,txt,01 27,Sony Combo (12/15/20)
Combo Audio Systems,Sony,Sony DAV/HCD FC7,Sony_HCDfc7.rmdu,rmdu,00 27,Sony Combo (12/15/20)
Combo Audio Systems,Sony,Sony DAVS300 8811,Sony_DAVS300_8811.txt,txt,00 27,Sony Combo
Combo Audio Systems,Sony,Sony DAVS500 DVD HTS,Sony DAVS500 DVD HTS.txt,txt,01 44,Device Combiner
Combo Audio Systems,Sony,Sony Dream System,Sony_Dream_System2.txt,txt,01 27,Sony Combo (12/15/20)
Combo Audio Systems,Sony,Sony HCD-CPX1 Compact Audio,Sony-HCD-CPX1-Comp-Audio.txt,txt,01 27,Sony Combo (12/15/20)
Combo Audio Systems,Sony,Sony HCD-CPX1 compact audio,SonyHCD-CPX1CompAudio10c.txt,txt,00 27,Sony Combo (12/15/20)
Combo Audio Systems,Sony,Sony HT DDW700,Sony HT DDW700.rmdu,rmdu,00 CA,Sony 12/15
Combo Audio Systems,Sony,Sony HT-CT60 / SA-CT60 / RM-ANU159,Sony_SA-CT60.rmdu,rmdu,00 27,Sony Combo (12/15/20)
Combo Audio Systems,Sony,Sony HT-DDW900 for RM,Sony HT DDW900 with Tape Input.rmdu,rmdu,00 CA,Sony 12/15
Combo Audio Systems,Sony,Sony MHC-GX20,SONY_Minisystem_MHC-GX20.txt,txt,00 27,Sony Combo (12/20)
Combo Audio Systems,Sony,Sony MHC-MG310AV mini system,Sony-MHC-MG310AV-SonyCombo.txt,txt,00 27,Sony Combo
Combo Audio Systems,Sony,Sony MHC-RX55 Minisystem,Sony MHC-RX55 Minisystem.rmdu,rmdu,00 5A,NEC2
Combo Audio Systems,Sony,Sony Minisystem MHC-RG220,SONY_Minisystem_MHC-RG220.txt,txt,00 27,Sony Combo (12/20)
Combo Audio Systems,Sony,Sony Minisystem RXD10AV,Sony_Minisystem_RXD10AV.txt,txt,00 27,Sony Combo
Combo Audio Systems,Sony,Sony RMT-CG35A - boombox Radio-CD,Sony RMT-CG35A Boombox Radio-CD.rmdu,rmdu,00 CA,Sony 12/15
Combo Audio Systems,Tag McLaren,Tag Mclaren AV32R,TAG_AV32R.txt,txt,00 E8,RC-5
Combo Audio Systems,Teac,Teac DV-D990 Mini-System,Teac DV-D990 Mini-System.rmdu,rmdu,00 BB,Teac-K
Combo Audio Systems,Teac,Teac DV-D990 Mini-System OBC Gaps,Teac DV-D990 Mini-System OBC Gaps.rmdu,rmdu,00 BB,Teac-K
Combo Audio Systems,Tivoli,Tivoli Audio Model 10,Tivoli Audio Model 10.rmdu,rmdu,00 5A,NEC1
Combo Audio Systems,VideoLogic,VideoLogic DigiTheatre DTS,Videologic DigiTheatre.rmdu,rmdu,00 5A,NEC1
Combo Audio Systems,Yamaha,Yamaha DVX-S100 Home Theater,Yamaha_DVX-S100_Home_Theater.txt,txt,00 5A,NEC1
Combo Audio Systems,Yamaha,Yamaha DVX-S100 Home Theater DVD,Yamaha_DVX-S100_Home_Theater_DVD.txt,txt,00 5A,NEC1
Combo Audio Systems,Yamaha,Yamaha DVX-S100 Home Theater DVD,Yamaha_DVX-S100_Home_Theater_DVD.txt,txt,00 5A,NEC1
DVD (Blu-Ray),AWA,AWA BD2103,AWA BD2103.rmdu,rmdu,00 5A,NEC1
DVD (Blu-Ray),Gigaware,Gigaware PS3 Remote,Gigaware PS3 Remote.rmdu,rmdu,00 27,Sony Combo (12/15/20)
DVD (Blu-Ray),Insignia,Insignia Blu-Ray (legacy),Insignia legacy Blu-Ray (6800).rmdu,rmdu,00 5A,NEC1
DVD (Blu-Ray),Insignia,Insignia NS-BRDVD3 / WBRDVD / BRDVD4 / NS-BRHTIB Blu-ray,Insignia NS-BRDVD3 Blu-ray Player.rmdu,rmdu,00 5A,NEC1
DVD (Blu-Ray),Insignia,Insignia NS-WBRDVD2-CA,Insignia NS-WBRDVD2-CA Blu-Ray Disc Player.rmdu,rmdu,00 5A,NEC1
DVD (Blu-Ray),Integra,Integra DBS 50.2,Integra DBS 50_2.rmdu,rmdu,01 E2,pid\: 01 E2
DVD (Blu-Ray),JVC,JVC XV-BP1,JVC XV-BD1 Remote Control for URC-9910 E1.rmdu,rmdu,00 C9,JVC-48
DVD (Blu-Ray),JVC,JVC XV-BP1 - KM,JVC_BluRay_XV-BP1.txt,txt,00 C9,JVC-48
DVD (Blu-Ray),LG,LG BD 562,LG BD-562 Blu-Ray.rmdu,rmdu,00 5A,NECx1
DVD (Blu-Ray),LG,LG BD-390,LG BD-390.rmdu,rmdu,00 5A,NECx1
DVD (Blu-Ray),LG,LG BD-550 Blu-Ray,LG BD-550 Blu-Ray.txt,txt,00 5A,NECx1
DVD (Blu-Ray),LG,LG BD-610,LG BD-610 Blu-Ray player.rmdu,rmdu,00 5A,NECx1
DVD (Blu-Ray),LG,LG BH100 BH200 BD300,LG BH-200 BD-300.txt,txt,00 5A,NECx1
DVD (Blu-Ray),LG,LG BP 420,LG BP420 Blu-Ray Disc Player Reimer.rmdu,rmdu,00 5A,NECx1
DVD (Blu-Ray),LG,LG BP 530,LG BP-530 Blu-Ray.rmdu,rmdu,00 5A,NECx1
DVD (Blu-Ray),LG,LG BP-620,LG BP-620 Blu-Ray.rmdu,rmdu,00 5A,NECx1
DVD (Blu-Ray),LG,LG BP-740,lg-bp-740.rmdu,rmdu,00 5A,NECx1
DVD (Blu-Ray),LG,LG UP870 3D Ultra High Definition Blu-Ray 4K Player,LG UP870 3D Ultra High Definition Blu-Ray 4K Player.rmdu,rmdu,00 5A,NECx1
DVD (Blu-Ray),LG,LG UP970,LG UP970 Ultra High-Definition Blu-Ray Disc Player.rmdu,rmdu,00 5A,NECx1
DVD (Blu-Ray),Laser,Laser BLU-BD3000,Laser BLU-BD3000.rmdu,rmdu,00 5A,NEC1
DVD (Blu-Ray),Magnavox,Magnavox NB500MG1F Blue Ray,Magnavox NB500MG1F Blue Ray.rmdu,rmdu,00 5A,NEC1
DVD (Blu-Ray),Memorex,Memorex MVBD2520,Memorex_Blu_Ray_MVBD2520.txt,txt,00 5A,NEC1
DVD (Blu-Ray),Nyko,Nyko BlueWave ps3 Remote,Nyko_Ps3_BlueWave_Remote.txt,txt,00 5A,NEC1
DVD (Blu-Ray),Nyko,Nyko Bluwave,Nyko Bluwave.rmdu,rmdu,00 5A,NEC1
DVD (Blu-Ray),Nyko,Nyko Ps3 BluWave Remote 83041-P37.rmdu,Nyko Ps3 BluWave Remote 83041-P37.rmdu,rmdu,00 DE,Sony20
DVD (Blu-Ray),OFA,OFA Smart PS3 Adapter,Sony 2555 extended.rmdu,rmdu,00 27,Sony Combo (12/15/20)
DVD (Blu-Ray),Oppo,Oppo BD-83,OppoDigital BD83.rmdu,rmdu,00 5a,NEC1
DVD (Blu-Ray),Oppo,Oppo BDP-103,Oppo BDP-103 Mark Custom for 6131n.rmdu,rmdu,00 5A,NEC1
DVD (Blu-Ray),Oppo,Oppo BDP-103/5 Code Set 1,Oppo BDP-103_5 Code Set 1.rmdu,rmdu,00 5A,NEC1
DVD (Blu-Ray),Oppo,Oppo BDP-103/5 Code Set 2,Oppo BDP-103_5 Code Set 2.rmdu,rmdu,00 5A,NEC1
DVD (Blu-Ray),Oppo,Oppo BDP-103/5 Code Set 3,Oppo BDP-103_5 Code Set 3.rmdu,rmdu,00 5A,NEC1
DVD (Blu-Ray),Oppo,Oppo BDP-83_83SE_93_95 Code Set 1,Oppo BDP-83_83SE_93_95 Code Set 1.rmdu,rmdu,00 5A,NEC1
DVD (Blu-Ray),Oppo,Oppo BDP-83_83SE_93_95 Code Set 2,Oppo BDP-83_83SE_93_95 Code Set 2.rmdu,rmdu,00 5A,NEC1
DVD (Blu-Ray),Oppo,Oppo BDP-83_83SE_93_95 Code Set 3,Oppo BDP-83_83SE_93_95 Code Set 3.rmdu,rmdu,00 5A,NEC1
DVD (Blu-Ray),Oppo,Oppo BDP-93,Oppo BDP-93.rmdu,rmdu,00 5A,NEC1
DVD (Blu-Ray),Oppo,Oppo UDP-203/5 Code Set 1,Oppo UDP-203_5 Code Set 1.rmdu,rmdu,00 5A,NEC1
DVD (Blu-Ray),Orei,Orei BDP-M2,1393- OREI Bluray BDP-M2 (8910).rmdu,rmdu,00 5A,NEC1
DVD (Blu-Ray),Orei,Orei BDP-M2,Orei BDP-M2.rmdu,rmdu,00 5A,NEC1
DVD (Blu-Ray),PDP,PDP IR Receiver for PS4,PDP IR Receiver for PS4.rmdu,rmdu,00 5A,NEC1
DVD (Blu-Ray),PDP,PDP IR Receiver for PS4.URC7960.OptionsButton.SetupCode2556.rmdu,PDP IR Receiver for PS4.URC7960.OptionsButton.SetupCode2556.rmdu,rmdu,00 5A,NEC1
DVD (Blu-Ray),PEAQ,PEAQ PBR110,Peaq PBR110.rmdu,rmdu,00 5A,NEC1
DVD (Blu-Ray),Panasonic,Panasonic BluRay DMP-BD60,Panasonic DMP-BD60.rmdu,rmdu,00 CD,Panasonic Combo
DVD (Blu-Ray),Panasonic,Panasonic Bluray/DVD/PVR DMR PWT-655/550 (IR6 remote),Panasonic IR6 DMR PWT-655.rmdu,rmdu,00 CD,Panasonic Combo
DVD (Blu-Ray),Panasonic,Panasonic DMP-BD55 Blu-ray DVD player,Panasonic_DMP-BD55_Blu-Ray_DVD_Player.txt,txt,00 1F,Panasonic MIX Combo
DVD (Blu-Ray),Panasonic,Panasonic DMP-BD60,Panasonic DMP-BD60.rmdu,rmdu,01 1F,Panasonic MIX Combo
DVD (Blu-Ray),Panasonic,Panasonic DMP-BD65 / BD85 / BD45 / BD655 / BDT100 / BDT105 Blu-ray DVD player,Panasonic DMP-BD65 Blu-Ray DVD Player.rmdu,rmdu,00 CD,Panasonic Combo
DVD (Blu-Ray),Panasonic,Panasonic DMP-BDT110 Blu-ray player,Panasonic DMP-BDT110.rmdu,rmdu,00 CD,Panasonic Combo
DVD (Blu-Ray),Panasonic,Panasonic DMP-BDT167,Panasonic DMP-BDT167.rmdu,rmdu,00 CD,Panasonic Combo
DVD (Blu-Ray),Panasonic,Panasonic DMP-BDT210,Panasonic DMP-BDT210.rmdu,rmdu,00 CD,Panasonic Combo
DVD (Blu-Ray),Panasonic,Panasonic DMP-BDT215,Panasonic DMP-BDT215.rmdu,rmdu,00 C9,Panasonic
DVD (Blu-Ray),Panasonic,Panasonic DMR-BWT735,Panasonic DMR-BWT735.rmdu,rmdu,00 CD,Panasonic Combo
DVD (Blu-Ray),Panasonic,Panasonic DVD *** master *** (RM version2),Panasonic DVD Master2.rmdu,rmdu,00 CD,Panasonic Combo
DVD (Blu-Ray),Panasonic,Panasonic DVD/Blu-Ray DMP-BDT167 (Code 2),Panasonic DMP-BDT167 DVD (Code 2).rmdu,rmdu,00 CD,Panasonic Combo
DVD (Blu-Ray),Panasonic,Panasonic SC-BTT370 Home Theatre/Blu-Ray (Updated 11.9.2012),RCA SC-BTT370.rmdu,rmdu,00 1F,Panasonic Mixed Combo
DVD (Blu-Ray),Philips,Philips BDP2985 w/ extra functions,Philips BDP2985.rmdu,rmdu,00 58,RC-6
DVD (Blu-Ray),Philips,Philips BDP3300,Philips BDP3300.rmdu,rmdu,00 58,RC-6
DVD (Blu-Ray),Pioneer,Pioneer BD 51FD Blu Ray Player,Pioneer BD-051FD Blu Ray Player.rmdu,rmdu,00 7E,Pioneer DVD
DVD (Blu-Ray),Pioneer,Pioneer BDP-320 Blu Ray Atlas Ocap,Pioneer_BDP-320_(E-URC1056)a.rmdu,rmdu,00 7E,Pioneer MIX
DVD (Blu-Ray),Pioneer,Pioneer BDP-450 BluRay/DVD Player,Pioneer BDP-450 BluRay Player.rmdu,rmdu,00 7E,Pioneer MIX
DVD (Blu-Ray),Pioneer,Pioneer BDP-51FD [Blu-Ray],Pioneer_BDP-51FD_Blu-Ray_Player.txt,txt,00 7E,Pioneer DVD
DVD (Blu-Ray),Pioneer,Pioneer Blu-Ray official (UEIC DVD/0394),Pioneer Mix upgrade added to Cox URC7820B.rmdu,rmdu,00 7E,Pioneer MIX
DVD (Blu-Ray),Samsung,Samsung BD-C5500,Samsung_BD-C5500.rmdu,rmdu,01 B5,Samsung36
DVD (Blu-Ray),Samsung,Samsung BD-C5500C,Samsung BD-C5500C.rmdu,rmdu,01 B5,Samsung36
DVD (Blu-Ray),Samsung,Samsung BD-C6500,Samsung BD-C6500.rmdu,rmdu,01 B5,Samsung36
DVD (Blu-Ray),Samsung,Samsung BD-C6800,Samsung BD-C6800.txt,txt,01 B5,Samsung36
DVD (Blu-Ray),Samsung,Samsung BD-C6900,Samsung BD-C6900.rmdu,rmdu,01 B5,Samsung36
DVD (Blu-Ray),Samsung,Samsung BD-D8500,Samsung BD-D8500N.rmdu,rmdu,01 B5,Samsung36
DVD (Blu-Ray),Samsung,Samsung BD-HM57C,Samsung BD-HM57C.rmdu,rmdu,01 B5,Samsung36
DVD (Blu-Ray),Samsung,Samsung BD-JM57C,Samsung BD-JM57C.rmdu,rmdu,01 B5,Samsung36
DVD (Blu-Ray),Samsung,Samsung BD-P1000 / 1400 BluRay,Samsung_BDP1000.txt,txt,01 B5,Manual Settings
DVD (Blu-Ray),Samsung,Samsung BD-P1500 BluRay,Samsung_BDP1500.rmdu,rmdu,01 B5,Samsung36
DVD (Blu-Ray),Samsung,Samsung BD-P1500 BluRay,Samsung_BDP1500.txt,txt,01 B5,Samsung36
DVD (Blu-Ray),Samsung,Samsung BD-P2500,Samsung_BDP2500.txt,txt,01 B5,Manual Settings
DVD (Blu-Ray),Samsung,Samsung BD-P3600 DVD,Samsung BD-P3600.rmdu,rmdu,01 B5,Samsung36
DVD (Blu-Ray),Samsung,Samsung BDP1400,Samsung BDP1400.rmdu,rmdu,01 B5,Manual Settings
DVD (Blu-Ray),Samsung,Samsung BDP1600 Blu Ray,Samsung_BDP1600_KM.txt,txt,01 B5,Samsung36
DVD (Blu-Ray),Seiki,Seiki BD660,Seiki BD660 .rmdu,rmdu,00 5A,NEC1
DVD (Blu-Ray),Seiki,Seiki SR4KP1,Seiki SR4KP1.rmdu,rmdu,00 5A,NEC1
DVD (Blu-Ray),Sharp,Sharp BD-HP20U,Sharp_Blu-Ray_BD-HP20U.txt,txt,01 C9,Kaseikyo
DVD (Blu-Ray),Sharp,Sharp Blu-Ray BD-HP24U.rmdu,Sharp Blu-Ray BD-HP24U.rmdu,rmdu,00 F8,Sharp DVD
DVD (Blu-Ray),Sony,Sony BDP-(1 3 5)20 BDP-S(1 2 3 4 5)200,Sony BDP-(1 3 5)20 BDP-S(1 2 3 4 5)200.rmdu,rmdu,00 DE,Sony20
DVD (Blu-Ray),Sony,Sony BDP-BX2 Blu-ray DVD Player,Sony BDP-BX2 Blu-ray DVD Player.rmdu,rmdu,00 DE,Sony20
DVD (Blu-Ray),Sony,Sony BDP-BX58,Sony BDP-BX58.rmdu,rmdu,00 DE,Sony20
DVD (Blu-Ray),Sony,Sony BDP-BX59 - BDP-S590 3D Blu Ray,Sony BDP-BX59 - BDP-S590 3D Blu Ray.rmdu,rmdu,00 DE,Sony20
DVD (Blu-Ray),Sony,Sony BDP-CX960,Sony BDP-CX960.rmdu,rmdu,00 DE,Sony20
DVD (Blu-Ray),Sony,Sony BDP-S*** (Blu-Ray),Sony BDP-S1 Blu-Ray.rmdu,rmdu,00 DE,Sony20
DVD (Blu-Ray),Sony,Sony BDP-S1200 -2014 Model,Sony Blu Ray BDP-1200 (2014 model).rmdu,rmdu,00 DE,Sony20
DVD (Blu-Ray),Sony,Sony BDP-S185 - B119A,Sony BDP-S185 - B119A.rmdu,rmdu,00 27,Sony Combo (12/20)
DVD (Blu-Ray),Sony,Sony BDP-S185 w/ discrete Power,Sony BDP-S185.rmdu,rmdu,01 27,Sony Combo (12/20)
DVD (Blu-Ray),Sony,Sony BDP-S580 BX58 S280 S380 S480 Blu-ray,Sony BDPBx58 Blueray.rmdu,rmdu,00 DE,Sony20
DVD (Blu-Ray),Sony,Sony BDP-S590,Sony BDP-S390.rmdu,rmdu,00 DE,Sony20
DVD (Blu-Ray),Sony,Sony BDP-Sx70,Sony BDP-Sx70.rmdu,rmdu,00 DE,Sony20
DVD (Blu-Ray),Sony,Sony BDV-E2100 BluRay Home Theatre,SONY_BDV_Home_Theatre_Remote_RM-ADP090.rmdu,rmdu,00 27,Sony Combo (12/15/20)
DVD (Blu-Ray),Sony,Sony BDZ-L55,Sony BDZ-L55.rmdu,rmdu,00 DE,Sony20
DVD (Blu-Ray),Sony,Sony BDZ-T70,Sony BDZ-T70.rmdu,rmdu,00 DE,Sony20
DVD (Blu-Ray),Sony,Sony Blu-Ray BDP-S350 w/region-free hack,Sony Blu-Ray BDP-S350 w-hack.rmdu,rmdu,00 27,Sony Combo (12/15/20)
DVD (Blu-Ray),Sony,Sony Blu-Ray BDP-S350.rmdu,Sony Blu-Ray BDP-S350.rmdu,rmdu,00 DE,Sony20
DVD (Blu-Ray),Sony,Sony Blu-Ray Master Upgrade,Sony Blu-Ray DVD Players.rmdu,rmdu,00 DE,Sony20
DVD (Blu-Ray),Sony,Sony SVR-HDT500,Sony SVR-HDT500.rmdu,rmdu,00 27,Sony Combo (12/20)
DVD (Blu-Ray),Sony,Sony UBP-X700 4K BluRay player,Sony UBP-X700 URC-7556.rmdu,rmdu,00 DE,Sony20
DVD (Blu-Ray),Sony,Sony UBP-X800M2 UHD Blu-Ray Player,Sony UBP-X800M2.rmdu,rmdu,00 DE,Sony20
DVD (Blu-Ray),Sony,Sony UHP-H1,Sony UHP-H1.rmdu,rmdu,00 27,Sony Combo (12/15/20)
DVD (Blu-Ray),Sylvania,Sylvania NB500SL9,Sylvania NB500SL9.rmdu,rmdu,00 5A,NEC1
DVD (Blu-Ray),Toshiba,Toshiba BDX2000 Blu-ray,Toshiba_BDX2000_Blu-ray.txt,txt,00 5A,NEC1
DVD (Blu-Ray),Toshiba,Toshiba BDX5200/4200,Toshiba BDX5200 Blu-ray.rmdu,rmdu,00 5A,NEC1
DVD (Blu-Ray),Toshiba,Toshiba DR-570,Toshiba DR570.rmdu,rmdu,00 5A,NEC1
DVD (Blu-Ray),Vizio,Vizio VBR133,Vizio VBR-133 Bluray.rmdu,rmdu,00 5A,NEC1
DVD (Blu-Ray),Vizio,Vizio VBR200W,Vizio_BluRay_VBR200W_1156.txt,txt,00 5A,NEC1
DVD (Blu-Ray),Xbox,Xbox One,Xbox One.rmdu,rmdu,00 5A,NEC1
DVD (standard),4KUS,4KUS DVR-230,C2022 - 4KUS DVR-320.rmdu,rmdu,00 5A,NEC1
DVD (standard),AMW,AMW S99,AMW-S99.txt,txt,00 5A,NEC1
DVD (standard),ASDA,ASDA ONN SW2411A-Divx DVD Player,ASDA ONN SW2411A-Divx DVD Player.rmdu,rmdu,00 5A,NEC1
DVD (standard),AVeL,AVeL LinkPlayer AV-LS300DW (I-O Data),AVeL LinkPlayer AV-LS300DW.txt,txt,01 FF,Manual Settings
DVD (standard),Accura,Accura ADVD3836,Accura Dvd Upgrade Code.rmdu,rmdu,00 5a,NEC1
DVD (standard),Accurian,Accurian ADP-3298,Accurian ADP-3298 DVD Upgrade Code.rmdu,rmdu,00 5a,NEC1
DVD (standard),Accurian,Accurian ADR-3223 DVD / HDD Recorder,Accurian DVD-HDD Recorder ADR-3223.txt,txt,00 34,JVC
DVD (standard),Acoustic_Solutions,Acoustic_Solutions DVD-237 DVD,Acoustic Solutions DVD-237 DVD.rmdu,rmdu,00 5A,NEC1
DVD (standard),Aiwa,Aiwa 370 DVD,Aiwa-370-DVD.txt,txt,00 5E,Aiwa
DVD (standard),Akai,Akai DVDS3500P,Akai DVDS3500P.rmdu,rmdu,00 5a,NEC1
DVD (standard),Akura,Akura ADRW300 HDD/DVD Recorder,Akura ADRW300 HDD-DVD Recorder .rmdu,rmdu,00 E8,RC-5
DVD (standard),Alba,Alba DVD59,Alba_DVD59.txt,txt,00 5A,NEC1
DVD (standard),Allegro,Allegro ABV341 (DVD),Allegro-ABV341 (DVD).txt,txt,00 5A,NEC2
DVD (standard),Amphion,Amphion MediaWorks (AMW) S99 DVD Player.rmdu,Amphion MediaWorks (AMW) S99 DVD Player.rmdu,rmdu,00 5a,NEC1
DVD (standard),Amphion,Amphion MediaWorks (AMW) S99 w/ Next/Prev Track,AMW-S99_proper.txt,txt,01 44,Device Combiner
DVD (standard),Amphion,Amphion MediaWorks AMW-v101,AMW-v101.txt,txt,00 5A,NEC1
DVD (standard),Arcam,Arcam DV88 DVD player,Arcam_DV88_DVD_player.txt,txt,00 E8,RC-5
DVD (standard),Asda,Asda DVD HDMI01,DVD HDMI01 (Asda upscaling DVD player).rmdu,rmdu,00 5A,NEC1
DVD (standard),Aspire,Aspire AD-900,Aspire_AD-900.txt,txt,00 5A,NEC1
DVD (standard),Aspire,Aspire Digital AD-1100S DVD Player,Aspire Digital AD-1100S DVD Player.rmdu,rmdu,00 5a,NEC1
DVD (standard),Audiologic,Audiologic DVD108,Audiologic_DVD108.txt,txt,00 5A,NEC1
DVD (standard),Audiovox,Audiovox D1917,Audiovox_D1917.txt,txt,00 5A,NEC1
DVD (standard),Audiovox,Audiovox DVD1500,Audiovox-DVD1500.txt,txt,00 5A,NEC1
DVD (standard),Avayon,Avayon DXP-1000,Avayon DXP-1000.rmdu,rmdu,00 5A,NEC1
DVD (standard),Avel,Avel LinkPlayer2 (IO Data),Avel_Linkplayer_2.txt,txt,00 5A,NEC1
DVD (standard),Axion,Axion DVD-0179,Axion DVD-0179.rmdu,rmdu,00 5A,NEC1
DVD (standard),BBK,BBK DK1410SI,BBK DK1410SI.rmdu,rmdu,00 5A,NEC1
DVD (standard),BBK,BBK DK1910SI,BBK-DK1910SI.rmdu,rmdu,00 5A,NEC1
DVD (standard),BBK,BBK DK2870HD DVD Theater,BBK2870HD.txt,txt,00 5A,NEC1
DVD (standard),BBK,BBK DVD player bbk928,BBK_DVD_player_Device_Upgrade.txt,txt,00 5A,NEC1
DVD (standard),Balance,Balance DR-4111,Balance DR4111.txt,txt,00 5A,NEC1
DVD (standard),Base,Base DV-360,BASE_DVD_player_DV-360_URC881x_601x.txt,txt,00 5A,NEC1
DVD (standard),Bellagio,Bellagio AD-2020,Bellagio_AD-2020_DVD.txt,txt,00 5A,NEC1
DVD (standard),Bench,Bench KH6777 (OFA 7562),Bench KH6777 DVD Player.rmdu,rmdu,00 5A,NEC1
DVD (standard),Benq,Benq JH300 DVD Recorder,Benq JH300.rmdu,rmdu,00 E8,RC-5
DVD (standard),Blusens,Blusens 3005 DVD,BLUSENS 3005 DVD.rmdu,rmdu,00 5A,NEC1
DVD (standard),Bravo,Bravo D1 DVD-DivX player,Bravo_D1_DVD-DivX_player.txt,txt,00 5A,NEC1
DVD (standard),Bravo,Bravo D2 DVD-DivX player,Bravo_D2_DVD-DivX_player.txt,txt,00 5A,NEC1
DVD (standard),Buffalo,Buffalo LinkTheater,BuffaloLinktheater.rmdu,rmdu,00 5a,NEC1
DVD (standard),Buffalo,Buffalo LinkTheater PC-P3LWG DVD,Buffalo_Link Theater PC-P3LWG-DVD (1358).txt,txt,00 5A,NEC1
DVD (standard),Buffalo,Buffalo Linktheater,Buffalo_Linktheater.txt,txt,00 5A,NEC1
DVD (standard),Buffalo,Buffalo PC-P3LWG/DVD,Buffalo PC-P3LWG-DVD .rmdu,rmdu,00 5A,NEC1
DVD (standard),Bush,Bush DVD 2039,Bush_2039.txt,txt,00 5A,NEC1
DVD (standard),CAVS,CAVS DVD-103G Super CD+G Karaoke Player,CAV DVD-103G DVD Player.rmdu,rmdu,00 5a,NEC1
DVD (standard),CAVS,CAVS DVD-105G USB Super CD+G Karaoke Player,CAV DVD-105G DVD Player.rmdu,rmdu,00 5a,NEC1
DVD (standard),CMX,CMX DVX 3180,CMX DVX 3180.rmdu,rmdu,00 5A,NEC1
DVD (standard),COBY,COBY DVD 1040,COBY DVD 1040.txt,txt,00 5A,NEC1
DVD (standard),COBY,COBY DVD 507,COBY_DVD_507.txt,txt,00 5A,NEC1
DVD (standard),Cambridge_Audio,Cambridge_Audio DVD 300 (NEC1 dev0),Cambridge_Audio_DVD_300.txt,txt,00 5A,NEC1
DVD (standard),Chrysler,Chrysler MyGIG VES,Chrysler MyGIG VES.rmdu,rmdu,00 5A,NEC1
DVD (standard),Cinevision,Cinevision DVD 0869,Cinevision_DVD_0869.txt,txt,00 5A,NECx1
DVD (standard),Cinevision,Cinevision DVD 0876,Cinevision_DVD_0876.txt,txt,00 5A,NEC1
DVD (standard),Citizen-Electrohome,Citizen-Electrohome EH8158 DVD,Citizen-Electrohome_EH8158_DVD.txt,txt,00 5A,NEC1
DVD (standard),Classic,Classic DVD102,Classic DVD-102.rmdu,rmdu,00 5a,NEC1
DVD (standard),Classic,Classic DVD102,Classic-DVD102.txt,txt,,NEC1
DVD (standard),Clearplay,Clearplay 747HD,Clearplay 747HD DVD.rmdu,rmdu,01 FF,NEC1 (No Repeats)
DVD (standard),Clearplay,Clearplay DVD w/USB model 007,Clearplay_DVD_w-USB.txt,txt,00 5A,NEC1
DVD (standard),Coby,Coby DVD 224,Coby_DVD_224.txt,txt,00 5A,NEC1
DVD (standard),Coby,Coby DVD 657,COBY DVD 657.txt,txt,00 5A,NEC1
DVD (standard),Coby,Coby DVD-215,Coby_DVD-215.txt,txt,00 5A,NEC1
DVD (standard),Coby,Coby DVD-218,Coby_DVD-218.txt,txt,00 5A,NEC1
DVD (standard),Coby,Coby DVD-223,Coby_DVD-223.txt,txt,00 5A,NEC1
DVD (standard),Coby,Coby DVD-224,Coby DVD224.rmdu,rmdu,00 5a,NEC1
DVD (standard),Coby,Coby DVD-R1100,Coby_DVD-R1100.txt,txt,00 5A,NEC1
DVD (standard),Coby,Coby DVD-R1100.rmdu,Coby DVD-R1100.rmdu,rmdu,00 5a,NEC1
DVD (standard),Coby,Coby DVD-R1200.rmdu,Coby DVD-R1200.rmdu,rmdu,00 5A,NEC1
DVD (standard),Coby,Coby DVD-R1200.rmdu,Coby DVD-R1200.rmdu,rmdu,00 5A,NEC1
DVD (standard),Cougar,Cougar CVD515,Cougar CVD515.txt,txt,00 5A,NEC1
DVD (standard),Curtis,Curtis 1098 B DVD Player with HDMI USB SD Card,Curtis 1098 B_URC-10820.rmdu,rmdu,00 5A,NEC1
DVD (standard),Curtist,Curtist DVD-7600,Curtist DVD-7600.rmdu,rmdu,00 5A,NEC1
DVD (standard),CyberHome,CyberHome CH-300,CyberHome_CH-300.txt,txt,00 5A,NEC1
DVD (standard),CyberHome,CyberHome CH-320,CyberHome_CH-320.txt,txt,00 5A,NEC1
DVD (standard),CyberHome,CyberHome CH-500,CyberHome_CH-500.txt,txt,00 5A,NEC1
DVD (standard),CyberHome,CyberHome CH-500-mcm,CyberHome_CH-500-mcm.txt,txt,00 5A,NEC1
DVD (standard),CyberHome,CyberHome CH-DVD 300,CyberHome CH-DVD 300 .rmdu,rmdu,00 5a,NEC1
DVD (standard),CyberHome,CyberHome CH-DVD 300 .rmdu,CyberHome CH-DVD 300 .rmdu,rmdu,00 5a,NEC1
DVD (standard),CyberHome,CyberHome CH-DVD 300 .rmdu,CyberHome CH-DVD 300 .rmdu,rmdu,00 5a,NEC1
DVD (standard),CyberHome,CyberHome CH-DVD 300 Without Up Arrow Error.rmdu,CyberHome CH-DVD 300 Without Up Arrow Error.rmdu,rmdu,00 5a,NEC1
DVD (standard),CyberHome,CyberHome CH-DVD 500,Cyber Home CH-DVD 500.txt,txt,00 5A,NEC1
DVD (standard),CyberHome,CyberHome DVD CH-505,CyberHome DVD CH-505.txt,txt,00 5A,NEC2
DVD (standard),CyberHome,CyberHome DVR-1500,CyberHome_DVR-1500.txt,txt,00 5A,NEC1
DVD (standard),Cyberhome,Cyberhome CH-DVR 1600,Cyberhome CH-DVR 1600 DVD Recorder.rmdu,rmdu,00 5a,NEC1
DVD (standard),Cyberhome,Cyberhome CH-DVR-1600 fixed,CyberHome_DVR-1600_fixed.txt,txt,00 5A,NEC1
DVD (standard),Cyberhome,Cyberhome DVR-1600,CyberHome_DVR-1600.txt,txt,00 5A,NEC1
DVD (standard),DMTECH,DMTECH,DMTECH DVD.rmdu,rmdu,00 5A,NEC1
DVD (standard),DMTECH,DMTECH DVD R7015 upgrade .rmdu,DMTECH DVD R7015 upgrade .rmdu,rmdu,00 5a,NEC1
DVD (standard),Daewoo,Daewoo 5000N device - Rev 1.01,Daewoo 5000N device - Rev 1.01.txt,txt,00 5A,NEC1
DVD (standard),Daewoo,Daewoo 5000N device upgrade code,Daewoo 5000N device upgrade code.txt,txt,00 5A,NEC1
DVD (standard),Daewoo,Daewoo 5700,Daewoo 5700.txt,txt,00 5A,NEC1
DVD (standard),Daewoo,Daewoo 5900 (NEC1 0),Daewoo_5900.txt,txt,00 5A,NEC1
DVD (standard),Daewoo,Daewoo 5900 (NEC1 128),Daewoo_5900.txt,txt,00 5A,NEC1
DVD (standard),Daewoo,Daewoo DS-2500N DVD,Daewoo_DS-2500N_DVD.txt,txt,00 5A,NEC1
DVD (standard),Daewoo,Daewoo DVD DVG-3000N,Daewoo_DVD_DVG-3000N.txt,txt,00 5A,NEC1
DVD (standard),Daewoo,Daewoo DVD setup code KM508a,Daewoo DVD setup code KM508a.txt,txt,00 5A,NEC1
DVD (standard),Daewoo,Daewoo DVD5800,Daewoo_DVD5800.txt,txt,00 5A,NEC1
DVD (standard),Daewoo,Daewoo DVDP480 for 15-2117,Daewoo_DVDP480_for_15-2117.txt,txt,00 5A,NEC1
DVD (standard),Daewoo,Daewoo DVDS151,Daewoo-DVDS151.rmdu,rmdu,00 5a,NEC1
DVD (standard),Daewoo,Daewoo DVG-5200S.rmdu,Daewoo DVG-5200S.rmdu,rmdu,00 5c,Proton
DVD (standard),Daewoo,Daewoo DVN-8100N,Daewoo DVN-8100N.rmdu,rmdu,00 5c,Proton
DVD (standard),Daewoo,Daewoo P480 DVD 15-2117,Daewoo_P480_DVD_15-2117.txt,txt,00 5A,NEC1
DVD (standard),Daewoo,Daewoo P480 DVD 15-2117,Daewoo_P480_DVD_15-2117.txt,txt,00 5A,NEC1
DVD (standard),Daewoo,Daewoo s150.rmdu,Daewoo-DVDS151.rmdu,rmdu,00 5a,NEC1
DVD (standard),Daytek,Daytek DVR-950T,Daytek DVR-950T.rmdu,rmdu,00 5A,NEC1
DVD (standard),Daytek,Daytek P871 DVD,Daytek_P871_DVD.txt,txt,00 5A,NEC1
DVD (standard),Denon,Denon DVD-1600,Denon_DVD-1600_Upgrade.txt,txt,00 C9,Panasonic
DVD (standard),Denon,Denon DVD-1710,Denon_DVD-1710.txt,txt,00 47,Denon Combo
DVD (standard),Denon,Denon DVD-2910,Denon DVD-2910 DVD.rmdu,rmdu,00 9C,Denon Combo (Official)
DVD (standard),Denon,Denon DVD-3910,Denon DVD-3910.rmdu,rmdu,00 9C,Denon Combo (Official)
DVD (standard),Denon,Denon DVD-5900,Denon DVD-5900.rmdu,rmdu,00 9C,Denon Combo
DVD (standard),Denon,Denon DVD-700 - RC-943 for URC-8910,Denon DVD-700 - RC-943 for URC-8910.rmdu,rmdu,00 9c,Denon Combo (Official)
DVD (standard),Denon,Denon DVD-900,Denon DVD-900.rmdu,rmdu,00 1C,Denon
DVD (standard),Denon,Denon DVD-910,Denon DVD-910.rmdu,rmdu,00 9C,Denon Combo
DVD (standard),Desay,Desay DS-5701 DVD Player,Desay DS-5701.txt,txt,00 5A,NEC1
DVD (standard),Diamond,Diamond Vision DVD V805,Diamond Vision DVD V805-04.rmdu,rmdu,00 5a,NEC1
DVD (standard),Diamond,Diamond Vision DVD V807-03,Diamond_DVDV807-03.txt,txt,00 5A,NEC1
DVD (standard),Diamond,Diamond Vision DVDV804-04,Diamond Vision DVDV804-04 for URC-9911.rmdu,rmdu,00 5a,NEC1
DVD (standard),Dick_Smith_Electronics,Dick_Smith_Electronics DSE G1608,Dick Smith Electronics DSE G1608.rmdu,rmdu,00 5a,NEC1
DVD (standard),DigitalMax,DigitalMax DMD-R0501 dvd recorder,DigitalMax-DMD-R0501_dvd_recorder.txt,txt,00 34,JVC
DVD (standard),Digitron,Digitron DV-029,Digitron DVD-029.rmdu,rmdu,00 5A,NEC1
DVD (standard),Dlink,Dlink DSM-320RD DVD player / media streamer,Dlink_DSM-320RD_DVD-media_streamer.txt,txt,00 5A,NEC1
DVD (standard),DreamX,DreamX,DreamX.txt,txt,00 5A,NEC1
DVD (standard),Durabrand,Durabrand DVD Player DVD-1002 URC-6131n,Durabrand DVD Player DVD-1002.rmdu,rmdu,00 5A,NEC1
DVD (standard),Durabrand,Durabrand DVD1000,Durabrand_DVD1000.txt,txt,00 5A,NEC1
DVD (standard),E-Boda,E-Boda FL-EB81,E-Boda-FL-EB81.txt,txt,00 5A,NEC1
DVD (standard),Electrohome,Electrohome EDVD655 DVD Player with Karaoke,Electrohome EDVD655.rmdu,rmdu,00 5A,NEC1
DVD (standard),Elta,Elta 8882A DVD,Elta_8882_DVD.txt,txt,00 5A,NEC1
DVD (standard),Elta,Elta 8883 DivX-DVD Player,Elta_8883_DivX-DVD_Player.txt,txt,00 5A,NEC1
DVD (standard),Eltax,Eltax DV-154,Eltax DV-154.rmdu,rmdu,00 5A,NEC1
DVD (standard),Emerson,Emerson DVD EWD7003,Emerson DVD EWD7003.rmdu,rmdu,00 5A,NEC1
DVD (standard),Energy,Energy Sistem Emotionn 1500,ENergy System.txt,txt,00 5A,NEC1
DVD (standard),Entiveo,Entiveo DP3220,Entiveo_dp3220.rmdu,rmdu,00 5A,NEC1
DVD (standard),Excello,Excello DIVX-581,Excello_DIVX-581.txt,txt,00 5A,NEC1
DVD (standard),Ferguson,Ferguson D-880 HX,Ferguson D-880 HX.rmdu,rmdu,00 5A,NEC1
DVD (standard),Fisher,Fisher S1100 DVD,Fisher_DVD_S-1100.txt,txt,00 5A,NEC1
DVD (standard),Funai,Funai SV2000 WV10D6 (Walmart),Funai SV2000 wv10d6 (NB086).rmdu,rmdu,00 5A,NEC1
DVD (standard),GE,GE 1101P 20,GE-1101P.txt,txt,00 5A,NEC1
DVD (standard),GE,GE 1105P,GE1105P.txt,txt,00 af,RCA
DVD (standard),GE,GE Karaoke DVD Player model GE5803P / Kameleon 8,GE5803P_Karaoke_DVD_Player.txt,txt,00 5A,NEC1
DVD (standard),GPX,GPX D1816SIL DVD Player,GPX D1816SIL DVD Player.rmdu,rmdu,00 5A,NEC1
DVD (standard),GPX,GPX DVD # D1816SIL,GPX DVD # D1816SIL.rmdu,rmdu,00 5A,NEC1
DVD (standard),GVA,GVA GVA-DVDR1,GVA GVA-DVDR1.rmdu,rmdu,00 5A,NEC1
DVD (standard),Gateway,Gateway Connected DVD Player,Gateway_Connected_DVD_Player.txt,txt,00 5A,NEC1
DVD (standard),Go_Video,Go_Video 2740 DVD,Go_Video_2740_DVD.txt,txt,00 5A,NEC1
DVD (standard),Go_Video,Go_Video DVD D2730,Go_Video_DVD_D2730.txt,txt,00 5A,NEC1
DVD (standard),Go_Video,Go_Video DVD Upgrade (lNEC1),Go-VideoDVD_Upgrade_(lNEC1).txt,txt,00 5A,NEC1
DVD (standard),Go_Video,Go_Video R6640,GoVideo DVD Recorder (R6640).rmdu,rmdu,00 5a,NEC1
DVD (standard),Goodmans,Goodmans DVDR,Goodmans DVDR.rmdu,rmdu,00 5A,NECx2
DVD (standard),Goodmans,Goodmans GDVR305DVBT - Freeview DVD Recorder,Goodmans GDVR 305DVBT - DVD.rmdu,rmdu,00 E8,RC-5
DVD (standard),Gradiente,Gradiente DVD-K30,Gradiente_DVD-K30.txt,txt,00 5E,Aiwa
DVD (standard),Grundig,Grundig 6150 dvd player.rmdu,Grundig 6150 dvd player.rmdu,rmdu,01 12,Manual Settings
DVD (standard),Grundig,Grundig GDR 5500 dvd,Grundig GDR 5500 dvd.rmdu,rmdu,01 12,Manual Settings
DVD (standard),Grundig,Grundig GDV 130,Grundig_GDV_130.txt,txt,00 5A,NEC1
DVD (standard),Grundig,Grundig Livance GDP 2304 (KM),Grundig_Livance_GDP_2304_KM.txt,txt,01 12,Manual Settings
DVD (standard),H&B,H&B DR900,H&B_DR900_DVD.txt,txt,00 5A,NEC1
DVD (standard),Haier,Haier PDVD7 portable dvd player,Haier portable DVD PDVD7.rmdu,rmdu,00 5A,NEC1
DVD (standard),Harman,Harman Kardon DVD1,Harman Kardon DVD1.txt,txt,00 5A,NEC2
DVD (standard),Harman,Harman Kardon HK DVD31,HK_DVD31.txt,txt,00 5A,NEC1
DVD (standard),Harman,Harman Kardon HK DVD50,HK_DVD1.txt,txt,00 5A,NEC2
DVD (standard),HiMax,HiMax DH-1111 DVD player,HiMax_DH-1111_DVD_player.txt,txt,00 5A,NEC1
DVD (standard),Himage,Himage DVR-4010,Himage_DVR-4010.txt,txt,00 5A,NEC1
DVD (standard),Hitachi,Hitachi DV-P415U DVD,Hitachi-DVD-DV-P415U.txt,txt,00 5A,NEC1
DVD (standard),Hitachi,Hitachi DVD 305,Hitachi_DVD_305.txt,txt,00 5E,Aiwa
DVD (standard),Hiteker,Hiteker 810,Hiteker_810.txt,txt,00 5A,NEC1
DVD (standard),Hyundai,Hyundai DVX-600B,Hyundai DVX-600B.rmdu,rmdu,00 5A,NEC1
DVD (standard),Hyundai,Hyundai HY-635PS DVD Player,Hyundai HY-635PS DVD Player.rmdu,rmdu,00 B6,NEC1 Combo
DVD (standard),ILO,ILO DVD Recorder with Hard Drive DVDRHD04,ILO_DVD_Recorder_HD04.txt,txt,00 34,JVC
DVD (standard),Ilo,Ilo DVD Recorder DVDR05,ILO DVDR05.txt,txt,00 5A,NEC1
DVD (standard),Initial,Initial DVD-1810 Portable DVD Player,Initial DVD-1810 Portable DVD Player.rmdu,rmdu,00 5a,NEC1
DVD (standard),Insignia,Insignia NS-BRDVD3 DVD,Insignia NS-BRDVD3 DVD.rmdu,rmdu,00 5A,NEC1
DVD (standard),Insignia,Insignia NS-DVD1,Insignia NS-DVDD1.rmdu,rmdu,00 5A,NEC1
DVD (standard),Integra,Integra DPC-6.1,Integra DPC-6.1.rmdu,rmdu,00 5A,NEC1
DVD (standard),JBL,JBL DVD 600 Cinema ProPack,JBL DVD 600 Cinema ProPack.txt,txt,,NEC1
DVD (standard),JSI,JSI JS4127,JSI JS4127.rmdu,rmdu,00 45,RECS80 (45)
DVD (standard),JVC,JVC DR-M10 DVD Recorder,JVC_DR-M10-1994.txt,txt,00 34,JVC
DVD (standard),JVC,JVC DVD XV-FA900 8910,JVC_DVD_XV-FA900_8910.txt,txt,00 34,JVC
DVD (standard),JVC,JVC DVD XV-FA95GD,JVC_DVD_XV-FA95GD.txt,txt,00 34,JVC
DVD (standard),JVC,JVC XV-D723,JVC_XV-D723.txt,txt,00 34,JVC
DVD (standard),JVC,JVC XV-FA900 DVD,JVC XV-FA900 DVD.txt,txt,00 34,JVC
DVD (standard),JVC,JVC XV-FA902SL 7-Disc DVD Changer,JVC DVD XV-FA902SL.rmdu,rmdu,00 34,JVC
DVD (standard),JVC,JVC XV-N322 DVD Player,JVC XV-N322.rmdu,rmdu,00 34,JVC
DVD (standard),JVC,JVC XVFA90BK DVD,JVC-DVD-XVFA90BK.txt,txt,00 34,JVC
DVD (standard),JVC,JVC XVN50,JVC_XVN50.txt,txt,00 34,JVC
DVD (standard),JVC,JVC XVS502SL DVD,JVC-DVD-XVs502SL-egd.txt,txt,00 34,JVC
DVD (standard),JVC,JVC XVS502SL long Duration,JVC-DVD-XVs502SL-longDuration.txt,txt,01 34,Manual Settings
DVD (standard),JVC,JVC xv-s302sl,JVC_xv-s302sl.txt,txt,00 34,JVC
DVD (standard),JWIN,JWIN J-VD135 DVD Player,JWIN JD-VD135.rmdu,rmdu,00 5A,NEC1
DVD (standard),JWIN,JWIN JD-VD 135,Jwin_JD-VD_135_DVD.txt,txt,00 5A,NEC1
DVD (standard),Jaton,Jaton 7611,Jaton_7611.txt,txt,00 5A,NEC1
DVD (standard),Jwin,Jwin JD-VD130,Jwin JD-VD130.rmdu,rmdu,00 5A,NEC1
DVD (standard),KENDO,KENDO DVD 2650 DIVX,KENDO_DVD_2650_DIVX.txt,txt,00 5A,NEC1
DVD (standard),KLH,KLH DVD player,KLH_DVD_player.txt,txt,00 5A,NEC1
DVD (standard),KLH,KLH DVD-1220 URC6131,KLH DVD-1220 URC6131.txt,txt,00 5A,NEC1
DVD (standard),KLH,KLH DVD-8350 URC8811,KLH DVD-8350 URC8811.txt,txt,00 5A,NEC1
DVD (standard),Kawasaki,Kawasaki SVP500 Upgrade,Kawasaki_SVP500_Upgrade.txt,txt,00 5A,NEC1
DVD (standard),Kenwood,Kenwood DVD,Kenwood_DVD.txt,txt,00 5A,NEC1
DVD (standard),Kenwood,Kenwood DVD.rmdu,Kenwood DVD.rmdu,rmdu,00 5a,NEC1
DVD (standard),Kiss,Kiss DP-1000,Kiss DP1000.rmdu,rmdu,00 e8,RC-5
DVD (standard),Kiss,Kiss DP-1600 (Linksys),Kiss DP1600.rmdu,rmdu,00 E8,RC-5
DVD (standard),Kiss,Kiss DP-500 (DVD/0841),Kiss_DP_500_DVD_0841.txt,txt,00 E8,RC-5
DVD (standard),Kiss,Kiss DVD508,KISSDVD508.rmdu,rmdu,00 e8,RC-5
DVD (standard),Konka,Konka DVD,Konka DVD.txt,txt,00 5A,NEC1
DVD (standard),Koss,Koss DVD Player KS5509-2,Koss DVD Player KS5509-2.rmdu,rmdu,00 5A,NEC1
DVD (standard),Koss,Koss DVP2163,Koss_DVP2163.txt,txt,00 5A,NEC1
DVD (standard),Koss,Koss KD-260-2,Koss_KD-260-2.rmdu,rmdu,00 45,RECS80 (45)
DVD (standard),Koss,Koss KD-260-2,Koss_KD-260-2a.rmdu,rmdu,00 45,RECS80 (45)
DVD (standard),Koss,Koss KD260 0651,Koss KD260 0651.txt,txt,00 45,Manual Settings
DVD (standard),Koss,Koss KS5121-2,KOSS KS5121-2.rmdu,rmdu,00 45,RECS80 (45)
DVD (standard),Koss,Koss KS5509-2,Koss KS5509-2.rmdu,rmdu,00 5A,NEC1
DVD (standard),LG,LG BD370,LG BD370.rmdu,rmdu,00 5A,NECx1
DVD (standard),LG,LG DV7832 upconversion,LG_DV7832_upconversion.txt,txt,00 5A,NECx1
DVD (standard),LG,LG DVD master file (NECx1 dev 45),LG_DVD_master.txt,txt,00 5A,NECx1
DVD (standard),LG,LG DVX9843 DVD Player,LG.DVX9843.txt,txt,00 5A,NECx1
DVD (standard),LG,LG FL-R888K - Karaoke-VCD,LG_FL-R888K_-_Karaoke-VCD.txt,txt,00 5A,NECx1
DVD (standard),LG,LG LDA-530 DVD Player,LG LDA-530.rmdu,rmdu,00 5a,NECx1
DVD (standard),LG,LG LDA-530.rmdu,LG LDA-530.rmdu,rmdu,00 5a,NECx1
DVD (standard),LG,LG RH-7800,LG RH-7800.rmdu,rmdu,00 5a,NECx1
DVD (standard),LG,LG RH-7800 etc,LG_RH-7800.txt,txt,00 5A,NECx1
DVD (standard),LG,LG RH265 HDD-DVD Recorder,LG RH265 HDD-DVD Recorder.rmdu,rmdu,00 5A,NECx1
DVD (standard),LG,LG RH398H-M DVD recorder,LG RH398H-M dvr.rmdu,rmdu,00 5A,NECx1
DVD (standard),LG,LG RH398_urc-10820B00,LG RH398_urc-10820B00.rmdu,rmdu,00 5A,NECx1
DVD (standard),LG,LG RHT-497H DVDR,LG RHT-497H.rmdu,rmdu,00 5A,NECx1
DVD (standard),LG,LG RHT398H,LG RHT398H.rmdu,rmdu,00 5A,NECx1
DVD (standard),Lasonic,Lasonic DVT3030,Lasonic_DVT3030.txt,txt,00 5A,NEC1
DVD (standard),Lasonic,Lasonic Inoi HV670 DVD/HDD Player,Lasonic_HV670.txt,txt,00 5A,NEC1
DVD (standard),Lenoxx,Lenoxx DVD Model 2003 rev 0.1,Lenoxx DVD Model 2003 rev 0.1.txt,txt,00 5A,NEC1
DVD (standard),Limit,Limit 8070 DVD,Limit-8070-DVD v3.txt,txt,00 5A,NEC1
DVD (standard),Lite-On,Lite-On 5005 DVD Recorder,LiteOn_5005_DVDR.txt,txt,00 5A,NEC1
DVD (standard),Lite-On,Lite-On 5005x DVD Recorder,Lite-On 5005x.rmdu,rmdu,00 34,JVC
DVD (standard),Lite-On,Lite-On 50XXGHC + GDL dvd recorders,liteon50XXGHC+GDL+dvd-recorders.rmdu,rmdu,00 34,JVC
DVD (standard),Lite-On,Lite-On DD-A100GX,LiteOn DD-A100GX.rmdu,rmdu,00 34,JVC
DVD (standard),Lite-On,Lite-On LVD-2001 MPEG4 DVD Player,Liteon_LVD-2001_MPEG4_DVD_Player.txt,txt,00 5A,NEC1
DVD (standard),Lite-On,Lite-On LVD-5005x,LiteOn_LVW5005x.txt,txt,00 34,JVC
DVD (standard),Lite-On,Lite-On LVW-110x Series DVD-Recorder,Liteon LVW-110x Series DVD-Recorder 1-0.rmdu,rmdu,00 34,JVC
DVD (standard),Lite-On,Lite-On LVW-5001 DVD player,Liteon-LVW-5001-DVD-player.txt,txt,00 5A,NEC1
DVD (standard),Lite-On,Lite-On LVW-5005,Lite-On_LVW-5005.txt,txt,00 5A,NEC1
DVD (standard),Lite-On,Lite-On LVW-5005 DVD Recorder,LiteOn LVW-5005 DVD Recorder_(DVD 1505)_For URC-10820.rmdu,rmdu,00 5A,NEC1
DVD (standard),Lite-On,Lite-On LVW-5006,Lite-On_LVW-5006_DVD_Recorder.txt,txt,00 5A,NEC1
DVD (standard),Lite-On,Lite-On LVW-5026 & 5045 DVD Recorder,Lite-On_LVW-5026&5045_DVD_Recorder.rmdu,rmdu,00 34,JVC
DVD (standard),Lite-On,Lite-On LVW1105HC.txt,Lite-On_LVW1105HC.txt,txt,00 34,JVC
DVD (standard),Lite-On,Lite-On LVW5045 DVR,Lite_On_LVW5045_DVR_v11.txt,txt,00 34,JVC
DVD (standard),Lite-On,Lite-On LVW5101,Lite-On_LVW-5101_DVDR-new.txt,txt,00 5A,NEC1
DVD (standard),Lite-On,Lite-On LVW5115GHC+,LiteOn 5115GHC+ rev1.rmdu,rmdu,00 34,JVC
DVD (standard),MET,MET Cyq've PV-2400i Keymat KED0001 H&B DR900 codes,MET_Cyq-ve_PV-2400i.txt,txt,00 5A,NEC1
DVD (standard),Magnasonic,Magnasonic DVD836-2,Magnasonic DVD836-2.rmdu,rmdu,00 5A,NEC1
DVD (standard),Magnavox,Magnavox BDP170MW8,Magnavox BDP170MW8.rmdu,rmdu,00 5A,NEC1
DVD (standard),Magnavox,Magnavox DVD master file,Magnavox DVD master file.rmdu,rmdu,00 5A,NEC1
DVD (standard),Magnavox,Magnavox H2160MW9 160gb,Magnavox_H2160_160GB.rmdu,rmdu,00 5A,NEC1
DVD (standard),Magnavox,Magnavox MDR533H,Magnavox MDR533H.rmdu,rmdu,00 5A,NEC1
DVD (standard),Magnavox,Magnavox MDV-630R MDV-650R,Magnavox MDV-630R_MDV-650R.txt,txt,00 58,RC-6
DVD (standard),Magnavox,Magnavox MDV422 on URC-6131,Magnavox-mdv422_urc6131.txt,txt,00 58,RC-6
DVD (standard),Magnavox,Magnavox MDVD100,Magnavox_MDVD100.rmdu,rmdu,00 5a,NEC1
DVD (standard),Magnavox,Magnavox MSD126,Magnavox MSD126.rmdu,rmdu,00 5a,NEC1
DVD (standard),Magnavox,Magnavox MSR90D6 DVD Recorder,Magnavox MSR90D6 DVD Recorder.rmdu,rmdu,00 5A,NEC1
DVD (standard),Magnavox,Magnavox MWD200G DVD Player,Magnavox MWD200G.rmdu,rmdu,00 5A,NEC1
DVD (standard),Magnavox,Magnavox mdv422,Magnavox-mdv422.txt,txt,00 58,RC-6
DVD (standard),Malata,Malata 520,Malata_520.txt,txt,00 5A,NEC1
DVD (standard),Malata,Malata DAV3600,Malata DAV3600.txt,txt,00 5A,NEC1
DVD (standard),Malata,Malata N996 DVD,Malata-N996DVD.txt,txt,00 5A,NEC1
DVD (standard),Malata,Malata N996DVD,Malata-N996DVD (rpl-1123).rmdu,rmdu,00 5A,NEC1
DVD (standard),Marantz,Marantz DVD-Discrete Power Commands-KM,Marantz_DVD-Discrete_Power_Commands-KM.txt,txt,00 73,Manual Settings
DVD (standard),Matsui,Matsui DVD 225,Matsui_DVD_225.txt,txt,00 5A,NEC1
DVD (standard),Maxtone,Maxtone MT-800,mt-800.rmdu,rmdu,00 5A,NEC1
DVD (standard),Maxtone,Maxtone RMDVD-838,MAXTONE RMDVD-838.rmdu,rmdu,00 5A,NEC1
DVD (standard),Medion,Medion MD 83500,Medion MD 83500.rmdu,rmdu,00 5A,NECx1
DVD (standard),Memorex,Memorex MVD2016,Memorex MVD2016 DVD Player.rmdu,rmdu,00 5A,NEC1
DVD (standard),Memorex,Memorex MVD2016,Memorex MVD2016 DVD Player.rmdu,rmdu,00 5A,NEC1
DVD (standard),Memorex,Memorex MVD2016BLK DVD,Memorex MVD2016BLK DVD.rmdu,rmdu,00 5A,NEC1
DVD (standard),Memorex,Memorex MVD2025,Memorex-MVD2025.txt,txt,00 5A,NEC1
DVD (standard),Memorex,Memorex MVD2027,Memorex DVD MVD2027.txt,txt,00 5A,NEC1
DVD (standard),Memorex,Memorex MVD2040,Memorex_MVD2040_DVD_Player.txt,txt,00 5A,NEC1
DVD (standard),Memorex,Memorex MVD2042-C,Memorex MVD2042-C DVD Player.rmdu,rmdu,00 5A,NEC1
DVD (standard),Memorex,Memorex MVD2045,Memorex_MVD2045.rmdu,rmdu,00 5A,NEC1
DVD (standard),Memorex,Memorex MVDR2102 dvd recorder,memorex_dvd_recorder_MVDR2102.txt,txt,00 5A,NEC1
DVD (standard),Microsoft,Microsoft Xbox,Microsoft Xbox.rmdu,rmdu,00 AF,RCA
DVD (standard),Microsoft,Microsoft Xbox DVD Remote.rmdu,Microsoft Xbox DVD Remote.rmdu,rmdu,00 af,RCA
DVD (standard),Mintek,Mintek 1600 DVD 0717,Mintek_1600_DVD_0717.txt,txt,00 5A,NEC1
DVD (standard),Mintek,Mintek DVD 1400.rmdu,Mintek DVD 1400.rmdu,rmdu,00 5a,NEC1
DVD (standard),Misuda,Misuda DVD110,Misuda_DVD110.txt,txt,00 5A,NEC1
DVD (standard),Mitsubishi,Mitsubishi CD-4030,Mitsubishi CD-4030.txt,txt,00 14,Mitsubishi
DVD (standard),Momitsu,Momitsu - V880,Momitsu - V880.txt,txt,00 5A,NEC1
DVD (standard),Momitsu,Momitsu - V880 modified for URC9910,Momitsu - V880 modified for URC9910.txt,txt,00 5A,NEC1
DVD (standard),Momitsu,Momitsu Network Digital Media Player - V880N.rmdu,Momitsu Network Digital Media Player - V880N.rmdu,rmdu,00 5a,NEC1
DVD (standard),Momitsu,Momitsu V880N DVD player.rmdu,Momitsu V880N DVD player.rmdu,rmdu,00 5a,NEC1
DVD (standard),Mustek,Mustek DVD V520,Mustek_DVD_V520.txt,txt,00 5A,NEC1
DVD (standard),Nakamichi,Nakamichi DVD-10s DVD Player,NAKAMICHI_DVD-10s.txt,txt,00 5A,NEC1
DVD (standard),NetGear,NetGear AV2000,NetGear-AV2000.txt,txt,00 E8,RC-5
DVD (standard),NeuNeo,NeuNeo 2085,NeuNeo 2085 DVD Player.rmdu,rmdu,00 5A,NEC1
DVD (standard),Nexxtech,Nexxtech,Nexxtech_DVD_Player.txt,txt,00 5A,NEC1
DVD (standard),Nintaus,Nintaus DVD-N9901,Nintaus-DVD-N9901.txt,txt,00 5A,NEC2
DVD (standard),Norcent,Norcent DP220,Norcent_DP220.rmdu,rmdu,00 5a,NEC1
DVD (standard),Norcent,Norcent DP220 URC-9910,Norcent_DP220_DVD_URC-9910.txt,txt,00 5A,NEC1
DVD (standard),Norcent,Norcent DP300,Norcent DP300.rmdu,rmdu,00 5A,NEC1
DVD (standard),Norcent,Norcent DP300,Norcent_DP300.txt,txt,00 5A,NEC1
DVD (standard),Norcent,Norcent DP300-2(URC8810),Norcent_DP300-2(URC8810).txt,txt,00 5A,NEC1
DVD (standard),Norcent,Norcent DP302V DVD URC-8910,Norcent_DP302V_DVD_URC-8910.txt,txt,00 5A,NEC1
DVD (standard),Nova,Nova DV-D311 DVD,Nova_DVD_311.txt,txt,00 5A,NEC1
DVD (standard),Nova,Nova DV-P4133 DVD,Nova_DVD_4133.txt,txt,00 5A,NEC1
DVD (standard),Nova,Nova DV-P511 DVD,Nova_DVD_511.txt,txt,00 5A,NEC1
DVD (standard),Nova,Nova DV-P5133 DVD,Nova_DVD_5133.txt,txt,00 5A,NEC1
DVD (standard),Nova,Nova DV-P611,Nova DV-P611.rmdu,rmdu,00 5A,NEC1
DVD (standard),Nova,Nova PD749 Portable DVD Player,Nova_DVD_749.txt,txt,00 5A,NEC1
DVD (standard),ONN,ONN DH300BUSB,DVD PLAYER - ONN_DH300BUSB - RS15-1994.rmdu,rmdu,00 5A,NEC1
DVD (standard),Omni,Omni SPL-3000G DVD (code 0698),Omni_SPL-3000G_DVD_(code 0698).txt,txt,00 5A,NEC1
DVD (standard),Onkyo,Onkyo DV-C600,Onkyo-dv-c600.txt,txt,00 5A,NEC1
DVD (standard),Onkyo,Onkyo DV-C600,Onkyo-dv-c600.txt,txt,00 5A,NEC1
DVD (standard),Onkyo,Onkyo DV-CP500,Onkyo_DV-CP500.txt,txt,00 5A,NEC1
DVD (standard),Onkyo,Onkyo DV-CP702 DVD Player,ONKYO DVD Player DV-CP702.rmdu,rmdu,00 B6,NEC1 Combo
DVD (standard),Onkyo,Onkyo DV-S535,Onkyo-DV-S535.txt,txt,00 5A,NEC1
DVD (standard),Onkyo,Onkyo DV-SP301,Onkyo_DV-SP301.txt,txt,00 5A,NEC1
DVD (standard),Onkyo,Onkyo DV-SP301 DVD.rmdu,Onkyo DV-SP301 DVD.rmdu,rmdu,00 5a,NEC1
DVD (standard),Onkyo,Onkyo DV-SP302,Onkyo_DV-SP302.txt,txt,00 5A,NEC2
DVD (standard),Onkyo,Onkyo DV-SP302 DVD,Onkyo_DV-SP302_DVD.txt,txt,00 5A,NEC1
DVD (standard),Onkyo,Onkyo DV525,Onkyo-DV525.txt,txt,00 5A,NEC1
DVD (standard),Onkyo,Onkyo DVD Using RI.rmdu,Onkyo DVD Using RI.rmdu,rmdu,00 b6,NEC1 Combo
DVD (standard),Onyx,Onyx SW2200XS,Onyx SW2200XS.rmdu,rmdu,00 5A,NEC1
DVD (standard),Oppo,Oppo DV-970HD,Oppo DV-970HD.rmdu,rmdu,00 5A,NEC1
DVD (standard),OppoDigital,OppoDigital DV-970HD,Oppo_Digital_DV-970HD.txt,txt,00 5A,NEC1
DVD (standard),OppoDigital,OppoDigital DV-980H Upscaling DVD Player,Oppo DV-980H Upscaling DVD Player.rmdu,rmdu,00 5A,NEC1
DVD (standard),OppoDigital,OppoDigital DV-981HD,Oppo_Digital_DV-981HD-New_6131.txt,txt,00 5A,NEC1
DVD (standard),OppoDigital,OppoDigital OPDV971H,OppoDigital_OPDV971H-New.txt,txt,00 5A,NEC1
DVD (standard),OppoDigital,OppoDigital OPDV971H,OppoDigital_OPDV971H.txt,txt,00 5A,NEC1
DVD (standard),OppoDigital,OppoDigital OPDV971H DVD,OPDV971H DVD URC881x.rmdu,rmdu,00 5a,NEC2
DVD (standard),OppoDigital,OppoDigital OPDV971H DVD,OPDV971H DVD.rmdu,rmdu,00 5a,NEC1
DVD (standard),Oritron,Oritron & Koss DVDs (DVD-0651),Oritron_&_Koss_DVDs_(DVD-0651).txt,txt,00 45,RECS80 (45)
DVD (standard),Oritron,Oritron DVD 0651,OritronDVD_0651.txt,txt,00 45,Manual Settings
DVD (standard),PHILCO,PHILCO 9200 DVD ok,PHILCO_9200_DVD_ok.txt,txt,00 5A,NEC1
DVD (standard),PS2,PS2 DVD,PS2 DVD.txt,txt,00 DE,Sony20
DVD (standard),Pacific,Pacific DVD-750 (ASDA-UK),Pacific_DVD-750_(ASDA-UK).txt,txt,00 5A,NEC1
DVD (standard),Panasonic,Panasonic DMR E80H,Panasonic_DMR_E80H.txt,txt,00 C9,Panasonic
DVD (standard),Panasonic,Panasonic DMR E85H,Panasonic_DMR-E85H.txt,txt,00 C9,Panasonic
DVD (standard),Panasonic,Panasonic DMR HS2.rmdu,Panasonic DMR HS2.rmdu,rmdu,00 c9,Panasonic
DVD (standard),Panasonic,Panasonic DMR-E50,Panasonic DMR-E50.rmdu,rmdu,00 C9,Panasonic
DVD (standard),Panasonic,Panasonic DMR-E85,Panasonic_DMR_E85H 8.txt,txt,00 C9,Panasonic
DVD (standard),Panasonic,Panasonic DMR-E85H,Panasonic_DMR-E85H_DVR.txt,txt,00 C9,Panasonic
DVD (standard),Panasonic,Panasonic DMR-EH55 (Japan),Panasonic DMR-EH55-Combo.rmdu,rmdu,00 CD,Panasonic Combo
DVD (standard),Panasonic,Panasonic DMR-EX77 EB,Panasonic_DMR-EX77EB.txt,txt,00 CD,Panasonic Combo
DVD (standard),Panasonic,Panasonic DMR-EX77-EB,PANASONIC DMR-EX77EB.rmdu,rmdu,00 CD,Panasonic Combo
DVD (standard),Panasonic,Panasonic DMR-EX78EB DVD,Panasonic DMR-EX78EB.rmdu,rmdu,00 C9,Panasonic
DVD (standard),Panasonic,Panasonic DMR-EX85 DVD recorder,Panasonic DMR-EX85 (for remote in default mode).rmdu,rmdu,00 CD,Panasonic Combo
DVD (standard),Panasonic,Panasonic DMR-EX85 DVD/HDD (Remote*Mode2*) update8.8.12,Panasonic DMR-EX85 (RemoteMode2).rmdu,rmdu,00 CD,Panasonic Combo
DVD (standard),Panasonic,Panasonic DMR-EZ27,Panasonic_DMR-EZ27.txt,txt,00 C9,Panasonic
DVD (standard),Panasonic,Panasonic DMRE-95H,Panasonic DMR-E95H.rmdu,rmdu,00 C9,Panasonic
DVD (standard),Panasonic,Panasonic DMRE60 full set.km,Panasonic DMRE60 full set.rmdu,rmdu,00 c9,Panasonic
DVD (standard),Panasonic,Panasonic DMRE60 set,Panasonic DMRE60 set.txt,txt,00 C9,Panasonic
DVD (standard),Panasonic,Panasonic DVD *** master *** (KM version),Panasonic_DVD_Master.txt,txt,00 C9,Panasonic
DVD (standard),Panasonic,Panasonic DVD *** master *** (KM version),Panasonic_DVD_Master.txt,txt,00 CD,Panasonic Combo
DVD (standard),Panasonic,Panasonic DVD *** master *** (RM version),Panasonic DVD Master.rmdu,rmdu,00 C9,Panasonic
DVD (standard),Panasonic,Panasonic DVD *** master *** (RM version2),Panasonic DVD Master2.rmdu,rmdu,00 CD,Panasonic Combo
DVD (standard),Panasonic,Panasonic DVD DMR-EH50 Recorder,Panasonic DVD Recorder DMR-EH50.rmdu,rmdu,00 c9,Panasonic
DVD (standard),Panasonic,Panasonic DVD F87/F84/F86,Panasonic DVD F87.rmdu,rmdu,00 C9,Panasonic
DVD (standard),Panasonic,Panasonic DVD XP30 Player,Panasonic_DVD_Player_XP30.txt,txt,00 C9,Panasonic
DVD (standard),Panasonic,Panasonic DVD master (part1),Panasonic_DVD_Master_pt1.txt,txt,00 C9,Panasonic
DVD (standard),Panasonic,Panasonic DVD master (part2),Panasonic_DVD_Master_pt2.txt,txt,00 C9,Panasonic
DVD (standard),Panasonic,Panasonic DVD-CP72,Panasonic DVD-CP72.txt,txt,00 C9,Panasonic
DVD (standard),Panasonic,Panasonic DVD-RA60,Panasonic DVD-RA60.txt,txt,00 C9,Panasonic
DVD (standard),Panasonic,Panasonic DVD-RP62 DVD Player,Panasonic_DVD-RP62_DVD_Player.txt,txt,00 C9,Panasonic
DVD (standard),Panasonic,Panasonic DVD-RP91D DVD Player,Panasonic_DVD-RP91D_DVD_Player.txt,txt,00 C9,Panasonic
DVD (standard),Panasonic,Panasonic DVD-RV32,Panasonic_DVD-RV32.txt,txt,00 C9,Panasonic
DVD (standard),Panasonic,Panasonic DVD-RV65,Panasonic DVD-RV65.txt,txt,00 C9,Panasonic
DVD (standard),Panasonic,Panasonic DVD-S35,Panasonic-DVD-S35-egd.txt,txt,00 C9,Panasonic
DVD (standard),Panasonic,Panasonic DVD-S47,Pansonic DVD S47.txt,txt,00 C9,Panasonic
DVD (standard),Panasonic,Panasonic DVD-S53,Panasonic DVD-S53 upgr.rmdu,rmdu,00 C9,Panasonic
DVD (standard),Panasonic,Panasonic DVD-S59.,Panasonic DVD-S59.rmdu,rmdu,00 C9,Panasonic
DVD (standard),Panasonic,Panasonic DVD-S77,Panasonic_DVD-S77-CBL1091-15-2117.txt,txt,00 C9,Panasonic
DVD (standard),Panasonic,Panasonic Q (Japan-only DVD player/Nintendo Gamecube combo),0490_Panasonic_Q (remote master).rmdu,rmdu,00 C9,Panasonic
DVD (standard),Panasonic,Panasonic Region-Free Hack.rmdu,Panasonic Region-Free Hack.rmdu,rmdu,00 c9,Panasonic
DVD (standard),Panasonic,Panasonic S35 for OFA 8910 URC,Panasonic S35 DVD.rmdu,rmdu,00 c9,Panasonic
DVD (standard),Philips,Philips DSX6170,Philips_DSX6170.rmdu,rmdu,00 58,RC-6
DVD (standard),Philips,Philips DVD 762,Philips DVD 762.txt,txt,00 58,RC-6
DVD (standard),Philips,Philips DVD-825AT,Philips-DVD-825AT.txt,txt,00 58,RC-6
DVD (standard),Philips,Philips DVD/HDD Recorder (HDRW720/17) Upgrade,Philips DVD-HDD Recorder HDRW720-17.rmdu,rmdu,00 58,RC-6
DVD (standard),Philips,Philips DVD/HDD Recorder (HDRW720/17) Upgrade : Updated,Philips DVD-HDD Recorder HDRW720-17 with Discrete Codes.rmdu,rmdu,00 58,RC-6
DVD (standard),Philips,Philips DVD1538,PhilipsDVD1538.rmdu,rmdu,00 58,RC-6
DVD (standard),Philips,Philips DVD782C,philips-dvd782c_v2.txt,txt,00 58,RC-6
DVD (standard),Philips,Philips DVDR 3360H,Philips DVDR-3360H.rmdu,rmdu,00 58,RC-6
DVD (standard),Philips,Philips DVDR 3400-37 DVD Recorder,Philips DVD Recorder DVDR 3400-37 URC-10820 DVD 0340.rmdu,rmdu,00 58,RC-6
DVD (standard),Philips,Philips DVDR 3575H,Philips DVDR-3575H.rmdu,rmdu,00 58,RC-6
DVD (standard),Philips,Philips DVDR-3400 (RegionFree recorder),Philips-DVDR-3400(RegionFree).txt,txt,00 58,RC-6
DVD (standard),Philips,Philips DVDR-3455H,Philips DVDR-3455H.rmdu,rmdu,00 58,RC-6
DVD (standard),Philips,Philips DVDR-3475,Philips_DVDR-3475-Recorder-v1.txt,txt,00 58,RC-6
DVD (standard),Philips,Philips DVDR-3505,Philips DVDR-3505.rmdu,rmdu,00 58,RC-6
DVD (standard),Philips,Philips DVDR-615,Phillips_DVDR-615.txt,txt,00 58,RC-6
DVD (standard),Philips,Philips DVDR3505,Philips DVDR-3505 for vizio vur8 01 26 2010.rmdu,rmdu,00 58,RC-6
DVD (standard),Philips,Philips DVDR3575H/37,Philips DVDR3575H37.rmdu,rmdu,00 58,RC-6
DVD (standard),Philips,Philips DVDR70,Philips DVDR70 1125_2330.rmdu,rmdu,00 58,RC-6
DVD (standard),Philips,Philips DVDR70 with region-free code,Philips DVDR70for 8820.rmdu,rmdu,00 58,RC-6
DVD (standard),Philips,Philips DVDR80,Philips_DVDR80.txt,txt,00 58,RC-6
DVD (standard),Philips,Philips DVDR985 DVD 8910,Philips_DVDR985_DVD_8910.txt,txt,00 58,RC-6
DVD (standard),Philips,Philips DVDR985 DVD recorder,Philips_DVDR985_DVD_recorder.txt,txt,00 58,RC-6
DVD (standard),Philips,Philips DVP 3960,Philips_DVP3960.txt,txt,00 58,RC-6
DVD (standard),Philips,Philips DVP-3124,Philips_DVP-3124.rmdu,rmdu,00 58,RC-6
DVD (standard),Philips,Philips DVP-3140,Philips DVP-3140.rmdu,rmdu,00 58,RC-6
DVD (standard),Philips,Philips DVP-3962/37,Philips DVP-3962-37.rmdu,rmdu,00 58,RC-6
DVD (standard),Philips,Philips DVP-5960,Philips_DVP5100K-78.txt,txt,00 58,RC-6
DVD (standard),Philips,Philips DVP-5980,Philips dvp-5980 ver1.rmdu,rmdu,00 58,RC-6
DVD (standard),Philips,Philips DVP5960,Philips_DVP5960_DVD_Player.txt,txt,00 58,RC-6
DVD (standard),Philips,Philips DVP5982-37,Philips_DVP5982-37 URC6690.txt,txt,00 58,RC-6
DVD (standard),Philips,Philips DVP5990-37,Philips DVP5990-37.rmdu,rmdu,00 58,RC-6
DVD (standard),Philips,Philips DVP642,Philips-DVP642.txt,txt,00 58,RC-6
DVD (standard),Philips,Philips DVP642,Philips_DVP642.rmdu,rmdu,00 58,RC-6
DVD (standard),Philips,Philips DVP642 DVD player-tf,Philips-DVP642_DVD_player-tf.txt,txt,00 58,RC-6
DVD (standard),Philips,Philips DVP642 May 2006,Philips_DVP-642 Functions Only.txt,txt,00 58,RC-6
DVD (standard),Philips,Philips DVP642-17 DVD player,Philips DVP642-17 for URC-8910.rmdu,rmdu,00 58,RC-6
DVD (standard),Philips,Philips DVR-5990,Philips_DVR-5990-v1.txt,txt,00 58,RC-6
DVD (standard),Philo,Philo DVD Player,Philo_DVD_Player.txt,txt,00 5A,NEC1
DVD (standard),Phonotrend,Phonotrend Prestige DVD2200,Phonotrend Prestige DVD2200-8.rmdu,rmdu,00 5A,NEC1
DVD (standard),Phonotrend,Phonotrend Prestige DVD2200,Phonotrend Prestige DVD2200.rmdu,rmdu,00 5A,NEC1
DVD (standard),Pioneer,Pioneer 540 HX-S DVD recorder,Pioneer_DVD_Recorder_DVR-540HX-S.txt,txt,00 7E,Pioneer MIX
DVD (standard),Pioneer,Pioneer DV-250 - URC9910,Pioneer_DV-250 - 9910.txt,txt,01 7E,Pioneer DVD
DVD (standard),Pioneer,Pioneer DV-310,Pioneer DV-310.rmdu,rmdu,00 7E,Pioneer MIX
DVD (standard),Pioneer,Pioneer DV-333,PioneerDVD333.txt,txt,00 7e,Pioneer DVD
DVD (standard),Pioneer,Pioneer DV-350 for URC7562,Pioneer_dv350_1571.txt,txt,00 7E,Pioneer DVD
DVD (standard),Pioneer,Pioneer DV-400V-S,Pioneer DV-400V-S.rmdu,rmdu,00 7E,Pioneer MIX
DVD (standard),Pioneer,Pioneer DV-410V-S DVD Player,P-DV-410V-S-Fd.rmdu,rmdu,00 7E,Pioneer MIX
DVD (standard),Pioneer,Pioneer DV-414,PioneerDVD414.txt,txt,00 7E,Pioneer DVD
DVD (standard),Pioneer,Pioneer DV-444 DVD 1571,Pioneer DV-444 DVD 1571.txt,txt,01 7E,Pioneer DVD
DVD (standard),Pioneer,Pioneer DV-48AV,Pioneer DV-48AV.rmdu,rmdu,00 7E,Pioneer MIX
DVD (standard),Pioneer,Pioneer DV-525,Pioneer-DV525-v5-06.txt,txt,00 7E,Pioneer DVD
DVD (standard),Pioneer,Pioneer DV-563-AS and DV-588-AS DVD Players,Pioneer DV-563AS and DV-588AS DVD Player.rmdu,rmdu,00 7e,Pioneer DVD2
DVD (standard),Pioneer,Pioneer DV-563A DVD Player for URC9910,Pioneer DV-563-AS and DV-588-AS DVD Player for URC9910.txt,txt,00 7E,Pioneer DVD2
DVD (standard),Pioneer,Pioneer DV-565A / VXX2865,Pioneer DV-565A VXX2865.rmdu,rmdu,00 7E,Pioneer MIX
DVD (standard),Pioneer,Pioneer DV-578a,Pioneer578a.txt,txt,01 7E,Pioneer DVD
DVD (standard),Pioneer,Pioneer DV-C503,Pioneer_DV-C503.txt,txt,01 7E,Pioneer DVD
DVD (standard),Pioneer,Pioneer DV-C505 Remote VXX2811.rmdu,Pioneer DV-C505 Remote VXX2811.rmdu,rmdu,00 7e,Pioneer DVD
DVD (standard),Pioneer,Pioneer DV-F727,Pioneer_DV-F727.txt,txt,01 7E,Pioneer DVD
DVD (standard),Pioneer,Pioneer DV420,Pionerr_DV420.rmdu,rmdu,00 7E,Pioneer MIX
DVD (standard),Pioneer,Pioneer DV525 - DVD/0571,Pioneer_DV525_-_DVD-0571.txt,txt,00 7E,Pioneer DVD
DVD (standard),Pioneer,Pioneer DVD Recorder DVR-220-s,Pioneer DVD Recorder DVR-220-s.rmdu,rmdu,00 7e,Pioneer MIX
DVD (standard),Pioneer,Pioneer DVD Recorder DVR-231-S,Pioneer DVD Recorder DVR-231-S.rmdu,rmdu,00 7e,Pioneer MIX
DVD (standard),Pioneer,Pioneer DVD Recorder DVR-520HS,Pioneer_DVD_Recorder_DVR-520HS.txt,txt,00 7E,Pioneer MIX
DVD (standard),Pioneer,Pioneer DVD Recorder DVR-630H-S,Pioneer DVD Recorder DVR-630H-S.txt,txt,00 7E,Pioneer MIX
DVD (standard),Pioneer,Pioneer DVD Recorder DVR-HS_recorder2,Pioneer DVD Recorder DVR-HS_recorder2.rmdu,rmdu,00 7E,Pioneer MIX
DVD (standard),Pioneer,Pioneer DVD Recorder DVR-HS_recorder3,Pioneer DVD Recorder DVR-HS_recorder3.rmdu,rmdu,00 7E,Pioneer MIX
DVD (standard),Pioneer,Pioneer DVD Region Free Code,Pioneer_Region_Free_DVD.txt,txt,00 FF,Manual Settings
DVD (standard),Pioneer,Pioneer DVL-909,Pioneer DVL-909.txt,txt,00 7E,Pioneer DVD
DVD (standard),Pioneer,Pioneer DVR HX series (with discretes),Pioneer DVR HX Series.txt,txt,01 7F,Pioneer MIX
DVD (standard),Pioneer,Pioneer DVR-533H,Pioneer DVR-533H.rmdu,rmdu,00 7E,Pioneer MIX
DVD (standard),Pioneer,Pioneer Improved DVD0571 setup.rmdu,Pioneer Improved DVD0571 setup.rmdu,rmdu,00 7e,Pioneer DVD
DVD (standard),Pioneer,Pioneer improved DVD/0571 upgrade,Pioneer Improved DVD0571-2 setup.rmdu,rmdu,00 7E,Pioneer MIX
DVD (standard),Pioneer,Pioneer service remote GGF1381,Pioneer_service_remote_GGF1381.txt,txt,00 E2,Pioneer
DVD (standard),Polaroid,Polaroid DRA-01601A HDD-DVD Recorder v02.rmdu,Polaroid DRA-01601A HDD-DVD Recorder v02.rmdu,rmdu,00 5A,NEC1
DVD (standard),Polaroid,Polaroid DRM-2001G HDD-DVD Recorder.rmdu,Polaroid DRM-2001G HDD-DVD Recorder.rmdu,rmdu,00 5a,NEC1
DVD (standard),Polaroid,Polaroid DRM-2001G HDD/DVD Recorder,Polaroid DRM-2001G HDD-DVD Recorder.rmdu,rmdu,00 5A,NEC1
DVD (standard),Polaroid,Polaroid DVC-2000 (DVD),Polaroid_DVC-2000 (DVD).txt,txt,00 5A,NEC1
DVD (standard),Polaroid,Polaroid DVP-500,Polaroid DVP-500 New.rmdu,rmdu,00 5A,NEC1
DVD (standard),Polaroid,Polaroid PDM-0725,Polaroid_PDM-0725.txt,txt,01 FF,Manual Settings
DVD (standard),Polaroid,Polaroid PDV-0700 DVD player,Polaroid_PDV-0700_DVD_player.txt,txt,00 5A,NEC1
DVD (standard),Polaroid,Polaroid PDV-0700 DVD player.rmdu,Polaroid PDV-0700 DVD player.rmdu,rmdu,00 5a,NEC1
DVD (standard),Polaroid,Polaroid PDV-0701,Polaroid_PDV-0701_DVD_player for 8811.txt,txt,00 5A,NEC1
DVD (standard),Prima,Prima DVD 0766,Prima_DVD_0766.txt,txt,00 5A,NEC1
DVD (standard),Prima,Prima DVD 1016,Prima_DVD_1016.txt,txt,00 E8,RC-5
DVD (standard),Prima,Prima DVD 1228,Prima_DVD_1228.txt,txt,00 5A,NEC1
DVD (standard),Protron,Protron PD-800,Protron PD-800.rmdu,rmdu,00 5A,NEC1
DVD (standard),Protronic,Protronic / SpectronIQ PDV-768,protronicPDV768.rmdu,rmdu,00 5A,NEC1
DVD (standard),Proview,Proview DVD DVP816,Proview_DVD_DVP816.txt,txt,00 5A,NEC1
DVD (standard),RCA,RCA DRC200N,RCA_DRC200N.txt,txt,00 5A,NEC1
DVD (standard),RCA,RCA DRC8052Nx DVD Recorder,RCA DRC8052Nx DVD Recorder.rmdu,rmdu,00 AF,RCA
DVD (standard),RCA,RCA DVD RC5220P,RCA DVD RC5220P.rmdu,rmdu,00 af,RCA
DVD (standard),RCA,RCA HT1000 DVD 1487,RM RCA HT1000 DVD 1487.rmdu,rmdu,00 5a,NEC1
DVD (standard),REALmagic,REALmagic remote for 15-2116,REALmagic_remote_for_15-2116.txt,txt,00 5A,NEC1
DVD (standard),RJTech,RJTech RJ-1500DVXII,RJTech RJ-1500DVXII.rmdu,rmdu,00 5a,NEC1
DVD (standard),RJTech,RJTech RJ4000 Divx-DVD,RJTech_RJ4000_Divx-DVD.txt,txt,00 5A,NEC1
DVD (standard),Raite,Raite AV715,Raite-AV715.txt,txt,00 5A,NEC1
DVD (standard),Regent,Regent HT-500,Regent HT-500 DVD.txt,txt,00 5A,NEC1
DVD (standard),Revoy,Revoy DVD,Revoy-DVD.txt,txt,00 5A,NEC1
DVD (standard),Rowa,Rowa RD550,Rowa-RD550.txt,txt,00 5A,NEC1
DVD (standard),SACD,SACD,SACD.txt,txt,,Pioneer DVD2
DVD (standard),SVA,SVA DP262 DVD,SVA_DVD_Player_1105.txt,txt,00 5A,NEC1
DVD (standard),Saitek,Saitek DVD Commander II PS2 Playstation 2,Saitek DVD Commander II Playstation 2.rmdu,rmdu,01 BF,Manual Settings\: 01 BF
DVD (standard),Saitek,Saitek PS2,Saitek PS2.txt,txt,01 BF,Manual Settings
DVD (standard),Sampo,Sampo 611 DVD KM,Sampo_611_DVD_KM.txt,txt,00 5A,NEC1
DVD (standard),Sampo,Sampo DVE-612(N),Sampo-DVE-612(N).txt,txt,00 5A,NEC1
DVD (standard),Sampo,Sampo DVE-681P,Sampo_DVE-681P.txt,txt,00 5A,NEC1
DVD (standard),Sampo,Sampo DVE620,Sampo-DVE620.txt,txt,00 5A,NEC1
DVD (standard),Sampo,Sampo DVE631CF,Sampo_DVE631CF.txt,txt,00 5A,NEC1
DVD (standard),Samsung,Samsung DVD HD-841,Samsung DVD HD-841.txt,txt,00 5E,Aiwa
DVD (standard),Samsung,Samsung DVD HD-931,Samsung DVD HD-931.txt,txt,00 5E,Aiwa
DVD (standard),Samsung,Samsung DVD HR725,Samsung_DVD_HR725.txt,txt,01 5C,Manual Settings
DVD (standard),Samsung,Samsung DVD HR725 (RM),Samsung DVD HR725.rmdu,rmdu,01 FF,Manual Settings
DVD (standard),Samsung,Samsung DVD HR735,Samsung_DVD_HR735_KM.txt,txt,01 5C,Manual Settings
DVD (standard),Samsung,Samsung DVD Master (Aiwa 102),Samsung DVD master.rmdu,rmdu,00 5E,Aiwa
DVD (standard),Samsung,Samsung DVD SH895,Samsung SH 895.rmdu,rmdu,01 B5,Samsung36
DVD (standard),Samsung,Samsung DVD-1080P7 Hi-Def DVD,Samsung_DVD-1080P7_Hi-Def_DVD.txt,txt,00 5E,Aiwa
DVD (standard),Samsung,Samsung DVD-1080P9,Samsung DVD-1080P9.rmdu,rmdu,00 5E,Aiwa
DVD (standard),Samsung,Samsung DVD-AR650.rmdu,Samsung DVD-AR650.rmdu,rmdu,00 5E,Aiwa
DVD (standard),Samsung,Samsung DVD-HD841.rmdu,Samsung DVD-HD841.rmdu,rmdu,00 5E,Aiwa
DVD (standard),Samsung,Samsung DVD-HD850,Samsung_DVD-HD850.txt,txt,00 5E,Aiwa
DVD (standard),Samsung,Samsung DVD-HD960 DVD Player,Samsung DVD-HD960 DVD Player.rmdu,rmdu,00 5E,Aiwa
DVD (standard),Samsung,Samsung DVD-HD960 DVD Player,Samsung_DVD-HD960_DVD_Player.txt,txt,00 5E,Aiwa
DVD (standard),Samsung,Samsung DVD-M301 DVD,Samsung_DVD-M301.txt,txt,00 5E,Aiwa
DVD (standard),Samsung,Samsung DVD-M301.rmdu,Samsung DVD-M301.rmdu,rmdu,00 5e,Aiwa
DVD (standard),Samsung,Samsung DVD-R130 / Samsung 00055B,Samsung DVD-R130 00055B.rmdu,rmdu,00 5E,Aiwa
DVD (standard),Samsung,Samsung DVD-R155 DVD Recorder,Samsung dvd-r155.rmdu,rmdu,00 5E,Aiwa
DVD (standard),Samsung,Samsung E360 DVD Player.rdmu,Samsung E360 DVD Player.rmdu,rmdu,00 5E,Aiwa
DVD (standard),Samsung,Samsung HD841.rmdu,Samsung HD841.rmdu,rmdu,00 5e,Aiwa
DVD (standard),Samsung,Samsung HD931 DVD player,Samsung HD931 DVD on Atlas URC 11055.rmdu,rmdu,00 5E,Aiwa
DVD (standard),Samsung,Samsung HR-735 DVD recorder,Samsung_DVD_HR735.rmdu,rmdu,01 5C,Manual Settings
DVD (standard),Samsung,Samsung HT-DM150,Samsung-HT-DM150.txt,txt,00 5A,NECx2
DVD (standard),Sanyo,Sanyo DRW500 DVD recorder,Sanyo DRW500.rmdu,rmdu,00 5A,NEC1
DVD (standard),Sanyo,Sanyo DVD-0670,Sanyo-DVD-0670.txt,txt,00 5A,NEC1
DVD (standard),Sanyo,Sanyo DWM-370,Sanyo DWM-370.rmdu,rmdu,00 5a,NEC1
DVD (standard),Scan,Scan SC2000 DVD,Scan-SC2000-DVD.txt,txt,00 5A,NEC1
DVD (standard),Sears,Sears 57-30038,Sears_DVDR 2005-1-16.txt,txt,00 5A,NEC1
DVD (standard),Sharp,Sharp DV740,Sharp_DV740.txt,txt,00 5A,NEC1
DVD (standard),Sharp,Sharp dv600,Sharpdv600.txt,txt,00 F8,Sharp DVD
DVD (standard),Shinsonic,Shinsonic DVD-100,Shinsonic-DVD-100.txt,txt,00 5A,NEC1
DVD (standard),SilverCrest,SilverCrest / eBench KH 6507,SilverCrest_KH6507_7562.txt,txt,00 5A,NEC1
DVD (standard),Silvercrest,Silvercrest KH6515,SilverCrest_KH6515.txt,txt,00 5A,NEC1
DVD (standard),Skywood,Skywood DVD-833A,Skywood DVD-833A.rmdu,rmdu,00 5A,NEC1
DVD (standard),Skyworth,Skyworth 1050P DVD,Skyworth 1050P DVD.txt,txt,00 5A,NEC2
DVD (standard),Skyworth,Skyworth DVD-1050P,Skyworth_1050P_DVD.txt,txt,00 5A,NEC1
DVD (standard),Sony,Sony BDP-BX37,Sony BDP-BX37.rmdu,rmdu,00 27,Sony Combo (12/15/20)
DVD (standard),Sony,Sony DAV-SC5,Sony_DVDR_GX-300.txt,txt,00 DE,Sony20
DVD (standard),Sony,Sony DAVS500 DVD temp,Sony-DAVS500-DVD-temp.txt,txt,00 27,Sony Combo
DVD (standard),Sony,Sony DVD DVP-NS405,Sony_DVD_DVP-NS405.txt,txt,00 DE,Sony20
DVD (standard),Sony,Sony DVD-NS55P,Sony_DVP-NS55P.rmdu,rmdu,00 27,Sony Combo (12/15/20)
DVD (standard),Sony,Sony DVP CX 985V DVD,Sony DVP CX 985V.rmdu,rmdu,00 DE,Sony20
DVD (standard),Sony,Sony DVP NS41P,Sony DVP NS41P.txt,txt,00 DE,Sony20
DVD (standard),Sony,Sony DVP NS730p l,Sony_DVP_NS730p_l.txt,txt,00 DE,Sony20
DVD (standard),Sony,Sony DVP NS77H,Sony_DVP-NS77H.txt,txt,00 DE,Sony20
DVD (standard),Sony,Sony DVP-360,Sony DVP-360.rmdu,rmdu,00 DE,Sony20
DVD (standard),Sony,Sony DVP-C600D,Sony DVP-C600D.txt,txt,00 DE,Sony20
DVD (standard),Sony,Sony DVP-C670D,Sony DVP-C670D.txt,txt,00 DE,Sony20
DVD (standard),Sony,Sony DVP-CX875P,Sony_DVP-CX875P_DVD_0533.txt,txt,00 27,Sony Combo
DVD (standard),Sony,Sony DVP-CX985V,Sony_DVP-CX985V.txt,txt,00 27,Sony Combo
DVD (standard),Sony,Sony DVP-CX995V Jukebox & Remote RM-ASP001,Sony_DVP-CX995V_1.txt,txt,00 27,Sony Combo (12/15/20)
DVD (standard),Sony,Sony DVP-CX995V Jukebox (Command Mode 2),Sony_DVP-CX995V_2.txt,txt,00 27,Sony Combo (12/15/20)
DVD (standard),Sony,Sony DVP-CX995V Jukebox (Command Mode 3),Sony_DVP-CX995V_3.txt,txt,00 27,Sony Combo (12/15/20)
DVD (standard),Sony,Sony DVP-NC665P 5-Disk DVD Changer.rmdu,Sony DVP-NC665P 5-Disk DVD Changer.rmdu,rmdu,00 DE,Sony20
DVD (standard),Sony,Sony DVP-NC665P DVD Player.rmdu,Sony DVP-NC665P DVD Player.rmdu,rmdu,00 de,Sony20
DVD (standard),Sony,Sony DVP-NC85H,Sony_DVD_Player_DVP-NC85H.txt,txt,01 27,Sony Combo (12/15/20)
DVD (standard),Sony,Sony DVP-NS15 for OFA 8910 URC,Sony DVP-NS15 DVD.rmdu,rmdu,00 de,Sony20
DVD (standard),Sony,Sony DVP-NS355 and DVP-NS585P,Sony DVP-NS355.rmdu,rmdu,00 27,Sony Combo (12/15/20)
DVD (standard),Sony,Sony DVP-NS501P (14 functions),Sony DVP-NS501P Partial.rmdu,rmdu,00 de,Sony20
DVD (standard),Sony,Sony DVP-NS50P DVD Player,Sony DVP-NS50P DVD Player.rmdu,rmdu,00 27,Sony Combo (12/15/20)
DVD (standard),Sony,Sony DVP-NS55P,Sony_DVD_1533_8910_new2.txt,txt,01 27,Sony Combo (12/15/20)
DVD (standard),Sony,Sony DVP-NS575,SonyDVPNS575_notes&sup.rmdu,rmdu,00 27,Sony Combo (12/15/20)
DVD (standard),Sony,Sony DVP-NS57P,Sony_DVP-NS57P.rmdu,rmdu,00 27,Sony Combo (12/15/20)
DVD (standard),Sony,Sony DVP-NS715P,Sony_DVP-NS715P.txt,txt,00 DE,Sony20
DVD (standard),Sony,Sony DVP-NS755V.rmdu,Sony DVP-NS755V.rmdu,rmdu,00 DE,Sony20
DVD (standard),Sony,Sony DVP-NS75H.rmdu,Sony DVP-NS75H.rmdu,rmdu,00 27,Sony Combo (12/20)
DVD (standard),Sony,Sony DVP-NS903V,Sony DVP-NS903v.rmdu,rmdu,00 DE,Sony20
DVD (standard),Sony,Sony DVP-S330,Sony DVP-S330.txt,txt,00 DE,Sony20
DVD (standard),Sony,Sony DVP-S550D DVD,Sony DVP-S550D DVD.rmdu,rmdu,00 de,Sony20
DVD (standard),Sony,Sony DVP-S560,Sony_DVP-S560.txt,txt,00 DE,Sony20
DVD (standard),Sony,Sony DVP-S7000,Sony_DVP-S7000.txt,txt,00 DE,Sony20
DVD (standard),Sony,Sony DVP-S725D DVD,Sony_DVP-S725D_DVD.txt,txt,00 DE,Sony20
DVD (standard),Sony,Sony DVP-SR200P,Sony DVP-SR200P.rmdu,rmdu,00 27,Sony Combo (12/15/20)
DVD (standard),Sony,Sony DVP-SR500H,Sony DVP-SR500H.rmdu,rmdu,00 27,Sony Combo (12/15/20)
DVD (standard),Sony,Sony DVP-SR510H (OEM remote RMT-D197A),Sony DVP-SR510H.rmdu,rmdu,00 27,Sony Combo (12/15/20)
DVD (standard),Sony,Sony DVPCX875P,Sony_DVP-CX875P_DVD_0533.txt,txt,00 27,Sony Combo
DVD (standard),Sony,Sony Gx315.rmdu,Sony Gx315.rmdu,rmdu,00 DE,Sony20
DVD (standard),Sony,Sony Gx315.rmdu,Sony Gx315.rmdu,rmdu,00 DE,Sony20
DVD (standard),Sony,Sony HXD-1070,Sony HXD-1070.rmdu,rmdu,00 27,Sony Combo (12/15/20)
DVD (standard),Sony,Sony MV-101 mobile DVD player,Sony_mobile_DVD_MV-101.txt,txt,01 27,Sony Combo (12/15/20)
DVD (standard),Sony,Sony PS2 DVD,Sony-PS2-DVD.txt,txt,00 DE,Sony20
DVD (standard),Sony,Sony PS2 DVD QCast,Sony-PS2-DVD-QCast.txt,txt,00 27,Sony Combo
DVD (standard),Sony,Sony PS2 VIDEO-1550,Sony_PS2_VIDEO-1550.txt,txt,01 27,Sony Combo (12/15/20)
DVD (standard),Sony,Sony PS2_70000,Sony_PS2_70000.txt,txt,01 27,Sony Combo (12/15/20)
DVD (standard),Sony,Sony PS3 (Logic3),Sony_PS3_DVD.txt,txt,00 27,Sony Combo (12/15/20)
DVD (standard),Sony,Sony PS3 - ps3ir,Sony_PS3.rmdu,rmdu,00 27,Sony Combo (12/15/20)
DVD (standard),Sony,Sony PS3 - ps3ir,Sony_PS3IR.txt,txt,00 27,Sony Combo (12/15/20)
DVD (standard),Sony,Sony PS3 DVD (MADCOW),Sony PS3 Madcow.rmdu,rmdu,00 5A,NEC2
DVD (standard),Sony,Sony PS3 DVD Remote (BigBen Interactive),Sony PS3 BigBen.rmdu,rmdu,00 5A,NECx2
DVD (standard),Sony,Sony Playstation 2 slimline,Sony Playstation 2 slimline.rmdu,rmdu,00 DE,Sony20
DVD (standard),Sony,Sony Playstation2 ps2,Sony_Playstation2_Datel_Remote.txt,txt,00 DE,Sony20
DVD (standard),Sony,Sony RDR-GX257 DVD Recorder & RMT-D257A (KM),Sony_RDR-GX257_DVD_Recorder.txt,txt,00 27,Sony Combo (12/15/20)
DVD (standard),Sony,Sony RDR-GX300,Sony_DVDR_GX-300.txt,txt,00 DE,Sony20
DVD (standard),Sony,Sony RDR-GX315 DVD recorder,Sony_RDR-GX315_DVD_recorder.txt,txt,01 27,Sony Combo (12/15/20)
DVD (standard),Sony,Sony RDR-GX315 remote Rmt D223A,Sony Gx315.rmdu,rmdu,00 DE,Sony20
DVD (standard),Sony,Sony RDR-GX350 DVD Recorder,Sony RDR-GX350 DVD recorder.rmdu,rmdu,00 27,Sony Combo (12/15/20)
DVD (standard),Sony,Sony RDR-GX350 DVD Recorder (KM),Sony_RDR-GX350_DVD_Recorder.txt,txt,01 27,Sony Combo (12/15/20)
DVD (standard),Sony,Sony RDR-GX360 DVD recorder,Sony RDR-GX360 with PAUSE RECORDING.rmdu,rmdu,00 27,Sony Combo (12/15/20)
DVD (standard),Sony,Sony RDR-GX7 DVD recorder (unit #1 w/region free hack)Â,Sony_RDR-GX7_DVD_recorder_unit1.txt,txt,00 27,Sony Combo (12/15/20)
DVD (standard),Sony,Sony RDR-GX7 DVD recorder (unit code 2),Sony_RDR-GX7_DVD_recorder_unit2.txt,txt,00 27,Sony Combo (12/15/20)
DVD (standard),Sony,Sony RDR-GX7 DVD recorder (unit code 3),Sony_RDR-GX7_DVD_recorder_unit3.txt,txt,00 27,Sony Combo (12/15/20)
DVD (standard),Sony,Sony RDR-HX900,Sony_RDR-HX900_DVD_Recorder.txt,txt,00 27,Sony Combo (12/15/20)
DVD (standard),Spectroniq,Spectroniq PD-3000 HD,Spectroniq_DVD_Player.txt,txt,00 5A,NEC1
DVD (standard),Sungale,Sungale 8500 for URC 9910 8810,Sungale 8500 for URC 9910 8810.txt,txt,00 5A,NEC1
DVD (standard),Sungale,Sungale DVD 8208,Sungale DVD 8208.txt,txt,00 5A,NEC1
DVD (standard),Sungale,Sungale DVD2026,Sungale_DVD2026_Dev2026_15-1994.txt,txt,00 5A,NEC1
DVD (standard),Sylvania,Sylvania 100B,Sylvania 100B DVD player.rmdu,rmdu,00 5A,NEC1
DVD (standard),Tag,Tag McLaren DVD32FLR,Tag McLaren DVD32FLR.rmdu,rmdu,00 E8,RC-5
DVD (standard),Teac,Teac DV-H350,Teac.rmdu,rmdu,00 5a,NEC1
DVD (standard),Teac,Teac DV-H350 DVD,Teac_DV-H350_DVD.txt,txt,00 5A,NEC1
DVD (standard),Teac,Teac DV-H500,TEAC DVD PLAYER DV-H500.rmdu,rmdu,00 5a,NEC1
DVD (standard),Technika,Technika DVD 108,Technika_DVD_108.txt,txt,00 5A,NEC1
DVD (standard),Technosonic,Technosonic DVD-204 DVD-1539,Technosonic_DVD-204_DVD-1539.txt,txt,00 5A,NEC1
DVD (standard),Terapin,Terapin TT3800,Terapin_TT-2200DVD2.txt,txt,00 5A,NEC1
DVD (standard),Tevion,Tevion AC-DVD51,Tevion_AC-DVD51.txt,txt,00 5A,NEC1
DVD (standard),Tevion,Tevion DVD 8000,Tevion_DVD_8000.txt,txt,00 5A,NEC1
DVD (standard),Tevion,Tevion DVD6500,Tevion_DVD6500.txt,txt,00 5A,NEC1
DVD (standard),Tevion,Tevion MD-7794 DVD,Tevion_MD-7794.txt,txt,00 5A,NEC1
DVD (standard),Thomson,Thomson DVH211 (Remote RCT311DA1 in DVD Mode) a,Thomson_DVH211_(Remote_RCT311DA1_in_DVD_Mode) a.txt,txt,00 4B,pid: 00 4B
DVD (standard),Toshiba,Toshiba All SD-Series DVDs,Toshiba All SD-Series DVDs.txt,txt,00 5A,NEC1
DVD (standard),Toshiba,Toshiba D-R400 / D-KR10 DVD Recorder,Toshiba D-R400 DVD-R.rmdu,rmdu,00 5A,NEC1
DVD (standard),Toshiba,Toshiba DR570KU DVR,Toshiba-DVR-DR570KU(6131ext).txt,txt,00 5A,NEC1
DVD (standard),Toshiba,Toshiba DR570KU DVR,Toshiba-DVR-DR570KU(8910).txt,txt,00 5A,NEC1
DVD (standard),Toshiba,Toshiba DVD,Toshiba DVD.txt,txt,00 5A,NEC1
DVD (standard),Toshiba,Toshiba DVD Recorders,Toshiba_DVD_Recorders.txt,txt,00 5A,NEC1
DVD (standard),Toshiba,Toshiba DVD SD-2109,Toshiba DVD SD-2109.txt,txt,00 5A,NEC1
DVD (standard),Toshiba,Toshiba DVD SD1300,Toshiba_DVD SD1300.txt,txt,00 5A,NEC1
DVD (standard),Toshiba,Toshiba DVD/HDD Recorders,Toshiba_XS.rmdu,rmdu,00 5A,NEC1
DVD (standard),Toshiba,Toshiba HD-A1 HD-DVD,Toshiba_HD-A1_HD-DVD.txt,txt,00 5A,NEC1
DVD (standard),Toshiba,Toshiba HD-D2,Toshiba HD-D2.rmdu,rmdu,00 5A,NEC1
DVD (standard),Toshiba,Toshiba RD-X2,Toshiba_RD-X2.txt,txt,00 5A,NEC1
DVD (standard),Toshiba,Toshiba SD-6915,Toshiba SD6915.rmdu,rmdu,00 5a,NEC1
DVD (standard),Toshiba,Toshiba SD-890KR,Toshiba SD-890KR.rmdu,rmdu,00 5A,NEC1
DVD (standard),Toshiba,Toshiba SD-V290,Toshiba SD-V290.txt,txt,00 5A,NEC1
DVD (standard),Toshiba,Toshiba SD220E,Toshiba SD 220E.rmdu,rmdu,00 5a,NEC1
DVD (standard),Toshiba,Toshiba SD3750 DVD,Toshiba SD3750 DVD.txt,txt,00 5A,NEC1
DVD (standard),Toshiba,Toshiba SD700KY DVD Player,Toshiba SD700Ky DVD Player.rmdu,rmdu,00 5A,NEC1
DVD (standard),Toshiba,Toshiba XD-E500 (XDE),Toshiba_XD-E500.txt,txt,00 5A,NEC1
DVD (standard),Tredex,Tredex DVD TX-8303Pro,Tredex_DVD_TX-8303Pro.txt,txt,00 5A,NEC1
DVD (standard),Tredex,Tredex TX-8303Pro,Tredex_TX-8303Pro.rmdu,rmdu,00 5a,NEC1
DVD (standard),TruTech,TruTech TT320,TruTech_TT320_DVD.txt,txt,00 5A,NEC1
DVD (standard),Venturer,Venturer DVD Home Cinema,Venturer-DVD-Home-Cinema.txt,txt,00 5A,NEC1
DVD (standard),Viewmage,Viewmage AT-2003P,Viewmage AT-2003P.rmdu,rmdu,00 5a,NEC1
DVD (standard),VocoPro,VocoPro DKP-10G,VocoPro DKP-10G.rmdu,rmdu,00 5A,NEC1
DVD (standard),Wharfdale,Wharfdale M5 DVD,Wharfdale_M5_DVD.txt,txt,00 E8,RC-5
DVD (standard),Wintel,Wintel 3000 DVD,Wintel-3000-DVD.txt,txt,00 5A,NEC1
DVD (standard),Woxter,Woxter 10247 HDMI dvd,Woxter_10247_HDMI_dvd.txt,txt,00 5A,NEC1
DVD (standard),XCICO,XCICO AEP-400 dvd player,XCICO AEP-400 dvd player.rmdu,rmdu,00 5A,NEC1
DVD (standard),XMS,XMS 950,XMS-950.rmdu,rmdu,00 5A,NEC1
DVD (standard),Xbox,Xbox,Xbox.txt,txt,00 AF,RCA
DVD (standard),Xbox,Xbox 360,xbox_360.rmdu,rmdu,01 2a,MCE
DVD (standard),Xbox,Xbox 360 Final,xbox 360.rmdu,rmdu,01 2a,MCE
DVD (standard),Xbox,Xbox 360 Universal Media Remote (old/white version),Xbox 360 Universal Media Remote (old white version).rmdu,rmdu,01 2A,MCE
DVD (standard),Xbox,Xbox Osmart Brand Remote using GXB protocol,XBox Osmart Brand Remote using GXB protocol.rmdu,rmdu,01 df,GXB
DVD (standard),Xbox,Xbox fixed,Xboxfixed.txt,txt,00 AF,RCA
DVD (standard),Xbox,Xbox fixed_v2.txt,Xboxfixed_v2.txt,txt,00 AF,RCA
DVD (standard),Xbox,Xbox fixed_v3.txt,Xboxfixed_v3.txt,txt,00 AF,RCA
DVD (standard),Xbox,Xbox generic clone,Xbox-clone.txt,txt,01 69,Manual Settings
DVD (standard),Xbox,Xbox upgrade,Xbox upgrade.txt,txt,00 AF,RCA
DVD (standard),Xbox,Xbox v2 fixed for 8910,XBOX_v2_fixed_for_8910.txt,txt,00 AF,RCA
DVD (standard),Yahoo,Yahoo YDP-530,Yahoo YDP-530.rmdu,rmdu,00 5A,NEC1
DVD (standard),Yamada,Yamada DVX-6100,Yamada DVX-6100.txt,txt,00 5A,NEC1
DVD (standard),Yamada,Yamada DVX6600,Yamada DVX-6100.txt,txt,00 5A,NEC1
DVD (standard),Yamaha,Yamaha DVD.rmdu,Yamaha DVD.rmdu,rmdu,00 5a,NEC1
DVD (standard),Yamakawa,Yamakawa AVPhile_715,Yamakawa.rmdu,rmdu,00 5a,NEC1
DVD (standard),Yamakawa,Yamakawa DVD 218,Yamakawa_DVD_218.txt,txt,00 5A,NEC1
DVD (standard),Yamakawa,Yamakawa DVD 288,Yamakawa_DVD_288.txt,txt,00 5A,NEC1
DVD (standard),Yelo,Yelo 800 DVD player,Yelo800.rmdu,rmdu,00 5a,NEC1
DVD (standard),Zenith,Zenith DVB-312B,Zenith_DVB-312B.txt,txt,00 5A,NECx1
DVD (standard),Zenith,Zenith DVB312C,Zenith-DVB312C.txt,txt,00 5A,NECx1
DVD (standard),Zenith,Zenith DVB318 DVD 0741,Zenith_DVB318_DVD_0741.txt,txt,00 5A,NECx1
DVD (standard),Zenith,Zenith DVC2550,Zenith-DVC2550.txt,txt,00 5A,NEC2
DVD (standard),Zenith,Zenith DVD-DVB412,Zenith-DVD-DVB412(KM).txt,txt,00 5A,NECx1
DVD (standard),Zenith,Zenith XBV443,Zenith-XBV443.txt,txt,00 5A,NEC1
DVD (standard),Zensonic,Zensonic / Ziova Z500 Networked DVD Player,Zensonic Z500_Rmt_V2.rmdu,rmdu,00 5a,NEC1
DVD (standard),Zensonic,Zensonic 300 DVD Player,Zensonic_300_DVD_Player.txt,txt,00 5A,NEC1
DVD (standard),clearplay,clearplay cp-427b.rmdu,clearplay cp-427b.rmdu,rmdu,00 5A,NEC1
DVD (standard),ilo,ilo dvd recorder dvdr04,ILO_DVDRO4_RECORDER.txt,txt,00 34,JVC
DVD (standard)\Apex,Apex,Apex 1100W,Apex-1100W.txt,txt,01 46,Apex 1100W
DVD (standard)\Apex,Apex,Apex 1100W-basic,Apex-1100W-basic.txt,txt,00 5A,NEC1
DVD (standard)\Apex,Apex,Apex 1225,Apex_1225.txt,txt,00 5A,NEC1
DVD (standard)\Apex,Apex,Apex 3201,Apex-3201.txt,txt,00 5A,NEC1
DVD (standard)\Apex,Apex,Apex 5131,Apex-5131 2116 no numbers.txt,txt,00 5A,NEC1
DVD (standard)\Apex,Apex,Apex 5131,Apex-5131.txt,txt,00 5A,NEC1
DVD (standard)\Apex,Apex,Apex 800,Apex-800.txt,txt,00 5A,NEC1
DVD (standard)\Apex,Apex,Apex AD-1000,APEX AD-1000.rmdu,rmdu,00 5a,NEC1
DVD (standard)\Apex,Apex,Apex AD-1000 RM-1300,Apex_DVD_Player.txt,txt,00 5A,NEC1
DVD (standard)\Apex,Apex,Apex AD-1130W,Apex_AD-1130W.txt,txt,00 5A,NEC1
DVD (standard)\Apex,Apex,Apex AD-1200,Apex-AD1200 (DVD-1030).txt,txt,00 5A,NEC1
DVD (standard)\Apex,Apex,Apex AD-1500,Apex-AD1500.txt,txt,00 5A,NEC1
DVD (standard)\Apex,Apex,Apex AD-2500,Apex AD-2500 (DVD-1030).txt,txt,00 5A,NEC1
DVD (standard)\Apex,Apex,Apex AD-2600,Apex_AD-2600.txt,txt,00 5A,NEC1
DVD (standard)\Apex,Apex,Apex AD-500,Apex-AD500.txt,txt,00 5A,NEC1
DVD (standard)\Apex,Apex,Apex AD-500A,Apex-AD500A.txt,txt,00 5A,NEC1
DVD (standard)\Apex,Apex,Apex AD-500W,Apex_AD500W.rmdu,rmdu,00 5a,NEC1
DVD (standard)\Apex,Apex,Apex AD-500w,Apex-AD500w.txt,txt,00 5A,NEC1
DVD (standard)\Apex,Apex,Apex AD-600A,Apex-AD600A.txt,txt,00 5A,NEC1
DVD (standard)\Apex,Apex,Apex AD-660,Apex AD-660.txt,txt,00 5A,NEC1
DVD (standard)\Apex,Apex,Apex AD-700,Apex AD-700 Fct Only.rmdu,rmdu,00 5A,NEC1
DVD (standard)\Apex,Apex,Apex AD-700,Apex _Ad_700.rmdu,rmdu,00 5a,NEC1
DVD (standard)\Apex,Apex,Apex AD-703,Apex AD-703-key.txt,txt,00 5A,NEC1
DVD (standard)\Apex,Apex,Apex AD-703,Apex_DVD_AD-703_RC-210A.txt,txt,00 5A,NEC1
DVD (standard)\Apex,Apex,Apex AD1110WM for URC8810/11,Apex AD1110WM.rmdu,rmdu,01 46,Apex 1100W
DVD (standard)\Apex,Apex,Apex AD600A 2,Apex-AD600A_2.txt,txt,00 5A,NEC1
DVD (standard)\Apex,Apex,Apex AD660,Apex-AD660.txt,txt,00 5A,NEC1
DVD (standard)\Apex,Apex,Apex AD800,Apex-AD800.txt,txt,00 5A,NEC1
DVD (standard)\Apex,Apex,Apex ADV3800 DVD-VCR Combo,Apex_ADV3800_DVD-VCR_Combo.txt,txt,00 5A,NEC1
DVD (standard)\Apex,Apex,Apex DRX-9000,Apex DRX-9000.txt,txt,00 5A,NEC1
DVD (standard)\Apex,Apex,Apex DVD Player AD1150,Apex AD1150.rmdu,rmdu,00 5A,NEC1
DVD (standard)\Apex,Apex,Apex DVD-0672,Apex-DVD-0672.txt,txt,00 5A,NEC1
DVD (standard)\Apex,Apex,Apex PD-650S,Apex PD-650S.txt,txt,00 5A,NEC1
DVD (standard)\Apex,Apex,Apex PD10,Apex_PD10.txt,txt,00 5A,NEC1
DVD (standard)\Apex,Apex,Apex PD10 (w/Arrows),Apex_PD10_Arrows.txt,txt,01 46,Apex 1100W
DVD _ VCR combo units,Daewoo,Daewoo DV6T955B,Daewoo_dvd-vcr_DV6t955b.txt,txt,00 5C,Proton
DVD _ VCR combo units,Daewoo,Daewoo DVD-VCR Combo,Daewoo_DVD-VCR_Combo.txt,txt,00 5C,Proton
DVD _ VCR combo units,Go_Video,Go_Video 1030,GoVideo_1030_DVD-VCR_Combo_COMPLETE.txt,txt,00 5C,Proton
DVD _ VCR combo units,Go_Video,Go_Video DV-2140 DVD/VCR Combo,GoVideo DV2140-2116.rmdu,rmdu,01 1A,NEC 2DEV Combo
DVD _ VCR combo units,Go_Video,Go_Video DV2140,GoVideo DV2140.rmdu,rmdu,01 1a,NEC 2DEV Combo
DVD _ VCR combo units,Go_Video,Go_Video DVD-VCR DV2130,Go_Video_DVD-VCR_DV2130.txt,txt,00 5A,NECx2
DVD _ VCR combo units,Go_Video,Go_Video VR3845 DVD-R/VHS Combo,Go_Video_VR3845_DVD-r_VHS_Combo.txt,txt,00 5A,NECx1
DVD _ VCR combo units,Insignia,Insignia DVD VCR ISDVD-100121 Remote 6711R1N1.rmdu,Insignia DVD VCR ISDVD-100121 Remote 6711R1N1.rmdu,rmdu,00 5A,NEC1
DVD _ VCR combo units,Insignia,Insignia NS-DRVCR,Insignia DVD-VCR Recorder.rmdu,rmdu,00 5A,NECx1
DVD _ VCR combo units,JVC,JVC DR-MV150 DVDVCR.rmdu,JVC DR-MV150 DVDVCR.rmdu,rmdu,00 34,JVC
DVD _ VCR combo units,LG,LG DVD-VCR V181 / V271 Combo Player,LG DVD-VCR V271 Combo Player.rmdu,rmdu,00 5A,NEC1
DVD _ VCR combo units,LG,LG RC797T DVD Recorder/VCR,LG RC797T DVD Recorder-VCR.rmdu,rmdu,00 5A,NECx1
DVD _ VCR combo units,LG,LG dvd-vcr combo V9120W dvd functions,LG dvd-vcr combo V9120W dvd functions.rmdu,rmdu,00 5A,NECx1
DVD _ VCR combo units,LG,LG dvd-vcr combo V9120W vcr functions,LG dvd-vcr combo V9120w vcr functions.rmdu,rmdu,00 5A,NEC1
DVD _ VCR combo units,Lite-On,Lite-On LVC-9006 DVD+VHS-Recorder,Liteon-LVC-9006-DVD+VHS-Recorder.txt,txt,00 5A,NEC1
DVD _ VCR combo units,Lite-On,Lite-On LVC-9016G Remote RM-91,lvc-9016g.txt,txt,00 34,JVC
DVD _ VCR combo units,Magnavox,Magnavox MDR515H,Magnavox MDR515H.rmdu,rmdu,00 5A,NEC1
DVD _ VCR combo units,Magnavox,Magnavox ZV457MG9 VCR/DVD recorder,Magnavox ZV457MG9.rmdu,rmdu,00 5A,NEC1
DVD _ VCR combo units,Panasonic,Panasonic DMR-EH75V DVR/VCR/DVD Combo,Panasonic_DMR-EH75V-2116.txt,txt,00 C9,Panasonic
DVD _ VCR combo units,Panasonic,Panasonic DMR-ES46V VCR/DVD Recorder Combo,Panasonic_DMR-ES46V_VCR-DVD_Recorder.txt,txt,00 C9,Panasonic
DVD _ VCR combo units,Panasonic,Panasonic DMR-EZ48V VCR/DVD Recorder Combo,Panasonic DMR-EZ48V.rmdu,rmdu,00 CD,Panasonic Combo
DVD _ VCR combo units,Panasonic,Panasonic DVD-VCR Combo PV-D4745S,Panasonic DVD-VCR Combo PV-D4745S.rmdu,rmdu,01 1f,Panasonic MIX Combo
DVD _ VCR combo units,Panasonic,Panasonic DVD-VCR PV-D4733S-tf,Panasonic_DVD-VCR_PV-D4733S-tf.txt,txt,01 44,Device Combiner
DVD _ VCR combo units,Panasonic,Panasonic DVD/VCR Combo PV-D4732,Panasonic Combo PV-D4732.rmdu,rmdu,01 1f,Panasonic MIX Combo
DVD _ VCR combo units,Panasonic,Panasonic DVD/VCR Combo PV-D4732,Panasonic_PV-D4732-a.txt,txt,01 1F,Panasonic MIX Combo
DVD _ VCR combo units,Panasonic,Panasonic NV-VP31GL,Panasonic NV-VP31GL.rmdu,rmdu,00 1F,Panasonic Mixed Combo
DVD _ VCR combo units,Panasonic,Panasonic PV-D4732,Panasonic_PV-D4732.txt,txt,01 44,Device Combiner
DVD _ VCR combo units,Philips,Philips DVD-740VR DVD only,Philips DVD-740VR DVD only.txt,txt,00 58,RC-6
DVD _ VCR combo units,Philips,Philips DVD-740VR VCR only,Philips DVD-740VR VCR only.txt,txt,00 E8,RC-5
DVD _ VCR combo units,Philips,Philips DVP-3750v_37,Philips DVP-3750v_37.rmdu,rmdu,01 84,RC5/6 combo
DVD _ VCR combo units,Philips,Philips DVP3340V/17 DVD/VCR combo,Philips_DVP3340_DVD_0622.txt,txt,00 58,RC-6
DVD _ VCR combo units,Philips,Philips VCR/DVD combo DVP620VR 17 - dvd,Philips_DVP620VR_DVD.txt,txt,00 58,RC-6
DVD _ VCR combo units,Philips,Philips VCR/DVD combo DVP620VR 17 - vcr,Philips_DVP620VR-17_VCR_0621.txt,txt,00 E8,RC-5
DVD _ VCR combo units,Pioneer,Pioneer DVR-RT400 VCR/DVD-R/RW combo unit,Pioneer_DVR_RT400_VCR-DVD-R-RW_combo.txt,txt,00 7E,Pioneer MIX 4-Cmd
DVD _ VCR combo units,Pioneer,Pioneer DVR-RT400 VCR/DVD-R/RW combo unit (improved),Pioneer DVR RT400 VCR-DVD-R-RW combo.rmdu,rmdu,00 7E,Pioneer MIX
DVD _ VCR combo units,Pioneer,Pioneer DVR-RT400 VCR/DVD-R/RW for URC-6440,Pioneer DVR RT400 VCR-DVD-R-RW 6440.rmdu,rmdu,00 7E,Pioneer MIX
DVD _ VCR combo units,Polaroid,Polaroid DVC-2010 DVD,Polaroid_dvc2010_dvd.rmdu,rmdu,00 5A,NEC1
DVD _ VCR combo units,Polaroid,Polaroid DVC-2010 VCR,Polaroid_dvc2010_vcr.rmdu,rmdu,00 5A,NEC1
DVD _ VCR combo units,Samsung,Samsung DVD-V2000,Samsung DVD-V2000.rmdu,rmdu,00 5A,NECx2
DVD _ VCR combo units,Samsung,Samsung DVD-V2000.txt,Samsung DVD-V2000.txt,txt,00 5A,NECx2
DVD _ VCR combo units,Samsung,Samsung DVD-V2500,Samsung DVD-V2500.txt,txt,00 5A,NECx2
DVD _ VCR combo units,Samsung,Samsung DVD-V2500.rmdu,Samsung DVD-V2500.rmdu,rmdu,00 5a,NECx2
DVD _ VCR combo units,Samsung,Samsung DVD-V3650,Samsung_DVD-V3650.txt,txt,00 5A,NECx2
DVD _ VCR combo units,Samsung,Samsung DVD-V550,Samsung DVD-V550 .rmdu,rmdu,00 5A,NECx2
DVD _ VCR combo units,Samsung,Samsung DVD-V5500 DVD-VCR,Samsung_DVD-V5500_DVD-VCR.txt,txt,00 5A,NECx2
DVD _ VCR combo units,Samsung,Samsung DVD-V7070,Samsung DVD-V7070.txt,txt,00 5A,NECx2
DVD _ VCR combo units,Samsung,Samsung DVD-VCR Combo V4600,Samsung DVD-VCR Combo V4600.rmdu,rmdu,00 5a,NECx2
DVD _ VCR combo units,Samsung,Samsung DVD-VCR Combo V9650,Samsung DVD-VCR Combo V9650 DVD.rmdu,rmdu,00 5a,NECx2
DVD _ VCR combo units,Samsung,Samsung DVD-VR325,Samsung VCR DVD VR-325 ALLFUNCTIONS.rmdu,rmdu,00 5a,NECx2
DVD _ VCR combo units,Samsung,Samsung DVD-VR357,Samsung DVD-VR357-1056.rmdu,rmdu,00 5A,NECx2
DVD _ VCR combo units,Samsung,Samsung DVD/VCR Master File,Samsung_DVD-VCR_Master_File.txt,txt,00 5A,NECx2
DVD _ VCR combo units,Samsung,Samsung DVD/VCR Recorder DVD-VR345 for URC-8910,Samsung_DVD-VCR_Recorder_VR345_URC8910.txt,txt,00 5A,NECx2
DVD _ VCR combo units,Samsung,Samsung DVD/VCR/MCard Combo - V8500,Samsung-DVD-VCR-MCard_V8500.txt,txt,00 5A,NECx2
DVD _ VCR combo units,Sansui,Sansui DVD/VCR combo,SansuiDVDVCRcombo.txt,txt,00 5A,NEC2
DVD _ VCR combo units,Sanyo,Sanyo dvw-5000,Sanyo dvw-5000.rmdu,rmdu,00 5a,NEC1
DVD _ VCR combo units,Sharp,Sharp DV-NC85 DVD.rmdu,Sharp DV-NC85 DVD.rmdu,rmdu,01 c9,Kaseikyo
DVD _ VCR combo units,Sharp,Sharp DV-NC85 VCR.rmdu,Sharp DV-NC85 VCR.rmdu,rmdu,00 1c,Sharp
DVD _ VCR combo units,Sony,Sony DVD-VCR combo,Sony_DVD-VCR_combo.txt,txt,00 DE,Sony20
DVD _ VCR combo units,Sony,Sony DVD\VCR Recorder RDR-VX530,sony RDR-VX530.rmdu,rmdu,00 27,Sony Combo (12/15/20)
DVD _ VCR combo units,Sony,Sony SLV-360P DVD-VCR Combo,Sony SLV-360P DVD-VCR Combo.rmdu,rmdu,00 de,Sony20
DVD _ VCR combo units,Sony,Sony SLV-D950 VCR DVD,Sony SLV-D950 VCR DVD.rmdu,rmdu,00 DE,Sony20
DVD _ VCR combo units,Sylvania,Sylvania DVD 840G - dvd side,Sylvania DVC 840G dvd.rmdu,rmdu,00 5A,NEC1
DVD _ VCR combo units,Sylvania,Sylvania VCR 840G - vcr side,Sylvania DVC 840G vcr.rmdu,rmdu,00 65,Emerson Combo (3-device)
DVD _ VCR combo units,Symphonic,Symphonic WF802 DVD side,Symphonic WF802 DVD side.rmdu,rmdu,00 5A,NEC1
DVD _ VCR combo units,Symphonic,Symphonic WF802-VCR-side,Symphonic-WF802-VCR-side.txt,txt,00 65,Emerson
DVD _ VCR combo units,Toshiba,Toshiba D-VR610 with remote SE-RO295,Toshiba Combo VCR DVD D-VR610.rmdu,rmdu,00 5A,NEC1
DVD _ VCR combo units,Toshiba,Toshiba DVR670KU,Toshiba DVR670KU.rmdu,rmdu,00 5A,NEC1
DVD _ VCR combo units,Toshiba,Toshiba SD-V392SU2 DVD/VCR Combo,Toshiba SD-V392SU2 DVD Player- VCR Combocc.rmdu,rmdu,00 5A,NEC1
DVD _ VCR combo units,Toshiba,Toshiba SD-V394SU (OEM remote SE-R0220),Toshiba SD-V392SU2 DVD Player- VCR Combocc1.rmdu,rmdu,00 5A,NEC1
DVD _ VCR combo units,Toshiba,Toshiba VCR/DVD SDKV550,Toshiba Combo VCR DVD SD-KV550.rmdu,rmdu,00 5A,NEC1
DVD _ VCR combo units,philips,philips dvp3050 dvd half for 8811,philips DVP3050V37 DVD half for urc8810.rmdu,rmdu,00 58,RC-6
DVD _ VCR combo units,philips,philips dvp3050 vcr half for 8811,philips DVP3050V37 VCR half for urc8810.rmdu,rmdu,00 e8,RC-5
DVR_PVR,ABCom,ABCom PrismCube,AB-Com PrismCube .rmdu,rmdu,01 2A,MCE
DVR_PVR,AC_Ryan,AC_Ryan ACR-PV73100,AC Ryan ACR-PV73100.rmdu,rmdu,00 5A,NEC1
DVR_PVR,ADB,ADB 5720 CDX,ADB 5720 CDX.rmdu,rmdu,00 5A,NEC1
DVR_PVR,ADB,ADB NCP-4740SF,ADB NCP-4740SF.rmdu,rmdu,00 5A,NEC1
DVR_PVR,AMTC,AMTC DT-2010,AMTC DT-2010.rmdu,rmdu,00 5A,NEC1
DVR_PVR,Accurian,Accurian ADR-322 PVR,Accurian ADR-322.rmdu,rmdu,00 34,JVC
DVR_PVR,Alba,Alba DTR160,Alba DTR160.rmdu,rmdu,00 E8,RC-5
DVR_PVR,Albis,Albis SceneGate Micro,Albis SceneGate Micro.rmdu,rmdu,00 5A,NEC1
DVR_PVR,AltiBox,AltiBox ADB 2720 WX,AltiBox ADB 2720 WX.rmdu,rmdu,01 33,Zaptor
DVR_PVR,Amiko,Amiko HD 8240,Amiko HD-8240.rmdu,rmdu,00 5A,NEC1
DVR_PVR,Arcadyan,Arcadyan HMB2260,Arcadyan HMB2260.rmdu,rmdu,01 FF,CanalSatLD
DVR_PVR,Archos,Archos 604 Series Cradle Remote.rmdu,Archos 604 Series Cradle Remote.rmdu,rmdu,00 5A,NEC1
DVR_PVR,Archos,Archos AV700,Archos AV700.rmdu,rmdu,00 5a,NEC1
DVR_PVR,Archos,Archos PMA430,Archos PMA430.rmdu,rmdu,00 5A,NEC1
DVR_PVR,Arris,Arris AX013ANM,Arris AX013ANM.rmdu,rmdu,01 6C,XMP
DVR_PVR,Arris,Arris MP2150A,Arris MP2150A.rmdu,rmdu,01 2A,MCE
DVR_PVR,Arris,Arris MoCA Gateway / Portal / PVR,Arris PVR on URC-11055BC2.rmdu,rmdu,01 2A,MCE
DVR_PVR,Arris,Arris VIP 2853,Arris VIP 2853 .rmdu,rmdu,00 5A,NEC1
DVR_PVR,Arris,Arris VIP2952,Arris VIP 2952.rmdu,rmdu,01 FF,CanalSatLD
DVR_PVR,AzAmerica,AzAmerica F92,Az America F92 .rmdu,rmdu,00 5A,NEC1
DVR_PVR,AzAmerica,AzAmerica F98,Az-America F98.rmdu,rmdu,00 5A,NEC1
DVR_PVR,AzAmerica,AzAmerica S1005/2005,Az America S1005.rmdu,rmdu,00 5A,NEC1
DVR_PVR,BEV,BEV 9200 Sat PVR,BEV_9200_PVR.txt,txt,00 02,Dish Network Combo
DVR_PVR,BTV,BTV IPTV,BTV IPTV.rmdu,rmdu,00 5A,NEC1
DVR_PVR,Belgacom,Belgacom IPP 430 MC,Scientific Atlanta IPP 430 MC .rmdu,rmdu,01 73,Nokia32
DVR_PVR,Bell,Bell ExpressVu 5100 5800 (modified Dish_Network_PVR_501).rmdu,Bell ExpressVu 5100 5800 (modified Dish_Network_PVR_501).rmdu,rmdu,00 02,Dish Network
DVR_PVR,Bell,Bell Expressvu 9200 PVR for R Shack 15-1994,Bell Expressvu 9200 PVR for RS1994 6-in-1 Smart.rmdu,rmdu,00 02,Dish Network
DVR_PVR,Beyonwiz,Beyonwiz DP-P2,Beyonwiz DP-P2.rmdu,rmdu,00 5A,NEC1
DVR_PVR,Beyonwiz,Beyonwiz P1 & S!,beyonwiz_box_complete commands.txt,txt,00 5A,NEC1
DVR_PVR,Buffalo,Buffalo DVR-W1,Buffalo DVR-W1.rmdu,rmdu,00 5A,NEC1
DVR_PVR,Bush,Bush BU11FVZS2,BU11FVZS2.rmdu,rmdu,00 5A,NEC1
DVR_PVR,Canal,Canal Digital ADB 2840C,Canal Digital ADB 2840C.rmdu,rmdu,00 E8,RC-5
DVR_PVR,Canal,Canal Digital CDC 8000,CanalDigital CDC-9000 S HD .rmdu,rmdu,01 82,RC5-7F
DVR_PVR,Canal,Canal Digital CDC 8000HD,Canal Digital CDC-8000 C HD.rmdu,rmdu,01 82,RC5-7F
DVR_PVR,Canal,Canal Digital HD PVR 102 - CT,Canal Digital HD PVR 102 - CT.rmdu,rmdu,00 5A,NEC1
DVR_PVR,Captiveworks,Captiveworks 1000,Captiveworks_1000.txt,txt,01 FF,Manual Settings
DVR_PVR,Captiveworks,Captiveworks 100r,Captiveworks_100r.txt,txt,00 5A,NEC1
DVR_PVR,Celrun,Celrun TD9000,Celrun TD9000.rmdu,rmdu,01 FF,Manual Settings
DVR_PVR,Celrun,Celrun TD9000,Celrun_TD9000.txt,txt,01 FF,Manual Settings
DVR_PVR,Centrex,Centrex CTDR-1010,Centrex CTDR-1010.rmdu,rmdu,00 5A,NEC1
DVR_PVR,Channel,Channel Master 7400,Channel Master 7400.rmdu,rmdu,01 FF,CM7400
DVR_PVR,Channel,Channel Master CM-7003,Channel Master CM-7003.rmdu,rmdu,00 5A,NEC1
DVR_PVR,Channel,Channel Master CM-7500XRC DVR+,Channel Master CM-7500XRC DVR+.rmdu,rmdu,02 06,NEC1-rnc
DVR_PVR,Channel,Channel Master DVR+ CM-7500GB16,Channel Master DVR+ CM-7500GB16 .rmdu,rmdu,02 06,NEC1-rnc
DVR_PVR,Channel,Channel Master Stream+,Channel Master Stream+.rmdu,rmdu,00 5A,NEC1
DVR_PVR,Cisco,CISCO RNG200,Cisco RNG200.rmdu,rmdu,01 6C,XMP (JP1)
DVR_PVR,Cisco,Cisco 8485DVB / Voocorder,Cisco 8485DVB.rmdu,rmdu,00 5A,NEC1
DVR_PVR,Cisco,Cisco Explorer 8642HD,Cisco Explorer 8642HD.rmdu,rmdu,00 00,Panasonic (old)
DVR_PVR,Cisco,Cisco ISB 2201,Cisco ISB 2201.rmdu,rmdu,01 EE,TDC
DVR_PVR,Cisco,Cisco KMM 3010,Cisco KMM 3010 .rmdu,rmdu,01 EE,TDC
DVR_PVR,Clarke-Tech,Clarke-Tech HD 3100,Clarke-Tech HD 3100.rmdu,rmdu,00 5A,NEC1
DVR_PVR,ClonerAlliance,ClonerAlliance HDML Box Pro,ClonerAlliance HDML Box Pro.rmdu,rmdu,00 5A,NEC1
DVR_PVR,Cloud,Cloud iBox 2,Cloud iBox 2.rmdu,rmdu,00 5A,NEC1
DVR_PVR,Cloud,Cloud iBox III,Cloud iBox III.rmdu,rmdu,00 5A,NEC1
DVR_PVR,Cogeco,Cogeco PVR and non pvr cable box RS15-1994,Cogeco - non recorder + Recorder_RS15-1994 smart in 1_add jvc tv volume.rmdu,rmdu,00 C4,GI Cable
DVR_PVR,Creation,Creation RMS 09,Creation RMS09.rmdu,rmdu,00 5A,NEC1
DVR_PVR,Cristor,Cristor Atlas HD100,Cristor Atlas HD100.rmdu,rmdu,00 5A,NEC1
DVR_PVR,DSTV,DSTV Explora,DSTV Explora.rmdu,rmdu,01 FF,DSTV Explora
DVR_PVR,DSTV,DStv HD PVR 2P,DStv HD PVR 2P.rmdu,rmdu,01 6C,XMP (JP1)
DVR_PVR,DVICO,DVICO TVIX 6600,DVICO TVIX 6600.rmdu,rmdu,01 FF,Manual Settings
DVR_PVR,DVICO,DVICO TViX M-4130SH,DVICO TViX M-4130SH.rmdu,rmdu,01 AD,NEC1-f16 Official
DVR_PVR,Denver,Denver DCB-108HD,Denver DCB-108HD.rmdu,rmdu,01 FF,NEC1 (No Repeats)
DVR_PVR,Denver,Denver DVBT-43,Denver DVBT-43.rmdu,rmdu,00 5A,NEC1
DVR_PVR,Digifusion,Digifusion FVRT90 PVR and more,FVRT90_7544.txt,txt,01 73,Nokia32
DVR_PVR,Digital,Digital Everywhere FireDTV,FireDTV.rmdu,rmdu,00 5A,NEC1
DVR_PVR,Digiturk,Digiturk HD 9502,Digiturk HD 9502.rmdu,rmdu,00 E8,RC-5
DVR_PVR,DirectTV,DirectTV HR23-700 PVR,DirectTV HR23-700.rmdu,rmdu,01 62,DirecTV
DVR_PVR,DreamBox,DreamBox 600,Dreambox DM-xxx.rmdu,rmdu,01 6C,PID 01 6c
DVR_PVR,Dreambox,Dreambox 7020S,Dreambox-7020S for URC-8910.rmdu,rmdu,01 6C,XMP (JP1)
DVR_PVR,Dyon,Dyon Raven,Dyon Raven.rmdu,rmdu,00 5A,NEC1
DVR_PVR,EI8HT,EI8HT HD-2008 PVR,EI8HT HD-2008.rmdu,rmdu,00 5A,NEC1
DVR_PVR,Easy,Easy Home DVB-T HD ViVA,Easy Home DVB-T HD ViVA.rmdu,rmdu,00 5A,NEC1
DVR_PVR,Edision,Edision Mini Triton,Edision Mini Triton.rmdu,rmdu,00 5A,NEC1
DVR_PVR,Egreat,Egreat R200,Egreat R200.rmdu,rmdu,00 5A,NEC1
DVR_PVR,Ellas,Ellas TV ETV-T503 HD,Ellas TV ETV-T503 HD.rmdu,rmdu,00 5A,NEC1
DVR_PVR,Ematic,Ematic Digital Converter,Ematic Digital Converter.rmdu,rmdu,00 5A,NEC1
DVR_PVR,Engel,Engel RS8100HD,Engel RS8100HD.rmdu,rmdu,00 5A,NEC1
DVR_PVR,Eurovox,Eurovox EX5000 PVR,Eurovox EX5000.rmdu,rmdu,00 5A,NEC1
DVR_PVR,Faval,Faval Mecury HS 100,Faval Mecury HS 100.rmdu,rmdu,00 5A,NEC1
DVR_PVR,Ferguson,Ferguson FDVDRH320D,Ferguson FDVDRH320D.rmdu,rmdu,00 5A,NEC1
DVR_PVR,Fulan,Fulan Spark +,Fulan Spark + .rmdu,rmdu,00 5A,NEC1
DVR_PVR,Fusion,Fusion FVRT100 Digifusion DVR,Fusion FVRT100.txt,txt,00 E8,RC-5
DVR_PVR,Fusion,Fusion FVRT145 Digifusion DVR,Fusion FVRT145.rmdu,rmdu,00 E8,RC-5
DVR_PVR,Fusion,Fusion FVRT200 Digifusion DVR,Fusion FVRT200.rmdu,rmdu,00 e8,RC-5
DVR_PVR,Fusion,Fusion FVRT90/FVRT95 Digifusion,Fusion FVRT90-FVRT95.rmdu,rmdu,01 73,Nokia32
DVR_PVR,GET,GET Box Mikro,GET Box Mikro.rmdu,rmdu,00 5A,NEC1
DVR_PVR,GekTV,GekTV GEK1080HD-160G,GekTV GEK1080HD-160G.rmdu,rmdu,00 5A,NEC1
DVR_PVR,Geosat,Geosat DVR1100c,Geosat DVR1100c.rmdu,rmdu,00 5A,NEC1
DVR_PVR,Giga,Giga TV 845,Giga TV 845.rmdu,rmdu,00 5A,NEC1
DVR_PVR,Golden,Golden Media UNI-BOX 9080 CRCI HD,Golden Media UNI-BOX 9080 CRCI HD .rmdu,rmdu,00 5A,NEC1
DVR_PVR,Goodmans,Goodmans GD11FVRSD50,Goodmans GD11FVRSD50 .rmdu,rmdu,00 5A,NEC1
DVR_PVR,Goodmans,Goodmans GHD-8020 PVR,Goodmans GHD-8020.rmdu,rmdu,00 E8,RC-5
DVR_PVR,Grundig,Grundig GUFSAT02SD,Grundig GUFSAT02SD.rmdu,rmdu,00 5A,NEC1
DVR_PVR,Hantech,Hantech Markus 750 Media Player and PVR,Hantech Markus 750 - URC-10820B00 ver.1.rmdu,rmdu,00 5A,NEC1
DVR_PVR,Hauppauge,Hauppauge WinTV (OEM remote R-005),Hauppauge WinTV R-005 x6 (220-252).rmdu,rmdu,00 E8,RC-5
DVR_PVR,Hauppauge,Hauppauge WinTV-HVR-1250 (45 button),Hauppauge WinTV-HVR-1250 (URC-10820).rmdu,rmdu,00 E8,RC-5
DVR_PVR,Hauppauge,Hauppauge WinTV-PVR-350,Hauppauge_WinTV-PVR-350.txt,txt,00 E8,RC-5
DVR_PVR,HiSense,HiSense DB800HC,HiSense DB800HC.rmdu,rmdu,00 5A,NEC1
DVR_PVR,Hitachi,Hitachi HDR-165,Hitachi HDR-165.rmdu,rmdu,00 E8,RC-5
DVR_PVR,HomeWorx,HomeWorx HW-150PVR,HomeWorx HW-150PVR.rmdu,rmdu,00 5A,NEC1
DVR_PVR,HomeWorx,HomeWorx HW-150PVR (KM version),HomeWorx HW-150PVR.txt,txt,00 5A,NEC1
DVR_PVR,Homecast,Homecast S8000,Homecast_S8000.txt,txt,00 5A,NEC1
DVR_PVR,Huawei,Huawei DC562,Huawei DC562.rmdu,rmdu,00 5A,NEC1
DVR_PVR,Huawei,Huawei DN370T,Huawei DN370T.rmdu,rmdu,01 6C,XMP (Slingbox)
DVR_PVR,Huawei,Huawei DN370T YouView-TalkTalk,Huawei DN370T TalkTalk-YouView.rmdu,rmdu,01 6C,XMP
DVR_PVR,Huawei,Huawei DN371T,Huawei DN371T.rmdu,rmdu,00 5A,NEC1
DVR_PVR,Huawei,Huawei EC2118,Huawei EC2118.rmdu,rmdu,00 5A,NEC1
DVR_PVR,Humax,Humax 8000-T (UK model),Humax_8000-T.txt,txt,00 5A,NEC1
DVR_PVR,Humax,Humax 9200C iPVR-9200C (NL),Humax_iPVR_9200.txt,txt,00 5A,NEC1
DVR_PVR,Humax,Humax 9200t (Finnish) on URC-7555 (OFA5),HumaxFin9200t 7555.rmdu,rmdu,00 5A,NEC1
DVR_PVR,Humax,Humax 9200t (UK) on URC-7555 (OFA5),HumaxUK9200t 7555.rmdu,rmdu,00 5A,NEC1
DVR_PVR,Humax,Humax 9200t on URC-7560,Humax 9200t7560.rmdu,rmdu,00 5A,NEC1
DVR_PVR,Humax,Humax FoxSat HDR,FoxSat HDR upgrade.rmdu,rmdu,00 5A,NEC1
DVR_PVR,Humax,Humax HDR Fox T2,Humax HDR FOX T2.rmdu,rmdu,00 5A,NECx2
DVR_PVR,Humax,Humax HDR Fox T2 (Mode2),Humax HDR FOX T2 (Mode 2).rmdu,rmdu,00 5A,NECx2
DVR_PVR,Humax,Humax HDR-1800T mode3,Humax HDR-1800T (remote mode3).rmdu,rmdu,00 5A,NEC1
DVR_PVR,Humax,Humax PDR iCord HD,Humax PDR iCord HD.rmdu,rmdu,00 5A,NEC1
DVR_PVR,Humax,Humax PVR9150T,Humax PVR9150T.rmdu,rmdu,00 5A,NEC1
DVR_PVR,Humax,Humax PVR9200T,Humax PVR-9200T.rmdu,rmdu,01 FF,NEC1 (No Repeats)
DVR_PVR,Humax,Humax PVR9300T,6440 EXT Humax UK PVR 9300.rmdu,rmdu,00 5A,NEC1
DVR_PVR,Humax,Humax PVR9300T,Humax PVR9300T.rmdu,rmdu,00 5A,NEC1
DVR_PVR,Humax,Humax iHD FoxC using natural OBCs,HUMAX iHD-FOX C OBC.rmdu,rmdu,01 DD,Humax 4Phase
DVR_PVR,Humax,Humax iHD-FOX C,HUMAX iHD-FOX C (UEI).rmdu,rmdu,01 DD,Manual Settings\: 01 DD
DVR_PVR,Humax,Humax iPVR-9200C,Humax iPVR-9200C.rmdu,rmdu,00 5A,NEC1
DVR_PVR,IPlus,IPlus Espana -Canal Plus,IPlus Espana Canal Plus.rmdu,rmdu,00 E8,RC-5
DVR_PVR,Intek,Intek HD-C63CX,Intek HD-C63CX.rmdu,rmdu,00 5A,NEC1
DVR_PVR,Interact-TV,Interact-TV DVR,Interact-TV_DVR.txt,txt,01 FE,Manual Settings
DVR_PVR,Iomega,Iomega Screenplay Pro HD,Iomega Screenplay Pro HD.rmdu,rmdu,00 5A,NEC1
DVR_PVR,JVC,JVC DR-MV7,JVC DR-MV7.rmdu,rmdu,00 98,JVC Combo
DVR_PVR,Kaon,Kaon KVR-1000 PVR,Kaon KVR-1000.rmdu,rmdu,00 5A,NEC1
DVR_PVR,Kaon,Kaon KVR-3000,Kaon KVR-3000.rmdu,rmdu,00 5A,NEC1
DVR_PVR,Kaon,Kaon NS1010,Kaon NS1010.rmdu,rmdu,01 2A,MCE
DVR_PVR,Kaon,Kaon VM1400P,Kaon VM1400P.rmdu,rmdu,00 5A,NEC1
DVR_PVR,Koscom,Koscom PVR-5970,Koscom PVR-5970.rmdu,rmdu,00 5A,NEC1
DVR_PVR,LG,LG Electronics LRM-519 PVR,LG_LRM-519.txt,txt,00 5A,NECx1
DVR_PVR,LG,LG HR 925N,LG HR 925N.rmdu,rmdu,00 5A,NECx1
DVR_PVR,LG,LG HR925N,LG_HR925N.rmdu,rmdu,00 5A,NEC1
DVR_PVR,LG,LG RH398 DVD & HDD Recorder,LG RH398_urc-10820B00.rmdu,rmdu,00 5A,NECx1
DVR_PVR,Layer3TV,Layer3TV ND7506,Layer3TV ND7506 .rmdu,rmdu,01 6C,XMP (Slingbox)
DVR_PVR,Lenoxx,Lenoxx STB-950,Lenoxx STB-950.rmdu,rmdu,00 5A,NEC1
DVR_PVR,Lite-On,Lite-On HD A740GX PVR,Liteon HD-A740GX.rmdu,rmdu,00 34,JVC
DVR_PVR,Lite-On,Lite-On LVW-5045 PVR,LiteOn LVW-5045.rmdu,rmdu,00 34,JVC
DVR_PVR,Logik,Logik LDVR808,Logik LDVR808 .rmdu,rmdu,00 E8,RC-5
DVR_PVR,MCE,MCE GP-IR02BK Windows remote (MediaGate AVS Gear),GP-IR02BK_rev01.txt,txt,01 2A,MCE
DVR_PVR,Magnavox,Magnavox MDR515h/f7,Magnavox MDR515h-F7.rmdu,rmdu,00 5A,NEC1
DVR_PVR,Magnavox,Magnavox VRA671AT21,Magnavox VRA656.rmdu,rmdu,01 84,RC5/6 combo
DVR_PVR,Maige,Maige TV HD2S,Maige TV HD2S.rmdu,rmdu,00 5A,NEC1
DVR_PVR,Manta,Manta DVB T01,Manta DVB T01.rmdu,rmdu,00 5A,NEC1
DVR_PVR,MaxDigital,MaxDigital XP1000,MaxDigital XP1000 .rmdu,rmdu,00 5A,NEC1
DVR_PVR,Maximum,Maximum XO-505 C,Maximum XO-505 C.rmdu,rmdu,01 FF,NEC1 (No Repeats)
DVR_PVR,Maximum,Maximum XO-506C,Maximum X0-506C.rmdu,rmdu,00 5A,NEC1
DVR_PVR,MediaLink,MediaLink Ixuss One,Medi@link Ixuss One.rmdu,rmdu,00 5A,NEC1
DVR_PVR,Motorola,Motorola And Pace Cable Box DVR HD,Motorola And Pace Cable Box DVR HD.rmdu,rmdu,00 C4,GI Cable
DVR_PVR,Motorola,Motorola DCT-6416 III PVR,Motorola DCT-6416 III.rmdu,rmdu,00 C4,GI Cable
DVR_PVR,Motorola,Motorola DCX3200-M,Motorola DCX3200-M.rmdu,rmdu,00 C4,GI Cable
DVR_PVR,Motorola,Motorola DVR,Motorola DCT-3416comcast.rmdu,rmdu,00 C4,GI Cable
DVR_PVR,Motorola,Motorola VIP 1232E,Motorola 1223E.rmdu,rmdu,01 EE,TDC
DVR_PVR,Motorola,Motorola VIP 1963,Motorola VIP 1963 (2).rmdu,rmdu,00 5A,NEC1
DVR_PVR,Motorola,Motorola VIP2262/2502 for URC8800 A/V Producer8,Motorola VIP 2262_2502_Producer8.rmdu,rmdu,01 73,Nokia32
DVR_PVR,Movistar+,Movistar+,Movistar+.rmdu,rmdu,01 61,Sejin-1-N
DVR_PVR,Moxi,Moxi HD DVR,Moxi HD DVR.rmdu,rmdu,01 2A,MCE
DVR_PVR,NanoXX,NanoXX 9500HD-C PVR,NanoXX 9500HD-C.rmdu,rmdu,00 5A,NEC1
DVR_PVR,Net,Net Line X45N/X99D,Net Line X45N.rmdu,rmdu,00 5A,NEC1
DVR_PVR,ONN,ONN LEDSTBO705,ONN LEDSTBO705.rmdu,rmdu,00 E8,RC-5
DVR_PVR,Octagon,Octagon SF8 HD,Octagon SF8 HD.rmdu,rmdu,00 5A,NEC1
DVR_PVR,OpenBox,OpenBox X3,OpenBox X3.rmdu,rmdu,00 5A,NEC1
DVR_PVR,OpenBox,OpenBox X5,OpenBox X5.rmdu,rmdu,00 5A,NEC1
DVR_PVR,Optex,Optex ORT 8890 HD,Optex ORT 8890 HD.rmdu,rmdu,00 5A,NEC1
DVR_PVR,Optibox,Optibox EVO M7,Optibox EVO M7 .rmdu,rmdu,00 5A,NEC1
DVR_PVR,Orton,Orton HD XC403,Orton hd xc403.rmdu,rmdu,01 FF,NEC1 (No Repeats)
DVR_PVR,Osio,Osio OST-7080HD,Osio OST-7080HD .rmdu,rmdu,00 5A,NEC1
DVR_PVR,Pace,PACE TDC787X,PACE TDC787X.rmdu,rmdu,00 C4,GI Cable
DVR_PVR,Pace,Pace (Nova) HD831,Pace (Nova) HD831.rmdu,rmdu,01 6C,XMP (Slingbox)
DVR_PVR,Pace,Pace DCR 8151/24,Pace DCR 8151-24.rmdu,rmdu,00 E8,RC-5 (No Repeat)
DVR_PVR,Pace,Pace DSR 6231/19,Pace DSR6231-19.rmdu,rmdu,00 E8,RC-5
DVR_PVR,Pace,Pace DT PHI9100,Pace DT PHI9100.rmdu,rmdu,01 6C,XMP (Slingbox)
DVR_PVR,Pace,Pace HDC 74X1,Pace HDC 74X1.rmdu,rmdu,00 5A,NEC1
DVR_PVR,Pace,Pace HDS 7241,Pace HDS 7241.rmdu,rmdu,01 8C,CanalSat
DVR_PVR,Pace,Pace IPH 8010,Pace IPH 8010.rmdu,rmdu,01 73,Nokia32
DVR_PVR,Pace,Pace IPH8005,Pace IPH8005.rmdu,rmdu,01 73,Nokia32
DVR_PVR,Pace,Pace TDS 865 COS,Pace TDS 865 COS.rmdu,rmdu,01 2A,MCE
DVR_PVR,Pace,Pace TDS865IMC,Pace TDS865IMC.rmdu,rmdu,01 6C,XMP (Slingbox)
DVR_PVR,Pace,Pace TDS865IMH,Pace TDS865IMH.rmdu,rmdu,01 6C,XMP (Slingbox)(No repeat)
DVR_PVR,Pace,Pace Twin PVR 1323,PaceTwinPVR_1323.txt,txt,00 5D,Audiovox
DVR_PVR,Panasonic,Panasonic DMR BS750,Panasonic DMR-BS750.rmdu,rmdu,00 C9,Panasonic
DVR_PVR,Panasonic,Panasonic DMR EX78EB,Panasonic DMR-EX78EB.rmdu,rmdu,00 C9,Panasonic
DVR_PVR,Panasonic,Panasonic DMR-ES15,Panasonic DMR-BW850.rmdu,rmdu,00 C9,Panasonic
DVR_PVR,Panasonic,Panasonic DMR-EX85,Panasonic DMR-BS750.rmdu,rmdu,00 C9,Panasonic
DVR_PVR,Philips,PHILIPS DVDR3575H/37 --REV NOTE ADDED--,PHILIPS DVDR3575H37.rmdu,rmdu,00 58,RC-6
DVR_PVR,Philips,Philips 3576H w/160GB,Philips_3576H_160GB.rmdu,rmdu,00 58,RC-6
DVR_PVR,Philips,Philips 7201/91 PVR,Philips 7201-91 PVR.rmdu,rmdu,01 8C,CanalSat
DVR_PVR,Philips,Philips DIT 9719 PVR,Philips DIT9719 .rmdu,rmdu,01 73,Nokia32
DVR_PVR,Philips,Philips DSR7211/16,Philips DSR7211-16.rmdu,rmdu,00 E8,RC-5
DVR_PVR,Philips,Philips DVD/HDD Recorder (HDRW720/17) Upgrade,Philips DVD-HDD Recorder HDRW720-17.rmdu,rmdu,00 58,RC-6
DVR_PVR,Philips,Philips DVD/HDD Recorder (HDRW720/17) Upgrade : Updated,Philips DVD-HDD Recorder HDRW720-17 with Discrete Codes.rmdu,rmdu,00 58,RC-6
DVR_PVR,Philips,Philips DVDR3440H,Philips 3440H.rmdu Trial.rmdu on 8060.rmdu,rmdu,00 58,RC-6
DVR_PVR,Philips,Philips DVDR3455H,Philips DVDR3455H on 8910.rmdu,rmdu,00 58,RC-6
DVR_PVR,Pioneer,Pioneer DVR-520H,Pioneer_DVR-520H.txt,txt,00 7E,Pioneer MIX
DVR_PVR,Pioneer,Pioneer DVR-545H,Pioneer DVR-545H.rmdu,rmdu,00 7E,Pioneer MIX2
DVR_PVR,Polaroid,Polaroid DRA-01601A DVR,Polaroid DRA-01601A.rmdu,rmdu,00 5A,NEC1
DVR_PVR,PowerNet,PowerNet P99HD,PowerNet P99HD .rmdu,rmdu,00 5A,NEC1
DVR_PVR,Prediwave,Prediwave PVR Partial,Prediwave_PVR_Partial.txt,txt,00 E8,RC-5
DVR_PVR,Premiere,Premiere XL Elite and Series 3,Tivo Premiere XL Elite and Series 3.rmdu,rmdu,01 11,TiVo (Official)
DVR_PVR,Prima,Prima PVRHD1TB,Prima PVRHD1TB.rmdu,rmdu,00 5A,NEC1
DVR_PVR,Protek,Protek Mk 1,Protek MK1.rmdu,rmdu,00 5A,NEC1
DVR_PVR,Protron,Protron PD-DVR100,PROTRON Pd-dvr100.rmdu,rmdu,00 5A,NEC1
DVR_PVR,Qviart,Qviart Undro,Qviart Undro.rmdu,rmdu,00 5A,NEC1
DVR_PVR,RCA,RCA Scenium 7000N w/ advance,RCA_Scenium_DRS_7000N_advance.txt,txt,00 AF,RCA
DVR_PVR,RCA,RCA Scenium DRS7000N,RCA_Scenium_DRS7000N.txt,txt,00 AF,RCA
DVR_PVR,RCA,RCA UltimateTV,RCA-UltimateTV.txt,txt,00 af,RCA
DVR_PVR,RCA,RCA UltimateTV-aux,RCA-UltimateTV-aux.txt,txt,00 AF,RCA
DVR_PVR,RJTECH,RJTECH RJ-2200DVRX (DVD-HDD Recorder),RJTECH RJ-2200DVRX URC-10820.rmdu,rmdu,00 5A,NEC1
DVR_PVR,Rebox,Rebox ON-1011T PVR,Rebox ON-1011T PVR.rmdu,rmdu,00 5A,NEC1
DVR_PVR,ReplayTV,ReplayTV,ReplayTV.rmdu,rmdu,00 92,ReplayTV (Official)
DVR_PVR,SAB,SAB SKY 4700HD,SAB SKY 4700HD.rmdu,rmdu,01 FF,NEC1 (No Repeats)
DVR_PVR,Sagem,Sagem DTR 6400T/6700T,SagemDTR6400T_6700T.rmdu,rmdu,00 5A,NEC1
DVR_PVR,Sagem,Sagem IDT58NG DVB-T(UK),DVB-T Sagem IDT58NG (UK).rmdu,rmdu,00 5A,NEC1
DVR_PVR,Sagem,Sagem PVR 6280T France (full) Also for Sagem 6240T- updated,Sagem6280T4.rmdu,rmdu,00 5A,NEC1
DVR_PVR,Sagemcom,SagemCom RCI85 HD KD,SagemCom RCI85 HD KD.rmdu,rmdu,01 73,Nokia32
DVR_PVR,Sagemcom,Sagemcom DSIW74 (WIFIBOX+),SagemCom DSiW74.rmdu,rmdu,00 5A,NEC1
DVR_PVR,Sagemcom,Sagemcom RCI92BYT,Sagemcom RCI92BYT .rmdu,rmdu,00 5A,NEC1
DVR_PVR,Samsung,Samsung GX-AS730SF,Samsung GX-AS730SF.rmdu,rmdu,01 2A,MCE
DVR_PVR,Samsung,Samsung GX-PC4312H,Samsung GX-PC4312H.rmdu,rmdu,00 5A,NEC1
DVR_PVR,Samsung,Samsung H3090,Samsung H3090.rmdu,rmdu,00 00,Panasonic (old)
DVR_PVR,Samsung,Samsung SMT-C7140,Samsung SMT-C7140.rmdu,rmdu,00 5A,NECx1
DVR_PVR,Samsung,Samsung SMT-C7200,Samsung SMT-C7200.rmdu,rmdu,01 73,Nokia32
DVR_PVR,Samsung,Samsung SMT-T5040,Samsung SMT-T5040.rmdu,rmdu,00 5A,NECx2
DVR_PVR,Samsung,Samsung STB-E7500M,Samsung STB-E7500M.rmdu,rmdu,01 B5,Samsung36
DVR_PVR,Sandisk,Sandisk V-Mate PVR Model: SDMV1,Sandisk_V-Mate_PVR_Model-_SDMV1.txt,txt,00 5E,Aiwa
DVR_PVR,Sanyo,Sanyo DVR-SD450,Yamaha HTR-6130.rmdu,rmdu,01 1A,NEC 4DEV Combo
DVR_PVR,Scientific Atlanta,Scientific Atlanta - Explorer 8300 HD,Scientific Atlanta - Explorer 8300 HD for URC-9911.rmdu,rmdu,00 00,Panasonic (old)
DVR_PVR,Scientific Atlanta,Scientific Atlanta Explorer 8455DVB,Ziggo_Explorer_8455DVB_KM.txt,txt,01 FF,Manual Settings
DVR_PVR,Scientific Atlanta,Scientific Atlanta IPP-330HD,SA IPP-330HD.rmdu,rmdu,01 EE,TDC
DVR_PVR,Sharp,Sharp BD-HD100,Sharp BD-HD100.rmdu,rmdu,01 C9,Kaseikyo
DVR_PVR,Sharp,Sharp TU-160H PVR,Sharp TU-160H.rmdu,rmdu,00 E8,RC-5
DVR_PVR,Siemens,Siemens Gigaset MV740/750 PVR,Siemens_Gigaset_MV740_PVR_SAT1657.rmdu,rmdu,01 71,PID 01 71
DVR_PVR,Sky,Sky PerfecTV PT-SH700A mode 1,sky perfec tv pt-sh700a mode 1.rmdu,rmdu,01 F8,Kaseikyo (30 repeats on OBC185)
DVR_PVR,Sky,Sky PerfecTV PT-SH700A mode 2,sky perfec tv pt-sh700a mode 2.rmdu,rmdu,01 F8,Kaseikyo (30 repeats on OBC185)
DVR_PVR,Sony,Sony DHG-HDD250/HDD500,Sony_DHG-HDD250-500.txt,txt,00 DE,Sony20
DVR_PVR,Sony,Sony SVR-HD900,Sony SVR-HD900.rmdu,rmdu,00 27,Sony Combo (12/20)
DVR_PVR,Spectrum,Spectrum 201-T 101-T DVR,Spectrum 201-T.rmdu,rmdu,00 00,Panasonic (old)
DVR_PVR,StarHub,StarHub DC182SHB,StarHub DC182SHB.rmdu,rmdu,01 73,Nokia32
DVR_PVR,Stellar,Stellar Labs DT-100,Stellar Labs DT-100.rmdu,rmdu,00 5A,NEC1
DVR_PVR,Strong,Strong 5290 PVR Digital TV,Strong_5290_PVR_Digital_TV.txt,txt,00 5A,NEC1
DVR_PVR,Strong,Strong SRT 7300 CI,Strong SRT 7300 CI .rmdu,rmdu,00 5A,NEC1
DVR_PVR,Strong,Strong SRT-4620,Strong SRT-4620.rmdu,rmdu,00 5A,NEC1
DVR_PVR,Strong,Strong SRT5430,Strong SRT5430.rmdu,rmdu,00 5A,NEC1
DVR_PVR,Strong,Strong SRT89xx,Strong SRT 8950.rmdu,rmdu,00 5A,NEC1
DVR_PVR,Synaps,Synaps CHD-3100M,Synaps CHD-3100M.rmdu,rmdu,01 FF,NEC1 (No Repeats)
DVR_PVR,TVONICS,TVONICS DTRZ250,TVONICS_DTRZ250_8820.rmdu,rmdu,01 2A,MCE
DVR_PVR,TVPad,TVPad 4 M418,TVPAD 4 M418.rmdu,rmdu,01 FF,NEC1 (No Repeats)
DVR_PVR,Tablo,Tablo HDMI,TabloHDMI.rmdu,rmdu,00 5A,NEC1
DVR_PVR,Teac,Teac HDB-850,Teac HDB-850.rmdu,rmdu,00 5A,NEC1
DVR_PVR,Teac,Teac PVR-160T/Handen DVB-T 6000,Teac PVR-160T 1.01.rmdu,rmdu,01 82,Echostar 2200
DVR_PVR,Teac,Teac PVR-160T/Handen DVB-T 6000,Teac PVR-160T.rmdu,rmdu,01 82,Echostar 2200
DVR_PVR,Technicolor,Technicolor DSi 810,Technicolor DSi 810.rmdu,rmdu,00 5A,NEC1
DVR_PVR,Technika,Technika 8230HD,Technika Smartbox 8320HD.rmdu,rmdu,00 E8,RC-5
DVR_PVR,Technisat,Technisat DIGIT ISIO S,technisat-digit-isio-s.rmdu,rmdu,00 E8,RC-5
DVR_PVR,Technisat,Technisat TechniCorder ISIO STC,Technisat TechniCorder ISIO STC.rmdu,rmdu,00 E8,RC-5
DVR_PVR,Technomate,Technomate TM-5402,Technomate TM-5402 HD.rmdu,rmdu,00 5A,NEC1
DVR_PVR,Telefunken,Telefunken TEL 002,Telefunken TEL002.rmdu,rmdu,00 5A,NEC1
DVR_PVR,Telenet,Telenet RC-RW100,Telenet RC-RW100.rmdu,rmdu,01 EE,TDC (No Repeat)
DVR_PVR,Telenet,Telenet RC-RW100 Digicorder,Telenet RC-RW100 Digicorder.rmdu,rmdu,01 BB,Manual Settings
DVR_PVR,Telesystem,Telesystem TS-6290,TeleSystems TS6290.rmdu,rmdu,00 5A,NEC1
DVR_PVR,Telesystem,Telesystem TS7901HD,Tele Systems TS7901HD.rmdu,rmdu,00 5A,NEC1
DVR_PVR,Televes,Televes ZAS HD,Televes ZAS HD.rmdu,rmdu,00 E8,RC-5
DVR_PVR,Telstra,Telstra T-Box,Telstra_T-Box_-_Netgem_N8000.txt,txt,00 5A,NEC1
DVR_PVR,Telstra,Telstra T-Box (update),Telstra_T-Box_(update).txt,txt,00 5A,NEC1
DVR_PVR,Terratec,Terratec HTPC MythTV_URC7781,URC7781_Terratec_HTPC_RM.rmdu,rmdu,00 5A,NEC2
DVR_PVR,Terratec,Terratec HTPC MythTV_URC8820N,URC8820N_Terratec_HTPC_RM.rmdu,rmdu,00 5A,NEC2
DVR_PVR,Tevion,Tevion PVR801,Tevion PVR801 Rev1.rmdu,rmdu,00 5A,NEC1
DVR_PVR,Tevion,Tevion PVR801 +some corrections (for URC-8910),Tevion PVR801 8910.rmdu,rmdu,00 5A,NEC1
DVR_PVR,Thomson,Thomson DBI-8500E PVR,Thomson DBI-8500E.rmdu,rmdu,00 5A,NEC1
DVR_PVR,Thomson,Thomson DC182CAB PVR STB,Thomson DCI82CAB.rmdu,rmdu,00 E8,RC-5
DVR_PVR,Thomson,Thomson DHD4000.rmdu,Thomson DHD4000.rmdu,rmdu,00 4b,Thomson
DVR_PVR,Thomson,Thomson DTI-6300,Thomson DTI-6300.rmdu,rmdu,00 4B,Thomson7
DVR_PVR,Thomson,Thomson THS801,Thomson THS801.rmdu,rmdu,00 5A,NEC1
DVR_PVR,Thomson,Thomson THT504+,Thomson THT504+.rmdu,rmdu,00 5A,NEC1
DVR_PVR,Tivo,Tivo Roamio Plus,TIVO Roamio Plus.rmdu,rmdu,01 11,TiVo (Official)
DVR_PVR,Top,Top Up TV - TV Anytime,Top Up TV.rmdu,rmdu,00 4B,Thomson
DVR_PVR,TopField,TopField CRC-2400,Topfield CRC-2400.rmdu,rmdu,01 FF,NEC1 (No Repeats)
DVR_PVR,Topfield,"Topfield 5800 for RemoteExtender ""Toppy2""",Toppy2 for URC7555.rmdu,rmdu,00 5A,NEC1
DVR_PVR,Topfield,Topfield 5800 for URC7552,Toppy 7552 20070211.rmdu,rmdu,00 5A,NEC1
DVR_PVR,Topfield,Topfield 5800 special code set,Toppy plus32 7552 20070502.rmdu,rmdu,00 5A,NEC1
DVR_PVR,Topfield,Topfield TF 7700 HD PVR,Topfield TF7700HDPVR for URC-8910.rmdu,rmdu,00 5A,NEC1
DVR_PVR,Topfield,Topfield TF-5500 PVR,Topfield TF-5500PVR.rmdu,rmdu,00 5A,NEC1
DVR_PVR,Topfield,Topfield TF5000PVR for URC-8910,Topfield TF5000PVR for URC-8910.rmdu,rmdu,00 5a,NEC1
DVR_PVR,Topfield,Topfield TF5000PVRt.rmdu,Topfield TF5000PVRt.rmdu,rmdu,00 5a,NEC1
DVR_PVR,Topfield,Topfield TF5800PVR,Topfield TF5800PVR for 8910 1012_1023.rmdu,rmdu,00 5a,NEC1
DVR_PVR,Topfield,Topfield TF5800PVR (KM),Topfield_TF5000PVRt_KM.txt,txt,00 5A,NEC1
DVR_PVR,Topfield,Topfield TF5800PVR for URC-7562,Topfield TF5800PVR.rmdu,rmdu,00 5A,NEC1
DVR_PVR,Topfield,Topfield TF5810 PVR,Topfield TF5810 PVR.rmdu,rmdu,00 5A,NEC1
DVR_PVR,Topfield,Topfield TF6000PVRt (KM),Topfield_TF6000PVRt_KM.txt,txt,00 5A,NEC1
DVR_PVR,Topfield,Topfield TF7100HDPVRt Plus,Topfield TF7100HDPVRt Plus.rmdu,rmdu,00 5A,NEC1
DVR_PVR,Topfield,Topfield TF7100HDPVRt Plus,Topfield_TF7100_HD_PVRt_KM.txt,txt,00 5A,NEC1
DVR_PVR,Triax,Triax C-HD 207CX,Triax C-HD 207CX.rmdu,rmdu,00 E8,RC-5
DVR_PVR,Triax,Triax DVB-360S,Triax DVB-360S.rmdu,rmdu,00 4B,Thomson7
DVR_PVR,UEC,UEC DVR 3000 (TV1 & TV2),DSTV SD-PVR (UEC DVR 3000) TV1 & TV2.rmdu,rmdu,01 6C,XMP (Slingbox)(No repeat)
DVR_PVR,Venton,Venton Unibox HD Eco+,Venton Unibox HD Eco+.rmdu,rmdu,00 5A,NEC1
DVR_PVR,Vision,Vision HD-600/670,Vision HD-600.rmdu,rmdu,00 5A,NEC1
DVR_PVR,Vodafone,Vodafone PVR (New Zealand),Vodafone PVR (New Zeeland).rmdu,rmdu,00 5E,Aiwa
DVR_PVR,Vu+,Vu+ DUO2,Vu+ DUO2.rmdu,rmdu,01 2A,MCE
DVR_PVR,Vu+,Vu+ Duo PVR,Vu+ Duo.rmdu,rmdu,01 2A,MCE
DVR_PVR,Vu+,Vu+ Solo 2,Vu+ Solo 2.rmdu,rmdu,01 2A,MCE
DVR_PVR,Vulkano,Vulkano Platinum,Vulkano.rmdu,rmdu,00 5A,NEC1
DVR_PVR,WDTV,WDTV,WDTV UEI Official PVR 2558.rmdu,rmdu,00 5A,NEC1
DVR_PVR,Walker,Walker WP6500TTR,Walker WP6500TTR.rmdu,rmdu,00 E8,RC-5
DVR_PVR,Wayteq,Wayteq HD95CX,Wayteq HD95CX.rmdu,rmdu,01 FF,NEC1 (No Repeats)
DVR_PVR,Wharfedale,Wharfedale DVDR-HD-400F,Wharfedale DVDR-HD-400F.rmdu,rmdu,00 E8,RC-5
DVR_PVR,Xbox,Xbox One,XBox One.rmdu,rmdu,00 5A,NEC1
DVR_PVR,Xeobox,Xeobox HDCI 7200,Xeobox HDCI 7200.rmdu,rmdu,00 5A,NEC1
DVR_PVR,Xoro,Xoro HRK 7564,Xoro HRK 7564.rmdu,rmdu,00 5A,NEC1
DVR_PVR,Xtrend,Xtrend ET10000,Xtrend ET10000 .rmdu,rmdu,00 5A,NEC1
DVR_PVR,Yes,Yes Israel DVR,Yes Israel DVR.rmdu,rmdu,01 FF,NEC1 (No Repeats)
DVR_PVR,ZGemma,ZGemma H.2S,ZGemma H.2S .rmdu,rmdu,00 5A,NEC1
DVR_PVR,ZTE,ZTE ZXV10 B600,ZTE ZXV10 B600.rmdu,rmdu,00 5A,NEC1
DVR_PVR,Zenith,Zenith HDR-230,Zenith_HDR-230.txt,txt,00 5A,NEC1
DVR_PVR,Zenith,Zenith ZRH-516 PVR,Zenith ZRH-516 PVR for URC-8910.rmdu,rmdu,00 5A,NECx1
DVR_PVR,iHome,iHome IP900 HD,iHome IP900 HD.rmdu,rmdu,00 5A,NEC1
DVR_PVR,iPmacro,iPmacro HD-100C,iPmacro HD-100C.rmdu,rmdu,00 5A,NEC1
DVR_PVR\Dish PVR,Dish,Dish 921 Pbrown Combined,Dish_921_Pbrown_Combined.txt,txt,01 44,Device Combiner
DVR_PVR\Dish PVR,Dish,Dish DVR 522,DishDVR_522_IR_Upgrade for 8810w.txt,txt,00 02,Dishplayer (old)
DVR_PVR\Dish PVR,Dish,Dish DVR-625,Dish_625_1775.txt,txt,00 02,Dish Network
DVR_PVR\Dish PVR,Dish,Dish DVR625,Dish_DVR625_1775_8910.txt,txt,00 02,Dish Network
DVR_PVR\Dish PVR,Dish,Dish Network PVR 501,Dish_Network_PVR_501.txt,txt,00 02,Dishplayer (old)
DVR_PVR\Dish PVR,Dish,Dish Network PVR721,Dish_Network_PVR721-old-remotes.txt,txt,00 02,Dish Network Combo
DVR_PVR\Dish PVR,Dish,Dish Network PVR721,Dish_Network_PVR721.txt,txt,00 02,Dishplayer (old)
DVR_PVR\Dish PVR,Dish,Dish PVR 508,DishNetwork PVR 508 Upgrade.rmdu,rmdu,00 02,Dishplayer (old)
DVR_PVR\Dish PVR,Dish,Dish PVR 508 upgrade for 2116,DishPVR 508 upgrade for 2116.txt,txt,00 02,Dishplayer (old)
DVR_PVR\Dish PVR,Dish,Dish PVR 508 upgrade for RCU810-ID6,DishPVR 508 upgrade for RCU810-ID6.txt,txt,00 02,Dishplayer (old)
DVR_PVR\Dish PVR,Dish,Dish PVR 7200 7100 .rmdu,Dish PVR 7200 7100 .rmdu,rmdu,01 0f,Dishplayer
DVR_PVR\Dish PVR,Dish,Dish PVR 721,DishPVR 721.txt,txt,00 02,Dishplayer (old)
DVR_PVR\Dish PVR,Dish,Dish PVR 921,DishPVR 921and6131.txt,txt,00 02,Dishplayer (old)
DVR_PVR\Dish PVR,Dish,Dish PVR Remote Address 11,DishPVR_Remote_Address_11.txt,txt,00 02,Dish Network Combo
DVR_PVR\Dish PVR,Dish,Dish PVR721 ID1-RCU810,DishPVR721 ID1-RCU810.txt,txt,01 44,Device Combiner
DVR_PVR\Dish PVR,Dish,Dish PVR721 ID6-2116,DishPVR721 ID6-2116.txt,txt,01 44,Device Combiner
DVR_PVR\Dish PVR,Dish,Dish VIP622 for 6131,Dish_VIP622.txt,txt,00 02,Dish Network
DVR_PVR\Dish PVR,Dish,Dish VIP622 for 8910,Dish_VIP622(8910).txt,txt,00 02,Dish Network
DVR_PVR\Dish PVR,Dish,Dish net pvr501 address-2,Dishnetpvr501adress2.txt,txt,00 02,Dishplayer (old)
DVR_PVR\Tivo,AT&T,AT&T Tivo,AT&T Tivo.txt,txt,00 5A,NEC1
DVR_PVR\Tivo,DirecTV,DirecTV R10 Ver. 2,Directv R10v2.rmdu,rmdu,01 11,TiVo (Official)
DVR_PVR\Tivo,DirecTV,Directv R10,Directv R10.rmdu,rmdu,01 11,TiVo (Official)
DVR_PVR\Tivo,HD,HD TiVo,TiVo_HD_for_6131.txt,txt,01 11,TiVo (Official)
DVR_PVR\Tivo,Hughes,Hughes HDVR2,Hughes-HDVR2.txt,txt,00 41,TiVo Hacked
DVR_PVR\Tivo,Hughes,Hughes TIVO SD-DVR40,Hughes TIVO SD-DVR40.rmdu,rmdu,00 5a,NEC1
DVR_PVR\Tivo,Humax,Humax DRT800 Tivo / DVD,Humax_DRT800_Tivo.txt,txt,01 11,TiVo (Official)
DVR_PVR\Tivo,Philips,Philips TiVo,Philips-TiVo.txt,txt,00 FF,TiVo (Official)
DVR_PVR\Tivo,Philips,Philips TiVo (no protocol upgrade),PhilipsTiVoNPU.txt,txt,00 5A,NEC1
DVR_PVR\Tivo,Philips,Philips TiVo NPU ib v 1 3,PhilipsTiVoNPU_ib_v_1_3.txt,txt,00 5A,NEC1
DVR_PVR\Tivo,Pioneer,Pioneer DVD-RW TiVo,Pioneer_DVD-RW_TiVo.txt,txt,01 11,TiVo (Official)
DVR_PVR\Tivo,Pioneer,Pioneer TiVo DVD-RW,Pioneer_TiVo_DVD-RW.txt,txt,01 11,TiVo (Official)
DVR_PVR\Tivo,RCA,RCA and Hughes Directv Tivo DVR40 Unit Remote Code (1),RCA and Hughes Directv Tivo DVR40 Unit Remote Code (1).txt,txt,01 11,TiVo (Official)
DVR_PVR\Tivo,RCA,RCA and Hughes Directv Tivo DVR40 Unit Remote Code (2),RCA and Hughes Directv Tivo DVR40 Unit Remote Code (2).txt,txt,01 11,TiVo (Official)
DVR_PVR\Tivo,Samsung,Samsung SIR-84040R,tivo.samsung.sir-84040r.txt,txt,01 A1,TiVo (Official)
DVR_PVR\Tivo,Sony,Sony DirecTivo SAT-T60,Sony-DirecTivo-SAT-T60.txt,txt,00 CA,Sony 12/15
DVR_PVR\Tivo,Sony,Sony TiVo,Sony-TiVo.txt,txt,00 de,Sony20
DVR_PVR\Tivo,Sony,Sony Tivo SAT-T60 OFA 8910,Sony Tivo SAT-T60 OFA 8910.txt,txt,00 CA,Sony 12/15
DVR_PVR\Tivo,Sony,Sony Tivo SAT-T60 RS 2116,Sony Tivo SAT-T60 RS 2116.txt,txt,00 CA,Sony 12/15
DVR_PVR\Tivo,Sony,Sony UltimateTV,Sony-UltimateTV.txt,txt,00 CA,Sony 12/15
DVR_PVR\Tivo,Thompson,Thompson Tivo UK,Thompson_Tivo_UK.txt,txt,00 5A,NEC1
DVR_PVR\Tivo,TiVo,TiVo DTV,TiVo_DTV.txt,txt,01 11,TiVo (Official)
DVR_PVR\Tivo,Tivo,TiVo Roamio,TiVo Roamio.rmdu,rmdu,00 41,TiVo (Advanced)
DVR_PVR\Tivo,Tivo,TiVo Series 2 (new style),urc_default_tivo.rmdu,rmdu,00 E8,RC-5
DVR_PVR\Tivo,Tivo,TiVo Series 2 - URC-6131 Extended,TiVo_Series_2_-_URC-6131_Extended.txt,txt,01 11,TiVo (Official)
DVR_PVR\Tivo,Tivo,Tivo Master File,Tivo_Master_File.txt,txt,01 11,TiVo (Official)
DVR_PVR\Tivo,Tivo,Tivo Premiere,Tivo_Premiere.txt,txt,01 11,TiVo (Official)
DVR_PVR\Tivo,Tivo,Tivo Premiere / XL,Tivo Premiere - XL.rmdu,rmdu,01 11,TiVo (Official)
DVR_PVR\Tivo,Tivo,Tivo Premiere Roamio Bolt Mini with Discretes,TiVo Roamio.rmdu,rmdu,01 11,TiVo (Official)
DVR_PVR\Tivo,Tivo,Tivo Remote With Working Back Button,Tivo working back button.rmdu,rmdu,01 11,TiVo (Official)
DVR_PVR\Tivo,Tivo,Tivo Series 1,Tivo_Series_1.txt,txt,01 A1,TiVo (Official)
DVR_PVR\Tivo,Tivo,Tivo Series 2,Tivo2.txt,txt,01 11,TiVo (Official)
DVR_PVR\Tivo,Tivo,Tivo Series 4,Tivo Series 4.rmdu,rmdu,01 11,TiVo (Official)
DVR_PVR\Tivo,Toshiba,Toshiba RS-TX20,Toshiba_RS-TX20.txt,txt,00 5A,NEC1
DVR_PVR\Tivo,Toshiba,Toshiba Tivo DVD,Toshiba_Tivo_DVD.txt,txt,00 5A,NEC1
DVR_PVR\Tivo,Virgin,Virgin Cisco CT8685 with Tivo skin,Virgin Cisco CT8685.rmdu,rmdu,00 E8,RC-5
DVR_PVR\Tivo,Virgin,Virgin V6 Tivo.rmdu,Virgin V6 Tivo.rmdu,rmdu,00 E8,RC-5
Digital Cameras,Aiptek,Aiptek Action HD GVS HD camcorder,Aiptek Action HD GVS.rmdu,rmdu,00 5A,NEC1
Digital Cameras,Brite-View,Brite-View Camera,Brite-View Cinema.rmdu,rmdu,01 FF,NEC1 (No Repeats)
Digital Cameras,Canon,Canon 550D ESO450,Cannon_550D-_EOS450.txt,txt,01 FF,Manual Settings
Digital Cameras,Canon,Canon 8mm remote,CanonCamcorder.rmdu,rmdu,00 5a,NEC2
Digital Cameras,Canon,Canon Camcorder,Canon_Camcorder.txt,txt,00 5A,NEC2
Digital Cameras,Canon,Canon Digital Rebel Camera KM,Canon_Digital_Rebel_Camera_KM.txt,txt,01 FF,Manual Settings
Digital Cameras,Canon,Canon G1,Canon G1.txt,txt,00 5A,NEC1
Digital Cameras,Canon,Canon G2 Digital Camera,Canon_G2_Digital_Camera.txt,txt,00 5A,NEC1
Digital Cameras,Canon,Canon HF10/HF100 Camcorder (WL-D88 remote),Canon Camcorder WL-D88 Remote.rmdu,rmdu,00 5A,NEC2
Digital Cameras,Canon,Canon MVX300 miniDV camcorder,Canon MVX300.rmdu,rmdu,00 5A,NEC2
Digital Cameras,Canon,Canon VC-C1 conference cam,Canon VC-C1 conference cam.rmdu,rmdu,00 5A,NEC1
Digital Cameras,Canon,Canon ZR300 MiniDV Camcorder,Canon ZR300 MiniDV Camcorder.rmdu,rmdu,00 5a,NEC2
Digital Cameras,JVC,JVC camcorder,JVC_camcorder.txt,txt,00 34,JVC
Digital Cameras,Kodak,Kodak EasyShare HDTV Dock,Kodak EasyShare HDTV Dock.rmdu,rmdu,00 5A,NEC1
Digital Cameras,Kodak,Kodak HDTV Camera Dock (Model 8951956),Kodak HDTV Dock Upgrade.txt,txt,00 5A,NEC1
Digital Cameras,Minolta,Minolta RC-3,Minolta RC-3.txt,txt,01 00,Manual Settings
Digital Cameras,Nikon,Nikon camera (most models),Nikon_D40-50-70_Camera.txt,txt,01 FF,Manual Settings
Digital Cameras,Olympus,Olympus Camedia RM1 Digital Camera,OlympusCamediaRM1.txt,txt,00 5A,NEC1
Digital Cameras,Panasonic,Panasonic NV-MX5000-new,Panasonic NV-MX5000-112.8-9.rmdu,rmdu,00 1F,Panasonic VCR Combo
Digital Cameras,Panasonic,Panasonic PV-DV400,Panasonic_PV-DV400.txt,txt,00 C9,Panasonic
Digital Cameras,Pentax,Pentax K10,Pentax_K10_KM.txt,txt,01 FE,Manual Settings
Digital Cameras,Samsung,Samsung SC-D86 Digital Camcorder,Samsung_SC-D86_Digital_Camcorder.txt,txt,00 5A,NECx2
Digital Cameras,Sharp,Sharp VL-WD255 Camcorder,Sharp_VL-WD255_Camcorder.txt,txt,00 1C,Sharp
Digital Cameras,Sony,Sony Camcorder,SonyCamcorder.txt,txt,00 CA,Sony 12/15
Digital Cameras,Sony,Sony Camcorder HDR-HC3,sony_hdr-hc3_remote_all.txt,txt,01 27,Sony Combo (12/15/20)
Digital Cameras,Sony,Sony Combined Camcorder Remote,Sony Combined Camcorder Remote v2.txt,txt,00 27,Sony Combo (12/15/20)
Digital Cameras,Sony,Sony Handycam DCR-DVD100,Sony Handycam Upgrade Code.rmdu,rmdu,00 27,Sony Combo (12/15/20)
Digital Cameras,Sony,Sony RMT 814 TVR Series,Sony_RMT_814_TVR_Series.txt,txt,00 CA,Sony 12/15
Digital Cameras,Sony,Sony TRV64E analogue Hi8 camcorder,Sony TRV64E camcorder.rmdu,rmdu,00 ca,Sony 12/15
Digital Cameras,Sony,Sony a6000 MILC,Sony Camera alpha-6000.rmdu,rmdu,00 DE,Sony20
Digital Cameras,Vidpro,Vidpro EBRA-121R,Vidpro_EBRA-121R.txt,txt,01 FF,Manual Settings
Digital Picture Frames,Actron,Actron PD247,Actron PD247 Digital Photo Frame.rmdu,rmdu,00 5A,NEC1
Digital Picture Frames,Aluratek,Aluratek admpf214fb,aluratek-admpf214fb.rmdu,rmdu,00 5A,NEC1
Digital Picture Frames,EDGE,EDGE TECH Picture Frame,EDGE_TECH_Picture_Frame.txt,txt,00 5A,NEC1
Digital Picture Frames,HP,HP 8 INCH Digital Picture Frame Modal df820b4,HP 8 INCHDigital Picture Frame Modal df820b4.rmdu,rmdu,00 5A,NEC1
Digital Picture Frames,Insignia,Insignia Digital Picture Frame NS-DPF10WW-16,Insignia Digital Picture Frame NS-DPF10WW-16.rmdu,rmdu,00 5A,NEC1
Digital Picture Frames,Kodak,Kodak SV710 digital picture frame,Kodak_Digital_Picture_Frame_SV710 RCU810.txt,txt,00 5A,NEC1
Digital Picture Frames,Nixplay,Nixplay 10.1-inch Smart Photo Frame,Nixplay digital picture frame for 1067BC4.rmdu,rmdu,00 5A,NEC1
Digital Picture Frames,Opteka,Opteka Digital Picture Frame,Opteka Digital Picture Frame.rmdu,rmdu,00 5A,NEC1
Digital Picture Frames,PanDigital,PanDigital Digital Frame Model DPF56-2,PanDigital Digital Frame.txt,txt,00 5A,NEC1
Digital Picture Frames,Philips,Philips SPF3400.,PhilipsSPF3400.rmdu,rmdu,00 5A,NEC1
Digital Picture Frames,PixStar,PixStar FotoConnect XD Wi-Fi 10.4 800x600,PixStar FotoConnect XD 10.4 Wi-Fi 800x600.rmdu,rmdu,00 5A,NEC1
Digital Picture Frames,Smartparts,Smartparts 10.4 picture frame,Smartparts 10.4 picture frame.rmdu,rmdu,00 5A,NEC1
Digital Picture Frames,Sungale,Sungale CD700A Digital Picture Frame,Sungale CD700A Digital Picture Frame.rmdu,rmdu,00 5A,NEC1
Digital Picture Frames,Technika,Technika SR08 digital photo frame,Techinika SR08 digital photo framel.rmdu,rmdu,00 5A,NEC1
Digital Picture Frames,ViewSonic,ViewSonic VFD1020-12,Viewsonic Photo_Frame_1020.txt,txt,00 5A,NEC1
Digital STBs,A3,A3 TVBOX,A3 TV Box.rmdu,rmdu,00 5A,NEC1
Digital STBs,ABCOM,ABCOM IPBox 9000HD,AB-COM_IPBox_9000HD_km.txt,txt,01 FF,Manual Settings
Digital STBs,ACL,ACL STB-8,ACL STB-8.rmdu,rmdu,00 5A,NEC1
Digital STBs,ADB,ADB 2721W,ADB 2721W.rmdu,rmdu,01 6C,XMP (Slingbox)(No repeat)
Digital STBs,ADB,ADB 3800W and ADB5810 iPTV,ADB3800 ADB5810.rmdu,rmdu,01 61,pid\: 01 61
Digital STBs,ADB,ADB I-CAN 2100T,ADB I-CAN 2100T.rmdu,rmdu,01 6C,XMP (Slingbox)
Digital STBs,ADTH,ADTH IP 7880M,ADTH IP 7880M.rmdu,rmdu,00 5A,NEC1
Digital STBs,AMLogic,AMLogic S905W stb,AMLogic S905W.rmdu,rmdu,00 5A,NEC1
Digital STBs,ASDA,ASDA LEDSTB0802,ASDA Freeview box for 8820.rmdu,rmdu,00 5A,NEC1
Digital STBs,ASDA,ASDA STB-09,ASDA STB-09.rmdu,rmdu,00 5A,NEC1
Digital STBs,AT&T,AT&T Homezone,AT&T_Homezone.txt,txt,01 73,Nokia32
Digital STBs,ATSC,ATSC DTV103 OTA DTV converter/PVR,ATSCDTV103.rmdu,rmdu,00 5A,NEC1
Digital STBs,ATSC,ATSC TV Box - Unbranded China Box,ATSC Box.rmdu,rmdu,00 5A,NEC1
Digital STBs,AVermedia,AVermedia Hybrid TVBox 11,AVermedia Hybrid TVBox 11.rmdu,rmdu,00 5A,NEC1
Digital STBs,Accurian,Accurian (Radio Shack 16-3499),Accurian-HDTV.txt,txt,00 5A,NEC1
Digital STBs,Accurian,Accurian 6000 HDTV Tuner,Accurian 6000 HDTV Tuner.rmdu,rmdu,00 5a,NEC1
Digital STBs,Acurian,Acurian (RS) digital tv tuner,Acurian-tuner.txt,txt,,NEC1
Digital STBs,AirTV,AirTV Player,AirTV Player.rmdu,rmdu,00 5A,NEC1
Digital STBs,AirTies,AirTies Air 7200,Sagem PVR6522C.rmdu,rmdu,01 FF,NEC1 (No Repeats)
Digital STBs,Airlink,Airlink 101 ATVC102,Airlink101_ATVC102.txt,txt,00 5A,NEC1
Digital STBs,Airtel,Airtel IP-TV,Airtel IP-TV .rmdu,rmdu,00 5A,NEC1
Digital STBs,Akira,Akira DHB-B36 HU DVB-T receiver,URC7950_2003_Akira.rmdu,rmdu,00 5A,NEC1
Digital STBs,Alba,ALBA STB2NS Freeview,ALBA STB2NS.rmdu,rmdu,00 5A,NEC1
Digital STBs,Alba,Alba CDVB5,Alba CDVB5.rmdu,rmdu,00 5A,NEC1
Digital STBs,Alba,Alba STB-102,Alba STB-102.rmdu,rmdu,01 FF,NEC1 (No Repeats)
Digital STBs,Albis,Albis scenegate 8000,Albis scenegate 8000.rmdu,rmdu,00 5A,NEC1
Digital STBs,Alice,Alice Home Tv Box (Italy),Alice Home Tv Box (Italy).rmdu,rmdu,01 FF,Manual Settings
Digital STBs,Alice,Alice TVL-HD03A,Alice TV L-HD03A.rmdu,rmdu,01 2A,MCE
Digital STBs,Amino,Amino AmiNET 125,Amino AmiNET 125.rmdu,rmdu,01 9C,Amino
Digital STBs,AnTik,AnTik Juice Mini,AnTik Juice Mini.rmdu,rmdu,00 E8,RC-5
Digital STBs,Andoer,Andoer DVB-T2,Andoer DVB-T2.rmdu,rmdu,00 5A,NEC1
Digital STBs,Antik,Antik Juice Pro,AnTik Juice Pro.rmdu,rmdu,00 E8,RC-5
Digital STBs,Apex,Apex DT250 (no volume),Apex_Digital_DT250.txt,txt,00 5A,NEC1
Digital STBs,Apex,Apex DT250 (official),Apex_DT250_UEI.txt,txt,01 FB,Manual Settings
Digital STBs,Aquario,Aquario DTV4000,Aquario DTV4000.rmdu,rmdu,00 5A,NEC1
Digital STBs,Arista,Arista DVB-HD720 and DGTEC DG-HD7710,Arista DVB-HD720 and DGTEC DG-HD7710.rmdu,rmdu,00 5A,NEC1
Digital STBs,Arris,Arris VIP5662,Arris VIP5662.rmdu,rmdu,01 BB,TDC-38 Official
Digital STBs,Arris,Arris ZD4500,Arris ZD4500.rmdu,rmdu,00 E8,RC-5
Digital STBs,Artec,Artec T3AP,ARTEC T3AP.rmdu,rmdu,00 5A,NEC1
Digital STBs,Atemio,Atemio AM6000/6100,Atemio_AM6000.rmdu,rmdu,00 5A,NEC1
Digital STBs,Audiovox,Audiovox AXDGT08N DVB-T,Autovox AX DGT08N.rmdu,rmdu,00 5A,NEC1
Digital STBs,AugustInt,AugustInt DVB 400,AugustInt DVB 400.rmdu,rmdu,00 5A,NEC1
Digital STBs,Aurora,Aurora Multimedia V-Tune Pro HD,Aurora Multimedia V-Tune Pro HD.rmdu,rmdu,00 5A,NEC1
Digital STBs,Avov,Avov TVOnline,Avov TVOnline.rmdu,rmdu,00 5A,NEC1
Digital STBs,Axil,Axil RT 0101,Axil RT 0101.rmdu,rmdu,00 5A,NEC1
Digital STBs,Azbox,Azbox EVO FTA Receiver,Azbox EVO.rmdu,rmdu,00 5A,NEC1
Digital STBs,BT,BT I-Player (Netgem),BT&Netgem_I-Player.txt,txt,00 5A,NEC1
Digital STBs,BT,BT YouView (Humax DTR-1000),BT YouView.rmdu,rmdu,01 FF,NEC1 (No Repeats)
Digital STBs,BT,BT YouView Plus DTR-T2100,BT YouView Plus DTR-T2100.rmdu,rmdu,00 5A,NEC1
Digital STBs,BT,BT YouView remote 31247,BT YouView 31247 remote.rmdu,rmdu,00 5A,NEC1
Digital STBs,Base,Base TSD2 & Legend LSD2,Base TSD2 and Legend LSD2.rmdu,rmdu,00 5A,NEC1
Digital STBs,Boyo,Boyo VT-MHC ATSC Tuner,Boyo VT-MHC.rmdu,rmdu,00 5A,NEC1
Digital STBs,Buffalo,Buffalo DTV-H300,Buffalo DTV-H300.rmdu,rmdu,00 5A,NEC1
Digital STBs,Bush,Bush BHAS01UR (and 02UR),Bush BHAS01UR.rmdu,rmdu,00 5A,NEC1
Digital STBs,Bush,Bush DFTA-14HD,Bush DFTA-14HD.rmdu,rmdu,00 5A,NEC1
Digital STBs,Bush,Bush DFTA11 DVB-T receiver (freeview),Bush_DFTA11_DVB-T_Receiver.txt,txt,00 E8,RC-5
Digital STBs,Bush,Bush DFTA13HDSIL,Bush DFA13HDSIL.rmdu,rmdu,00 5A,NEC1
Digital STBs,Bush,Bush DFTA2 DVB-T (freeview),Bush_DFTA2_DVB-T.txt,txt,00 E8,RC-5
Digital STBs,Bush,Bush DFTA45R,Bush DFTA45R.rmdu,rmdu,00 5A,NEC1
Digital STBs,Bush,Bush DFTA5A & DFTA7A,Bush DFTA5A & DFTA7A.rmdu,rmdu,00 5A,NEC1
Digital STBs,Bush,Bush FSat +500,Bush FSAT+500.rmdu,rmdu,00 5A,NEC2
Digital STBs,CE,CE Labs,CE-Labs Digital Converter Box.rmdu,rmdu,00 5A,NEC1
Digital STBs,CGV,CGV Etimo 2T,CGV Etimo 2T.rmdu,rmdu,00 5A,NEC1
Digital STBs,Cablevison,Cablevison Flow Box (Argentina),Cablevision Flow.rmdu,rmdu,00 C4,GI Cable
Digital STBs,Canal,Canal Digital CDC-9000 S HD,CanalDigital CDC-9000 S HD .rmdu,rmdu,01 23,StreamZap
Digital STBs,CaptiveWorks,CaptiveWorks 3000HD,Captive_Works_3000HD-v6.txt,txt,01 FF,Manual Settings
Digital STBs,CaptiveWorks,CaptiveWorks CW3000HD (4 Slingbox - Updated Layout),Captive Works 3000HD.rmdu,rmdu,01 FF,Manual Settings
Digital STBs,Centronics,Centronics ZAT502HD,Centronics ZAT502HD.rmdu,rmdu,00 5A,NEC1
Digital STBs,Centronics,Centronics ZAT502HD,Centronics_ZAT502HD.txt,txt,00 5A,NEC1
Digital STBs,Channel Master,Channel Master CM-7001,Channel Master CM-7001.rmdu,rmdu,00 5A,NEC1
Digital STBs,Channel Master,Channel Master CM-703,Channel Master CM-7003.rmdu,rmdu,00 5A,NEC1
Digital STBs,Channel Master,Channel Master CM7000 DTV Box OEM Remote,Channel_Master_CM7000_DTV_Box_OEM_Remote.txt,txt,00 5A,NEC1
Digital STBs,Channel Master,Channel Master DVR+,Channel Master DVR+ CM-7500GB16 .rmdu,rmdu,00 5A,NEC1-rnc
Digital STBs,China,China G-Box,China G-box.rmdu,rmdu,01 6C,XMP
Digital STBs,Chunghwa,Chunghwa MOD303,Chunghwa MOD303.rmdu,rmdu,00 5A,NEC1
Digital STBs,Cisco,Cisco 4585 DVB,Cisco 4585 DVB.rmdu,rmdu,00 E8,RC-5
Digital STBs,Cisco,Cisco DTA 170HD,Cisco DTA 170HD .rmdu,rmdu,00 00,Panasonic (old)
Digital STBs,Cisco,Cisco PDS 2100,Cisco PDS 2100.rmdu,rmdu,01 FF,NEC1 (No Repeats)
Digital STBs,Clarke-Tech,Clarke-Tech C-TECH 2100,Clarke-Tech C-TECH 2100.rmdu,rmdu,00 5A,NECx2
Digital STBs,Cloud,Cloud iBox,Cloud iBox.rmdu,rmdu,01 2A,MCE
Digital STBs,CoShip,CoShip 5680,CoShip_5680.txt,txt,,Manual Settings
Digital STBs,Cobolt,Cobolt DVBT6166,Cobolt DVBT6166.rmdu,rmdu,00 5A,NEC1
Digital STBs,Comigo,Comigo CMG-SBOF8C,Comigo CMG-SBOF8C.rmdu,rmdu,01 73,Nokia32
Digital STBs,Comtrend,Comtrend CT-7005,Comtrend CT -7005 .rmdu,rmdu,01 FF,NEC1 (No Repeats)
Digital STBs,Coship,Coship N6750C,Coship N6750C.rmdu,rmdu,01 2A,MCE
Digital STBs,Coship,Coship N8626i,Coship N8626i.rmdu,rmdu,00 5A,NEC1
Digital STBs,Coship,Coship N8760C,COSHIP N8760C.rmdu,rmdu,00 5A,NEC1
Digital STBs,Cosmic,Cosmic D258,Cosmic D258.rmdu,rmdu,00 F8,Kaseikyo-G (No Repeat)
Digital STBs,Cox,Cox Mini Box,Cox Mini Box .rmdu,rmdu,00 5A,NEC1
Digital STBs,Craig,Craig cvd506,Craig cvd506 STB 101.rmdu,rmdu,00 5A,NEC1
Digital STBs,Craig,Craig cvd506,Craig cvd506 STB.rmdu,rmdu,00 5A,NEC1
Digital STBs,Crypto,Crypto Redi 200,Crypto Redi 200.rmdu,rmdu,01 FF,NEC1 (No Repeats)
Digital STBs,Crystal,Crystal Premium HD,Crystal Premium HD.rmdu,rmdu,00 5A,NEC1
Digital STBs,DSE,DSE G1185/Pacific Satellite DTR-7000/7100,DSE G1185.rmdu,rmdu,00 5A,NEC1
Digital STBs,DTB-TV,DTB-TV (Free TV) Made in China,DVB-T Made in China.rmdu,rmdu,00 5A,NEC1
Digital STBs,DVN,DVN STB1 stb,DVN_STB1_stb.txt,txt,01 FF,Manual Settings
Digital STBs,Daewoo,Daewoo D2608P Freeview Adapter,Daewoo D2608P Freeview Adapter.rmdu,rmdu,00 5a,NEC1
Digital STBs,Daewoo,Daewoo SV900 Freeview VCR,Daewoo-1296.txt,txt,00 5A,NEC1
Digital STBs,Denver,Denver DMB-113CI,Denver DMB-113CI.rmdu,rmdu,00 5A,NEC1
Digital STBs,Denver,Denver DVBT-12,Denver DVBT-12 .rmdu,rmdu,00 5A,NEC1
Digital STBs,Dgtec,Dgtec DG HD-8710,DGTec DG HD-8710.rmdu,rmdu,00 5A,NEC1
Digital STBs,Dgtec,Dgtec DH-HD605,Dgtec_DH-HD605.txt,txt,00 5A,NEC1
Digital STBs,Dgtec,Dgtec DH2000A,Dgtec_DH2000A.txt,txt,01 6A,Manual Settings
Digital STBs,Dgtec,Dgtec DH2000A device,Dgtec DH2000A device.txt,txt,01 6A,Manual Settings
Digital STBs,Dgtec,Dgtec HD 3800 STB,DGTEC HD 3800.rmdu,rmdu,00 5A,NEC1
Digital STBs,Digi,Digi DCD4414iRR,Digi DCD4414iRR.rmdu,rmdu,00 5A,NEC1
Digital STBs,Digihome,Digihome DVB-915.rmdu,Digihome DVB-915.rmdu,rmdu,00 e8,RC-5
Digital STBs,Digilogic,Digilogic DSTB100 Tescos freeview receiver,SagemDTV Freeview Box.rmdu,rmdu,00 5a,NEC1
Digital STBs,Digiquest,Digiquest DG3600 HD,Digiquest DG3600 HD.rmdu,rmdu,00 5A,NEC1
Digital STBs,Digital Stream,Digital Stream DTX9900,DigStrm-6131_std.rmdu,rmdu,00 5a,NEC1
Digital STBs,Digital Stream,Digital Stream DTX9950,Digital Stream DTX9950 Liz.rmdu,rmdu,00 5A,NEC1
Digital STBs,Digital Stream,Digital Stream DTX9950.rmdu,Digital Stream DTX9950.rmdu,rmdu,00 5A,NEC1
Digital STBs,Digital Stream,Digital Stream HD-3150+,DigitalStream_HD-3150+.txt,txt,00 5A,NEC1
Digital STBs,Digital Stream,Digital TV-Boks,Digital TV-Boks.rmdu,rmdu,01 6C,XMP (Slingbox)
Digital STBs,DigitalBox,DigitalBox Imperial HD 3K,DigitalBox Imperial HD 3K.rmdu,rmdu,00 5A,NEC1
Digital STBs,DigitalView,DigitalView XC 4917,DigitalView XC4917.rmdu,rmdu,00 5A,NEC1
Digital STBs,Digivision,Digivision DVT-3025EU,Digivision DVT-3025EU.rmdu,rmdu,01 EF,Digivision
Digital STBs,Dilog,Dilog DT455,Dilog DT455 .rmdu,rmdu,01 FF,NEC1 (No Repeats)
Digital STBs,Dion,Dion VSTBAW09 (Tesco - UK),Dion Tesco VSTBAW09.rmdu,rmdu,00 5A,NEC1
Digital STBs,Directv,Directv Now Streaming Box C71KW-200,Directv Now Streaming Box C71KW-200 (2).rmdu,rmdu,01 62,DirecTV
Digital STBs,Dish,Dish Network TR-40 Echostar,Dish_Network_TR-40_converter KM917.txt,txt,00 02,Dish Network
Digital STBs,Doop,Doop HDMP-200,Doop HDMP-200.rmdu,rmdu,00 5A,NEC1
Digital STBs,Doop,Doop HDMP-200,DoopHDMP-200.rmdu,rmdu,00 5A,NEC1
Digital STBs,Draco,Draco HDTV 6300,Draco HDTV 6300.rmdu,rmdu,00 5A,NEC1
Digital STBs,Dreambox,Dreambox DM7200HD,Dreambox DM7200HD .rmdu,rmdu,00 5A,NEC1
Digital STBs,EETV,EETV - Netgem N8500,C2035 - EETV Netgem N8500.rmdu,rmdu,00 5A,NEC1
Digital STBs,ENERGY,ENERGY SISTEM TDT HD 3,ENERGY_TDT_HD_3.rmdu,rmdu,00 5A,NEC1
Digital STBs,EVPad,EVPad 6gen d,EVPad.rmdu,rmdu,00 5A,NEC1
Digital STBs,Echostar,Echostar DTV PAL,Echostar_DTV_PAL_v3.txt,txt,00 F0,Manual Settings
Digital STBs,Echostar,Echostar T-101FTA (DVB-T),Echostar_T-101FTA.txt,txt,01 23,StreamZap
Digital STBs,Edison,Edison 1600Ci,Edison 1600CI.rmdu,rmdu,01 FF,NEC1 (No Repeats)
Digital STBs,Edison,Edison OS Mini,Edison OS Mini.rmdu,rmdu,00 5A,NEC1
Digital STBs,Electronic,Electronic Master DTV-5000HD - URC-10820,Electronic Master DTV-5000HD - URC-10820.rmdu,rmdu,00 5A,NEC1
Digital STBs,Ematic,Ematic AT103B,Ematic AT103B.rmdu,rmdu,00 5A,NEC1
Digital STBs,Enseo,Enseo HD 2000,Enseo HD 2000 .rmdu,rmdu,00 5A,NEC2
Digital STBs,Entone,Entone Amulet IPTV receiver,Entone_Amulet.rmdu,rmdu,01 FF,Manual Settings
Digital STBs,Entone,Entone Kamai Simple Replay non-repeating protocol,ENTOE KAMAI (simple replay non repeatingl).rmdu,rmdu,01 FF,Manual Settings\: 01 FF
Digital STBs,Erastar,Erastar ER-3000,Erastar ER-3000.rmdu,rmdu,00 5A,NEC1
Digital STBs,Etisalat,Etisalat eVision Pace DPI79xx,Etisalat eVision Pace DPI79xx IP TV receiver.rmdu,rmdu,01 2A,MCE
Digital STBs,Evolution,Evolution DMS 2002U,Evolution DMS-2002.rmdu,rmdu,00 5A,NEC1
Digital STBs,Evolution,Evolution DMS-2002,Evolution DMS-2002.rmdu,rmdu,00 5a,NEC1
Digital STBs,Evolution,Evolution DMS2004UHD,Evolution DMS2004UHD.rmdu,rmdu,00 5A,NEC1
Digital STBs,Evolution,Evolution HD-uDTA-E,Evolution HD-uDTA-E.rmdu,rmdu,00 5A,NEC1
Digital STBs,Evolveo,Evolveo Omega T2,Evolveo Omega T2.rmdu,rmdu,00 5A,NEC1
Digital STBs,F&U,F&U MPF3462H,F&U MPF3462H.rmdu,rmdu,00 5A,NEC1
Digital STBs,Fain,Fain TV iPTV stb,fain tv.rmdu,rmdu,00 5A,NEC1
Digital STBs,FeelStore,FeelStore XA2 DVBT2,FeelStore XA2 DVBT2.rmdu,rmdu,00 5A,NEC1
Digital STBs,Ferguson,Ferguson AF-7018 STB,Ferguson 7018.rmdu,rmdu,00 5A,NEC1
Digital STBs,Ferguson,Ferguson FK-6900 CR STB,Ferguson FK-6900 CR.rmdu,rmdu,00 5A,NEC1
Digital STBs,Formuler,Formuler F1,Formuler F1.rmdu,rmdu,00 5A,NEC1
Digital STBs,Foxtel,Foxtel 1Q3,Foxtel IQ3.rmdu,rmdu,01 73,Nokia32
Digital STBs,FreeBox,FreeBox v4,Freebox v4.rmdu,rmdu,00 4b,Thomson
Digital STBs,Freebox,Freebox HD V5,Freebox V5 sling.rmdu,rmdu,01 73,Manual Settings
Digital STBs,GI,GI Jerrold DVR7,GI-Jerrold DVR7.rmdu,rmdu,00 06,Jerrold
Digital STBs,GIEC,GIEC GK-HD14,GIEC GK-HD14 .rmdu,rmdu,00 5A,NEC1
Digital STBs,GT,GT Media Nova V8 blue,GTMedia_V8_Nova_blue.rmdu,rmdu,00 5A,NEC1
Digital STBs,Golden,Golden Interstar DSR-8001,Golden Interstar DSR-8001.rmdu,rmdu,00 5A,NEC1
Digital STBs,Golden,Golden Interstar Xpeed LX 1/2/3,1366_GI xpeed lx_x on Dream IR.rmdu,rmdu,00 5A,NEC1
Digital STBs,Goldmaster,Goldmaster DTV-20000 HD,Goldmaster DTV-20000 HD.rmdu,rmdu,01 FF,NEC1 (No Repeats)
Digital STBs,Goodmans,Goodman's Freeview receiver,Goodmans-SAT-1284.txt,txt,00 E8,RC-5
Digital STBs,Goodmans,Goodmans GDB18FVZS2,Goodmans GDB18FVZS2 .rmdu,rmdu,00 5A,NEC1
Digital STBs,Goodmans,Goodmans GDVR305DVBT - Freeview DVD Recorder,Goodmans GDVR 305DVBT - Freeview.rmdu,rmdu,00 E8,RC-5
Digital STBs,Google,Google Fiber GFHD200,Google Fiber GFHD100.rmdu,rmdu,01 2A,pid\: 01 2A
Digital STBs,Google,Google GFHD100,Google GFHD100.rmdu,rmdu,01 2A,MCE
Digital STBs,Grundig,Grundig DTR 1560 Micro,Grundig_DTR_1560_Micro.rmdu,rmdu,01 A5,Manual Settings
Digital STBs,Grundig,Grundig DTR-8720,Grundig DTR-8720.rmdu,rmdu,01 6C,Dreambox
Digital STBs,Grundig,Grundig DTR_1560 Micro,Grundig_DTR_1560_Micro.txt,txt,01 A5,Manual Settings
Digital STBs,Grundig,Grundig GUD1500XI2,Grundig GUD1500XI2.rmdu,rmdu,00 5A,NEC1
Digital STBs,HD,HD Duo S3,HD Duo S3.rmdu,rmdu,00 5A,NEC1
Digital STBs,HTThunder,HTThunder HD 420,HTThunder HD 420.rmdu,rmdu,00 5A,NEC1
Digital STBs,Handan,Handan DVB-C 5000,Handan DVB-C 5000.rmdu,rmdu,01 23,Manual Settings
Digital STBs,Handan,Handan Digibox,Handan_Digibox.txt,txt,01 23,StreamZap
Digital STBs,Hisense,Hisense (USDTV) DB-2010,Hisense DB-2010.txt,txt,00 5A,NEC1
Digital STBs,Hisense,Hisense HSDB100/DSE G1955,Hisense HDSB100 (or DSE G1955).rmdu,rmdu,00 5A,NEC1
Digital STBs,Hitachi,Hitachi HDTV Upgrade,Hitachi_HDTV_Upgrade.txt,txt,00 5A,NEC1
Digital STBs,HomeWorx,HomeWorX HW180STB,HomwWorX HW180STB.rmdu,rmdu,00 5A,NEC1
Digital STBs,HomeWorx,HomeWorx HW-150PVR,HomeWorX HW-150PVR.rmdu,rmdu,00 5A,NEC1
Digital STBs,HomeWorx,HomeWorx HW-180,HomeWorx HW180STB.rmdu,rmdu,00 5A,NEC1
Digital STBs,HomeWorx,HomeWorx HW-180+HW-220 STBs,HomeWorx HW-180+HW-220 STBs.rmdu,rmdu,00 5A,NEC1
Digital STBs,HomeWorx,HomeWorx HW180 STB (2015),HomeWorx HW180STB.rmdu,rmdu,00 5A,NEC1
Digital STBs,Homecast,Homecast T2000,Homecast T2000.rmdu,rmdu,00 5A,NEC1
Digital STBs,Huawei,Huawei DC730,Huawei DC730.rmdu,rmdu,01 6C,XMP (Slingbox)
Digital STBs,Huawei,Huawei EC2108,Huawei EC2108.rmdu,rmdu,00 5A,NECx2
Digital STBs,Huawei,Huawei EC6108V8,Huawei EC6108V8 .rmdu,rmdu,00 5A,NEC1
Digital STBs,Huawei,Huawei Q22,Huawei Q22.rmdu,rmdu,00 5A,NEC1
Digital STBs,Hughes,Hughes HTL-HD Component,Hughes_HTL-HD_Component.txt,txt,00 5A,NEC1
Digital STBs,Hughes,Hughes HTL-HD DVI,Hughes_HTL-HD_DVI.txt,txt,00 5A,NEC1
Digital STBs,Humax,Humax CX-1201C Cable Digibox,Humax-CX-1201C-Cable_Digibox.txt,txt,00 5A,NEC1
Digital STBs,Humax,Humax CXHD-3000T,Humax CXHD-3000T.rmdu,rmdu,00 5A,NEC1
Digital STBs,Humax,Humax CXHD-3000T_URC7781,URC7781_Humax CXHD-3000T_RM.rmdu,rmdu,00 5A,NEC1
Digital STBs,Humax,Humax CXHD-3000T_URC8820N,URC8820N_Humax CXHD-3000T_RM.rmdu,rmdu,00 5A,NEC1
Digital STBs,Humax,Humax DTR-1000,BT YouView.rmdu,rmdu,00 5A,NEC1
Digital STBs,Humax,Humax DTR2100,Humax DTR2100 YouView.rmdu,rmdu,00 5A,NEC1
Digital STBs,Humax,Humax DTV 4700,Humax DTV 4700 .rmdu,rmdu,00 5A,NEC1
Digital STBs,Humax,Humax F2 Fox Freeview,humax Freeview rmdu.rmdu,rmdu,00 5a,NEC1
Digital STBs,Humax,Humax HDR-2000T,Humax HDR-2000T.rmdu,rmdu,00 5A,NEC1
Digital STBs,Humax,Humax HFA100 HDTV Tuner,humax-hfa100.rmdu,rmdu,00 5a,NEC1
Digital STBs,Humax,Humax IRHD-5000C,Humax IRHD-5000C.rmdu,rmdu,00 5A,NEC1
Digital STBs,Humax,Humax ND-2000C,Humax ND-2000C.rmdu,rmdu,00 5A,NEC1
Digital STBs,Humax,Humax PDR 9700 C (repeat set to zero),Humax PDR 9700 C.rmdu,rmdu,01 FF,NEC1 (No Repeats)
Digital STBs,Humax,Humax PR HD 1000C,Humax PR HD 1000C.rmdu,rmdu,00 5A,NEC1
Digital STBs,Hyro,Hyro 9900HD,Hyro 9900HD.rmdu,rmdu,00 5A,NEC1
Digital STBs,Hyundai,Hyundai Digital Technology Kbro digital set top box (DSTB),Kbro Hyundai Digital Technology digital set top box (DSTB).rmdu,rmdu,01 6C,XMP (Slingbox)
Digital STBs,Hyundai,Hyundai HDTV LCD 320WR,Hyundai_LCD_320WR.txt,txt,00 5A,NEC1
Digital STBs,Hyundai,Hyundai HY-18 STB,Hyundai HY-18 STB.rmdu,rmdu,00 5A,NEC1
Digital STBs,I-Link,I-Link 9000,I-link 9000.rmdu,rmdu,00 5A,NEC1
Digital STBs,I-Link,I-Link IR 210,I-Link IR 210.rmdu,rmdu,01 FF,NEC1 (No Repeats)
Digital STBs,IODATA,IODATA HVT-BT200,IODATA_HVT-BT200_km.txt,txt,01 FF,Manual Settings
Digital STBs,IODATA,IODATA HVTR-BTL,IO DATA HVTR-BTL.rmdu,rmdu,01 EF,IODATA
Digital STBs,IP-NET,IP-NET Vision Zapper Cable Set Top Box --used by CABLEMAS MEXICO 2010,CABLEMAS DIGITAL CABLE BOX urc8810 rev1.rmdu,rmdu,00 5A,NEC1
Digital STBs,Infokit,Infokit - uhf digital converter - ISDB-T - BR,conversor infokit - 8010 Sky-nec.rmdu,rmdu,00 5A,NEC1
Digital STBs,Insignia,Insignia HD/DT Tv converter box akb36157101,Insignia Converter Box.rmdu,rmdu,00 5a,NEC1
Digital STBs,Insignia,Insignia NS-DXA1 / Zenith DTT900,Insignia_NS-DXA1.txt,txt,00 5A,NEC1
Digital STBs,Insignia,Insignia NS-DXA2,Insignia NS-DXA2.rmdu,rmdu,00 5A,NEC1
Digital STBs,Inves,Inves TDT_GR15_HD_T2,Inves_TDT_GR15_HD_T2.rmdu,rmdu,00 5A,NEC1
Digital STBs,Iris,Iris 5600 HD,Iris 5600 HD.rmdu,rmdu,01 FF,NEC1 (No Repeats)
Digital STBs,Jepssen,Jepssen ST4-HD,Jepssen ST4-HD.rmdu,rmdu,01 FF,NEC1 (No Repeats)
Digital STBs,JetStream,JetStream Android TV,JetStream Android TV Streaming Device.rmdu,rmdu,00 5A,NEC1
Digital STBs,KT,KT NA1100,KT NA1100.rmdu,rmdu,00 5A,NEC1
Digital STBs,Kaon,Kaon 171,Kaon K-171.rmdu,rmdu,00 5A,NEC1
Digital STBs,Kaon,Kaon BKO-100,Kaon BKO-100 .rmdu,rmdu,00 5A,NEC1
Digital STBs,Kaon,Kaon KSF-B285NS,Kaon KSF-B285NS.rmdu,rmdu,01 2A,MCE
Digital STBs,Kaon,Kaon KTF-200S Terrestrial Digital Set Top Box.rmdu,Kaon KTF-200S Terrestrial Digital Set Top Box.rmdu,rmdu,00 5a,NEC1
Digital STBs,Kaon,Kaon KTSF-B3202NSO,Kaon KTSF-B3202NSO.rmdu,rmdu,00 5A,NEC1
Digital STBs,Kaon,Kaon NA1600HD,Kaon NA 1600 HD.rmdu,rmdu,00 5A,NEC1
Digital STBs,Kaon,Kaon NS1110H,Kaon NS1110H.rmdu,rmdu,00 5A,NEC1
Digital STBs,Kaon,Kaon VM 1910,Kaon VM 1910.rmdu,rmdu,00 5A,NEC1
Digital STBs,Konka,Konka KSDT980,Konka KSDT980.rmdu,rmdu,00 5A,NEC1
Digital STBs,Kross,Kross TS-530,Kross TS-530.rmdu,rmdu,00 5A,NEC1
Digital STBs,Kylin,Kylin IP TV version 2.0,Kylin IP TV version 2.0 .rmdu,rmdu,00 5A,NEC1
Digital STBs,LEO-NET,LEO-NET NITV-700-C,LEO-NET NITV-700-C.rmdu,rmdu,01 61,Sejin-M-N
Digital STBs,LG,LG LSI530-8DLK,LG LSI530-8DLK.rmdu,rmdu,00 5A,NEC1
Digital STBs,LG,LG LSS-3200A W-DISCRETE-KM Upgrade,LG_LSS-3200A_W-DISCRETE-KM Upgrade.txt,txt,00 5A,NEC1
Digital STBs,LG,LG LST 6100,LG LST 6100.rmdu,rmdu,00 5A,NEC1
Digital STBs,LG,LG LST-4100P,LG LST-4100P.rmdu,rmdu,00 5A,NEC1
Digital STBs,LG,LG LST-4200A,LG LST 4200a.txt,txt,00 5A,NEC1
Digital STBs,LG,LG LST-5100P,LG LST-5100P.rmdu,rmdu,00 5A,NEC1
Digital STBs,Loranz,Loranz LZ2911STB-USB,Loranz LZ2911STB-USB .rmdu,rmdu,00 5A,NEC1
Digital STBs,Lumatron,Lumatron DVB-T49,Lumatron DVB-T49.rmdu,rmdu,00 5A,NEC1
Digital STBs,MAG,MAG 250,MAG 250.rmdu,rmdu,00 E8,RC-5
Digital STBs,MAG,MAG 254,MAG 254.rmdu,rmdu,00 E8,RC-5
Digital STBs,MOVISTAR_IPTV,MOVISTAR_IPTV,Movistar_IPTV.rmdu,rmdu,01 61,Sejin-1-N
Digital STBs,MVHD,MVHD 800C,MVHD 800C.rmdu,rmdu,00 5A,NEC1
Digital STBs,MVision,MVision HD-450T,M-Vision HD-450T.rmdu,rmdu,00 5A,NEC1
Digital STBs,Magnavox,Magnavox TB100MW9,Magnavox TB100MW9.rmdu,rmdu,00 65,Emerson
Digital STBs,Magnavox,Magnavox TB100MW9 STB,Magnavox TB100MW9 STB.rmdu,rmdu,00 65,Emerson Combo (4-device)
Digital STBs,Magnavox,Magnavox TB110MW9,Magnavox TB100MW9 STB.rmdu,rmdu,00 65,Emerson Combo (4-device)
Digital STBs,Manhattan Plaza,Manhattan Plaza HD-T2,Manhattan Plaza HD-T2.rmdu,rmdu,00 5A,NEC1
Digital STBs,Manhattan Plaza,Manhattan Plaza HD-T2,Manhattan Plaza HD-T2.rmdu,rmdu,00 5A,NEC1
Digital STBs,Mascom,Mascom MC 1000T DVB-T STB,Mascom MC 1000T.rmdu,rmdu,00 5A,NEC1
Digital STBs,Maspro,Maspro DT400,Maspro DT400 .rmdu,rmdu,00 5A,NEC2
Digital STBs,Matsui Digital,Matsui Digitial TV Receiver (applies NOKIA 32 protocol),Matsui_Digital_TV_Receiver.txt,txt,01 EE,Manual Settings
Digital STBs,Maximum,Maximum C-8000 CX-CI,Maximum C-8000 CX-CI.rmdu,rmdu,01 FF,NEC1 (No Repeats)
Digital STBs,Maximum,Maximum XO-506C,Maximum X0-506C.rmdu,rmdu,00 5A,NEC1
Digital STBs,Mecool,Mecool KIII Pro,Mecool KIII Pro.rmdu,rmdu,00 5A,NEC1
Digital STBs,Medialink,Medialink ML1200S,Medialink Smart ML1200S.rmdu,rmdu,00 5A,NEC1
Digital STBs,Mele,Mele A2000,Mele A2000.rmdu,rmdu,00 5A,NEC1
Digital STBs,Metronic,Metronic 441805,Metronic 441805.rmdu,rmdu,00 E8,RC-5
Digital STBs,Metronic,Metronic zapbox HD-SO.1 HD,Metronix Zapbox HD-SO.1 HD.rmdu,rmdu,00 5A,NEC1
Digital STBs,Mini,Mini M8S Android TV box,Mini M8S Android TV box.rmdu,rmdu,00 5A,NEC1
Digital STBs,Minix,Minix Neo X5,Minix Neo X5.rmdu,rmdu,00 5A,NEC1
Digital STBs,Mitsubishi,Mitsubishi 55807,Mitsubishi 55807.txt,txt,00 14,Mitsubishi
Digital STBs,Mitsubishi,Mitsubishi WS-65907,Mitsubishi_WS-65907_TV-1047.txt,txt,00 14,Mitsubishi
Digital STBs,Motorola,Motorola 1003,Motorola 1003.rmdu,rmdu,01 33,Zaptor
Digital STBs,Motorola,Motorola 1853,Motorola 1853.rmdu,rmdu,01 FF,CanalSatLD
Digital STBs,Motorola,Motorola 1910/1960,Motorola 1910.rmdu,rmdu,01 33,Zaptor
Digital STBs,Motorola,Motorola HDT100 OTA digital tuner,Motorola_HDT100.txt,txt,00 E8,RC-5
Digital STBs,Motorola,Motorola HM-STB120E,Motorola HM-STB120E .rmdu,rmdu,01 FF,NEC1 (No Repeats)
Digital STBs,Motorola,Motorola VIP-1963,Motorola 1963.rmdu,rmdu,01 33,Zaptor
Digital STBs,MultiMedia,MultiMedia Polska,MultiMedia Polska.rmdu,rmdu,00 5A,NEC1
Digital STBs,MultiTech,MultiTech DM-T2A,Multitech DMT2A.rmdu,rmdu,00 5A,NEC1
Digital STBs,Mut@nt,Mut@nt HD2400 PVR,Mutant 2400 URC-7556.rmdu,rmdu,00 5A,NEC1
Digital STBs,Mut@nt,Mut@nt HD500C,Mut@nt HD500C.rmdu,rmdu,00 5A,NEC1
Digital STBs,MyGica,MyGica ATV495x android media box,ATV495x android media box.rmdu,rmdu,00 5A,NEC1
Digital STBs,MyHD,MyHD MDP-120 HDTV,MYHD120_HDTV_Remote.txt,txt,00 5A,NEC1
Digital STBs,Net,Net Digital DCR-7121,net digital dcr7121.rmdu,rmdu,00 5A,NEC1
Digital STBs,Neta,Neta HD 8400,Neta HD 8400.rmdu,rmdu,01 FF,NEC1 (No Repeats)
Digital STBs,Nexbox,Nexbox A95X Android TV Box,Nexbox A95X.rmdu,rmdu,00 5A,NEC1
Digital STBs,Next,Next Level G2200 (Motorola),Next_Level_G2200_KM.txt,txt,01 FF,Manual Settings
Digital STBs,Next,Next YE-15000 HD,Next YE-15000 HD.rmdu,rmdu,00 5A,NEC1
Digital STBs,NextWave,NextWave TDR-3100/3200,NextWave TDR-3100_3200.rmdu,rmdu,00 5A,NEC1
Digital STBs,NextWave,NextWave TDR3100,Nextwave-TDR3100.txt,txt,00 5A,NEC1
Digital STBs,Nippon,Nippon Antenna GT30,Nippon Antenna GT30.rmdu,rmdu,01 FF,Manual Settings
Digital STBs,Nokia,Nokia 110T DVB-T receiver (freeview),Nokia_110T.txt,txt,00 BD,pid: 00 BD
Digital STBs,Now,Now TV Powered By Sky 2400SK (NEC1 234.194),C2033 - Now TV.rmdu,rmdu,00 5A,NEC1
Digital STBs,NowTV,NowTV HD YX-6911H,NowTV HD YX-6911H.rmdu,rmdu,01 6C,XMP
Digital STBs,NueLion,NueLion TV2000N,NueLion TV2000N.rmdu,rmdu,00 5A,NEC1
Digital STBs,Numericable,Numericable HD Box Memory,Numericable HD Box Memory.rmdu,rmdu,01 FF,NEC1 (No Repeats)
Digital STBs,Nvidia,Nvidia Shield,Nvidia Shield.rmdu,rmdu,00 5A,NEC1
Digital STBs,Nvidia,Nvidia Shield TV,Nvidia Shield TV.rmdu,rmdu,00 5A,NEC1
Digital STBs,Nytro,Nytro Box NB-4001T,Nytro Box NB-4001T.rmdu,rmdu,00 5A,NEC1
Digital STBs,OP,OP HD 5001,op5001hd.rmdu,rmdu,00 5A,NEC1
Digital STBs,OTT,OTT TV Box MXQ,OTT TV Box MXQ.rmdu,rmdu,00 5A,NEC1
Digital STBs,Ocilion,Ocilion T220,ocilion finalized.rmdu,rmdu,01 FF,Manual Settings\: 01 FF
Digital STBs,Octagon,Octagon SF 2028 HD,Octagon SF 2028 HD.rmdu,rmdu,00 5A,NEC1
Digital STBs,Omni,Omni DVB-101,Omni DVB-101.rmdu,rmdu,00 45,RECS80 (45)
Digital STBs,Onn,Onn OSTB-01 UK digital STB,Onn OSTB-01 for 7562B00.rmdu,rmdu,00 E8,RC-5
Digital STBs,OpenBox,OpenBox S1,Openbox S1.rmdu,rmdu,00 5A,NEC1
Digital STBs,OpenBox,OpenBox V8,OpenBox V8.rmdu,rmdu,00 5A,NEC1
Digital STBs,OpenBox,Openbox S10 HD,OpenBox S10 HD .rmdu,rmdu,00 5A,NEC1
Digital STBs,Opentel,Opentel HCB2-IR60,Opentel HCB2-IR60.rmdu,rmdu,01 FF,NEC1 (No Repeats)
Digital STBs,Oppo,Oppo Sonica DAC,Oppo Sonica DAC.rmdu,rmdu,00 5A,NEC1
Digital STBs,Optibox,Optibox C1000HD,Optibox C1000HD.rmdu,rmdu,00 5A,NEC1
Digital STBs,Optibox,Optibox Raptor HD,Optiobox Raptor HD.rmdu,rmdu,00 5A,NEC1
Digital STBs,Opticum,Opticum HD XTS703,Opticum HD XTS703 .rmdu,rmdu,00 5A,NEC1
Digital STBs,Opticum,Opticum ITI HD X8,Opticum ITI HD X8 .rmdu,rmdu,00 5A,NEC1
Digital STBs,PRO,PRO BRAND Int. Inc. DIGITALSTREAM HD 3150,Pro Brand HD3150 HDTV Tuner.rmdu,rmdu,00 5A,NEC1
Digital STBs,PVBox,PVBox h6p3,PVBox h6p3.rmdu,rmdu,00 5A,NEC1
Digital STBs,Pace,Pace DC-621KU STB,Pace DC-621KU STB.rmdu,rmdu,01 73,Nokia32
Digital STBs,Pace,Pace DC50X DTA (Comcast),Pace DC50X.rmdu,rmdu,01 6C,XMP (UEI)
Digital STBs,Pace,Pace DC50Xu Digital Transport Adapter - Comcast xfinity,Comcast DC50Xu DTA.rmdu,rmdu,01 6C,XMP
Digital STBs,Pace,Pace DCR 7111,Pace DCR 7111.rmdu,rmdu,01 73,Nokia32
Digital STBs,Pace,Pace DGC7000NF16,Pace DGC7000NF16.rmdu,rmdu,01 73,Nokia32
Digital STBs,Pace,Pace DPS5000,Pace DPS5000.rmdu,rmdu,01 73,Nokia32
Digital STBs,Pace,Pace DSR7141,Pace DSR7141 .rmdu,rmdu,01 2A,MCE
Digital STBs,Pace,Pace DT-S9100,Pace DT-S9100 .rmdu,rmdu,01 6C,XMP (Slingbox)
Digital STBs,Pace,Pace DT840INZ,Pace DT840INZ.rmdu,rmdu,01 73,Nokia32
Digital STBs,Pace,Pace TDS-850IMC,Pioneer DVR-533H.rmdu,rmdu,01 6C,XMP
Digital STBs,Pace,Pace ZC3010,Pace ZC3010.rmdu,rmdu,01 2A,MCE
Digital STBs,Panasonic,Panasonic DMR-HTC230 set top box,Panasonic DMR-HTC230.rmdu,rmdu,00 CD,Panasonic Combo
Digital STBs,Panasonic,Panasonic FreeView Play DMR-HWT150,Panasonic DMR-HWT150 FreeView Play Box.rmdu,rmdu,00 CD,Panasonic Combo
Digital STBs,Panasonic,Panasonic TU-CT20A,Panasonic TU-CT20A.rmdu,rmdu,00 C9,Panasonic
Digital STBs,Panasonic,Panasonic TU-DST51A,Panasonic-TU-DST51A.txt,txt,00 C9,Panasonic
Digital STBs,Panasonic,Panasonic TU-HDS20 hd sat reciever,Panasonic_TU-HDS20_hd_sat_reciever.txt,txt,00 C9,Panasonic
Digital STBs,Panasonic,Panasonic TU-HDT104A,Panasonic TU-HDT104A.rmdu,rmdu,00 5A,NEC1
Digital STBs,Panasonic,Panasonic TZ-DCH1100,Panasonic TZ-DCH1100.rmdu,rmdu,00 C9,Panasonic
Digital STBs,Panodic,Panodic PCH208-B1,Panodic PCH208-B1.rmdu,rmdu,00 5A,NEC1
Digital STBs,Philips,Philips DCR-3101-78 STB,Philips DCR3101-78.rmdu,rmdu,00 5A,NEC1
Digital STBs,Philips,Philips DTR-220,Philips DTR-220.rmdu,rmdu,00 58,RC-6
Digital STBs,Philips,Philips DTR200,Philips_DVB-T_DTR200-00.txt,txt,00 58,RC-6
Digital STBs,Philips,Philips DTR220/05,Philips DTR220_05.rmdu,rmdu,00 58,RC-6
Digital STBs,Philips,Philips DTX 6371/05A OnDigital (UK Freeview) DVB-T,Philips_DTX 6371-05A.txt,txt,00 58,RC-6
Digital STBs,Pinnacle,Pinnacle Show Center,Pinnacle ShowCenter.rmdu,rmdu,01 2A,MCE
Digital STBs,Pinnacle,Pinnacle Showcenter 200/250,Pinnacle Showcenter.txt,txt,01 2A,Manual Settings
Digital STBs,Pinwheel,Pinwheel HD Mini,Pinwheel HD Mini .rmdu,rmdu,00 5A,NEC1
Digital STBs,Pioneer,Pioneer DBR-TF100 (UK freeview box),Pioneer_DBTRF100GB.txt,txt,00 7E,Pioneer MIX
Digital STBs,Pioneer,Pioneer DBR-TF100GB Freeview Box,Pioneer_Freeview_on_6131.txt,txt,00 7E,Pioneer MIX
Digital STBs,Pirelli,Pirelli HY 2000 STB,Pirelli HY2000.rmdu,rmdu,01 EE,TDC
Digital STBs,Pirelli,Pirelli P.VU2600S-RT,Pirelli P.VU2600S-RT.rmdu,rmdu,01 61,Sejin-1-N
Digital STBs,Pixel,Pixel Magic MTV3000,Pixelmagic-MTV3000.rmdu,rmdu,00 5A,NEC1
Digital STBs,Polarid,Polarid POSTB-1,Polaroid POSTB-1.rmdu,rmdu,00 5A,NEC1
Digital STBs,Polaroid,Polaroid STB (DVB-T UK),STB DVB Polaroid.rmdu,rmdu,00 5A,NEC1
Digital STBs,Popbox,Popbox 3D,Popbox 3D.rmdu,rmdu,00 5A,NEC1
Digital STBs,Popcorn,Popcorn Hour A-100,Popcorn_Hour_A-100-8811.txt,txt,00 5A,NEC1
Digital STBs,PrimeDTV,PrimeDTV PHD-VRX,PrimeDTV PHD-VRX.rmdu,rmdu,00 5A,NEC1
Digital STBs,ProHand,ProHand HD1150 STB,ProhandHD 1150.rmdu,rmdu,00 5A,NEC1
Digital STBs,Quadro,Quadro DVBT-801,Quadro DVBT-801.rmdu,rmdu,00 5A,NEC1
Digital STBs,Qviart,Qviart Unic,Qviart Unic.rmdu,rmdu,00 5A,NEC1
Digital STBs,RCA,RCA ATSC 11,RCA ATSC 11.rmdu,rmdu,00 AF,RCA
Digital STBs,RCA,RCA ATSC11,RCA ATSC11.rmdu,rmdu,01 43,RCA Combo (w/Duration)
Digital STBs,RCA,RCA DTA-800B,RCA DTA-800B DTA.rmdu,rmdu,00 AF,RCA
Digital STBs,RCA,RCA DTA800 Digital TV Converter Box,RCA_Digital_TV_Converter_Box-DTA800-v1.txt,txt,00 AF,RCA
Digital STBs,RCA,RCA STB7766C,RCA STB7766C.rmdu,rmdu,00 5A,NEC1
Digital STBs,RCA,RCA STB7766G1,RCA_STB_7766G1.txt,txt,00 5A,NEC1
Digital STBs,Radio_Shack,Radio Shack DTX-9950,RadioShack DTX-9950.rmdu,rmdu,00 5A,NEC1
Digital STBs,Radix,Radix DT2000-T DVB-T Receiver (freeview),Radix_DT-2000T_DVB-T_Receiver.txt,txt,00 5A,NEC1
Digital STBs,Rebox,Rebox RE 2100T,Rebox RE 2100T.rmdu,rmdu,00 5A,NEC1
Digital STBs,Rebox,Rebox RE-1800T,Rebox RE-1800T.rmdu,rmdu,00 5A,NEC1
Digital STBs,Rikomagic,Rikomagic MK902 II miniPC Android,Rikomagic MK902 II miniPC Android.rmdu,rmdu,00 5A,NEC1
Digital STBs,Roku,Roku Code Finder upgrade,Roku Code Finder.rmdu,rmdu,02 1A,Roku Official
Digital STBs,Roku,Roku HD-1000 (NEC1 111),Roku HD-1000.rmdu,rmdu,00 5A,NEC1
Digital STBs,Roku,Roku HD1100 N1000 (NEC2 190.239),Roku.rmdu,rmdu,00 5A,NEC2
Digital STBs,Roku,Roku STB Master File,Roku (official).rmdu,rmdu,02 1A,Roku Official
Digital STBs,Roku,Roku Ultra (uses NEC2 234.194),Roku Ultra.rmdu,rmdu,00 5A,NEC2
Digital STBs,SHAN,SHAN - ISDB-T Digital Converter,SHAN - ISDB-T Digital Converter .rmdu,rmdu,00 5A,NEC1
Digital STBs,SMIT,SMIT GB620-IPTV (Nextvod),Nextvod.rmdu,rmdu,00 5A,NEC1
Digital STBs,Sabrent,Sabrent TV-LCD HR,Sabrent TV-LCD HR.rmdu,rmdu,00 5A,NEC1
Digital STBs,Sagem,Sagem IDT58 U.K. Freeview STB,SagemDTV Freeview Box.rmdu,rmdu,00 5a,NEC1
Digital STBs,Sagem,Sagem PVR6522C,Sagem PVR6522C.rmdu,rmdu,01 FF,NEC1 (No Repeats)
Digital STBs,Sagem,Sagem RT190-320,Sagem RT190-320 .rmdu,rmdu,01 FF,NEC1 (No Repeats)
Digital STBs,Sagemcom,SagemCom DSTIH78,SagemCom DSTIH78 .rmdu,rmdu,01 2A,MCE
Digital STBs,Sagemcom,Sagemcom DTIW7,Sagemcom DTIW7.rmdu,rmdu,00 E8,RC-5
Digital STBs,Sagemcom,Sagemcom ECTI89-00 TLFP,Sagemcom ECTI89-00 TLFP.rmdu,rmdu,00 5A,NEC1
Digital STBs,Sagemcom,Sagemcom RTI95,SagemCom RT195.rmdu,rmdu,01 FF,Nokia36
Digital STBs,Sagemcom,Sagemcom UHD 88,Sagemcom UHD 88.rmdu,rmdu,00 5A,NEC1
Digital STBs,Samsung,Samsung DCA TV 2100 RC,Samsung DCA TV 2100 RC.rmdu,rmdu,00 5A,NEC1
Digital STBs,Samsung,Samsung DCB-B270R,Samsung_DCB-B270R.txt,txt,01 5C,Manual Settings
Digital STBs,Samsung,Samsung DCB-B270Z,Samsung DCB-B270Z.rmdu,rmdu,00 5A,NEC1
Digital STBs,Samsung,Samsung DTB-9401F,Samsung (MF59-0024B) Ã¢Â€Â“ confirmed working with DTB-9401F.rmdu,rmdu,00 5A,NECx2
Digital STBs,Samsung,Samsung DTB-B260V,Samsung DTB-B260V.rmdu,rmdu,00 5A,NECx2
Digital STBs,Samsung,Samsung DTB-H260F ATSC tuner,Samsung_DTB-H260F_ATSC_tuner.txt,txt,01 FF,Manual Settings
Digital STBs,Samsung,Samsung GX-CM700CF,Samsung GX-CM700CF .rmdu,rmdu,00 E8,RC-5
Digital STBs,Samsung,Samsung SEC-SMT-E5030,Samsung SEC-SMT-E5030.rmdu,rmdu,00 5A,NEC1
Digital STBs,Samsung,Samsung SIR-T150 Tuner,Samsung-SIRT150.txt,txt,00 5A,NEC2
Digital STBs,Samsung,Samsung SIR-T151 HDTV Tuner.rmdu,Samsung SIR-T151 HDTV Tuner.rmdu,rmdu,00 5A,NECx2
Digital STBs,Samsung,Samsung SIR-T151 Tuner,Samsung-SIRT150-Tuner.txt,txt,00 5A,NECx2
Digital STBs,Samsung,Samsung SIR-T160 HDTV Tuner.rmdu,Samsung SIR-T160 HDTV Tuner.rmdu,rmdu,00 5A,NECx2
Digital STBs,Samsung,Samsung SIR-T165 tuner,Samsung_SIRT165_tuner.txt,txt,00 5A,NECx2
Digital STBs,Samsung,Samsung SIR-T351 HDTV,Samsung SIR-T351 HDTV.txt,txt,00 5A,NECx2
Digital STBs,Samsung,Samsung SIR-T451,Samsung_SIR-T451_1.txt,txt,00 5A,NECx2
Digital STBs,Samsung,Samsung SIR-TS160 tuner,Samsung_SIR-TS160_tuner.txt,txt,00 5A,NECx2
Digital STBs,Samsung,Samsung SIR-TS360 Tuner,Samsung_SIR-TS360_Tuner.txt,txt,00 5A,NECx2
Digital STBs,Samsung,Samsung SIRU200I,Samsung_SIRU200I.txt,txt,00 5A,NECx2
Digital STBs,Samsung,Samsung SMT-C5010,Samsung SMT-C5010 .rmdu,rmdu,00 5A,NEC1
Digital STBs,Samsung,Samsung SMT-C5050,Samsung SMT-C5050.rmdu,rmdu,00 5A,NECx2
Digital STBs,Samsung,Samsung SMT-G7400,Samsung SMT-G7400.rmdu,rmdu,01 FF,Manual Settings
Digital STBs,Samsung,Samsung SMT-S7140,Samsung SMT-S7140.rmdu,rmdu,01 73,Nokia32
Digital STBs,Sanyo,Sanyo HDTV (HT30744 HT32744),Sanyo_HDTV_(HT30744-_HT32744).txt,txt,00 5A,NEC1
Digital STBs,Sasem,Sasem OnAir USB HDTV Tuner-KM,Sasem_OnAir_USB_HDTV_Tuner-KM.txt,txt,00 5A,NEC1
Digital STBs,Schwaiger,Schwaiger DTR700HD,Schwaiger DTR700HD.rmdu,rmdu,00 5A,NEC1
Digital STBs,Scientific,Scientific Atlanta KMM3000,Scientific Atlanta KMM3000.rmdu,rmdu,01 FF,Manual Settings
Digital STBs,Scientific,Scientific Atlanta KMM3000,Scientific_Atlanta_KMM3000.txt,txt,01 FF,Manual Settings
Digital STBs,Seagate,Seagate Theater+,Seagate_Theater_+.txt,txt,00 5A,NEC1
Digital STBs,Semp,Semp Toshiba DC-2008H,Semp Toshiba DC-2008H.rmdu,rmdu,00 5A,NEC1
Digital STBs,Sharp,Sharp AN-IP100,Sharp AN-IP100.rmdu,rmdu,00 F8,Kaseikyo
Digital STBs,Siemens,Siemens STB 7710,Siemens STB 7710.rmdu,rmdu,01 EE,TDC
Digital STBs,Signal,Signal HD-527,Signal HD-527.rmdu,rmdu,00 5A,NEC1
Digital STBs,Skymaster,Skymaster DT500,Skymaster_DT500_DVB-T_receiver.txt,txt,00 5A,NEC1
Digital STBs,Skyworth,Skyworth C7xxx,Skyworth C7600.rmdu,rmdu,00 5A,NEC1
Digital STBs,Soniq,Soniq QMD502H HD STB,SONIQ_QMD502H_HD_STB_URC-881X-801X-601X.txt,txt,00 5A,NEC1
Digital STBs,Soniq,Soniq STB QMD501H,Soniq_STB_ QMD501H_for_ComcastURC1067Bx3.rmdu,rmdu,00 5A,NEC1
Digital STBs,Soniq,Soniq T201,Soniq T201.rmdu,rmdu,00 5A,NEC1
Digital STBs,Sony,Sony KDF-E42A10 for RS 15-2104.rmdu,Sony KDF-E42A10 for RS 15-2104.rmdu,rmdu,00 ca,Sony 12/15
Digital STBs,Sony,Sony SAT-0282,Sony-SAT-0282.txt,txt,00 DE,Sony20
Digital STBs,Starcom,Starcom A7,StarCom A7.rmdu,rmdu,00 5A,NEC1
Digital STBs,Strong,Strong PVR SRT 5490,Strong PVR SRT 5490.rmdu,rmdu,00 5A,NEC1
Digital STBs,Strong,Strong SRT 5125 DVB-T receiver (freeview),Strong_SRT_5125_DVB-T.txt,txt,00 45,RECS80 (45)
Digital STBs,Strong,Strong SRT 5300 DVB-T receiver,STRONG-SRT_5300_KM.txt,txt,00 5A,NEC1
Digital STBs,Strong,Strong SRT 5428,Strong SRT 8428.rmdu,rmdu,01 FF,NEC1 (No Repeats)
Digital STBs,Strong,Strong SRT-4653 SAT Decoder,Strong SRT-4653.rmdu,rmdu,00 5A,NEC1
Digital STBs,Strong,Strong SRT-8410,Strong SRT-8410.rmdu,rmdu,00 5A,NEC1
Digital STBs,Strong,Strong SRT5006,Strong SRT5006.rmdu,rmdu,00 45,RECS80 (45)
Digital STBs,Strong,Strong SRT5020,Strong_5020.txt,txt,00 5A,NEC1
Digital STBs,Strong,Strong SRT5405,Strong SRT5405.rmdu,rmdu,00 5A,NEC1
Digital STBs,Sumvision,Sumvision Cyclone Micro 2,Sumvision Cyclone Micro 2.rmdu,rmdu,00 5A,NEC1
Digital STBs,Sunkey,Sunkey SK 801 ATSC,Sunkey SK 801 ATSC.rmdu,rmdu,01 FF,NEC1 (No Repeats)
Digital STBs,Sunkey,Sunkey SK-801ATSC,sunkey SK-801ATSC.rmdu,rmdu,00 5A,NEC1
Digital STBs,Supernet,Supernet STB,Supernet_STB.txt,txt,00 5A,NEC1
Digital STBs,SwedenTelecom,SwedenTelecom STC-Zi3219C,SwedenTelecom STC-Zi3219C.rmdu,rmdu,00 5A,NEC1
Digital STBs,Swisscom,Swisscom Bluewin iptv decoder (KM),Swisscom_Bluewin_KM.txt,txt,01 FF,Manual Settings
Digital STBs,Swisscom,Swisscom Tatung STB3120DVRA,Swisscom Tatung STB3120DVRA.rmdu,rmdu,01 EE,TDC
Digital STBs,Sylvania,Sylvania SRZ3000,Sylvania_SRZ3000.txt,txt,00 65,Emerson
Digital STBs,Synaps,Synaps THD-2860,SynapsTHD2860.rmdu,rmdu,00 5A,NEC1
Digital STBs,SysMaster,SysMaster Tornado N10,SysMaster Tornado N10.rmdu,rmdu,00 E8,RC-5
Digital STBs,T-Home,T-Home 300T IPTV,T-Home_KM.txt,txt,01 FF,Manual Settings
Digital STBs,TDC,TDC,TDC_rm.rmdu,rmdu,01 FF,Manual Settings
Digital STBs,TDC,TDC 8360P,TDC-8360P.rmdu,rmdu,00 5A,NEC1
Digital STBs,TVIP,TVIP IPTV 300/400,TVIP ITV400.rmdu,rmdu,00 5A,NEC1
Digital STBs,TVPad,TVPad 2 M233,TVPad 2 M233 .rmdu,rmdu,00 5A,NEC1
Digital STBs,TVonics,TVonics DTR-Z250,TVonics DTR-Z250.rmdu,rmdu,01 2A,MCE
Digital STBs,Tatung,Tatung STB2313A,Tatung STB2313A.rmdu,rmdu,01 EE,TDC
Digital STBs,Teac,Teac DV-B100,Teac DV-B100 (RC-227).rmdu,rmdu,00 45,RECS80 (45)
Digital STBs,Teac,Teac DV-B420,TEAC DV-B420 STB.rmdu,rmdu,00 5a,NEC1
Digital STBs,Teac,Teac DV-B420,TEAC DV-B420 STB.txt,txt,00 5A,NEC1
Digital STBs,Teac,Teac DVB-300,Teac_DVB-300.txt,txt,00 5A,NEC1
Digital STBs,Techicolor,Techicolor IPV5050,Techicolor IPV5050.rmdu,rmdu,01 73,Nokia32
Digital STBs,Techika,Techika ECO 1STBA08,Technika ECO 1STBA08.rmdu,rmdu,00 E8,RC-5
Digital STBs,Technicolor,Technicolor DCI804HOT,Technicolor DCI804HOT.rmdu,rmdu,01 FF,NEC1 (No Repeats)
Digital STBs,Technicolor,Technicolor DST 722,Technicolor DST 722.rmdu,rmdu,01 2A,MCE
Digital STBs,Technicolor,Technicolor STB,Technicolor Set top box.rmdu,rmdu,00 E8,RC-5
Digital STBs,Technika,Technika STBHD,Technika STBHDV2010.rmdu,rmdu,00 E8,RC-5
Digital STBs,Technika,Technika STBHDIS2010,Technika STBHDIS2010.rmdu,rmdu,00 5A,NEC1
Digital STBs,TechoSat,TechoSat T-888,TechoSat T-888.rmdu,rmdu,00 5A,NEC1
Digital STBs,Teledunya,Teledunya OHC 1600C HD,Teledunya OHC 1600C HD.rmdu,rmdu,00 5A,NEC1
Digital STBs,Telekom,Telekom IPTV Receiver MR100,Telekom IPTV Receiver MR100.rmdu,rmdu,01 EE,TDC
Digital STBs,Telesystem,Telesystem TS-7200,Tele System TS 7200.rmdu,rmdu,00 E8,RC-5
Digital STBs,Telesystem,Telesystem TS-7500 HD,Tele Systems TS-7500 HD .rmdu,rmdu,01 FF,PID 01 FF
Digital STBs,Telesystem,Telesystem TS-7510 HD,Tele Systems TS-7510 HD (2) .rmdu,rmdu,01 FF,PID 01 FF
Digital STBs,Telesystem,Telesystem TS-7510HD,TELESystem_TS7510HD_Decoder.rmdu,rmdu,02 24,Manual Settings\: 02 24
Digital STBs,Telus Optik,Telus Optik TV STB,Telus Optik TV.rmdu,rmdu,01 73,Nokia32
Digital STBs,Terk,Terk TUNVR1,Terk TUNVR1.rmdu,rmdu,00 5A,NEC1
Digital STBs,Tevion,Tevion STB 7017,Tevion STB 7017.rmdu,rmdu,00 5A,NEC1
Digital STBs,Thomas,Thomas DV3,Thomas_DV3.txt,txt,00 5A,NEC1
Digital STBs,Thomson,Thomson DCI 401,Thomson DCI 401.rmdu,rmdu,01 6C,XMP (Slingbox)
Digital STBs,Thomson,Thomson DCI1011 (Comcast),Thomson DCI1011 (Comcast).rmdu,rmdu,01 6C,XMP
Digital STBs,Thomson,Thomson DCI1011 (Comcast),Thomson DCI1011 (Comcast).rmdu,rmdu,01 6C,XMP (JP1)
Digital STBs,Thomson,Thomson DCI1011GEM1,Thomson DCI1011GEM1.rmdu,rmdu,01 6C,XMP
Digital STBs,Thomson,Thomson DCI105COM1 (Comcast),Comcast DCI105COM1.rmdu,rmdu,01 6C,XMP (Slingbox)
Digital STBs,Thomson,Thomson DSI 150,Thomson DSI 150 .rmdu,rmdu,00 4B,Thomson7
Digital STBs,Thomson,Thomson DTI 1000 Freeview (UK) for OFA 8910 URC,Thomson DTI 1000 Freeview.rmdu,rmdu,00 4b,Thomson
Digital STBs,Thomson,Thomson DTI 500 DVB-T receiver (freeview),Thomson_DTI550_DVB-T_Receiver.txt,txt,00 4B,Thomson
Digital STBs,Thomson,Thomson DTI-6300,Thomson DTI-6300.rmdu,rmdu,00 4B,Thomson7
Digital STBs,Thomson,Thomson DTI1000,Thomson_DTI1000.txt,txt,00 4B,pid: 00 4B
Digital STBs,Thomson,Thomson DTI6300 for URC-8206,Thomson DTI6300.rmdu,rmdu,00 4B,Thomson
Digital STBs,Thomson,Thomson IHD-84 STB,Thomson IHD-84.rmdu,rmdu,00 5A,NEC1
Digital STBs,Tivax,Tivax STB-T8,Tivax-STB-T8_URC-8820.rmdu,rmdu,00 5A,NEC1
Digital STBs,Topfield,Topfield TBF-7110,Topfield TBF-7110 .rmdu,rmdu,00 5A,NEC1
Digital STBs,Topfield,Topfield TF6000COK,Topfield TF6000COK.rmdu,rmdu,00 5A,NEC1
Digital STBs,Topfield,Topfield TP-1000,Topfield TP-1000.rmdu,rmdu,00 5A,NEC1
Digital STBs,Trans,Trans PX DTV-666,Trans PX DTV-666.rmdu,rmdu,00 45,RECS80 (45)
Digital STBs,Triax,Triax C-HD 417 CX,Triax C-HD 417 CX .rmdu,rmdu,00 5A,NEC1
Digital STBs,Triax,Triax CR 111 CG STB,Triax CR 111 CG.rmdu,rmdu,00 5A,NEC1
Digital STBs,Triax,Triax DSI 354TX,Triax DSI 354TX.rmdu,rmdu,00 5A,NEC1
Digital STBs,Triax,Triax T HD405,Triax T HD405 VA.rmdu,rmdu,01 FF,NEC1 (No Repeats)
Digital STBs,Triax,Triax T-HD 505 VA,Triax T-HD 505 VA.rmdu,rmdu,00 E8,RC-5
Digital STBs,Triax,Triax THR 9800HD,Triax THR 9800HD.rmdu,rmdu,00 E8,RC-5
Digital STBs,USDTV,USDTV RECIEVER,USDTV_RECIEVER.txt,txt,00 5A,NEC1
Digital STBs,United,United Tivo 1000,United Tivo 1000.rmdu,rmdu,00 5A,NEC1
Digital STBs,VDiGi,VDiGi VD-1206,VDiGi VD-1206.rmdu,rmdu,00 5A,NEC1
Digital STBs,VMedia,VMedia VBox,VMedia_VBox.rmdu,rmdu,00 5A,NEC1
Digital STBs,Venturer,Venturer STB7766G,Venturer STB7766G corrected.rmdu,rmdu,00 5A,NEC1
Digital STBs,ViewTV,ViewTV Model AT-163,ViewTV AT-163.rmdu,rmdu,00 5A,NEC1
Digital STBs,Viola,Viola T (Imperial),Viola_T_DVB-T_receiver URC-8910.txt,txt,00 45,RECS80 (45)
Digital STBs,Viore,Viore ATB150V,Viore ATB150V.rmdu,rmdu,00 5A,NEC1
Digital STBs,Virgin,Virgin TV 360,Virgin TV 360.rmdu,rmdu,01 73,Nokia32 Two LO
Digital STBs,VisionTV,VisionTV VT-7000HD,VisionTV VT-7000HD.rmdu,rmdu,00 E8,RC-5
Digital STBs,Vivid,Vivid AT-STB500,Vivid AT-STB500.rmdu,rmdu,00 5A,NEC1
Digital STBs,Voo,Voo Evasion,Voo Evasion.rmdu,rmdu,00 5A,NEC1
Digital STBs,Vu+,Vu+ Solo,VU+ Solo.rmdu,rmdu,01 2A,MCE
Digital STBs,Vu+,Vu+ Zero,Vu+ Zero.rmdu,rmdu,01 2A,MCE
Digital STBs,WBox,WBox HD2,WBox HD2.rmdu,rmdu,00 5A,NEC1
Digital STBs,WellAV,WellAV WCD-1202/WHD7000,WellAV WCD-1202 .rmdu,rmdu,00 5A,NEC1
Digital STBs,Wetek,Wetek Play,Wetek Play.rmdu,rmdu,00 5A,NEC1
Digital STBs,WinTal,WinTal STB12VHD,WinTal STB12VHD.rmdu,rmdu,00 5A,NEC1
Digital STBs,Wintal,Wintal STB14HD,Wintal STB14HD.rmdu,rmdu,00 5A,NEC1
Digital STBs,Wow,Wow TV Plus,Wow TV Plus.rmdu,rmdu,00 5A,NEC1
Digital STBs,XMP,XMP 62.16 Master File CBL/1982,XMP 62.16 Master File.rmdu,rmdu,01 6C,XMP
Digital STBs,XMS,XMS 007 DVB,XMS_007_DVB.txt,txt,00 5A,NEC1
Digital STBs,XMS,XMS 007 DVB.rmdu,XMS 007 DVB.rmdu,rmdu,00 5a,NEC1
Digital STBs,XORO,XORO HRK 8750 CI+,XORO HRK 8750 CI+.rmdu,rmdu,00 5A,NEC1
Digital STBs,Xavi,Xavi XTV 125,Xavi XTV125.rmdu,rmdu,00 5A,NEC2
Digital STBs,Yinhe,Yinhe DVB C2010,Yinhe DVB C2010.rmdu,rmdu,00 5A,NEC1
Digital STBs,Yuxing,Yuxing YX-6916a,Yuxing YX-6916a.rmdu,rmdu,00 5A,NEC1
Digital STBs,Yuxing,Yuxing YX-6936U,Yuxing YX-6936U.rmdu,rmdu,00 5A,NEC1
Digital STBs,ZaapTV,ZaapTV HD509NA,ZaapTV HD509N.rmdu,rmdu,00 5A,NEC1
Digital STBs,Zenith,Zenith DTT 901,Zenith DTT 901.rmdu,rmdu,00 5A,NEC1
Digital STBs,Zenith,Zenith DTV-1080 (update),Zenith-DTV-1080 (update).txt,txt,00 22,Zenith
Digital STBs,Zenith,Zenith HDR-230,Zenith_HDR-230.txt,txt,00 5A,NEC1
Digital STBs,Zenith,Zenith HDV-420,Zenith_HDV-420 .txt,txt,00 22,Zenith
Digital STBs,Zenith,Zenith HDV-420,Zenith_HDV-420.txt,txt,00 22,Zenith
Digital STBs,Zenith,Zenith R40W46,Zenith R40W46.txt,txt,00 5A,NEC1
Digital STBs,Zgemma,Zgemma Star 2S,ZGemma Star 2S.rmdu,rmdu,00 5A,NEC1
Digital STBs,Zinwell,Zinwell ZAT-970A,Zinwell ZAT-070A.rmdu,rmdu,00 5A,NEC1
Digital STBs,Zinwell,Zinwell ZAT-970A ZRC4502,Zinwell ZAT 970A.rmdu,rmdu,00 5A,NEC1
Digital STBs,Zinwell,Zinwell ZDT-620HD,Zinwell ZDT-620HD.rmdu,rmdu,00 5A,NEC1
Digital STBs,Zinwell,Zinwell ZIN-6015L,Zinwell Remote Final rev. 3.rmdu,rmdu,00 5A,NEC1
Digital STBs,Zinwell,Zinwell Zat-600B,Zinwell ZAT-600B.rmdu,rmdu,00 5A,NEC1
Digital STBs,ZyXel,ZyXel STB 2130,ZyXel STB 2130.rmdu,rmdu,01 61,Sejin-1-N
Digital STBs,ePvision,ePvision PHD-8VH,ePvision PHD-8VH.rmdu,rmdu,00 5A,NEC1
Digital STBs,eXuby,eXuby DCB-MCRF,eXuby DCB-MCRF.rmdu,rmdu,00 5A,NEC1
Digital STBs,iView,iView 2000,iView 2000STB.rmdu,rmdu,00 5A,NEC1
Digital STBs,iView,iView 2000STB,iView_2000STB.txt,txt,00 5A,NEC1
Digital STBs,iView,iView 3500,iView 3500.rmdu,rmdu,00 5A,NEC1
Digital STBs,iView,iView 3500STB,iView 3500STB.rmdu,rmdu,00 5A,NEC1
Digital STBs,iView,iView HD Mini UK029,iView HD Mini UK029.rmdu,rmdu,00 5A,NEC1
Digital STBs,skykit,skykit sk11 rc5 with zero repeat,SkyKit SK11 SkyHD tune with RC5 protocol with zero repeat.rmdu,rmdu,01 FF,Manual Settings\: 01 FF
Fans,Amazon,Amazon Basics DC Motor Fan,Amazon Basics DC Motor Fan.rmdu,rmdu,01 FF,Manual Settings
Fans,Ansio,Ansio electric fan,Ansio electric fan.rmdu,rmdu,00 FF,Manual Settings
Fans,Bionair,Bionair Tower Fan BT4002,Bionair Tower Fan BT4002.rmdu,rmdu,00 5A,NEC1
Fans,Bionaire,Bionaire BW2100R,Bionaire BW2100R.rmdu,rmdu,01 11,Manual Settings
Fans,Bionaire,Bionaire Tower Fan - BT45RC-UC,Bionaire tower fan - BT45RC-UC.rmdu,rmdu,01 91,PID 01 91
Fans,Delta,Delta Air Cleaner #50-875,Delta Air Cleaner on URC-8810.rmdu,rmdu,01 6D,F12x
Fans,Dyson,Dyson Heater Fan,Dyson Fan.rmdu,rmdu,01 FF,Manual Settings\: 01 FF
Fans,Dyson,Dyson cool+hot AM09,Dyson AM09.rmdu,rmdu,01 FF,Dyson
Fans,Hawaiian,Hawaiian Breeze fan (from Target),Hawaiian-Breeze_fan.txt,txt,01 FF,Manual Settings
Fans,Holmes,Holmes HASF2120RC,Holmes_HASF2120RC.txt,txt,01 FF,Manual Settings
Fans,Holmes,Holmes Heater HCH8305,Holmes_Heater.txt,txt,01 FF,Manual Settings
Fans,Honeywell,Honeywell 5005802 oscillating fan,Honeywell_Fan_working_wButton_Descriptions.rmdu,rmdu,01 FF,Amazon Fan
Fans,Lasco,Lasco 2551 fan,Lasco_2551_fan.rmdu,rmdu,01 6D,F12x
Fans,Lasko,Lasko 1843 fan,Lasko Fan model 1843.rmdu,rmdu,00 5A,NEC1
Fans,Lasko,Lasko 2551 Fan,Fan Lasko 2551v1.rmdu,rmdu,01 6D,F12x
Fans,Lasko,Lasko 3440 fan,Lasko_3440_fan.rmdu,rmdu,00 5A,NEC1
Fans,Lasko,Lasko 5132 Heater,Lasko 5132 heater.rmdu,rmdu,01 91,Manual Settings
Fans,Lasko,Lasko Column Fan,Lasko column fan.rmdu,rmdu,01 91,Manual Settings
Fans,Lasko,Lasko Column Fan,Lasko_Column_Fan.rmdu,rmdu,01 91,Manual Settings\: 01 91
Fans,Lasko,Lasko Tower Heater Model 5586,Lasko Tower Heater Model 5586.rmdu,rmdu,01 6D,F12x
Fans,Lifesmart,Lifesmart LS1500-4 Infrared Heater,Life Smart Infrared Heater.rmdu,rmdu,00 5A,NEC1
Fans,Russell,Russell Hobbs fan,Russell_Hobbs_fan.txt,txt,01 FF,Manual Settings
Fans,Samurai,Samurai Eole Crystal,Samurai Eole Crystal.rmdu,rmdu,01 91,Manual Settings\: 01 91
Fans,Sunter,Sunter SFC-2016 40-inch Tower Fan,Sunter SFC-2016 40-inch Tower Fan.rmdu,rmdu,00 5A,NEC1
Fans,Sylvania,Sylvania Fan,Sylvania_Fan_KM_File.txt,txt,01 FF,Manual Settings
Fans,WooZoo,WooZoo Globe Fan PCF-SC15T,WooZoo Global Fan.rmdu,rmdu,00 5A,NEC1
Fans,Zojirushi,Zojirushi PA-MTC14 Air Purifier,Zojirushi PA-MTC14 Air Purifier.rmdu,rmdu,00 5A,NEC1
HTPC - Media Centers,Ahanix,Ahanix Dvine5 HTPC,Ahanix_Dvine5_HTPC.txt,txt,00 5A,NEC1
HTPC - Media Centers,Asus,Asus AT3IONT-I Mini-ITX MB,Asus At3IONT-I KB_Remote_Atlas.rmdu,rmdu,01 2A,MCE
HTPC - Media Centers,Ceton,Ceton Echo,Ceton Echo.rmdu,rmdu,01 2A,MCE
HTPC - Media Centers,Cyberlink,Cyberlink Media Centre Remote for Ubuntu,C1999 - XBMC v2.rmdu,rmdu,01 FF,Manual Settings
HTPC - Media Centers,Dell,Dell IR Travel Remote Control,Dell IR Travel Remote Control.rmdu,rmdu,01 2A,MCE
HTPC - Media Centers,Dell,Dell Inspiron 410 MultiMedia PC,Dell Inspirion 410 Multi-Media PC.rmdu,rmdu,01 2A,MCE
HTPC - Media Centers,Dell,Dell Media Center Remote,Dell_Media_Center_Remote.txt,txt,01 2A,MCE
HTPC - Media Centers,Diamond,Diamond GRC100 Remote,Diamond RC118N RC6.rmdu,rmdu,00 5A,NEC1
HTPC - Media Centers,Generic,Generic USB remote for Windows,no name usb pc remote.rmdu,rmdu,01 FF,Manual Settings
HTPC - Media Centers,Generic,Generic USB remote for Windows,non-name_USB_remote.txt,txt,01 FF,Manual Settings
HTPC - Media Centers,Generic,Generic USB remote for Windows (16-way arrow keys),no-name_USB_remote_for_Windows.rmdu,rmdu,01 FF,Manual Settings
HTPC - Media Centers,Generic,Generic USB remote for Windows (arrow keys),no name usb pc remote2.rmdu,rmdu,01 FF,Manual Settings
HTPC - Media Centers,Generic,Generic USB remote for Windows (arrow keys),non-name_USB_remote_2.txt,txt,01 FF,Manual Settings
HTPC - Media Centers,Generic,Generic USB remote for Windows (circa 2010),PC-Noname.txt,txt,01 FF,Manual Settings
HTPC - Media Centers,Generic,Generic USB remote for Windows (combo),no name usb pc combo.rmdu,rmdu,01 FE,Manual Settings
HTPC - Media Centers,Generic,Generic USB remote for Windows (combo),non-name_USB_combo.txt,txt,01 FF,Manual Settings
HTPC - Media Centers,HP,HP Digital Media Receiver ew5000,HP_Digital_Media_Receiver_ew5000.txt,txt,00 5A,NEC1
HTPC - Media Centers,HP,HP MCE Remote Control model 5070-2583,HP MCE Remote Control model 5070-2583.rmdu,rmdu,01 2A,MCE
HTPC - Media Centers,HP,HP and Compaq Laptop with Consumer IR,HP laptop.rmdu,rmdu,01 2a,MCE
HTPC - Media Centers,Harmony,Harmony Plex Remote Multi-id XBMC / Kodi / Openelec AppleTV (Atlas 1055),Plex Media Center V2003 - 1055.rmdu,rmdu,01 FF,Manual Settings
HTPC - Media Centers,Hauppauge,Hauppauge MediaMVP 45key,Hauppauge_MediaMVP_45key.rmdu,rmdu,00 e8,RC-5
HTPC - Media Centers,Hauppauge,Hauppauge MediaMVP 45key,Hauppauge_MediaMVP_45key.rmdu,rmdu,00 e8,RC-5
HTPC - Media Centers,Hauppauge,Hauppauge PVR 250-350 Remote,Pvr_250-350_Remote.txt,txt,00 E8,RC-5
HTPC - Media Centers,Hauppauge,Hauppauge PVR 250/350,Pvr_250-350_Remote.txt,txt,00 E8,RC-5
HTPC - Media Centers,Hauppauge,Hauppauge PVR Remote (silver),Hauppauge_PVR_Remote_(silver).txt,txt,00 E8,RC-5
HTPC - Media Centers,Hauppauge,Hauppauge PVR150,Hauppauge_45_Button_PVR_Remote.txt,txt,00 E8,RC-5
HTPC - Media Centers,Hauppauge,Hauppauge PVR250,Hauppauge-PVR250.rmdu,rmdu,00 e8,RC-5
HTPC - Media Centers,Hauppauge,Hauppauge PVR250 Capture Card,Hauppauge_PVR250_Capture_Card.txt,txt,00 E8,RC-5
HTPC - Media Centers,Hauppauge,Hauppauge WinTV-401,Hauppauge_WinTV-401.txt,txt,00 E8,RC-5
HTPC - Media Centers,Kodi,Kodi RC-5 MCE USB Reciever,Kodi RC-5 MCE USB Reciever v1.rmdu,rmdu,00 E8,RC-5
HTPC - Media Centers,Linksys,Linksys DMA2100,Linksys DMA2100.rmdu,rmdu,01 2A,MCE
HTPC - Media Centers,Linksys,Linksys WMLS11B Wireless-B Music System,Linksys_WMLS11B.txt,txt,00 5A,NEC1
HTPC - Media Centers,Mede8er,Mede8er 800,Mede8erInsignia.rmdu,rmdu,00 5A,NEC1
HTPC - Media Centers,MediaPortal,MediaPortal HTPC Scaleo E,MediaPortal HTPC Scaleo E.rmdu,rmdu,01 2A,MCE
HTPC - Media Centers,Microsoft,Microsoft Media center 2116,Windows Media Center.rmdu,rmdu,01 2A,MCE
HTPC - Media Centers,Microsoft,Microsoft Windows MCE,Microsoft Windows MCE.rmdu,rmdu,01 2A,MCE
HTPC - Media Centers,MiniMX,MiniMX,MiniMX.rmdu,rmdu,00 5A,NEC1
HTPC - Media Centers,Minix,Minix Neo X5,Minix Neo X5.rmdu,rmdu,00 5A,NEC1
HTPC - Media Centers,ORtek,ORtek VRC-1100,ORtek VRC-1100.rmdu,rmdu,01 ED,OrtekMCE
HTPC - Media Centers,Ortek,Ortek (official) S3C8 & MAXQ only,Ortek for Lite.rmdu,rmdu,02 1B,Manual Settings\: 02 1B
HTPC - Media Centers,Ortek,Ortek VRC-1100 / Adesso ARC-1100 Mouse commands,mouse commands.rmdu,rmdu,01 FF,PID 01 FF
HTPC - Media Centers,Packard,Packard Bell Digital Theater,Packard Bell Digital Theater.rmdu,rmdu,00 5A,NEC1
HTPC - Media Centers,Pine,Pine A64 IR Media Remote,Pine A64.rmdu,rmdu,00 5A,NEC1
HTPC - Media Centers,Plex,Plex Media Center,Plex_Media_Center.txt,txt,01 FF,Manual Settings
HTPC - Media Centers,Quick,Quick Play MXQ Pro,Quick Play MXQ Pro.rmdu,rmdu,00 5A,NEC1
HTPC - Media Centers,Rosewill,Rosewill RRC-127 media center remote,1Windows_Media_Center_v2_A1056.rmdu,rmdu,01 2A,MCE
HTPC - Media Centers,SageTV,SageTV STX-HD100,SageTV STX-HD100.rmdu,rmdu,00 E8,RC-5
HTPC - Media Centers,Sapphire,Sapphire Theatrix,Sapphire_Theatrix.txt,txt,01 FF,Manual Settings
HTPC - Media Centers,SnapStream,SnapStream FireFly Mini,SnapStream_FireFly_Mini.rmdu,rmdu,00 5A,NEC1
HTPC - Media Centers,Snapstream,Snapstream Firefly Mini + Monoprice HDX401TA switch,SnapStream_FireFly_Mini-monopriceHDX401TA_1056.rmdu,rmdu,00 5A,NEC1
HTPC - Media Centers,Viewsonic,Viewsonic WMA100 (VS10249) Wireless Media Adapter,Viewsonic WMA100.rmdu,rmdu,00 5A,NEC2
HTPC - Media Centers,Windows,Windows MCE 8820,Windows Media Center8820.rmdu,rmdu,01 2A,MCE
HTPC - Media Centers,Windows,Windows Media Center,Windows_Media_Center.rmdu,rmdu,01 2A,MCE
HTPC - Media Centers,Windows,Windows Media Center,Windows_Media_Center_v2.txt,txt,01 2A,MCE
HTPC - Media Centers,Windows,Windows Media Center (740),Windows_Media_Center.txt,txt,01 2A,MCE
HTPC - Media Centers,Windows,Windows Media Center v2,Windows Media Center v2.rmdu,rmdu,01 2A,MCE
HTPC - Media Centers,Windows,Windows Media Center v2 + Xbox 360 xtender,Windows-Media-Center-plus-Xbox.rmdu,rmdu,01 2A,MCE
HTPC - Media Centers,Windows,Windows USB Remote Mitsubishi like protocol.rmdu,Windows USB Remote Mitsubishi like protocol.rmdu,rmdu,01 FF,PID 01 FF
HTPC - Media Centers,XBox,XBox Media Extender Remote (8811),Media_Extender_for_XBox 8811.rmdu,rmdu,00 AF,RCA
HTPC - Media Centers,XPC,XPC RC01 PC remote,XPC-RC01.rmdu,rmdu,01 A1,Manual Settings
HTPC - Media Centers,Xbox,Xbox 360 Universal Media Remote,xbox_360_universal_media_remote.rmdu,rmdu,01 2a,MCE
HTPC - Media Centers,Xbox,Xbox 360 Universal Media Remote (old/white version),Xbox 360 Universal Media Remote (old white version).rmdu,rmdu,01 2A,MCE
HTPC - Media Centers,Xenta,Xenta USB PC Remote,Xenta USB PC Remote.rmdu,rmdu,00 14,Mitsubishi
HTPC - Media Centers,Xiebour,Xiebour Computer Remote Receiver PHX01RN,phx01rn.rmdu,rmdu,00 5A,NEC1
HTPC - Media Centers,Xtreamer,Xtreamer Ultra 2 HTPC,Xtreamer Ultra 2.rmdu,rmdu,01 2A,MCE
HTPC - Media Centers,Zotac,Zotac Zbox nano AD10,Zotac Zbox.rmdu,rmdu,01 2A,MCE
HTPC - Media Centers,iMON,iMON PAD,iMon-Pad(UEI).rmdu,rmdu,01 D3,Manual Settings\: 01 D3
HTPC - Media Centers,iMon-Pad,iMon-Pad (Rob v3),iMon-Pad_KM3.txt,txt,01 FF,Manual Settings
HTPC - Media Centers,iMon-Pad,iMon-Pad (Rob v4),iMon-Pad.rmdu,rmdu,01 FF,Manual Settings
HTPC - Media Centers,iMon-Pad,iMon-Pad (UEI),iMon-Pad_UEI.txt,txt,00 D3,Manual Settings
HTPC - Media Centers,iMon-Pad,iMon-Pad Thermaltake,Thermaltake.rmdu,rmdu,01 D3,Manual Settings\: 01 D3
Home Automation,AMX,AMX control system,AMX_KM.txt,txt,01 FF,Manual Settings
Home Automation,Auraglow,Auraglow 2nd Gen. LED color-changing lightbulb,Auraglow Gen2.rmdu,rmdu,00 5A,NEC1
Home Automation,CentraLite,CentraLite,CentraLite.txt,txt,00 5A,NEC1
Home Automation,Channel,Channel Master Antenna Rotor,Channel_Master_Antenna_Rotor_Device_Upgrade.txt,txt,00 5A,NEC1
Home Automation,Control4,Control4,Control 4.rmdu,rmdu,01 FF,Manual Settings
Home Automation,Control4,Control4,Control_4_KM.txt,txt,01 FF,Manual Settings
Home Automation,Control4,Control4 Combo,Control_4_KM2.txt,txt,01 FF,Manual Settings
Home Automation,Control4,Control4 IR Mask1,Control4_IR_Mask_1.txt,txt,01 FF,Manual Settings
Home Automation,Control4,Control4 IR Mask1 v2,Control4_IR_Mask1_v2.txt,txt,01 FF,Manual Settings
Home Automation,Creston,Creston CNIRGW (series1 IR receiver),Creston CNIRGW series1 IR receiver.rmdu,rmdu,01 FF,Manual Settings
Home Automation,Creston,Creston CNIRGW (series1 IR receiver),Creston_CNIRGW_series1_IR_receiver.txt,txt,01 FF,Manual Settings
Home Automation,Daewoo,Daewoo A/C model DWC-055RL,Daewoo A-C settings 6131 AUD.rmdu,rmdu,00 5a,NEC1
Home Automation,David,David Steele dimmer,David_Steele_dimmer.txt,txt,00 1A,F12
Home Automation,Draper,Draper Salara Screen - Plug 'n Play,Draper Salara Screen.txt,txt,00 0D,Akai
Home Automation,ELRO,ELRO AB601,elro-ab601.rmdu,rmdu,FF 00,Manual Settings\: FF 00
Home Automation,ELRO,ELRO AB601 (also intertechno dÃ¼wi ...),elro-ab601-long.rmdu,rmdu,FF 00,Manual Settings\: FF 00
Home Automation,Feelux,Feelux Lighting Control Remote,Freelux_Lighting_Control.txt,txt,01 FF,Manual Settings
Home Automation,Hunter,Hunter Douglas window blind KM,Hunter_Douglas_window_blind_KM.txt,txt,01 56,Manual Settings
Home Automation,Kenmore,Kenmore AC-580-72056200,KenmoreAC-580-72056200.txt,txt,00 5A,NEC1
Home Automation,LK,LK 180 CR dimmer.,LK 180 CR Dimmer.rmdu,rmdu,00 1A,F12
Home Automation,LK,LK IR 180 CR Dimmer,LK IR 180 CR Dimmer.rmdu,rmdu,01 FF,Manual Settings
Home Automation,Lutron,Lutron Grafik Eye (standard set),Lutron_Graphik_Eye.txt,txt,00 E7,Lutron
Home Automation,Lutron,Lutron HomeWorks,Lutron_HomeWorks.txt,txt,00 E7,Lutron
Home Automation,Lutron,Lutron Maestro,Lutron_Maestro.txt,txt,00 E7,Lutron
Home Automation,Lutron,Lutron Maestro IR MIR-600.rmdu,Lutron_Maestro.rmdu,rmdu,00 e7,Lutron
Home Automation,Lutron,Lutron Maestro Lights,Lutron Maestro Lights.rmdu,rmdu,00 E7,Lutron
Home Automation,Lutron,Lutron Radio RA,Lutron_Radio_RA.txt,txt,00 E7,Lutron
Home Automation,Lutron,Lutron Sivoia QED Shades,Lutron_Sivoia_QED_Shades.txt,txt,00 E7,Lutron
Home Automation,Lutron,Lutron Spacer Dimmer,Lutron_Space_Dimmer_SP600_2133.txt,txt,00 E7,Manual Settings
Home Automation,Lutron,Lutron Spacer System,LutronSpaceSystem.rmdu,rmdu,00 E7,Lutron Official
Home Automation,Lutron,Lutron Telume,Lutron_Telume.txt,txt,00 E7,Lutron
Home Automation,METechs,METechs Drapery,METechs_Drapery.txt,txt,01 FF,Manual Settings
Home Automation,OneForAll,OneForAll Light Kit,KMOneForAll_Light_Kit.txt,txt,00 FD,Manual Settings
Home Automation,Positronic,Positronic Dimmer,Positronic_Dimmer.txt,txt,01 FF,Manual Settings
Home Automation,Rademacher,Rademacher Rollotron 9540,Rademacher_Rollotron_9540.txt,txt,01 FF,Manual Settings
Home Automation,Roomba,Roomba for MAXQ Remotes (6440 6540),DEVICE 1201 - Misc - Roomba - 6540 v2.rmdu,rmdu,02 FF,Roomba
Home Automation,Silent,Silent Gliss Autoglide Curtains,Silent Gliss Autoglide Curtains.rmdu,rmdu,01 c9,Kaseikyo
Home Automation,Somfy,Somfy Window shade control,Somfy Shades control.rmdu,rmdu,01 A1,Somfy
Home Automation,Varilight,Varilight YRC8/YRE8,Varilight YRC8-YRE8.rmdu,rmdu,00 E8,RC-5
Home Automation,Varilight,Varilight dimmer,Varilight_dimmer.txt,txt,00 E8,RC-5
Home Automation,Velleman,Velleman IR,Velleman 8050-8051.rmdu,rmdu,00 68,RECS80 (68)
Home Automation,Velux,Velux Window Blind,Velux_Window_Blind.txt,txt,01 FF,Manual Settings
Home Automation,Vizia,Vizia RF (Z-Wave),Vizia_RF_(Z-Wave).txt,txt,01 FF,Manual Settings
Home Automation,Vutec,Vutec motorized projection screen,Vutec_motorized_projection_screen.txt,txt,00 36,Manual Settings
Home Automation,X10,X10 Hacked,X10_Hacked.txt,txt,01 3F,Manual Settings
Home Automation,X10,X10 Hacked S3C80 TI2541 MAXQ10 HCS08,X10_Hacked.rmdu,rmdu,01 3F,Manual Settings\: 01 3F
Home Automation,X10,X10 Home-Automation,X10-Home-Automation.txt,txt,00 3F,X10
Home Automation,X10,X10 RF Protocol,X10_RF_protocol.txt,txt,00 5A,NEC2
Home Automation,X10,X10 Simple,X10_Simple.txt,txt,01 3F,Manual Settings
Home Automation,bticino,bticino light switch,bticino_light_switch.txt,txt,01 FF,Manual Settings
Home Automation,iRobot,iRobot Roomba,iRobot_Roomba.txt,txt,01 60,Manual Settings
Home Automation,iRobot,iRobot Roomba-1994,iRobot_Roomba-1994.txt,txt,01 60,Manual Settings
Keyboards,Acer,Acer Airkey with all keys,AcerKybd-All keys-cfg4Meedio-KM.txt,txt,01 FF,Manual Settings
Keyboards,Acer,Acer Keyboard,Acer_Keyboard.txt,txt,01 FF,Manual Settings
Keyboards,Acer,Acer Keyboard (single press),Acer_Keyboard_single_press.txt,txt,01 FF,Manual Settings
Keyboards,Airboard,Airboard - All Commands,Airboard.rmdu,rmdu,01 90,Manual Settings
Keyboards,Airboard,Airboard - Make_AND_Break_keys,Airboard_-_Make_AND_Break_keys.txt,txt,01 90,Manual Settings
Keyboards,Austar,Austar Keyboard,Austar Keyboard.rmdu,rmdu,01 44,Device Combiner
Keyboards,Chicony,Chicony KB,Chicony KB-KM-Keys Down.rmdu,rmdu,01 77,Manual Settings\: 01 77
Keyboards,Chicony,Chicony KB-KM3,Chicony_KB-KM3.txt,txt,01 77,Manual Settings
Keyboards,Chicony,Chicony KB-RM4,Chicony KB-RM4.rmdu,rmdu,01 77,Manual Settings
Keyboards,Chicony,Chicony KB-RM5,Chicony KB-RM5.rmdu,rmdu,01 77,Manual Settings
Keyboards,Silitek,Silitek SK-7551,SK7551_KM.txt,txt,01 99,Manual Settings
Keyboards,Solidtek,Solidtek ACK-571 IR Keyboard (MAXQ),Solidtek_ACK-571_IR Keyboard_for_MAXQ_remotes_final.rmdu,rmdu,01 F1,Manual Settings
Keyboards,Solidtek,Solidtek ACK-571 IR Keyboard_KM.txt,Solidtek_ACK-571_IR_Keyboard_KM.txt,txt,01 F1,Manual Settings
Keyboards,Solidtek,Solidtek ACK-571_IR_Keyboard V2,Solidtek_ACK-571_IR_Keyboard_KM_(V2).txt,txt,01 F1,Manual Settings
Keyboards,Solidtek,Solidtek ACK-571_IR_Keyboard V3,Solidtek_ACK-571_IR_Keyboard_KM_(V3).txt,txt,01 F1,Manual Settings
Keyboards,Solidtek,Solidtek ACK-571_IR_Keyboard V4,Solidtek_ACK-571_IR_Keyboard_KM_(V4).txt,txt,01 F2,Manual Settings
Keyboards,Solidtek,Solidtek ACK-571_IR_Keyboard V5,Solidtek_ACK-571_IR_Keyboard_KM_(V5).txt,txt,01 F1,Manual Settings
Keyboards,Solidtek,Solidtek ACK-571_IR_Keyboard V6,Solidtek_ACK-571_IR_Keyboard_KM_(V6).txt,txt,01 F1,Manual Settings
Keyboards,Windows,Windows MCE Keyboard - address 1 (default),Windows MCE Keyboard.rmdu,rmdu,01 FF,Manual Settings
Keyboards,Windows,Windows MCE Keyboard - address 2,Microsoft Windows MCE-addr2.rmdu,rmdu,01 2A,MCE
Keyboards,Windows,Windows MCE Keyboard - address 3,Microsoft Windows MCE-addr3.rmdu,rmdu,01 2A,MCE
Keyboards,Windows,Windows MCE Keyboard - address 4,Microsoft Windows MCE-addr4.rmdu,rmdu,01 2A,MCE
Keyboards,Windows,Windows MCE Keyboard - address 5,Microsoft Windows MCE-addr5.rmdu,rmdu,01 2A,MCE
Keyboards,Windows,Windows MCE Keyboard - address 6,Microsoft Windows MCE-addr6.rmdu,rmdu,01 2A,MCE
Keyboards,Windows,Windows MCE Keyboard - address 6,Microsoft Windows MCE-addr6.rmdu,rmdu,01 2A,MCE
Keyboards,Windows,Windows MCE Keyboard - address 7,Microsoft Windows MCE-addr7.rmdu,rmdu,01 2A,MCE
Keyboards,Windows,Windows MCE Keyboard - address 8,Microsoft Windows MCE-addr8.rmdu,rmdu,01 2A,MCE
Laser Disc,Hitachi,Hitachi Laserdisc,Hitachi_Laserdisc.txt,txt,00 E2,Pioneer
Laser Disc,Hitachi,Hitachi VIP201P CED,Hitachi VIP201P CED.rmdu,rmdu,00 0D,Akai
Laser Disc,Panasonic,Panasonic LX-H670,Panasonic LX-H670.txt,txt,00 C9,Panasonic
Laser Disc,Pioneer,Pioneer CLD -D704,Pioneer_CLD-D704.txt,txt,00 E2,Pioneer
Laser Disc,Pioneer,Pioneer CLD-2090,Pioneer CLD-2090.rmdu,rmdu,00 E2,Pioneer
Laser Disc,Pioneer,Pioneer CLD-3080,Pioneer CLD-3080.rmdu,rmdu,00 E2,Pioneer
Laser Disc,Pioneer,Pioneer CLD-M450 (includes ALL Pioneer Dev 168 functions),Pioneer_CLD-M450_(Laserdisc-CD_chgr).txt,txt,00 E2,Pioneer
Laser Disc,Pioneer,Pioneer DVL-91,Pioneer-DVL-91.txt,txt,01 7E,Pioneer DVD
Laser Disc,Pioneer,Pioneer LD-0023,Pioneer-LD-0023.txt,txt,00 0D,Akai
Laser Disc,Pioneer,Pioneer Laser LD-W1,Pioneer_Laser_LD-W1.txt,txt,00 E2,Pioneer
Laser Disc,Pioneer,Pioneer LaserDisc,Pioneer_LaserDisc.txt,txt,00 E2,Pioneer
Laser Disc,Pioneer,Pioneer LaserDisc LD-1100,Pioneer_LaserDisc_1100.rmdu,rmdu,00 0D,Akai
Laser Disc,Pioneer,Pioneer LaserDisc LD-V8000,Pioneer_LaserDisc_LD-V8000.txt,txt,00 E2,Pioneer
Laser Disc,Pioneer,Pioneer LaserDiscs,PioneerLaserDiscs.txt,txt,01 7F,Pioneer MIX
Laser Disc,Pioneer,Pioneer LaserKaraoke LaserDisc / CU-CLD047,Pioneer LaserKaraoke LaserDisc CU-CLD047.rmdu,rmdu,00 E2,Pioneer
Laser Disc,Pioneer,Pioneer Laserdisc Elite,Pioneer_Laserdisc_Elite.txt,txt,00 E2,Pioneer
Laser Disc,Pioneer,Pioneer laser 1100 remote,Pioneer_laser_1100_remote.txt,txt,00 0D,Akai
Laser Disc,RCA,RCA Video Disc 6805,RCA_Video_Disc_6805.txt,txt,,pid: 00 56
Laser Disc,RCA,RCA Video Disc 740,RCA_Video_Disc_740.txt,txt,00 56,pid: 00 56
Laser Disc,RCA,RCA Video Disc S3C8,RCA_Video_Disc_S3C8.txt,txt,00 56,pid: 00 56
Laser Disc,Sony,Sony Laserdisk MDP-650,Sony Laserdisk MDP-650.txt,txt,00 CA,Sony 12/15
MP3 Players,Accurian,Accurian iPod Dock,Accurian iPod Dock.rmdu,rmdu,00 5A,NEC1
MP3 Players,Aivx,"Aivx Multimedia Player 2.5""",Aivx_Multimedia_Player.txt,txt,00 5A,NEC1
MP3 Players,Apple,Apple iPod Remote for Universal Dock (ver 2),Apple_iPod_Remote_v2_KM.txt,txt,01 FF,Manual Settings
MP3 Players,Apple,Apple iPod Remote for Universal Dock (ver 3),Apple_iPod_Remote_v3.1_KM.txt,txt,01 FF,Manual Settings
MP3 Players,Apple,Apple iPod for universal dock,Apple iPod Remote for Universal Dock.rmdu,rmdu,01 ff,Manual Settings
MP3 Players,Bose,Bose Sound Dock Series II,Bose_SoundDock_II.txt,txt,01 FF,Manual Settings
MP3 Players,Bose,Bose iPod Dock,Bose_iPod_Dock.txt,txt,01 FF,Manual Settings
MP3 Players,DLO,DLO HomeDock Deluxe,DLO_HomeDock_Deluxe.txt,txt,01 FF,Manual Settings
MP3 Players,DLO,DLO home dock for iPOD,DLO_Homedock_for_iPOD.txt,txt,00 5A,NEC1
MP3 Players,Denon,Denon ASD-3N Ipod Dock,Denon RC-1088 for ASR-3N.rmdu,rmdu,00 CD,Denon-K
MP3 Players,Dynex,Dynex DX-IPDR2 iPod Dock Remote,Dynex iPod Dock Remote.rmdu,rmdu,00 5A,NEC1
MP3 Players,Griffin,Griffin TuneCenter-ipod,Griffin-TuneCenter-ipod.txt,txt,00 5A,NEC1
MP3 Players,Griffin,Griffin Tunecenter for 8910(new),Griffin Tunecenter.rmdu,rmdu,00 5a,NEC1
MP3 Players,Kensington,Kensington Ipod Dock,Kensington_Ipod_Dock.txt,txt,00 5A,NEC1
MP3 Players,Keyspan,Keyspan Express Remote (iTunes),Keyspan_KM.txt,txt,01 FF,Manual Settings
MP3 Players,Memorex,Memorex iWake Mi4004,Memorex iWake.rmdu,rmdu,00 5A,NEC1
MP3 Players,Microsoft,Microsoft Zune 9NY-00001,Microsoft Zune 9NY-00001.rmdu,rmdu,01 2A,MCE
MP3 Players,Navipod,Navipod iPod remote+,navipod_17codes.txt,txt,00 5A,NEC1
MP3 Players,Neo35,Neo35 MP3 Player v504,Neo35_MP3_Player_v504.txt,txt,00 5A,NEC1
MP3 Players,Onkyo,Onkyo DS-A2 iPOD Dock remote,Onkyo_RC-670E.txt,txt,00 B6,NEC1 Combo (Official)
MP3 Players,Philips,Philips HTS3544 ipod dock,Philips_HTS3544_ipod_dock.txt,txt,00 E8,RC-5
MP3 Players,Philips,Philips Stremium SLA5500 Wireless Music Receiver,SLA5500.rmdu,rmdu,00 5a,NEC1
MP3 Players,Pure,Pure Digital - Chronos iDock,Pure Chronus iDock.rmdu,rmdu,00 5A,NEC1
MP3 Players,Satechi,Satechi SP3-Box iPod dock,Satechi_SP3-Box.txt,txt,00 5A,NEC1
MP3 Players,SliMP3,SliMP3 Player,SliMP3 Player.txt,txt,00 34,JVC
MP3 Players,SliMP3,SliMP3 Player (corrected rew+ff),SliMP3 Player (corrected rew+ff).txt,txt,00 34,JVC
MP3 Players,Streamit,Streamit Lukas Series,Streamit Lukas.rmdu,rmdu,00 5A,NEC1
MP3 Players,Streamit,Streamit SIR Series,Streamit SIR.rmdu,rmdu,00 5A,NEC1
MP3 Players,TEAC,TEAC CD-X60i,TEAC_CD-X60i.txt,txt,00 5A,NECx1
MP3 Players,TEAC,TEAC MC-DX32i,TEAC_MC-DX32i.txt,txt,00 5A,NEC1
MP3 Players,iHome,iHome iH5 iPod Clock Radio,iHome ih5.rmdu,rmdu,00 1a,F12
MP3 Players,iPort,iPort dock for Apple ipod,iport-ipod-dock.txt,txt,00 5A,NEC1
Media Players,7dayshop,7dayshop Android 4.2 (Jellybean) Dual Core Wireless Internet TV Box (Allwinner A20),C2032 - Android A20 Box.rmdu,rmdu,00 5A,NEC1
Media Players,AC_Ryan,AC_Ryan PV-73100 media player,A.C. Ryan PV-73100 Media Player.rmdu,rmdu,00 5A,NECx2
Media Players,AC_Ryan,AC_Ryan PV-73100 on URC-10820,A.C. Ryan PV-73100 Media Player 10820.rmdu,rmdu,00 5A,NECx2
Media Players,AC_Ryan,AC_Ryan PlayOn HD2,AC Ryan PlayOn HD2.rmdu,rmdu,01 FF,NEC1 (No Repeats)
Media Players,AGPTEK,AGPTEK HA0057 Full HD Media Player,AGPTEK HA0057 Full HD Media Player.rmdu,rmdu,00 5A,NEC1
Media Players,Actiontec,Actiontec DMP011000-01 digital media player,Actiontech DMP011000-01.rmdu,rmdu,00 5A,NEC1
Media Players,Apple,Apple TV 1 2 3 and 4k,Apple TV 4K Media Player.rmdu,rmdu,01 E0,Apple (Official)
Media Players,Apple,Apple TV alternative upgrade (with HOME button),Apple TV alternative.rmdu,rmdu,01 BA,NEC1-f16x
Media Players,Avedia,Avedia MP-3548 HDD USB Media Player,Avedia MP-3548.rmdu,rmdu,00 5A,NEC1
Media Players,Beelink,Beelink GT1,Beelink GT1.rmdu,rmdu,00 5A,NEC1
Media Players,Brite-View,Brite-View CinemaTube BV-5005HD,Brite-View_Cinema_Tube_BV-5005HD.txt,txt,00 5A,NEC1
Media Players,BuzzTV,BuzzTV XPL 3000,BuzzTV XPL 3000.rmdu,rmdu,00 5A,NEC1
Media Players,BuzzTV,BuzzTV XPL 3000 (URC-10820B00),BuzzTV XPL 3000_URC-10820B00.rmdu,rmdu,00 5A,NEC1
Media Players,BuzzTV,BuzzTV XRS 4900 and XRS 4500 (URC-10820B00),BuzzTV XRS 4500_URC-10820B00.rmdu,rmdu,00 5A,NEC1
Media Players,Cambridge_Azur,Cambridge_Azur 640H,Cambridge Azur 640H.rmdu,rmdu,00 E8,RC-5
Media Players,Conceptronic,Conceptronic fullhdmai,Conceptronic fullhdmai.rmdu,rmdu,00 5A,NEC1
Media Players,DLink,DLink DSM-520 Media Player,Dlink_DSM-520_Network_Media_Player.rmdu,rmdu,00 5A,NEC1
Media Players,DVICO,DVICO TVIX Cafe,divco TVIX Cafe.rmdu,rmdu,01 FF,Manual Settings
Media Players,DViCO,DViCO TViX M66x0 HD media player,DViCO TViX M66x0.rmdu,rmdu,01 FF,Manual Settings
Media Players,Dlink,Dlink DSM-520 Network Media Player,Dlink DSM-520 Network Media Player.rmdu,rmdu,00 5A,NEC1
Media Players,Dune,Dune Base 3.0/3D,Dune Base 3.0_3D.rmdu,rmdu,00 5A,NEC1
Media Players,EGreat,EGreat M34A HD Network Media Tank,EGreat M34A HD Network Media Tank.rmdu,rmdu,00 5A,NEC1
Media Players,Ellion,Ellion HMP-500 HD Media Player,Ellion HMP-500.rmdu,rmdu,00 5A,NEC1
Media Players,Ellion,Ellion HMR-350H HD MEDIA RECORDER,Ellion HMR-350H.rmdu,rmdu,00 5A,NEC1
Media Players,Emprex,Emprex ME1,Emprex ME1.rmdu,rmdu,00 5A,NEC1
Media Players,Emtec,Emtec MovieCube R700,Emtec MovieCube R700.rmdu,rmdu,00 5A,NEC1
Media Players,Eversolo,Eversolo BTR-12,Eversolo_BTR-12.rmdu,rmdu,00 5A,NEC1
Media Players,Fantec,Fantec 3D AluPlay,Fantec 3D AluPlay.rmdu,rmdu,00 5A,NEC1
Media Players,Fantec,Fantec MM-FHDL Mediaplayer,Fantec_MM-FHDL.rmdu,rmdu,00 5A,NEC1
Media Players,Fire,Fire TV stick IR via Onkyo Receiver CEC,ONKYO TX-NR709 CEC.rmdu,rmdu,00 B6,NEC1 Combo
Media Players,Formuler,Formuler Z10 Pro Max (Android IPTV Box) (Remote GTV-IR1) URC-10820B00,Formuler Z10 Pro Max (GTV-IR1) - URC-10820.rmdu,rmdu,00 5A,NEC1
Media Players,Formuler,Formuler Z10 Pro Max (double shift volume for box vol in shift + tv vol),Formuler Z10 Pro Max (GTV-IR1) - URC-10820_+double shift volume.rmdu,rmdu,00 5A,NEC1
Media Players,Formuler,Formuler Z7+ IPTV Receiver,Formuler Z7+ IPTV Receiver.rmdu,rmdu,00 5A,NEC1
Media Players,Generic,Generic Digital Media Player DMA201,Digital Media Player DMA201.rmdu,rmdu,00 5A,NEC1
Media Players,Geniatech,Geniatech MyGica ATV582,MyGica ATV582 2.0.rmdu,rmdu,00 5A,NEC1
Media Players,HP,HP MediaSmart Connect x280n,HP MediaSmart Connect x280n .rmdu,rmdu,01 2A,MCE
Media Players,Hantech,Hantech Markus 750 - URC-10820B00,Hantech Markus 750 - URC-10820B00 ver.1.rmdu,rmdu,00 5A,NEC1
Media Players,Harmony,Harmony Plex Media Apple,Plex_Media_AppleTV_XMBC.txt,txt,01 FF,Manual Settings
Media Players,Hauppauge,Hauppauge MediaMVP,Hauppauge_MediaMVP.rmdu,rmdu,00 e8,RC-5
Media Players,HiMedia,HiMedia HD100,HiMedia HD100-DS.rmdu,rmdu,00 5A,NEC1
Media Players,HiMedia,HiMedia HD600,HiMedia HD600.rmdu,rmdu,00 5A,NEC1
Media Players,HiMedia,HiMedia HD900,HiMedia HD900.rmdu,rmdu,00 5A,NEC1
Media Players,Himedia,Himedia 900B Media Player,Himedia 900B Media Player.rmdu,rmdu,00 5A,NEC1
Media Players,Icy,Icy Box MP-308HW,Icy Box MP-308HW.rmdu,rmdu,00 5A,NEC1
Media Players,Icy,Icy Box MP-309HW,Icy Box MP-309HW.rmdu,rmdu,00 5A,NEC1
Media Players,Inteset,Inteset IReTV / nVidia Shield,IReTV nVidia Shield.rmdu,rmdu,00 5A,NEC1
Media Players,Inteset,Inteset IReTV IR USB receiver for Fire TV / Nvidia Shield,Inteset IReTV.rmdu,rmdu,01 2A,MCE
Media Players,KDLinks,KDLinks HD720,KDLinks HD720 Media Streamer.rmdu,rmdu,00 5A,NEC1
Media Players,Klegg,Klegg MediaShare,Klegg MediaShare.rmdu,rmdu,00 5A,NEC1
Media Players,Kodi,Kodi,Kodi.rmdu,rmdu,00 5A,NECx2
Media Players,Leelbox,Leelbox Android TV Box,LEELBOX ANDROID TV BOX.rmdu,rmdu,00 5A,NEC1
Media Players,M8,M8 Android Box for Nevo C2,M8.rmdu,rmdu,00 5A,NEC1
Media Players,MBOX,MBOX X92 - android tv box- URC-10820B00,MBOX X92 - android tv box- URC-10820B00 (PVR).rmdu,rmdu,00 5A,NEC1
Media Players,MXQ,MXQ Android TV Box,OTT TV Box MXQ_B03.rmdu,rmdu,00 5A,NEC1
Media Players,Matricom,Matricom G-Box Midnight mx2,G-Box Midnight mx2_RS15-134.rmdu,rmdu,00 5A,NEC1
Media Players,Mede8er,Mede8er MED1000X3D,Mede8er MED1000X3D High-Definition 3D Media Player.rmdu,rmdu,00 5A,NEC1
Media Players,MediaGate,MediaGate MG-35,MediaGate MG-35.txt,txt,00 5A,NEC1
Media Players,MediaGate,MediaGate MG-350HD,MediaGate MG-350HD.rmdu,rmdu,00 5A,NEC1
Media Players,Mediasonic,Mediasonic (Homeworx) HW-150PVR (2020),Mediasonic (Homeworx) HW-150PVR.rmdu,rmdu,00 5A,NEC1
Media Players,Micca,Micca Speck G2,Micca Speck G2.rmdu,rmdu,00 5A,NEC1
Media Players,Minix,Minix NEO X8 H Plus,Minix NEO X8 H Plus.rmdu,rmdu,00 5A,NEC1
Media Players,Mood,Mood Media DMX ProFusion iS and others,Mood Media DMX ProFusion.rmdu,rmdu,00 5A,NEC1
Media Players,Netgear,Netgear EVA8000,Netgear EVA8000.rmdu,rmdu,00 E8,RC-5
Media Players,Netgear,Netgear MP101,Netgear_MP101.txt,txt,01 2A,MCE
Media Players,Netgear,Netgear MP101.rmdu,Netgear MP101.rmdu,rmdu,01 2A,MCE
Media Players,Philips,Philips Multimedia Storage,Philips Multimedia Storage.rmdu,rmdu,00 58,RC-6
Media Players,Philips,Philips SL-400i media streamer,Philips_SL-400i_combo.txt,txt,01 44,Device Combiner
Media Players,Probox,Probox PBR-500,Probox PBR-500.rmdu,rmdu,00 5A,NEC1
Media Players,QuadCore,QuadCore Android 4.2.x Smart TV Box media players,Android TV Remote.rmdu,rmdu,00 5A,NEC1
Media Players,RCA,RCA DSB872WR,RCA DSB872WR.rmdu,rmdu,00 5A,NEC1
Media Players,Roku,Roku streamers (not Roku TV),Roku2023.rmdu,rmdu,02 1A,Roku Official
Media Players,S10,S10 R-TV Android Box,S10 Android TV Box.rmdu,rmdu,00 5A,NEC1
Media Players,Sitecom,Sitecom MD270,SitecomMD270.rmdu,rmdu,01 7E,NEC 1or2 Combo
Media Players,Slingbox,Slingbox 500,Slingbox 500.rmdu,rmdu,00 5A,NEC1
Media Players,Sumvision,Sumvision Titan GX media player,Sumvision Titan GX media player.rmdu,rmdu,00 5A,NEC1
Media Players,T9,T9 - Android TV Box,Vontage T9 - android tv box- URC-10820B00.rmdu,rmdu,00 5A,NEC1
Media Players,T95N,T95N Mini Mx Android Box - h.265 HEVC UHD,T95N Mini Mx Android Box - h.265 HEVC UHD.rmdu,rmdu,00 5A,NEC1
Media Players,TVISTO,TVISTO,Tvisto.txt,txt,00 5A,NEC2
Media Players,TViX,TViX Multimedia Player.rmdu,TViX Multimedia Player.rmdu,rmdu,00 5a,NEC1
Media Players,TVisto,TVisto Multimedia Center,TVisto_Multimedia_Center.txt,txt,01 1A,NEC 2DEV Combo
Media Players,Tanix,Tanix TX3,DKE_Tanix_TX3_Dev_Upgr_20211029.rmdu,rmdu,00 5A,NEC1
Media Players,Telekom,Telekom MR303 Media Receiver,Telekom MR-303.rmdu,rmdu,01 EE,TDC
Media Players,Tomacro,Tomacro limHD200i,Tomacro_limHD200i.txt,txt,00 5A,NEC1
Media Players,V88-Andriod,V88-Andriod TV Set Top Box-URC6640 Extender,Android Media Box.rmdu,rmdu,00 5A,NEC1
Media Players,Vibe,Vibe EN306TV Media player,Vibe.rmdu on 7560.rmdu,rmdu,00 5A,NEC1
Media Players,Western,Western Digital WDTV Live,Western_Digital_WDTV_Live.txt,txt,00 5A,NEC1
Media Players,WesternDigital,WesternDigital HD Media Player (Gen 1),WD TV HD Media Player WDAVN00.rmdu,rmdu,00 5A,NEC1
Media Players,WesternDigital,WesternDigital Live Media Player,WDTV_Media_Player.txt,txt,00 5A,NEC1
Media Players,WesternDigital,WesternDigital WD TV HD Media Player,Western_Digital_WD_TV.txt,txt,00 5A,NEC1
Media Players,WesternDigital,WesternDigital WD TV Live (new version-CORRECTED),WD TV Live (8910).rmdu,rmdu,00 5A,NEC1
Media Players,WesternDigital,WesternDigital WDAVP00BE,Western_Digital_WDAVP00BE_Media_Player.txt,txt,00 5A,NEC1
Media Players,WesternDigital,WesternDigital WDTV Live Streaming Media Player,WDTV Live SMP.rmdu,rmdu,00 5A,NEC1
Media Players,WesternDigitial,WesternDigitial Media Player WDTV Live Streaming,WDTV_Live_Streaming.txt,txt,00 5A,NEC1
Media Players,Wetek,Wetek Play 2,wetek play 2.rmdu,rmdu,00 5A,NEC1
Media Players,Wolverine,Wolverine Data MVP-9000 Series Media Player,Wolverine_Data_MVP-9000_Media_Player.txt,txt,00 5A,NEC1
Media Players,X96,X96 MAX Android TV box - RCA RCRP05BR (PVR),X96 MAX Android TV box - RCA RCRP05BR (PVR).rmdu,rmdu,00 5A,NEC1
Media Players,Xiaomi,Xiaomi MDZ-16 (AA and AB models),Xiaomi MDZ-16-AB.rmdu,rmdu,02 3B,Xiaomi
Media Players,Xtreamer,Xtreamer MK1,Xtreamer_04_Chiffres_Ok.rmdu,rmdu,00 5A,NEC1
Media Players,Xtreamer,Xtreamer Prodigy,xtreamer prodigy.rmdu,rmdu,00 5A,NEC1
Media Players,Zappiti,Zappiti one 4K HDR,ZAPPiTi Player 4k HDR.rmdu,rmdu,00 5A,NEC1
Media Players,Zidoo,Zidoo X9 Android Media Player - Kodi Playback Mod,Zidoo X9 Android Media Player_URC-10820B00 - v2_Kodi playback Mod.rmdu,rmdu,00 5A,NEC1
Media Players,Zidoo,Zidoo X9 Android Media Player - URC-10820B00,Zidoo X9 Android Media Player_URC-10820B00.rmdu,rmdu,00 5A,NEC1
Media Players,eGreat,eGreat EG-M34A,eGreat EG-M34A.rmdu,rmdu,00 5A,NEC1
Media Players,iTek,iTek ITA D002,iTek MP ITA D002.rmdu,rmdu,00 5A,NEC1
Media Players,iomega,iomega SCREENPLAY DX HD,iOmega Screenplay DX.rmdu,rmdu,00 5A,NEC1
Media Players,sunvell,sunvell Vontage T9 - Android TV Box,Vontage T9 - android tv box- URC-10820B00.rmdu,rmdu,00 5A,NEC1
Misc,AVerMedia,AVerMedia AVerKey 300 PC to TV Converter,AVerMedia AVerKey 300.rmdu,rmdu,00 E8,RC-5
Misc,Actiontec,Actiontec MWTV200 HDMI A/V transmitter/receiver,Actiontec MWTV200.rmdu,rmdu,00 E8,RC-5
Misc,Altec_Lansing,Altec_Lansing InMotion IM600 iPod dock,Altec Lansing InMotion IM600-Classic.rmdu,rmdu,00 E8,RC-5
Misc,Amazon,Amazon LED Lights HP005,Amazon LED Lights HP005.rmdu,rmdu,00 5A,NEC1
Misc,American,American Lifetime clock,American Lifetime clock.rmdu,rmdu,00 5A,NEC1
Misc,Antec,Antec TVator AVerKey3 - VGA converter,ANTEC TVator.rmdu,rmdu,00 5A,NEC1
Misc,Apple,Apple TV - program for the Apple Mac,Apple_TV_v2.txt,txt,01 FF,Manual Settings
Misc,Apple,Apple remote extended for Mac mini,Apple-mac-mini.rmdu,rmdu,01 FF,Manual Settings
Misc,Archos,Archos AV400 Series pocket video recorder,Archos AV400 Series Cradle Remote.rmdu,rmdu,00 5a,NEC1
Misc,Asus,Asus TV-FM Remote XPC-RC01,Asus_TV-FM_Remote_XPC-RC01.txt,txt,01 A1,Manual Settings
Misc,Aten,Aten VanCryst VE819 / VE819R Wireless HDMI Receiver,Aten VanCryst VE819R Wireless HDMI Receiver.rmdu,rmdu,00 5A,NEC1
Misc,Aver,Aver Media TV Tuner,Aver_Media_TV_Tuner.txt,txt,00 5A,NEC1
Misc,AviLynx,AviLynx AV Server,AviLynx2.rmdu,rmdu,01 6C,XMP (Slingbox)
Misc,Balboa,Balboa SPA (code 1315),Balboa SPA.rmdu,rmdu,01 7B,Manual Settings
Misc,Barthelmess,Barthelmess Christmas tree light,Barthelmess Christmas tree light.rmdu,rmdu,00 FF,pid\: 00 FF
Misc,Blaze,Blaze HDTV USB Freeview,Blaze TV DVB-T USB stick.rmdu,rmdu,00 5A,NEC1
Misc,Bose,Bose WAVE Radio (Nec2 186),Bose Wave Radio.rmdu,rmdu,00 5A,NEC2
Misc,Bose,Bose Wave Radio (CD/1253),Bose Wave Radio 1253.rmdu,rmdu,01 0C,Manual Settings
Misc,Bose,Bose Wave Radio w/CD (CD/1841),Bose Wave Radio 1841 v3.rmdu,rmdu,01 0C,Bose
Misc,Bose,Bose Wave Radio w/o CD (NEC1 dev 186),Bose Wave Radio NEC1-186.rmdu,rmdu,00 5A,NEC1
Misc,Bytecc,Bytecc OP SW401 optical switch,BYTECC_OP-SW401_optical_switch.txt,txt,00 5A,NEC1
Misc,Candle,Candle Choice - LED candle,Candle Choice - LED Candle.rmdu,rmdu,00 5A,NEC1
Misc,CaptiveWorks,CaptiveWorks 3000HD with JP1.2 support,Captive_Works_3000HD-v7.txt,txt,01 FF,Manual Settings
Misc,CenterStage,CenterStage CS-2 Video Processor,CenterStage_CS-2_Video_Processor.txt,txt,00 5A,NEC1
Misc,Channel,Channel Master 9521,Channel Master RemModel9537.rmdu,rmdu,00 5A,NEC1
Misc,Channel,Channel Master CM9521A,Channel Master CM9521A.rmdu,rmdu,00 5A,NEC1
Misc,Chauvet,Chauvet DJ Stage Lights,Chauvet DJ stage lights.rmdu,rmdu,00 5A,NEC1
Misc,Cinescreen,Cinescreen V4 motorised projector screen,Cinescreen_V4.txt,txt,01 30,Manual Settings
Misc,Clas,Clas Ohlson IRF4S,IR-F4S.rmdu,rmdu,00 5A,NEC1
Misc,Client,Client DC1,Client DC1.rmdu,rmdu,01 FF,NEC1 (No Repeats)
Misc,Compaq,Compaq Ipaq Music Center MC-1,Compaq_Music_Center_MC-1.txt,txt,00 ED,Nokia Quad
Misc,Compro,Compro VideoMate,Compro VideoMate.rmdu,rmdu,00 5A,NEC1
Misc,Compro,Compro VideoMate M200 TVPVR/FM PCI Card,Compro VideoMate TV PVR-FM PCI Card.rmdu,rmdu,00 5a,NEC1
Misc,Concertone,Concertone RV A/V unit,Concertone A-V.rmdu,rmdu,00 5A,NEC1
Misc,Creative,Creative CIMR100 modified,CreativeCIMR100wParameterMod.rmdu,rmdu,00 5a,NEC1
Misc,Creative,Creative Creditcard remote,CreativeCIMR100CreditCardRemote.rmdu,rmdu,00 5a,NEC1
Misc,Creative,Creative Creditcard remote CIMR100,Creative_CIMR100_Credit_Card_remote.txt,txt,00 5A,NEC1
Misc,Creative,Creative DDTS-100,Creative_DDTS-100.txt,txt,00 5A,NEC1
Misc,Creative,Creative Labs Sound Blaster Extigy,Creative_Labs_Sound_Blaster_Extigy.txt,txt,00 5A,NEC1
Misc,Creative,Creative Labs VideoBlaster VCR,CreativeLabs VideoBlaster VCR.txt,txt,00 E8,RC-5
Misc,Creative,Creative NOMAD Jukebox,Creative_NOMAD_Jukebox.txt,txt,00 5A,NEC1
Misc,DLINK,DLINK DSM-320,Dlink_DSM_320.txt,txt,00 5A,NEC1
Misc,DLINK,DLINK DSM-520,Dlink_DSM-520 (Sat 1555 KM 8.31) Rev 2.txt,txt,00 5A,NEC1
Misc,DLink,DLink DSM-520,D-Link_520.txt,txt,00 5A,NEC1
Misc,DSE,DSE Caller ID Unit,DSE Caller ID Unit (use with your TV).rmdu,rmdu,00 5A,NEC2
Misc,DVICO,DVICO FusionHDTV7 Dual Express,DVICOFusionRemote.rmdu,rmdu,00 5a,NEC1
Misc,DVR,DVR KR-7008V,DVR KR-7008V.rmdu,rmdu,01 FF,NEC1 (No Repeats)
Misc,DViCO,DViCO FusionHDTV5 Gold Plus ATSC,DViCO_Fusion_5_Gold.txt,txt,00 5A,NEC1
Misc,DX,DX Antenna DTA-3500,DX Antenna DTA-3500.rmdu,rmdu,00 1A,F12
Misc,Da-Lite,Da-Lite,Da-Lite.txt,txt,01 FF,Manual Settings
Misc,DataGE,DataGE HDPro i5,DataGE HDpro-i5.rmdu,rmdu,01 FF,NEC1 (No Repeats)
Misc,DeLonghi,DeLonghi Heater TCH6590ER,DeLonghi_Heater_TCH6590ER.rmdu,rmdu,00 5A,NEC1
Misc,Dell,Dell Digital Audio Receiver,Dell_Digital_Audio_Receiver.txt,txt,00 5A,NEC2
Misc,Dune,Dune BD Prime 2.0,Dune BD Prime 2.0.rmdu,rmdu,00 5A,NEC1
Misc,Dune,Dune BD Prime 3.0,Dune BD Prime 3.0.rmdu,rmdu,00 5A,NEC1
Misc,Dvico,Dvico FusionHDTV DVB-T,Dvico_FusionHDTV.txt,txt,00 5A,NEC1
Misc,Ebox,Ebox Elite X,Ebox Elite X.rmdu,rmdu,00 5A,NEC1
Misc,Elan,Elan System 6/Z880/Z630/VSE,Elan S6-VSE-Z880-Z630-JP1.2.rmdu,rmdu,00 90,RECS80 (90)
Misc,Electric,Electric Fireplace MFB28-2,Electric Fireplace MFB28-2.rmdu,rmdu,01 FE,Manual Settings\: 01 FE
Misc,Electron,Electron TDA3100 DVB-T receiver,Electron TDA3100 DVB-T receiver.rmdu,rmdu,00 5a,NEC1
Misc,Escient,Escient Fireball E2,Escient_Fireball_E2.rmdu,rmdu,01 2A,MCE
Misc,Escient,Escient Fireball E2,Escient_Fireball_E2.txt,txt,01 2A,MCE
Misc,Escient,Escient Fireball E40 Music Manager (hacked),Escient_Fireball_E40_Music_Manager.txt,txt,01 6C,XMP (JP1)
Misc,Escient,Escient Fireball E40 Music Manager (official),Escient_Fireball_E40_official.txt,txt,01 6C,Manual Settings
Misc,Fusion,Fusion Genesis Movie Server,Fusion Genesis Movie Server.rmdu,rmdu,01 23,Streamzap
Misc,Generic,Generic 5 Port HDMI Switch ST01,5 port HDMI switch.rmdu,rmdu,00 5A,NEC1
Misc,Google,GoogleTV,GoogleTV.rmdu,rmdu,01 FF,Manual Settings
Misc,H.TV,H.TV H-TV2,H.TV H-TV2.rmdu,rmdu,00 5A,NEC1
Misc,HD,HD Leeza,HD_Leeza.txt,txt,00 5A,NEC1
Misc,HP,HP Digital Entertainment Center DE100C and DE200C,HPDE100C.txt,txt,00 5A,NEC1
Misc,HP,HP Pavillion DV5 series notebook,HP_Notebook_Pavillion_DV5_upgrade.txt,txt,01 2A,MCE
Misc,Handan,Handan DVB-C 5000,Handan DVB-C 5000.rmdu,rmdu,01 23,Manual Settings
Misc,IODATA,IODATA Linkplayer,iodatanew.rmdu,rmdu,00 5A,NEC1
Misc,IQ,IQ Air HealthPro Series,IQ Air - air purifier.rmdu,rmdu,00 5A,NEC1
Misc,Impact,Impact Acoustics 40381 video converter,Impact_Acoustics_40381_video_converter.txt,txt,00 5A,NEC1
Misc,JBL,JBL Harmony,JBLHarmony.txt,txt,00 5A,NEC1
Misc,Jedi,Jedi Lighting iDual,iDual.rmdu,rmdu,00 5A,NEC1
Misc,KDLInks,KDLInks HD680,KdLinks HD680.rmdu,rmdu,01 FF,NEC1 (No Repeats)
Misc,Kohree,Kohree LED Curtain Lights,Kohree LED Curtain Lights.rmdu,rmdu,00 5A,NEC1
Misc,Konftel,Konftel Cam20 Webcam,Konftel Cam20.rmdu,rmdu,00 5A,NEC1
Misc,Kreatel,"Kreatel 1760 ""IP video"" STB",Kreatel_KM.txt,txt,01 FF,Manual Settings
Misc,Kworld,KWORLD VS-TV1531R LCD TV Box,KWORLD TV1531R TV Box.rmdu,rmdu,00 5a,NEC1
Misc,Kworld,Kworld TV & FM PCI card,Kworld.txt,txt,00 5A,NEC1
Misc,Leadtek,LEADTEK WinFast TV 2000-XP PCI,LEADTEK WinFast TV 2000-XP PCI .rmdu,rmdu,00 5A,NEC1
Misc,Leadtek,Leadtek PCTV 1400,Leadtek_PCTV_1400.txt,txt,00 5A,NEC1
Misc,Leadtek,Leadtek WinFast Cool Command,Leadtek_WinFast_Cool_Command.txt,txt,00 5A,NEC1
Misc,Leadtek,Leadtek WinFast Cool Command.rmdu,Leadtek_WinFast Cool Command.rmdu,rmdu,00 5a,NEC1
Misc,Linksys,Linksys WMA11B Wireless-B Media Adapter,Linksys_Wireless_B_Media_Adapter.txt,txt,00 5A,NEC1
Misc,Linksys,Linksys WMA11B Wireless-B Media Adapter (RM),Linksys Wireless B Media Adapter.rmdu,rmdu,00 5a,NEC1
Misc,Logitech,Logitech SqueezeBox v3,Logitech SqueezeBox v3.rmdu,rmdu,00 5A,NEC1
Misc,Logitech,Logitech Squeezebox Touch,Logitech Squeezebox Touch.rmdu,rmdu,00 5A,NEC2
Misc,Logitech,Logitech Squeezebox Touch Boom Radio and Transporter,Logitech Squeezebox Family.rmdu,rmdu,00 5A,NEC2
Misc,Lumagen,Lumagen VisionPro scaler,Lumagen.rmdu,rmdu,00 c5,Lumagen
Misc,Lyngdorf,Lyngdorf RP-1 room correction processor,Lyngdorf_RP-1.txt,txt,00 5A,NEC1
Misc,Mediasonic,Mediasonic Homeworx HW-150PVR,Homeworx HW-150PVR.rmdu,rmdu,00 5A,NEC1
Misc,Mercury,Mercury PCI TV card,Mercury TV card.rmdu,rmdu,00 5E,Aiwa
Misc,Monoprice,Monoprice Blackbird 5X1 HDMI switch,Monoprice Blackbird 5x1 HDMI Switch.rmdu,rmdu,00 5A,NEC1
Misc,Motorola,Motorola Residential Gateway MNLC RG2200 STB vsdl,Motorola-RG2200.txt,txt,01 FF,Manual Settings
Misc,MyHD,MyHD,MyHD.txt,txt,00 5A,NEC1
Misc,MyHD,MyHD with Mute,MyHD.rmdu,rmdu,00 5a,NEC1
Misc,NetGem,NetGem,NetGem.txt,txt,00 5A,NEC1
Misc,Netgear,Netgear MP101 JP1.2,Netgear MP101_mod.rmdu,rmdu,01 2A,MCE
Misc,Netgear,Netgear NTV550,NetGear NTV550.rmdu,rmdu,01 FF,NEC1 (No Repeats)
Misc,Next,Next Level RG2000,Next_Level_RG2000.txt,txt,01 FF,Manual Settings
Misc,Next,Next YE-9500 XCIS D-Smart,Next YE-9500 XCIS D-Smart .rmdu,rmdu,00 5A,NEC1
Misc,NightOwl,NightOwl Lion 4250,Nightowl Lion 4250.rmdu,rmdu,00 5A,NEC1
Misc,Noontec,Noontec GV3005 Media Player,NoonTec GV3500.rmdu,rmdu,00 5A,NEC1
Misc,OSSC,OSSC - Open Source Scan Converter,ossc.rmdu,rmdu,01 1A,NEC 4DEV Combo
Misc,Onkyo,Onkyo MD-Recorder MD-185 II,Onkyo_MD-Recorder_MD-185_II.txt,txt,00 5A,NEC1
Misc,PS3,PS3 Harmony Bluetooth Adapter with Hold,ps3 Bluetooth with var Hold .rmdu,rmdu,00 66,Manual Settings
Misc,PS3,PS3 Harmony Bluetooth Adapter with Hold,ps3_Bluetooth_with_var_Hold.txt,txt,00 66,Manual Settings
Misc,PS3,PS3 Harmony Bluetooth Adaptor,ps3_Bluetooth_Adapter.txt,txt,00 66,Manual Settings
Misc,PS3,ps3 Bluetooth w-var Hold and Up-DN Scrolling Slingbox,ps3 Bluetooth w-var Hold and Up-DN Scrolling.rmdu,rmdu,00 66,Manual Settings
Misc,Patriot,Patriot Box Office,Patriot Box Office.rmdu,rmdu,00 5A,NEC1
Misc,Patriot,Patriot Box Office (revised),revised Patriot Box Office.rmdu,rmdu,00 5A,NEC1
Misc,Patriot,Patriot Box office,patriot_box_office.txt,txt,00 5A,NEC1
Misc,Philips,Philips E-Box FTR9955,Philips_E-Box_FTR9955.txt,txt,00 58,RC-6
Misc,Philips,Philips Streamium SL300i,Philips Streamium SL300i.rmdu,rmdu,00 58,RC-6
Misc,Polaroid,Polaroid DZX Diamond-Electronic HDMI dongle,Polaroid dongle.rmdu,rmdu,00 5A,NEC1
Misc,Polycom,Polycom Video Conference,Polycom_Video_Conference.txt,txt,01 26,Manual Settings
Misc,Popcorn,Popcorn Hour A-100/110 With 2 dittos,popcorn2ditto.rmdu,rmdu,01 FF,PID 01 FF
Misc,Popcorn,Popcorn Hour A100,Popcorn Hour A-100.rmdu,rmdu,00 5A,NEC1
Misc,PrismIQ,PrismIQ (Hacked),PrismIQ_Complete3.txt,txt,01 92,Manual Settings
Misc,PrismIQ,PrismIQ (Official),PrismIQ_Official.txt,txt,01 92,Manual Settings
Misc,QNAP,QNAP NMP 1000P,QNAP NMP 1000P.rmdu,rmdu,00 5A,NEC1
Misc,R.W.Flame,R.W. Flame electric fireplace,Fireplace.rmdu,rmdu,00 5A,NEC1
Misc,RCA,RCA RTD3133 Home Theater System,RCARTD3133HomeTheater.rmdu,rmdu,00 AF,RCA
Misc,RTI,RTI RP6 Controller,RTI.txt,txt,01 FF,Manual Settings
Misc,RTI,RTI Triggers,RTI Triggers.rmdu,rmdu,01 FF,Manual Settings
Misc,Renkforce,Renkforce IR 1,Renkforce_IR-1.rmdu,rmdu,00 5A,NEC1
Misc,Revox,Revox B203 Timer/Controller,Revox B-203 Timer.rmdu,rmdu,00 a0,pid\: 00 A0
Misc,Revox,Revox B291 Turntable - Basic,Revox B-291 TT.rmdu,rmdu,00 a0,pid\: 00 A0
Misc,Revox,Revox B291 Turntable - Extended,Revox B-291 TT Ext.rmdu,rmdu,00 a0,pid\: 00 A0
Misc,Rio-Dell,Rio-Dell Receiver,Rio-Dell_Receiver.txt,txt,00 5A,NEC1
Misc,Roku,Roku Soundbridge (NEC1 111),Roku_Soundbridge.txt,txt,00 5A,NEC1
Misc,Rolls,Rolls RS81 AM/FM tuner,Rolls_Tuner_RS-81.txt,txt,00 5A,NEC1
Misc,Siemens,Siemens Gigaset M740/750,Siemens Gigaset M750 S.rmdu,rmdu,01 8C,CanalSat
Misc,Siemens,Siemens Gigaset M740AV,Siemens_Gigaset_M740 (URC7556).txt,txt,01 8C,CanalSat
Misc,Siemens,Siemens Gigaset M740AV tv receiver,Siemens_Gigaset_M740AV_tv_receiver_KM.txt,txt,01 FF,Manual Settings
Misc,Siemens,Siemens Gigaset M740AV tv receiver (updated),Siemens_Gigaset_M740AV_tv_receiver_KM.txt,txt,01 FF,Manual Settings
Misc,SigmaDesigns,SigmaDesigns Real Magic KM,Sigma_Designs_Real_Magic_KM.txt,txt,00 5A,NEC1
Misc,SigmaDesigns,SigmaDesigns RealMagic RM,Sigma_Designs_Real_Magic.rmdu,rmdu,00 5A,NEC1
Misc,Sirius,Sirius Stiletto 2,Sirius Stiletto 2.rmdu,rmdu,00 5A,NEC1
Misc,Slimdevices,Slimdevices SqueezeBox 2,Slim_Devices_Squeeze_Box_2.txt,txt,00 5A,NEC2
Misc,SlingCatcher,SlingCatcher,SlingCatcher.rmdu,rmdu,01 AB,PID 01 AB
Misc,Slingbox,Slingbox 500 remote,slingbox 500 remote.rmdu,rmdu,00 5A,NEC1
Misc,Slingcatcher,Slingcatcher (Rob),Slingcatcher_KM.txt,txt,01 FF,Manual Settings
Misc,Slingcatcher,Slingcatcher (Rob/RM),Slingcatcher2.rmdu,rmdu,01 FF,Manual Settings
Misc,Sonart,Sonart FP10767 Powered Speakers,Sonart FP10767 Powered Speakers.rmdu,rmdu,00 5A,NEC1
Misc,Sony,Sony Vaio,Sony_Vaio.txt,txt,00 DE,Sony20
Misc,Sound,Sound Blaster Xfi for 10820.rmdu,Sound Blaster Xfi for 10820.rmdu,rmdu,00 5A,NEC1
Misc,Speakercraft,Speakercraft MZC-88 Controller,Speakercraft MZC-88.rmdu,rmdu,01 55,MZC-88
Misc,Speco,Speco Technologies,Speco_Technologies.txt,txt,00 5A,NEC1
Misc,Streamzap,Streamzap,StreamZap-KM.txt,txt,01 23,StreamZap
Misc,Streamzap,Streamzap Combo protocol,StreamZap_Combo.txt,txt,01 23,Manual Settings
Misc,Streamzap,Streamzap Remote,Streamzap.rmdu,rmdu,01 23,Streamzap
Misc,SumVision,SumVision Cyclone MKV,SumVision Cyclone MKV ok.rmdu,rmdu,00 5A,NEC1
Misc,Swann,Swann 8Ch H264 DVR,Swann 8Ch H264.rmdu,rmdu,00 5A,NEC1
Misc,Swann,Swann DVR8-2500,Swann DVR8-2500.rmdu,rmdu,00 5A,NEC1
Misc,Swisscom,Swisscom,Swisscom_Nokia32.txt,txt,01 73,Manual Settings
Misc,TERK,TERK TUNVR1 HDMI Video Recorder,TERK_TUNVR1.rmdu,rmdu,00 5A,NEC1
Misc,TOPDIGI,TOPDIGI 5 Port HDMI with IR Wireless Remote Control,C2034 - HDMI Switch 5 Way.rmdu,rmdu,00 5A,NEC1
Misc,TV,TV Messenger Plus,TV Messenger Plus.rmdu,rmdu,00 5a,NEC1
Misc,TVIX,TVIX 5000,TVIX 5000.rmdu,rmdu,01 FF,Manual Settings
Misc,TVIX,TVIX 5000,TVIX_5000.txt,txt,01 FF,Manual Settings
Misc,Tandberg,Tandberg (Video Conference System),Tandberg.txt,txt,00 A5,Blaupunkt
Misc,Tandberg,Tandberg Vision (Video Conference System),Tandberg_Vision.txt,txt,00 A5,Blaupunkt
Misc,Techcom,Techcom SSD-TV-715 TV tuner,tv-0748.rmdu,rmdu,00 5E,Aiwa
Misc,Technics,Technics SH-R808-KM,Technics SH-R808-KM.txt,txt,01 1D,Manual Settings
Misc,Telemann,Telemann HiPix DTV-200,Telemann-HiPix-DTV-200.txt,txt,00 5A,NEC2
Misc,Terminix,Terminix AllClear Mosquito Mister Lantern,Terminix AllClear Mosquito Mister Lantern Edition with Naturals.rmdu,rmdu,00 5A,NEC1
Misc,TurtleBeach,TurtleBeach (Voyetra) Audiotron,TurtleBeach(Voyetra)Audiotron.txt,txt,00 5A,NEC1
Misc,TurtleBeach,TurtleBeach Auditron,Turtle Beach Auditron.txt,txt,00 5A,NEC1
Misc,Videologic,Videologic digiTheatre,Videologic DigiTheatre.rmdu,rmdu,00 5A,NEC1
Misc,Viewsonic,Viewsonic NextVision N6 video processor,Viewsonic_Nextvision_N6.txt,txt,00 5A,NEC1
Misc,Viewsonic,Viewsonic VB50HRTV,Viewsonic_VB50HRTV.txt,txt,00 5A,NEC1
Misc,Vigatec,Vigatec Dune scaler (GVC-1280),Vigatec_Dune_scaler_(GVC-1280).txt,txt,00 0B,Manual Settings
Misc,Visteon,Visteon HD-Jump (HD radio tuner),Visteon_HD-Jump.txt,txt,00 5A,NEC1
Misc,Vudu,Vudu upgrade,Vudu_Device_upgrade_WORKING.txt,txt,01 FF,Manual Settings
Misc,WMicroIT,WMicroIT HDMI splitter,WMicroIT HDMI splitter.rmdu,rmdu,00 5A,NEC1
Misc,Xantech,Xantech RS41AV,Xantech RS41AV.rmdu,rmdu,00 5A,NEC1
Misc,Xantech,Xantech RT8,Xantech RT8 IR router.rmdu,rmdu,00 5A,NEC1
Misc,ZaapTV,ZaapTV IPTV,Zaaptv IPTV.rmdu,rmdu,00 E8,RC-5
Misc,Zinwell,Zinwell ProV,Zinwell_ProV.txt,txt,00 5A,NEC1
Misc,dlink,dlink 320,dlink_320.txt,txt,00 5A,NEC1
Misc,dlink,dlink 320.rmdu,dlink 320.rmdu,rmdu,00 5a,NEC1
Misc,dnt,dnt IP Diamond 20314,dnt_IP_Diamond_20314.rmdu,rmdu,00 5A,NEC1
Misc,i-Zoom,i-Zoom LED Puck Light,i-Zoom.rmdu,rmdu,00 5A,NEC1
Misc,nVIDIA,nVIDIA PersonalCinema,nVIDIA_PersonalCinema.txt,txt,00 5A,NEC1
Projectors,3M,3M MP-8650,3M_Projectorfuj134xtra.txt,txt,00 F8,Fujitsu
Projectors,3M,3M Projectors,3M_Projectors.txt,txt,00 5A,NEC1
Projectors,3M,3M Projectors (Fujitsu 134),3M_Projector.txt,txt,00 F8,Fujitsu
Projectors,ACER,ACER P1500/M342,ACER P1500.rmdu,rmdu,00 5A,NEC1
Projectors,ASK,ASK 750 Projector,ASK_750_Projector.txt,txt,00 E8,RC-5
Projectors,ASK,ASK 960 Projector,ASK_960_Projector.txt,txt,00 E8,RC-5
Projectors,AWOL,AWOL Vision LTV-2500,AWOL LTV-2500.rmdu,rmdu,00 5A,NEC1
Projectors,Acer,Acer XD050 DLP projector,Acer projector.rmdu,rmdu,00 5A,NEC1
Projectors,Anker,Anker Nebula Mars Lite projector,Anker Nebula Mars Lite projector.rmdu,rmdu,00 5A,NEC1
Projectors,Apolo,Apolo Vision 32k Projection Panel,Apolo Vision 32k.rmdu,rmdu,00 5a,NEC1
Projectors,Barco,Barco 808,Barco808.txt,txt,00 2A,pid: 00 2A
Projectors,BenQ,BenQ HT1075,BenQ HT1075.rmdu,rmdu,00 5A,NEC2
Projectors,BenQ,BenQ MP-610,BenQ MP-610.rmdu,rmdu,00 5A,NEC2
Projectors,BenQ,BenQ PB 8220 Projector,Benq_8220.txt,txt,00 5A,NEC1
Projectors,BenQ,BenQ W1070,BenQ W1070.rmdu,rmdu,00 5A,NEC2
Projectors,BenQ,BenQ W500,BenQ W500 Projector.rmdu,rmdu,00 5a,NEC2
Projectors,Benq,Benq 8700(2),Benq_8700.txt,txt,00 5A,NEC1
Projectors,Benq,Benq PB6100 projector,Benq_PB6100_projector.txt,txt,00 5A,NEC1
Projectors,Benq,Benq PB6240,Benq_PB6240_projector.txt,txt,00 5A,NEC1
Projectors,Boxlight,Boxlight CD-455m,Boxlight_CD-455m.txt,txt,01 27,Sony Combo (12/15/20)
Projectors,Casio,Casio XJ-350,Casio_XJ-350.txt,txt,01 FF,Manual Settings
Projectors,Christie,Christie LW400,Christie_LW400.txt,txt,00 5A,NEC1
Projectors,Christie,Christie LWU505,Christie_LWU505.txt,txt,00 5A,NEC1
Projectors,Dell,Dell 1800MP_Projector,Dell_1800MP_Projector.txt,txt,00 5A,NEC2
Projectors,Eiki,Eiki LC-X1100,Eiki LC-X1100.txt,txt,00 5A,NEC1
Projectors,Electrohome,Electrohome Marquee 8500 CRT projector (A),Electrohome_Marquee_8500_CRT_projector.txt,txt,00 84,Manual Settings
Projectors,Electrohome,Electrohome Marquee 8500 CRT projector (B),Electrohome_Marquee_8500_CRT_projector2.txt,txt,00 84,Manual Settings
Projectors,Epson,EPSON LS11000W LS12000B,Epson LS12000B.rmdu,rmdu,00 5A,NEC2
Projectors,Epson,Epson 3010,Epson_3010.rmdu,rmdu,00 5A,NEC2
Projectors,Epson,Epson 6100/6500UB,Epson Powerlite 6100_6500UB.rmdu,rmdu,00 5A,NEC2
Projectors,Epson,Epson 7250 Projector (not working),RS15-2117 with Epson7250Projector.txt,txt,01 F0,Manual Settings
Projectors,Epson,Epson 73Xc Series Projectors,Epson_73Xc_Series_Projectors.txt,txt,00 5A,NEC2
Projectors,Epson,Epson MOVIEMATE 60,Epson MOVIEMATE 60.rmdu,rmdu,00 5A,NEC2
Projectors,Epson,Epson PowerLite Home Cinema 1080,Epson PowerLite Home Cinema 1080.rmdu,rmdu,00 5A,NECx2
Projectors,Epson,Epson PowerLite Pro G6270W,Epson PowerLite Pro G6270W3.rmdu,rmdu,02 5A,Manual Settings\: 02 5A
Projectors,Epson,Epson PowerLite W6,Epson Powerlite W6.rmdu,rmdu,00 5A,NEC2
Projectors,Epson,Epson Powerlite Home Cinema 1080,Epson Powerlite Home Cinema 1080.rmdu,rmdu,00 5A,NEC2
Projectors,Epson,Epson Projector Master File,Epson Projector Master File.rmdu,rmdu,00 5A,NEC2
Projectors,Epson,Epson TW 20,Epson_TW20.txt,txt,00 5A,NEC2
Projectors,HP,HP VP6310 Projector Upgrade,HP_VP6310_Projector.txt,txt,00 5A,NEC2
Projectors,Hitachi,Hitachi CP EX302N,Hitachi_CP_EX302N.rmdu,rmdu,99 99,ImportOnly
Projectors,Hitachi,Hitachi HDP J52,Hitachi_HDP_J52.txt,txt,00 5A,NEC1
Projectors,Hitachi,Hitachi HDP_J52 fixed,Hitachi_HDP_J52.txt,txt,00 5A,NEC1
Projectors,Hitachi,Hitachi Home-1 PJX10 Projector,Hitachi_Home-1_001.txt,txt,00 5A,NEC1
Projectors,Hitachi,Hitachi PJ-TX100 Home Theater Projector for URC-6131,Hitachi PJ TX100 - 6131.rmdu,rmdu,00 5a,NEC1
Projectors,InFocus,InFocus 550LS projector,InFocus_550LS_projector.txt,txt,00 5E,Aiwa
Projectors,InFocus,InFocus SP4805,InFocus-SP4805.rmdu,rmdu,00 5a,NEC1
Projectors,InFocus,InFocus projectors,InFocus-Generic.txt,txt,00 5A,NEC1
Projectors,InFocus,Infocus IN3138HD and IN8606HD,Infocus IN3138HD IN8606HD.rmdu,rmdu,00 5A,NEC1
Projectors,InFocus,Infocus IN72,Infocus IN72.rmdu,rmdu,00 5A,NEC1
Projectors,InFocus,Infocus LP-290,Infocus_LP-290_projector.txt,txt,00 5A,NEC1
Projectors,InFocus,Infocus Lite Pro 550 LS,Infocus Lite Pro 550 LS (projector).rmdu,rmdu,00 5E,Aiwa
Projectors,InFocus,Infocus X1 and 4800,Infocus_X1_and_4800.txt,txt,00 5A,NEC1
Projectors,JVC,JVC DLA-RS2 / RS1,JVC DLA-RS2.rmdu,rmdu,00 34,JVC
Projectors,JVC,JVC DLA-X590R,JVC X590R Projector.rmdu,rmdu,00 34,JVC
Projectors,LG,LG Projecter PA1000,LG Projector PA1000.rmdu,rmdu,00 5A,NEC1
Projectors,LG,LG Projecter PA1000 Service,LG Projector PA1000 Service.rmdu,rmdu,00 B6,NEC1 Combo
Projectors,Marantz,Marantz VP-12S1/2,Marantz Projector.rmdu,rmdu,00 73,RC-5/5x Combo
Projectors,Marantz,Marantz VP-12S4,Marantz VP-12S4.rmdu,rmdu,00 73,RC-5/5x Combo
Projectors,Marantz,Marantz VP12S3 projector,Marantz_VP12S3_projector.txt,txt,00 73,pid: 00 73
Projectors,NEC,NEC 1260 LT260 8910,NEC_1260_LT260_8910.txt,txt,00 5A,NEC1
Projectors,NEC,NEC DP5200 Projector,NEC_DP5200_Projector.txt,txt,00 5A,NEC1
Projectors,NEC,NEC HT1000,NEC HT1000.txt,txt,00 5A,NEC1
Projectors,NEC,NEC LT-100,NEC LT-100.txt,txt,00 5A,NEC1
Projectors,NEC,NEC M311W,NEC M311w Projector.rmdu,rmdu,00 5A,NEC1
Projectors,NEC,NEC MT820 Projector,NEC_MT820_Projector.txt,txt,00 5A,NEC1
Projectors,NEC,NEC VT-670,NEC VT-670 .rmdu,rmdu,00 5A,NEC1
Projectors,NEC,NEC XG110LC Projector,NEC-XG_Projector.txt,txt,01 5A,Manual Settings
Projectors,Optoma,Optoma 739 & 719,Optoma_719.txt,txt,00 5A,NEC1
Projectors,Optoma,Optoma HD131Xe 1080p,Optoma HD131Xe 1080p.rmdu,rmdu,00 5A,NEC1
Projectors,Optoma,Optoma HD143X,Device - Optoma HD143X.rmdu,rmdu,00 5A,NEC2
Projectors,Optoma,Optoma HD33,Optoma HD33.rmdu,rmdu,00 5A,NEC2
Projectors,Optoma,Optoma HD70,Optoma HD70.rmdu,rmdu,00 5A,NEC2
Projectors,Optoma,Optoma HD72 projector,Optoma HD72.rmdu,rmdu,00 5A,NEC2
Projectors,Optoma,Optoma TW1692,Optoma TW1692.rmdu,rmdu,00 5A,NEC2
Projectors,Optoma,Optoma TX779 (Remote BR-5033L),Optoma-TX779.rmdu,rmdu,00 5A,NEC2
Projectors,Optoma,Optoma Themescene H30,Optoma-Themescene H30.rmdu,rmdu,00 5a,NEC2
Projectors,Optoma,Optoma Themescene H30,Themescene H30.rmdu,rmdu,00 5A,NEC2
Projectors,Panasonic,Panasonic AE700,Panasonic_AE700.txt,txt,01 09,Panasonic2 (LCD)
Projectors,Panasonic,Panasonic PT AE-900,Panasonic_PT-AE900.txt,txt,01 09,Panasonic2 (LCD)
Projectors,Panasonic,Panasonic PT-AE100,Panasonic-PT-AE100 urc9910.txt,txt,01 C9,Manual Settings
Projectors,Panasonic,Panasonic PT-AE8000U,Panasonic_PT-AE8000U.txt,txt,01 09,Panasonic2 (LCD)
Projectors,Panasonic,Panasonic PT-AE900U,Panasonic PT-AE900.txt,txt,01 09,Panasonic2 (LCD)
Projectors,Panasonic,Panasonic PT-L6500U,Panasonic-PT-L6500U(KM).txt,txt,01 09,Panasonic2 (LCD)
Projectors,Panasonic,Panasonic Projector (master),Panasonic_Projector_Master.txt,txt,01 09,Panasonic2 (LCD)
Projectors,Panasonic,Panasonic Projector PT-M1083UN,Panasonic PT-M1083UN.txt,txt,01 09,Panasonic2 (LCD)
Projectors,Plus,Plus U2 Series Projectors,Plus_U2_Series_Projector.txt,txt,00 5A,NEC1
Projectors,Plus,Plus U5-112 Digital Projector,Plus_U5-112_Digital_Projector.txt,txt,00 5A,NEC1
Projectors,Proxima,Proxima 2800 projector,Proxima-2800-projector.txt,txt,00 1C,Denon
Projectors,Ricoch,Ricoch PJ X2240,Ricoch_PJ_X2240.rmdu,rmdu,99 99,ImportOnly
Projectors,Sanyo,Sanyo PLV Z1,Sanyo PLV Z1.rmdu,rmdu,00 5A,NEC1
Projectors,Sanyo,Sanyo PLV Z2 code1,Sanyo PLV-Z2 Code1.rmdu,rmdu,00 5A,NEC1
Projectors,Sanyo,Sanyo PLV Z2 code2,Sanyo PLV-Z2 Code2.rmdu,rmdu,00 5A,NEC1
Projectors,Sanyo,Sanyo PLV-70 LCD Projector,Sanyo PLV-70.rmdu,rmdu,00 5A,NEC1
Projectors,Sanyo,Sanyo Projector Master,Sanyo Projector Master.rmdu,rmdu,00 5A,NEC1
Projectors,Sharp,Sharp DT-200 projector,Sharp DT-200 projector.txt,txt,00 1C,Sharp
Projectors,Sharp,Sharp Projector PG-B10S,Sharp Projector PG-B10S.txt,txt,00 1C,Sharp
Projectors,Sharp,Sharp QA-2500 Projection Panel,Sharp QA-2500.rmdu,rmdu,00 1c,Denon
Projectors,Sharp,Sharp XV-Z12000,Sharp_XV-Z12000_urc8910.txt,txt,00 1C,Sharp
Projectors,Sim2,Sim2 HT300.2+,Sim2 HT300.2+.txt,txt,01 30,Manual Settings
Projectors,Sony,Sony 12xx (remote: RM-1271),SONY_RM-1271.txt,txt,00 CA,Sony 12/15
Projectors,Sony,Sony Projector with 3D commands,Sony Projector Codes with 3d commands.rmdu,rmdu,00 27,Sony Combo (12/15/20)
Projectors,Sony,Sony VPL HS10 and HS20,SonyVPLHS20.rmdu,rmdu,00 27,Sony Combo (12/15/20)
Projectors,Sony,Sony VPL VH11HT,Sony Projector VH11HT.rmdu,rmdu,00 27,Sony Combo (12/15/20)
Projectors,Sony,Sony VPL-HS10/20 ALL CODES PRESENT,Sony VPLHS10!.rmdu,rmdu,00 27,Sony Combo (12/15/20)
Projectors,Sony,Sony VPL-SC50,SonyVPL-SC50.txt,txt,00 CA,Sony 12/15
Projectors,Sony,Sony VPLHS20 Projector,Sony_VPLHS20.txt,txt,01 27,Sony Combo (12/15/20)
Projectors,Toshiba,Toshiba CT-9908 remote,Toshiba CT-9908 remote.rmdu,rmdu,00 5A,NEC1
Projectors,Toshiba,Toshiba P7300,Toshiba P7300.rmdu,rmdu,00 5A,NEC1
Projectors,Toshiba,Toshiba Projector TLP-MT1,Toshiba_Projector_TLP-MT1.txt,txt,00 5A,NEC1
Projectors,Vankyo,Vankyo LEISURE 3W,Vankyo LEISURE 3W.rmdu,rmdu,00 5A,NEC1
Projectors,ViewSonic,ViewSonic PX727-4K PX747-4K,ViewSonic 727 4k.rmdu,rmdu,00 5A,NEC1
Projectors,Viewsonic,Viewsonic PJ250 DLP Projector,ViewsonicPJ250-DLP-Projector.txt,txt,00 5A,NEC1
Projectors,Viewsonic,Viewsonic PJ750 Projector,Viewsonic_PJ750_Projector.txt,txt,00 5A,NEC1
Satellite,@SAT,@SAT ECI 9500 (SAT/1300),@SAT_Kaon_SAT_box.txt,txt,00 5A,NEC1
Satellite,ADB,ADB 5720SX (ITI-5720SX),ADB-5720SX.rmdu,rmdu,01 6C,XMP (JP1)
Satellite,ADB,ADB 7820sx,ADB 7820sx.rmdu,rmdu,01 6C,XMP (Slingbox)
Satellite,ADTH,ADTH IP8950,ADTH IP8950.rmdu,rmdu,00 5A,NEC1
Satellite,ADTH,ADTH SMP-6200,ADTH SMP-6200.rmdu,rmdu,00 45,RECS80 (45)
Satellite,AX,AX HD51,ax51.rmdu,rmdu,00 5A,NEC1
Satellite,AZBox,AZBox Bravissimo Twin HD,AZBox Bravissimo Twin.rmdu,rmdu,00 5A,NEC1
Satellite,Amiko,Amiko 8900 (gi8120),gi 8120.rmdu,rmdu,00 5A,NEC1
Satellite,Amiko,Amiko Mini HD SE,Amiko Mini HD SE.rmdu,rmdu,00 5A,NEC1
Satellite,Amiko,Amiko SHD 8000,AMIKO SHD 8000.rmdu,rmdu,01 FF,NEC1 (No Repeats)
Satellite,Amplica,Amplica SAT Receiver,Amplica SAT Receiver.txt,txt,00 3D,Manual Settings
Satellite,Amstrad,Amstrad DRX-780i Sky Satelllite Box,Amstrad DRX-780i Sky.rmdu,rmdu,01 6C,XMP (JP1)
Satellite,Amstrad,Amstrad DRX-780i Sky Satelllite Box,Amstrad_DRX-780i_Sky.txt,txt,01 6C,XMP (JP1)
Satellite,Amstrad,Amstrad DRX780,Amstrad DRX780.rmdu,rmdu,00 20,RC6-M-20n
Satellite,Amstrad,Amstrad Sky+ V2 URC-7560 B01,Amstrad Sky+ V2 URC-7560 B01.rmdu,rmdu,00 20,RC6-M-20n
Satellite,Arion,Arion AC-2410 HVD,Arion AC-2410 HVD.rmdu,rmdu,00 5A,NEC1
Satellite,Arion,Arion AF-2500,Arion AF-2500.rmdu,rmdu,00 5A,NEC1
Satellite,Ariza,Ariza Ultra 400 (cyclone pro-enforcer plus),Ariza_Ultra_400_(cyclone_pro-enforcer_plus).txt,txt,00 5A,NEC1
Satellite,Aston,Aston Simba 202,Aston Simba 202.rmdu,rmdu,00 5A,NEC1
Satellite,Aston,Aston Xena 2000 - urc 9910,Aston Xena 2000 - urc 9910 .txt,txt,00 5A,NEC1
Satellite,Astra,Astra 9500 Satellite,Astra 9500.rmdu,rmdu,00 5A,NEC1
Satellite,Austar,Austar Satellite Decoder (Australia),AustarBoxNew.rmdu,rmdu,01 73,Nokia32
Satellite,AzAmerica,AzAmerica s900,AZ America s900.rmdu,rmdu,00 5A,NEC1
Satellite,AzBox,AzBox Newgen,Azbox Newgen.rmdu,rmdu,00 5A,NEC1
Satellite,Azbox,Azbox HD Elite,AZBOX_HD_ELITE.txt,txt,00 5A,NEC1
Satellite,Azbox,Azbox HD Premium Satellite,Azbox HD Premium.rmdu,rmdu,00 5A,NEC1
Satellite,BEC,BEC DBS-2000 DVB-S,DBS-2000 DVB-S.txt,txt,00 5A,NEC1
Satellite,Bell,Bell 5100 PVR address 2,Bell 5100 PVR address 2.rmdu,rmdu,00 02,Dish Network
Satellite,Benjamin,Benjamin BEC-6000,Benjamin BEC-6000.rmdu,rmdu,00 5A,NEC1
Satellite,Best,Best TV MediaBox,Best TV MediaBox.rmdu,rmdu,00 5A,NEC1
Satellite,BlackBird,BlackBird (ST1000-ST2000),BlackBird_(ST1000-ST2000).txt,txt,00 5A,NEC1
Satellite,BlackBird,BlackBird ST1000 and ST2000,ST1000-ST2000_(BlackBird).txt,txt,00 5A,NEC1
Satellite,Blackbird,Blackbird,Blackbird.txt,txt,00 5A,NEC1
Satellite,Blade,Blade BM7000S,Blade Satellite BM 7000s.rmdu,rmdu,00 5A,NEC1
Satellite,Bush,Bush BFSAT01SD,Bush BFSAT01SD.rmdu,rmdu,00 5A,NEC1
Satellite,CGV,CGV Premio sat HD-W,URC7950_2000_Premio_sat_HDW.rmdu,rmdu,00 5A,NEC1
Satellite,Cahors,Cahors Teox (TNTSAT) and Veox (Fransat),URC_1580_2001_Teox.rmdu,rmdu,00 5A,NEC1
Satellite,Canal,Canal Digital CDC 7000 ST - part 2,Canal_Digital_CDC_7000_ST-part_2.txt,txt,01 23,StreamZap
Satellite,Canal,Canal Digital CDC 7000 ST - part1,Canal_Digital_CDC_7000_ST-part_1.txt,txt,01 23,StreamZap
Satellite,Canal,Canal Sat HD WIFI (+ Le Cube),CanalSat Cube.rmdu,rmdu,01 8C,CanalSat(No Repeat)
Satellite,Canal,Canal Satellite CUBE,CanalSatellite CUBE.rmdu,rmdu,01 8C,CanalSat
Satellite,Canal+,Canal+ CanalSat,Canal+ 2part .txt,txt,01 FF,Manual Settings
Satellite,Canal+,Canal+ CanalSat,Canal+ 3part .txt,txt,01 FF,Manual Settings
Satellite,Canal+,Canal+ Canalsat,Canal+.txt,txt,01 FF,Manual Settings
Satellite,CaptiveWorks,CaptiveWorks CW600S,CaptiveWorks_CW600S.txt,txt,00 5A,NEC1
Satellite,CaptiveWorks,CaptiveWorks CW600S Premium,CaptiveWorks CW600s Premium2.rmdu,rmdu,00 5A,NEC1
Satellite,CaptiveWorks,CaptiveWorks CW600s premium,CaptiveWorks CW600s Premium1.rmdu,rmdu,00 5A,NEC1
Satellite,CaptiveWorks,Captiveworks CW-800 pvr,CaptiveWorks_CW800_pvr.txt,txt,00 5A,NEC1
Satellite,Chaparral,Chaparral Monterey90 Sat,Chaparral_Monterey90_Sat.txt,txt,00 5A,NEC1
Satellite,Clarke-Tech,Clarke-Tech C-TECH 2100,Clarke-Tech C-TECH 2100.rmdu,rmdu,00 5A,NECx2
Satellite,Clarke-Tech,Clarke-Tech C-Tech 1500,Clarke-Tech C-Tech 1500.rmdu,rmdu,01 FF,NEC1 (No Repeats)
Satellite,Clarke-Tech,Clarke-Tech C-Tech 5000 HD Combo,Clarke-Tech HD 5000C.rmdu,rmdu,00 5A,NEC1
Satellite,Clarke-Tech,Clarke-Tech ET9000_URC7781,URC7781_Clarke-Tech ET9000_RM.rmdu,rmdu,00 5A,NEC1
Satellite,Clarke-Tech,Clarke-Tech ET9000_URC8820N,URC8820N_Clarke-Tech ET9000_RM.rmdu,rmdu,00 5A,NEC1
Satellite,Cloud,Cloud Ibox 2+,Cloud Ibox 2+.rmdu,rmdu,00 5A,NEC1
Satellite,Cobra,Cobra Cigno,Cobra Cigno.rmdu,rmdu,00 5A,NEC1
Satellite,Comag,Comag SL-50,Comag SL-50.rmdu,rmdu,00 5A,NEC1
Satellite,Conaxsat,Conaxsat Trio FTA,Conaxsat_Trio_FTA.txt,txt,00 5A,NEC1
Satellite,Coolsat,Coolsat 4000 Pro,Coolsat_4000_Pro.txt,txt,00 5A,NEC1
Satellite,Coolsat,Coolsat 4000-5000-6000.rmdu,Coolsat 4000-5000-6000.rmdu,rmdu,00 5A,NEC1
Satellite,Coolsat,Coolsat 5000 Platinum for URC-6131,Coolsat 5000a.rmdu,rmdu,00 5A,NEC1
Satellite,Coolsat,Coolsat 6000 for URC8811,Coolsat_6000.txt,txt,00 5A,NEC1
Satellite,Coolsat,Coolsat 7000,Coolsat 7000.rmdu,rmdu,00 5A,NEC1
Satellite,Coolsat,Coolsat 7000 v0.2,coolsat7000_15_1994v0.2.txt,txt,00 5A,NEC1
Satellite,Coolsat,Coolsat 8000HD,Coolsat 8000.rmdu,rmdu,00 5A,NEC1
Satellite,Coolsat,Coolsat 8000HD,Coolsat 8000.rmdu,rmdu,00 5A,NEC1
Satellite,Coolsat,Coolsat 8100,Coolsat 8100.rmdu,rmdu,00 5A,NEC1
Satellite,Coolstream,Coolstream ZEE,Coolstream ZEE.rmdu,rmdu,00 5A,NEC1
Satellite,Coship,Coship 2300B & CDVBC5120,Coship_2300B.txt,txt,00 5A,NEC1
Satellite,Coship,Coship CDVB-5668,Coship N5166.rmdu,rmdu,00 5A,NEC1
Satellite,D-Smart,D-Smart HD,D-Smart HD.rmdu,rmdu,00 5A,NEC1
Satellite,D-Smart,D-Smart NEXT YE-9950 CIS,D-Smart_NEXT_YE-9950_CIS.txt,txt,00 5A,NEC1
Satellite,DB,DB V4 ORIGINAL WITH DISCRETE,DB V4 ORIGINAL WITH DISCRETE.rmdu,rmdu,01 6C,XMP (UEI)
Satellite,DFH,DFH Network STB,DFH_Network_STB.txt,txt,00 5A,NEC1
Satellite,DGStation,DGStation CubeCafe,DGStation CubeCafe.rmdu,rmdu,01 82,RC5-7F
Satellite,DGStation,DGStation Mutant 200 S,DG Startion Mutant 200 S.rmdu,rmdu,01 82,RC5-7F
Satellite,DTV,DTV KE-10,DTV_KE-10.rmdu,rmdu,00 5A,NEC1
Satellite,Dbox,Dbox dBox2 new protocol (Nokia Sagem Philips),dbox2_new_urc-7781.rmdu,rmdu,00 ED,Nokia Quad
Satellite,Dbox,Dbox dbox2 keyboard for dboxes from Nokia Sagem Philips,dbox2_keyboard_urc-7781.rmdu,rmdu,01 FF,Manual Settings
Satellite,Diamond,Diamond 9000,Diamond-9000.txt,txt,00 5A,NEC1
Satellite,Digiality,Digiality Sat-Rcvr VC-CI-304,Digiality_Sat-Rcvr_VC-CI-304.txt,txt,00 5C,Proton
Satellite,Digiality,Digiality urc-8550,Digiality_urc-8550.txt,txt,00 5D,Audiovox
Satellite,Digit-All,Digit-All World SFT-1000,Digit-All_World_SFT-1000.txt,txt,00 5A,NEC1
Satellite,Digital+,Digital+,Digital Plus T10.rmdu,rmdu,00 E8,RC-5
Satellite,Digiturk,Digiturk DCR OPTV 3900 (official),Digiturk_DCR_OPTV_3900.txt,txt,01 6C,XMP (JP1)
Satellite,Digiturk,Digiturk DCR OPTV 3900.rmdu,Digiturk DCR OPTV 3900.rmdu,rmdu,01 6C,XMP
Satellite,Digiwav,Digiwav DG7000 FTA receiver,Digiwav_DG7000.txt,txt,00 5A,NEC1
Satellite,DirecTV,DirecTV D10 (address 1 - default),DirecTV D10.rmdu,rmdu,01 62,DirecTV
Satellite,DirecTV,DirecTV D10 (address 2),DirecTV D10 addr2.rmdu,rmdu,01 62,DirecTV
Satellite,DirecTV,DirecTV D10 (address 3),DirecTV D10 addr3.rmdu,rmdu,01 62,DirecTV
Satellite,DirecTV,DirecTV D10 SAT 1377 (addr1),DirecTV_D10_SAT_1377_KM.txt,txt,01 62,Manual Settings
Satellite,DirecTV,DirecTV D10 SAT 1378 (addr2),DirecTV_D10_SAT_1378_KM.txt,txt,01 62,Manual Settings
Satellite,DirecTV,DirecTV D10 SAT 1379 addr3,DirecTV_D10_SAT_1379_KM.txt,txt,01 62,Manual Settings
Satellite,DirecTV,DirecTV HDTV receiver H20,DirecTV_HD20_SAT_1377-tf.txt,txt,01 62,DirecTV
Satellite,DirecTV,DirecTV HR-44,DirecTV HR44.rmdu,rmdu,01 62,DirecTV
Satellite,DirecTV,DirecTV THR22,DirecTV THR22.rmdu,rmdu,01 62,DirecTV
Satellite,DirecTV,DirecTV THR22,DirecTV_THR22_HD_DVR.rmdu,rmdu,01 62,DirecTV
Satellite,DirecTV,DirecTv HR-20,DirecTV_HD20_SAT_1377 on URC 8910.txt,txt,01 62,DirecTV
Satellite,DirecTV,Directv Plus HD DVR HR20,DirecTV_HR20_HD_DVR.rmdu,rmdu,01 62,DirecTV
Satellite,DirecTV,Directv R15,DirecTV_R15_7800_KM.txt,txt,01 62,DirecTV
Satellite,DishNetwork,Dish - JVC D-VHS - HM-DSR100U,JVC D-VHS - HM-DSR100U for URC-9911.rmdu,rmdu,00 02,Dish Network
Satellite,DishNetwork,Dish 301 Dev 1 1775,Dish 301 Dev 1 1775.txt,txt,00 02,Dishplayer (old)
Satellite,DishNetwork,Dish 721,Dish 721.txt,txt,00 02,Dish Network
Satellite,DishNetwork,Dish 811,Dish 811.txt,txt,00 02,Dish Network
Satellite,DishNetwork,Dish Hopper 3,DishHopper3.rmdu,rmdu,00 02,Dish Network
Satellite,DishNetwork,Dish Network 501 PVR,Dish_Network_PVR_501_with_page_updown.txt,txt,00 02,Dish Network
Satellite,DishNetwork,Dish Network DVR-625,Dish Network DVR-625.rmdu,rmdu,00 02,Dish Network
Satellite,DishNetwork,Dish Network Hopper Joey 922 722 211 222 612 622 (with discrete on off),Dish Network VIP722K.rmdu,rmdu,00 02,Dish Network
Satellite,DishNetwork,Dish Network PVR721,Dish_Network_PVR721-7800.txt,txt,00 02,Dish Network Combo
Satellite,DishNetwork,Dish Network PVR721-old-remotes,Dish_Network_PVR721-old-remotes.txt,txt,00 02,Dish Network Combo
Satellite,DishNetwork,Dish Network VIP 722 & VIP 222 - 5.3IR_Atlas 1056,Dish Network VIP722_VIP222 - 5.3IR_Atlas 1056.rmdu,rmdu,00 02,Dish Network
Satellite,DishNetwork,Dish Network VIP 722 (For Remote Address 11),Dish Network VIP722.rmdu,rmdu,00 02,Dish Network
Satellite,DishNetwork,Dish Network ViP622.txt,Dish_VIP622(8810).txt,txt,00 02,Dish Network
Satellite,DishNetwork,Dish PVR 7200 7100 .rmdu,Dish PVR 7200 7100 .rmdu,rmdu,01 0f,Dishplayer
Satellite,DishNetwork,DishNetwork 301 Upgrade 1994,DishNetwork_301_Upgrade_1994.txt,txt,00 02,Dishplayer (old)
Satellite,DishNetwork,DishNetwork Satellite,DishNetwork Satellite.txt,txt,00 02,Dishplayer (old)
Satellite,DishNetwork,DishNetwork VIP612 SAT/DVR for URC8910,DishNetwork_VIP612_DVR_URC8910.txt,txt,00 02,Dish Network
Satellite,DishNetwork,Dishnetwork 322,Dish_322.rmdu,rmdu,00 02,Dish Network Combo
Satellite,DishNetwork,Dishnetwork PVR501 with search.rmdu,Dishnetwork PVR501 with search.rmdu,rmdu,01 44,Device Combiner
Satellite,DishNetwork,PVR501,PVR501.TXT,TXT,01 44,Device Combiner
Satellite,DishNetwork,PVR522,PVR522.TXT,TXT,00 02,Dish Network
Satellite,DocoDemo,DocoDemo TV,Docodemo TV.rmdu,rmdu,00 5A,NEC1
Satellite,Dr.HD,Dr.HD F16,Dr HD F16.rmdu,rmdu,01 FF,NEC1 (No Repeats)
Satellite,Drake,Drake ESR-1824 Sat Receiver-KM,Drake_ESR-1824_Sat_Receiver-KM.txt,txt,00 5A,NEC1
Satellite,DreamLink,DreamLink HD,DreamLink HD.rmdu,rmdu,00 5A,NEC1
Satellite,DreamLink,DreamLink HD T1 Plus.rmdu,DreamLink HD T1 Plus.rmdu,rmdu,01 1A,NEC 4DEV Combo
Satellite,Dreambox,DM-900 DM-920 DreamBox 4K UHD Satellite Receiver (2017),DreamBox DM900 DM920 UHD Receiver.rmdu,rmdu,00 5A,NEC1
Satellite,Dreambox,DreamBox DM-7025 Plus,Dream Multimedia DreamBox DM-7025 Plus.rmdu,rmdu,01 6C,XMP
Satellite,Dreambox,Dreambox 8000,Dreambox_8000.txt,txt,,XMP (UEI)
Satellite,Dreambox,Dreambox DM-8000,Dreambox DM-xxx with skin.rmdu,rmdu,01 6C,XMP (Slingbox)
Satellite,Dreambox,Dreambox DM100,Dreambox DM100.rmdu,rmdu,00 5A,NEC1
Satellite,Dreambox,Dreambox DM500,Dreambox DM500.rmdu,rmdu,01 6C,XMP
Satellite,Dreambox,Dreambox DM500 all models,Dreambox DM500 ver1.rmdu,rmdu,01 6C,XMP (JP1)
Satellite,Dreambox,Dreambox DM500-S,Dreambox DM500-S.rmdu,rmdu,01 6C,XMP (JP1)
Satellite,Dreambox,Dreambox DM7000,DreamboxDM7000.txt,txt,01 6C,XMP (JP1)
Satellite,Dreambox,Dreambox DM7000 (1-byte),Dreambox-DM7000-v2.rmdu,rmdu,01 6C,XMP (Slingbox)
Satellite,Dreambox,Dreambox DM7000 v2,dreamboxv2.rmdu,rmdu,01 6C,XMP (JP1)
Satellite,Dreambox,Dreambox DM800,Dream_Multimedia_DM800.rmdu,rmdu,01 6C,XMP
Satellite,Dreambox,Dreambox DM900-CII,Dreambox DM900-CII.rmdu,rmdu,00 5A,NEC1
Satellite,Dreamlink-HD,Dreamlink-HD,My-Dreamlink-HD-Saved.rmdu,rmdu,00 5A,NEC1
Satellite,DuoSat,DuoSat Spider HD,DuoSat Spider HD .rmdu,rmdu,00 5A,NEC1
Satellite,EDISION,EDISION OS MINI DVB-S2 + DVB-T2/C,eidisionosmini.rmdu,rmdu,00 5A,NEC1
Satellite,EXTREMEVIEW,EXTREMEVIEW MAGNUM XV-3000,SAT EXTREMEVIEW MAGNUM XV-3000 05 20.rmdu,rmdu,00 5a,NEC1
Satellite,EchoSmart,EchoSmart DSB 791,EchoSmart DSB-791 .rmdu,rmdu,00 5A,NEC1
Satellite,Echostar,ECHOSTAR DVR-7400 HD - EUROPE only,UPGRADE FOR URC-8820N4.rmdu,rmdu,00 5A,NEC1
Satellite,Echostar,Echostar 2200 SAT/1200,Echostar-2200-SAT-1200.txt,txt,01 82,Echostar 2200
Satellite,Echostar,Echostar 2200 SAT/1200 (for-P8-remotes),Echostar-2200-SAT-1200-for-P8-remotes.txt,txt,01 82,Echostar 2200
Satellite,Echostar,Echostar Dish6000,Echostar_Dish6000_a.rmdu,rmdu,00 02,Dishplayer (old)
Satellite,Echostar,Echostar DishNetwork 4900 Dev Comb for 0775,Echostar-DishNetwork 4900 Dev Comb for 0775.txt,txt,01 44,Device Combiner
Satellite,Echostar,Echostar DishNetwork SAT/0775,Echostar-DishNetwork-SAT-0775.txt,txt,00 02,Dishplayer (old)
Satellite,Echostar,Echostar DishNetwork SAT/0775,Echostar-DishNetwork-SAT-0775_for_2104.txt,txt,00 02,Dish Network
Satellite,Echostar,Echostar Dishplayer SAT/1005,Echostar-Dishplayer-SAT-1005.txt,txt,01 0F,Dishplayer
Satellite,Edison,Edison Argus Satellite,Edison Argus.rmdu,rmdu,00 5A,NEC1
Satellite,Engel,Engel RS 4800 HD,Engel RS 4800 HD.rmdu,rmdu,00 5A,NEC1
Satellite,ExpressVu,ExpressVu 3100-Millenium4 B01,ExpressVu_3100-Mil4_B01.txt,txt,,Dish Network
Satellite,F3,F3 DK8080 HD Receiver (Vastar),VASTAR dk8080 F3II.rmdu,rmdu,00 5A,NEC1
Satellite,FTA,FTA SBE,FTA_SBE.txt,txt,00 5A,NEC1
Satellite,Finnsat,Finnsat FH05HDR,Finnsat FH05HDR.rmdu,rmdu,00 E8,RC-5
Satellite,Force,Force D-Master,Force_D-Master.txt,txt,01 6C,XMP (JP1)
Satellite,Force,Force PVR-Master 1188T,Force_D-Master_1188T.txt,txt,01 6C,XMP (JP1)
Satellite,Formuler,Formuler F1,Formuler 1.rmdu,rmdu,00 5A,NEC1
Satellite,Formuler,Formuler f3,formuler f3.rmdu,rmdu,00 5A,NEC1
Satellite,Fortec,Fortec Mercury II,Fortec_Mercury_II.txt,txt,00 5A,NEC1
Satellite,Fortec,Fortec Star DVB-786V3 - RM,Fortec Star DVB-786V3.rmdu,rmdu,00 5A,NEC1
Satellite,Fortec,Fortec Star Lifetime and Ultra,Fortecstar_Lifetime_and_Ultra.txt,txt,00 5A,NEC1
Satellite,Fortec,Fortec Star Passion.rmdu,Fortec Star Passion.rmdu,rmdu,00 5A,NEC1
Satellite,Fortec,Fortec Star lifetimebl,Fortec_Star_lifetimebl.txt,txt,00 5A,NEC1
Satellite,Foxtel,Foxtel Decoder UEC.rmdu,Foxtel Decoder UEC.rmdu,rmdu,00 e8,RC-5
Satellite,Foxtel,Foxtel Digital BSkyB Sky,BSkyB-Foxtel Digital.rmdu,rmdu,00 20,RC6-M-20n
Satellite,Foxtel,Foxtel IQ (Pace TD460NF),Foxtel IQ.txt,txt,01 73,Nokia32
Satellite,Foxtel,Foxtel iQ Remote Australia,Foxtel IQ.rmdu,rmdu,01 73,Nokia32
Satellite,Freei,Freei Petra Hybrid Satellite/Freeview Receiver Set #6220,Qviart Undro.rmdu,rmdu,00 5A,NEC1
Satellite,Freesat,Freesat V8 Golden,Freesat V8 Golden.rmdu,rmdu,01 FF,NEC1 (No Repeats)
Satellite,Fuba,Fuba ODE 710,Fuba ODE 710.rmdu,rmdu,00 5A,NEC1
Satellite,GBOX,GBOX 3000 Positioner for URC8811,GBOX 3000.rmdu,rmdu,00 5a,NEC1
Satellite,GGG,GGG HD,GGG HD.rmdu,rmdu,01 FF,NEC1 (No Repeats)
Satellite,GI,GI 350i ku/C analog Sat rcvr,SAT-0554.txt,txt,00 5A,NEC2
Satellite,GI,GI 4DTV,4DTV.rmdu,rmdu,00 A4,GI 4DTV Official
Satellite,GI,GI 4DTV,Gen. Instr. 4DTV.rmdu,rmdu,00 A4,GI 4DTV Official
Satellite,GI,GI 4DTV DSR-905 Sidecar,4DTV Sidecar (URC-8910).rmdu,rmdu,00 a4,GI 4DTV Official
Satellite,Galaxis,Galaxis Easy,Galaxis_Easy.txt,txt,01 EE,Manual Settings
Satellite,Galaxy_Innovations,Galaxy_Innovations GI Spark 2 combo,gi spark 2 combo.rmdu,rmdu,00 5A,NEC1
Satellite,Galaxy_Innovations,Galaxy_Innovations GI9196,URC7950_Galaxy Innovations_2002.rmdu,rmdu,00 5A,NEC1
Satellite,Genie,Genie HR-44,DirecTV HR44.rmdu,rmdu,01 62,DirecTV
Satellite,GeoSat,GeoSat Pro HDVR1200,GeoSatPro HDVR1200.rmdu,rmdu,00 5A,NEC1
Satellite,GeoSat,GeoSat ProMicroHD,GeoSatPro Micro HD.rmdu,rmdu,00 5A,NEC1
Satellite,GeoSat,Geosat DVR1100c,Geosat DVR1100c.rmdu,rmdu,00 5A,NEC1
Satellite,GeoSat,GeosatPro HDVR3500,GeoSat HDVR3500.rmdu,rmdu,00 5A,NEC1
Satellite,Globecast,Globecast EE SE830 FTA receiver,Globecast EE SE830_receiver.txt,txt,00 5A,NEC1
Satellite,Golden Media,Golden Media Spark Triplex,GM Spark Triplex.rmdu,rmdu,00 5A,NEC1
Satellite,Golden Media,Golden Media Wizard HD,Golden Media Wizard HD.rmdu,rmdu,00 5A,NEC1
Satellite,Goodmans,Goodmans GSAT200HD,Goodmans GSAT200HD.rmdu,rmdu,00 5A,NEC1
Satellite,Grundig,Grundig Freesat SD,Grundig_Freesat_SD.txt,txt,00 5A,NEC1
Satellite,HiVision,HiVision HV-9090X,HiVision HV-9090X.rmdu,rmdu,00 5A,NEC1
Satellite,Hirschmann,Hirschmann CSR 1500B,Hirschmann_CSR_1500B.txt,txt,01 FF,Manual Settings
Satellite,Hitachi,Hitachi HDR-161 Satellite,Hitachi HDR-161.rmdu,rmdu,00 E8,RC-5
Satellite,Hivion,Hivion 3030 FTA,Hivion3030.rmdu,rmdu,00 5a,NEC1
Satellite,HomeCable,HomeCable SAT,HomeCable SAT.txt,txt,00 1C,Denon
Satellite,Homecast,Homecast 8100 PVR on UCR 10820,homecast8100 10820.rmdu,rmdu,00 5A,NEC1
Satellite,Homecast,Homecast SR9000IR,Homecast SR9000IR.rmdu,rmdu,01 2A,MCE
Satellite,Hughes,Hughes DTV GAEBOA,Hughes_DTV_GAEBO.txt,txt,00 5A,NEC1
Satellite,Hughes,Hughes HIRD Satellite,Hughes_HIRD_Satellite.txt,txt,00 5A,NEC1
Satellite,Hughes,Hughes HIRD Satellite UNIT2,Hughes_HIRD_Satellite_UNIT2.txt,txt,00 5A,NEC1
Satellite,Hughes,Hughes HIRD_Satellite_Unit_ID_1_3_5_7,Hughes_HIRD_Satellite_Unit_ID_1_3_5_7.txt,txt,00 5A,NEC1
Satellite,Hughes,Hughes HIRD_Satellite_Unit_ID_2_4_6_8,Hughes_HIRD_Satellite_Unit_ID_2_4_6_8.txt,txt,00 5A,NEC1
Satellite,Humax,HUMAX FOXSAT HDR,HUMAX FOXSAT-HDR.rmdu,rmdu,00 5A,NEC1
Satellite,Humax,HUMAX FREESAT HD DIGITAL RECEIVER,HUMAX_FREESAT.txt,txt,00 5A,NEC1
Satellite,Humax,HUMAX PDR iCord HD (Premiere) - RM-F02,HUMAX PDR iCord HD (Premiere)_RM-F02.rmdu,rmdu,00 5A,NEC1
Satellite,Humax,Humax 800T DTT,Humax 800T DTT.txt,txt,00 5A,NEC1
Satellite,Humax,Humax F1 VACI,Humax F1 VACI.rmdu,rmdu,00 5A,NEC1
Satellite,Humax,Humax FoxSat HDR (OARUSB Extender),OAR - Foxsat EXT.rmdu,rmdu,00 5A,NEC1
Satellite,Humax,Humax Freesat HD,HUMAX_FREESAT.txt,txt,00 5A,NEC1
Satellite,Humax,Humax HDR 1002S,Humax HDR 1002S.rmdu,rmdu,01 2A,MCE
Satellite,Humax,Humax IR-5410z,Humax_IR-5410z.txt,txt,00 5A,NEC1
Satellite,Humax,Humax IRCI 5400,Humax_IRCI_5400.txt,txt,00 5A,NEC1
Satellite,Humax,Humax JC-5100 (Japan),Humax JC-5100.rmdu,rmdu,00 C9,Humax
Satellite,Humax,Humax ND-1000C (India),Humax ND-1000C Sat.rmdu,rmdu,00 5A,NEC1
Satellite,Humax,Humax ND-1000C Sat,Humax ND-1000C Sat.rmdu,rmdu,00 5A,NEC1
Satellite,Humax,Humax NEC1 0.16 master file (mode 1),Humax NEC1 0.16 master file.rmdu,rmdu,00 5A,NEC1
Satellite,Humax,Humax NEC1 0.16 master file (mode 2),Humax NEC1 0.16 master file mode 2.rmdu,rmdu,00 5A,NEC1
Satellite,Humax,Humax PR-HD1000 remote RS636,Humax_RS-636.txt,txt,00 5A,NEC1
Satellite,Humax,Humax S HD 3 Sky Box,Humax S HD 3 Sky Box.rmdu,rmdu,01 2A,MCE
Satellite,Humax,Humax VACI5350,HumaxVACI5350.txt,txt,00 5A,NEC1
Satellite,Humax,Humax XD-300 STB,Humax XD-300.rmdu,rmdu,00 5A,NEC1
Satellite,Humax,Humax foxsat HD,Humax FOXSAT-HDR on 7556.rmdu,rmdu,00 5A,NEC1
Satellite,Humax,Humax jc-5100,Humax_JC-5100.txt,txt,01 FF,Manual Settings
Satellite,Hyundai,Hyundai HSC-1150,Hyundai HSC-1150.rmdu,rmdu,00 5A,NEC1
Satellite,Hyundai,Hyundai HSS 820 HCI,Hyundai HSS 820 HCI (v5.19).txt,txt,00 5A,NEC1
Satellite,Imperial,Imperial Satbox HD,imperial.rmdu,rmdu,00 5A,NEC1
Satellite,Integra,Integra,Integra.txt,txt,00 5A,NEC1
Satellite,Integra,Integra IT-912S,Integra Theaera Digital HDTV Receiver Model IT-912S.txt,txt,00 5A,NEC1
Satellite,Inverto,Inverto Scena 5m,Inverto Scena 5m .rmdu,rmdu,00 5A,NEC1
Satellite,Iris,Iris 9600 HD,Iris 9600 HD.rmdu,rmdu,00 5A,NEC1
Satellite,Iris,Iris 9900 HD,Iris 9900 HD.rmdu,rmdu,00 5A,NEC1
Satellite,JynxBox,JynxBox Ultra HD,Jynxbox Ultra HD.rmdu,rmdu,01 FF,NEC1
Satellite,KBox,KBox Prodigy Satellite,KBox Prodigy Satellite.rmdu,rmdu,00 5A,NEC1
Satellite,KPM,KPM Digitenne,KPM Digitenne.rmdu,rmdu,00 5A,NEC1
Satellite,Kathrein,KATHREIN UFS 910 HDTV Sat,KATHREIN_UFS_910_HDTV_Sat.txt,txt,01 73,Nokia32
Satellite,Kathrein,Kathrein 910,Kathrein 910.rmdu,rmdu,01 73,Nokia32
Satellite,Kathrein,Kathrein SAT KM,Kathrein_SAT_KM.txt,txt,00 66,pid: 00 66
Satellite,Kathrein,Kathrein UFD 552,Kathrein UFD 552.txt,txt,00 66,Manual Settings
Satellite,Kathrein,Kathrein UFS 931,Kathrein UFS 931.rmdu,rmdu,01 2A,MCE
Satellite,Kreatel,Kreatel ViaSat,Kreatel_ViaSat_STB.txt,txt,01 FF,Manual Settings
Satellite,Kworld,Kworld DVB-S 100 DVB-PCI,Kworld_DVB-S_100.txt,txt,00 5A,NEC1
Satellite,Lexuzbox,Lexuzbox F36,Lexuzbox F36.rmdu,rmdu,00 5A,NEC1
Satellite,Limesat,Limesat HD Air,Limesat HD Air.rmdu,rmdu,01 FF,NEC1 (No Repeats)
Satellite,Limesat,Limesat Ultra,Limesat Ultra.rmdu,rmdu,01 FF,NEC1 (No Repeats)
Satellite,Linkbox,Linkbox 8000 HD Local,Linkbox 8000 HD Local.rmdu,rmdu,00 5A,NEC1
Satellite,M7,M7 SAT801,M7 SAT801 .rmdu,rmdu,01 6C,XMP (Slingbox)
Satellite,MDS,MDS STB3110,MDS STB-3110 (M-360).rmdu,rmdu,00 5A,NEC1
Satellite,Maximum,Maximum TS-3002 CX-CL,Maximum TS-3002 CX-CL.rmdu,rmdu,00 5C,Proton
Satellite,MediaLink,MediaLink Black Panther,Medi@LInk Black Panther.rmdu,rmdu,01 FF,NEC1 (No Repeats)
Satellite,MediaStar,MediaStar D10 SAT,MediaStar D10 SAT.txt,txt,00 5A,NEC1
Satellite,Medion,Medion MD 28008,Medion MD 28008.rmdu,rmdu,00 5A,NEC1
Satellite,Mirage,Mirage HD 1604,Mirage HD.rmdu,rmdu,01 FF,NEC1 (No Repeats)
Satellite,Motorola,Motorola DSR-550 Receiver for Voom.rmdu,Motorola DSR-550 Receiver for Voom.rmdu,rmdu,00 a4,PID 00 a4
Satellite,Motorola,Motorola DTH325-1 reciever for SKY Mexico,Motorola DTH325-1 reciever for SKY Mexico.txt,txt,00 5A,NEC1
Satellite,MultiStar,MultiStar MAX 2500,KM_Upgrade_for_MultiStar_MAX_2500.txt,txt,00 5A,NEC1
Satellite,NEX,NEX ASP300 Satellite Antenna Positioner,ASP300_CBL1234_URC8910.txt,txt,00 5A,NEC1
Satellite,Nanosat,NEOSAT ipro 1000 .rmdu,neosatIpro1k.rmdu,rmdu,00 5A,NEC1
Satellite,Nanosat,Nanosat Nano Premium,Nanosat Nano Premium.rmdu,rmdu,00 5A,NEC1
Satellite,Neosat,Neosat iPro 2000 STB/PVR - KM843,Neosat_iPro_2000_KM843.txt,txt,,Dish Network
Satellite,Neusat,Neusat HD 9000,Neusat HD KM908.txt,txt,00 5A,NEC1
Satellite,Neusat,Neusat SP-6000 for URC-6131,Neusat SP6000 - 6131.rmdu,rmdu,00 5A,NEC1
Satellite,Next,Next Level ExpressVu,Next_Level_ExpressVu.txt,txt,01 FF,Manual Settings
Satellite,Next,Next YE9500 XCIS D-Smart,Next YE-9500 XCIS D-Smart .rmdu,rmdu,00 5A,NEC1
Satellite,Nfusion,Nfusion HD (Nuvenio),Nfusion_(Nuvenio)_HD.txt,txt,00 5A,NEC1
Satellite,Nokia,Nokia 110T DVB-T receiver (NRC17),Nokia_110T_DVB-T_receiver.txt,txt,00 BD,Manual Settings
Satellite,Nokia,Nokia 9600 (Dbox1),Nokia9600_km609.txt,txt,00 BD,Manual Settings
Satellite,Nokia,Nokia 9800,nokia9800_km612a.txt,txt,00 ED,Nokia Quad
Satellite,Nokia,Nokia DBOX2 Remote for URC-8910,Nokia DBOX2 Remote for URC-8910.rmdu,rmdu,00 ed,Nokia Quad
Satellite,Nokia,Nokia SAT 0873,Nokia_SAT_0873.txt,txt,00 BD,Manual Settings
Satellite,Nokia,nokia mm 9800s,nokia-sat-1023-base.rmdu,rmdu,00 ED,Nokia Quad
Satellite,NovaBox,NovaBox HD 831 ( Pace DS831 ),Novabox.rmdu,rmdu,01 FF,Manual Settings
Satellite,Novabox,Novabox (Pace) 831 1MH,Pace DS-831IMH.rmdu,rmdu,01 6C,XMP (Slingbox)
Satellite,Octagon,Octagon SF-1008,Octagon SF-1008.rmdu,rmdu,00 5A,NEC1
Satellite,Octagon,Octagon SF8008,RemoteMaster_Octagon_SF8008.rmdu,rmdu,00 5A,NEC1
Satellite,Octagon,Octagon SX88,Octagon SX88.rmdu,rmdu,00 5A,NEC1
Satellite,OpenBox,OpenBox S9,OpenBox S9.rmdu,rmdu,00 5A,NEC1
Satellite,Openbox,Openbox 820-CI,Openbox_820-CI.txt,txt,00 5A,NEC1
Satellite,Optex,Optex ORS 9950,Optex ORS 9950 .rmdu,rmdu,00 5A,NEC1
Satellite,Opticum,Opticum 4060 CX,Opticum 4060 CX.rmdu,rmdu,00 5A,NEC1
Satellite,Opticum,Opticum HD x406p,Opticum HD x406p.rmdu,rmdu,01 FF,NEC1
Satellite,Opticum,Opticum HD-9600,Opticum HD-9600 .rmdu,rmdu,01 FF,NEC1
Satellite,Pace,PACE DSR 1000,Pace DSR-1000.rmdu,rmdu,00 5A,NEC1
Satellite,Pace,PACE DSR2000 v1 2,PACE_DSR2000_v1_2.txt,txt,00 5A,NEC1
Satellite,Pace,Pace DS831NS,Pace DS831NS.rmdu,rmdu,01 6C,XMP (Slingbox)
Satellite,Pace,Pace DSR3431,Pace DSR3431.rmdu,rmdu,01 FF,NEC1 (No Repeats)
Satellite,Pace,Pace DTVA,Pace DTVA.txt,txt,00 5C,Proton
Satellite,Pace,Pace MSS1000,Pace_MSS1000.txt,txt,00 95,Pace
Satellite,Pace,Pace TDS 865 NSDX,Pace TDS 865 NSDX.rmdu,rmdu,01 2A,MCE
Satellite,Pace,Pace TDS-470N,Pace TDS-470N.rmdu,rmdu,00 20,RC6-M-20n
Satellite,Pace,Pace TDS850IDI,Pace TDS850 IDI.rmdu,rmdu,01 6C,XMP (Slingbox)
Satellite,Pace,Pace TDS850NNZ (Sky New Zealand),Pace TDS850NNZ.rmdu,rmdu,01 73,Nokia32
Satellite,Panasonic,Panasonic / Sharp / Maspro BS Tnavi,Maspro DT200.rmdu,rmdu,00 c9,Panasonic
Satellite,Panasonic,Panasonic TU-HDS20,Panasonic_TU-HDS20.txt,txt,00 C9,Panasonic
Satellite,Panasonic,"Panasonic TZ-HR400P Sky PerfecTV receiver ""mode 2""",SkyPerfecTV_TZ_HR400P mode2.rmdu,rmdu,00 F8,Kaseikyo
Satellite,Pansat,Pansat 2100A Set top box,Pansat 2100A.rmdu,rmdu,00 5A,NEC1
Satellite,Pansat,Pansat 2300 and 2500,Pansat Mil4B01.txt,txt,00 5A,NEC1
Satellite,Pansat,Pansat 2500 FTA Satellite Receiver,Pansat 2500 FTA Satellite Receiver_(SAT 0250)_URC-10820.rmdu,rmdu,00 5A,NEC1
Satellite,Pansat,Pansat 2500A,Pansat 2500 FTA Satellite Receiver.rmdu,rmdu,00 5a,NEC1
Satellite,Pansat,Pansat 2700A FTA,Pansat 2700A FTA Satellite Receiver.rmdu,rmdu,00 5a,NEC1
Satellite,Pansat,Pansat 2700a,Pansat_2700A_FTA_Satellite_Receiver.txt,txt,00 5A,NEC1
Satellite,Pansat,Pansat 2800A FTA Receiver,Pansat 2800A FTA Satellite Receiver.rmdu,rmdu,00 5A,NEC1
Satellite,Pansat,Pansat 2800A Set Keys REV,Pansat 2800A Set Keys.rmdu,rmdu,00 5A,NEC1
Satellite,Pansat,Pansat 330A KM,Pansat 330A KM.txt,txt,00 5A,NEC1
Satellite,Pansat,Pansat 3500s FTA Sat Receiver,Pansat_3500s_Sat_Receiver.txt,txt,00 5A,NEC1
Satellite,Pansat,Pansat 3500sd,pansat_3500sd_final_3.txt,txt,00 5A,NEC1
Satellite,Pansat,Pansat 9200HD,Pansat 9200 HD .rmdu,rmdu,00 5A,NEC1
Satellite,Pansat,Pansat 9200HD for URC881x,Pansat 9200HD.rmdu,rmdu,00 5a,NEC1
Satellite,Peekton,Peekton PK 1655 TNT,Peekton PK 1655 TNT.rmdu,rmdu,01 FF,NEC1 (No Repeats)
Satellite,Philips,Philips 5353 SAT-1076,Philips-5353-SAT-1076.txt,txt,00 58,RC-6
Satellite,Philips,Philips 5500 SAT-1077,Philips-5500-SAT-1077.txt,txt,00 58,RC-6
Satellite,Philips,Philips DSR 6201 HD SAT Receiver,Philips_DSR_6201_HD_SAT_Receiver.txt,txt,01 FF,Manual Settings
Satellite,Philips,Philips DSR-3421-85 ( Sky Mexico ),Philips DSR-3421-85.rmdu,rmdu,00 5A,NEC1
Satellite,Philips,Philips Orbit XD-300,Orbit XD-300.rmdu,rmdu,00 58,RC-6
Satellite,PowerSat,PowerSat PS5 Satellite reciever,PowerSat_PS5_FTA_SAT_Reciever.txt,txt,00 5A,NEC1
Satellite,Prosat,Prosat satellite all model,Prosat_satellite_all_model.txt,txt,00 45,RECS80 (45)
Satellite,Protek,Protek 9160 IP,Protek 9600 IP .rmdu,rmdu,00 5A,NEC1
Satellite,Qmax,Qmax MST-990HD,Qmax mst-999 HD.rmdu,rmdu,01 FF,NEC1 (No Repeats)
Satellite,QualiTV,QualiTV QS1080,QualiTv_QS1080.rmdu,rmdu,00 e8,RC-5
Satellite,QualiTV,QualiTV QS1080IR,Qualitv_QS1080IR.txt,txt,00 E8,RC-5
Satellite,Qviart,Qviart Undro,Qviart Undro.rmdu,rmdu,00 5A,NEC1
Satellite,RCA,RCA DRD486RH,RCA DRD486RH.txt,txt,00 AF,RCA
Satellite,RCA,RCA DSS 0392 Setup Code,RCA DSS 0392 Setup Code.txt,txt,00 AF,RCA
Satellite,RCA,RCA DSS 1392 Setup Code,RCA DSS 1392 Setup Code.txt,txt,00 AF,RCA
Satellite,RCA,RCA DSS DCD221RD,RCA DSS DCD221RD.txt,txt,00 AF,RCA
Satellite,RCA,RCA DTC210,RCA_DSS_DTC210.txt,txt,00 AF,RCA
Satellite,RCA,RCA DTV SAT,RCA-DTV SAT.txt,txt,00 AF,RCA
Satellite,RCA,RCA DWD490RE UTV,RCA_DWD490RE_UTV.txt,txt,00 AF,RCA
Satellite,RCA,RCA DirecTV DRD222RD,DRD222RD_Satellite_Upgrade.txt,txt,00 AF,RCA
Satellite,RCA,RCA DirecTV SAT2,RCA-SAT2.txt,txt,00 AF,RCA
Satellite,RCA,RCA SLB-200,RCA SLB-200.rmdu,rmdu,00 58,RC-6
Satellite,RTE,RTE S200,RTE Max S200.rmdu,rmdu,00 5A,NEC1
Satellite,Redline,Redline Satellite Receiver TS 4000 HD Plus,REDLINE SAT.rmdu,rmdu,00 5A,NEC1
Satellite,Reelbox,Reelbox Avantgarde II,Reelbox Avantgarde II.rmdu,rmdu,01 6C,XMP (Slingbox)
Satellite,Relook,Relook 400S 1st device (URC-7562),Relook_400S-2.txt,txt,01 23,StreamZap
Satellite,Relook,Relook 400S 2nd device (URC-7562),Relook_400S-3.txt,txt,01 23,StreamZap
Satellite,Relook,Relook 400S using Streamzap Combo,Relook 400 WStreamZap Combo.rmdu,rmdu,01 23,Manual Settings
Satellite,Relook,Relook 400S using Streamzap Combo,Relook_400_WStreamZap_Combo.txt,txt,01 23,Manual Settings
Satellite,Relook,Relook Mutant 200S,Relook Mutant 200S.rmdu,rmdu,01 23,Streamzap
Satellite,Relook,Relook Mutant 200S,Relook_200S.txt,txt,01 23,StreamZap
Satellite,SAB,SAB Explorer CISC,SAB Explorer CISC.rmdu,rmdu,00 5A,NEC1
Satellite,SAB,SAB Titan 1 HD,SAB Titan 1.rmdu,rmdu,00 5A,NEC1
Satellite,SAB,SAB Titan II,SAB Titan II.rmdu,rmdu,00 5A,NEC1
Satellite,SKY,SKY PerfecTV! (Japan),Sky PerfecTV (Japan).rmdu,rmdu,00 C9,Panasonic
Satellite,SKY+,SKY+ (HD),Sky+(HD) Remote.rmdu,rmdu,00 20,RC6-M-20n
Satellite,SKY+,SKY+ RCA/Thomson Receiver (DB200) Cinema7,SAT_OK_Todas as teclas conhecidas.txt,txt,00 58,RC-6
Satellite,Sagem,Sagem ICADD82 160HD,Sagem ICADD 82 160HD.rmdu,rmdu,01 FF,NEC1 (No Repeats)
Satellite,Sagem,Sagem ISD 2210,Sagem ISD 2210.rmdu,rmdu,00 5A,NEC1
Satellite,Sagem,Sagem ISD91 & ITD81BG HD,Sagem ISD91 HD.rmdu,rmdu,00 5A,NEC1
Satellite,Samsat,Samsat HD90,Samsat HD90.rmdu,rmdu,00 5A,NEC1
Satellite,Samsung,SAMSUNG SIR-TS360,SAMSUNG_SIR-TS360.txt,txt,00 5A,NECx2
Satellite,Samsung,Samsung - DSB-B560N,Samsung DSB-560N.rmdu,rmdu,01 5C,PID 01 5C
Satellite,Samsung,Samsung DCB i560G,Samsung_DCB_i560G.txt,txt,01 DD,Manual Settings
Satellite,Samsung,Samsung DSB-4700F FTA,SAMSUNG_DSB-4700F_FTA.txt,txt,00 5A,NEC1
Satellite,Samsung,Samsung DSB-H370G,Samsung_DSB-560N.rmdu,rmdu,01 5C,PID 01 5C
Satellite,Samsung,Samsung DSB-H670N,Samsung DSB-H670N .rmdu,rmdu,01 73,Nokia32
Satellite,Samsung,Samsung DSB-P990N Satellite.,Samsung DSB-P990N.rmdu,rmdu,01 6C,XMP (Slingbox)
Satellite,Samsung,Samsung DSR 9500,Samsung_DSR 9500.txt,txt,00 5A,NEC1
Satellite,Samsung,Samsung SIR S75 Satellite Receiver,SamsungS75.txt,txt,00 5A,NEC2
Satellite,Samsung,Samsung Sundirect HD DSB5090R,Sundirect HD.rmdu,rmdu,01 1A,NEC 4DEV Combo
Satellite,Samsung,Samsung TS-160,Samsung_TS-160.txt,txt,00 5A,NECx2
Satellite,Satcruiser,Satcruiser DSR101,Satcruiser DSR101.txt,txt,00 5A,NEC1
Satellite,Satzen,Satzen Z500,Satzen Z500.rmdu,rmdu,00 5A,NEC1
Satellite,SetOne,SetOne EASYONE TX-8000 HD,SetOne EASYONE TX-8000 HD.rmdu,rmdu,00 B6,NEC1 Combo
Satellite,SetOne,SetOne Easy One S-HD 4U,SetOne Easy One S-HD 4U.rmdu,rmdu,00 B6,NEC1 Combo
Satellite,Setpal,Setpal,Setpal.txt,txt,00 5A,NEC1
Satellite,Shaw,Shaw Direct (former StarChoice) for DSR600 Series,Shaw_Direct_DSR6xx.rmdu,rmdu,00 A4,GI 4DTV Official
Satellite,Shuttletec,Shuttletec Satella S2,s2 as hkbn.rmdu,rmdu,00 5A,NEC1
Satellite,Sky,SKY + and SKY HD for 7562 B01 (replaces previous one),Sky_HD.rmdu,rmdu,00 20,RC6-M-20n
Satellite,Sky,SKY + using SKY codes for 7562 B01 (Replaces Previous),Sky_7562.rmdu,rmdu,00 20,RC6-M-20n
Satellite,Sky,Sky (Pace) Digibox (UK) for OFA 8910 URC,Sky Pace Digibox.rmdu,rmdu,00 20,RC6-M-20n
Satellite,Sky,Sky Digibox,Sky Digibox.rmdu,rmdu,00 20,RC6-M-20n
Satellite,Sky,Sky Digibox UK on URC8060.rmdu,Sky Digibox UK on URC8060.rmdu,rmdu,00 20,RC6-M-20n
Satellite,Sky,Sky Digibox fullyworking 756x,Sky_Digibox_fullyworking_756x.txt,txt,00 20,RC6-M-20n
Satellite,Sky,Sky Digibox fullyworking 756x ver2,Sky_Digibox_fullyworking_756x ver2.txt,txt,00 20,RC6-M-20n
Satellite,Sky,Sky Digibox fullyworking KM,Sky_Digibox_fullyworking_KM.txt,txt,00 20,RC6-M-20n
Satellite,Sky,Sky HD (Italy),Sky_HD_(Italy).txt,txt,01 6C,XMP (JP1)
Satellite,Sky,Sky HD Italy,Sky+_HD_(Italy).rmdu,rmdu,01 6C,XMP (Slingbox)
Satellite,Sky,Sky Now TV,Sky NowTV.rmdu,rmdu,00 5A,NEC1
Satellite,Sky,Sky PerfecTV (Japan),SKYPERFECT.txt,txt,01 FF,Manual Settings
Satellite,Sky,Sky PerfectTV (Japan) non-repeating,SKYPERFECT.rmdu,rmdu,01 FF,Manual Settings\: 01 FF
Satellite,Sky,Sky Q Box,Sky Q Box.rmdu,rmdu,02 40,RC6-M-28n
Satellite,Sky,Sky Q Box With HCS08 Support,Sky Q Box With HCS0 Support.rmdu,rmdu,01 FF,PID 01 FF
Satellite,Sky,Sky Q IR,SkyQ.rmdu,rmdu,02 40,RC6-M-28n
Satellite,Sky,Sky S12M-T Satellite,Sky S12M-T Satellite.rmdu,rmdu,00 5A,NEC1
Satellite,Sky,Sky SkyBox F5,SkyBox F5.rmdu,rmdu,00 5A,NEC1
Satellite,Sky,Sky Tata (India),Tata Sky - PL.rmdu,rmdu,00 20,RC6-M-20n
Satellite,Sky,Sky master file,Sky master file.rmdu,rmdu,00 20,RC6-M-20n
Satellite,Sky+,Sky+,Sky+.rmdu,rmdu,00 20,RC6-M-20n
Satellite,Sky+,Sky+ Remote.rmdu,Sky+ Remote.rmdu,rmdu,00 20,RC6-M-20n
Satellite,Sky+,Sky+ URC-8550,Sky Plus KM844.txt,txt,00 20,RC6-M-20n
Satellite,SkyKit,SkyKit SK11 SkyHD Tuner,SkyKit SK11 SkyHD tune with RC5 protocol.rmdu,rmdu,01 FF,Manual Settings\: 01 FF
Satellite,SkyMaster,SkyMaster DX5,SkyMaster DX5.rmdu,rmdu,00 5A,NEC1
Satellite,Skybox,Skybox / OpenBox / GTMedia master file,Skybox Master File.rmdu,rmdu,00 5A,NEC1
Satellite,Skybox,Skybox F3,@Skybox F3.rmdu,rmdu,00 5A,NEC1
Satellite,Skysat,Skysat S2020 DVB STB,Skysat S2020.rmdu,rmdu,00 5A,NEC1
Satellite,Skyview,Skyview RX-600 & Captiveworks 600s,Skyview & CW 600 Mil4B01.txt,txt,00 5A,NEC1
Satellite,Slimsat,Slimsat 5000,Slimsat 5000.rmdu,rmdu,00 5A,NEC1
Satellite,Smallear,Smallear ST-6600,Smallear_ST-6600.txt,txt,00 45,RECS80 (45)
Satellite,Smallear,Smallear ST6600 FTA DVB receiver,Smallear_ST6600.rmdu,rmdu,00 45,RECS80 (45)
Satellite,Sonicview,SonicView SV-1000,SonicView SV1000 6131.rmdu,rmdu,00 5A,NEC1
Satellite,Sonicview,Sonicview PVR 1000 & 8000HD,Sonicview_PVR_1000.txt,txt,00 5A,NEC1
Satellite,Sonicview,Sonicview SV-1000,Sonicview SV-1000.txt,txt,00 5A,NEC1
Satellite,Sonicview,Sonicview SV-360 Elite,SonicView SV-360 Elite.rmdu,rmdu,00 E8,RC-5
Satellite,Sonicview,Sonicview SV8000 HD PVR,Sonicview_8000HD.rmdu,rmdu,00 5A,NEC1
Satellite,Sony,SONY HD-300,SONY_HD-300.txt,txt,00 CA,Sony12/15
Satellite,Sony,Sony BX-500 Japan BSD,Sony BX-500.rmdu,rmdu,00 DE,Sony20
Satellite,Sony,Sony DST-SP5 for SkyPerfecTV in Japan,SkyPerfecTv_DST-SP5.rmdu,rmdu,00 27,Sony Combo (12/15/20)
Satellite,Sony,Sony DST-SP5 for SkyPerfecTV in Japan (KM),Sony_SkyPerfecTv_DST-SP5.txt,txt,00 DE,Sony20
Satellite,Sony,Sony DST-TX1 Japan BSD,Sony DST-TX1.rmdu,rmdu,00 de,Sony20
Satellite,Sony,Sony SAT B50,Sony_SAT_B50.txt,txt,00 CA,Sony12/15
Satellite,Sony,Sony SAT-W60 Ultimate TV,Sony_SAT-W60_Ultimate_TV.txt,txt,00 CA,Sony12/15
Satellite,Spacestar,Spacestar 500,Spacestar 500.txt,txt,00 5A,NEC1
Satellite,SpiderBox,SpiderBox 7000HD,Spiderbox 7000HD.rmdu,rmdu,00 5A,NEC1
Satellite,StarSat,Star Sat SR-2000 HD,Star Sat SR-2000 HD .rmdu,rmdu,00 5A,NEC1
Satellite,Starchoice,Starchoice,Star_Choice.txt,txt,00 A4,GI 4DTV Official
Satellite,Starchoice,Starchoice Address 0002,Starchoice_Address_0002.txt,txt,00 A4,GI 4DTV Official
Satellite,Starchoice,Starchoice DSR-530 Address 0000,Star_Choice_DSR530_Addr0.txt,txt,00 A4,GI 4DTV Official
Satellite,Starchoice,Starchoice DSR-530 Address 0001,Star_Choice_DSR530_Addr1.txt,txt,00 A4,GI 4DTV Official
Satellite,Starchoice,Starchoice DSR-530 Address 0002,Star_Choice_DSR530_Addr2.txt,txt,00 A4,GI 4DTV Official
Satellite,Starchoice,Starchoice DSR-530 Address 0003,Star_Choice_DSR530_Addr3.txt,txt,00 A4,GI 4DTV Official
Satellite,Starchoice,Starchoice Interactive DVR remote,Starchoice URC 550 Interactive DVR.rmdu,rmdu,00 A4,GI 4DTV Official
Satellite,Starchoice,Starchoice Navigo,Starchoice Navigo.rmdu,rmdu,00 A4,GI 4DTV Official
Satellite,Strong,Strong Digital Satellite ZapBox-KM,Strong_Digital_Satellite_ZapBox-KM.txt,txt,00 5A,NEC1
Satellite,Strong,Strong SAT 4355.rmdu,Strong SAT 4355.rmdu,rmdu,00 5A,NEC1
Satellite,Strong,Strong SRT 5300,Strong 5300 Set Top Box.rmdu,rmdu,00 5a,NEC1
Satellite,Strong,Strong SRT-6410,Strong SRT-6410.rmdu,rmdu,00 5A,NEC1
Satellite,Strong,Strong SRT-6420 Sat,Strong SRT-6420.rmdu,rmdu,00 5A,NEC1
Satellite,Strong,Strong SRT4930L,Strong SRT4930L.rmdu,rmdu,00 5A,NEC1
Satellite,Strong,Strong Satellite Receiver,Strong_Satellite_Receiver.txt,txt,00 5A,NEC1
Satellite,Strong,Strong remote for SRT-7404,Strong remote for SRT-7404.rmdu,rmdu,00 5A,NEC1
Satellite,Supernet,Supernet 488A Irdeto Embedded satellite receiver,Supernet_488A.txt,txt,00 5A,NEC1
Satellite,TMY,TMY HDR-ZS232E,tmy.rmdu,rmdu,00 FF,PID 00 FF
Satellite,TMY,TMY HDR-ZS232E with sharp an-ip100 skin,tmy as sharp.rmdu,rmdu,00 FF,PID 00 FF
Satellite,Technicolor,Technicolor G9 (Canal + France) UHD 4K,Canal G9STEC1.rmdu,rmdu,00 5A,NEC1
Satellite,Technisat,Technisat Digicorder HD-K2,Technisat Digicorder HD-K2.rmdu,rmdu,00 E8,RC-5
Satellite,TechnoMate,TechnoMate 6902HD,Technomate 6902HD.rmdu,rmdu,00 5A,NEC1
Satellite,TechnoMatic,TechnoMatic Twin OE,Technomatic TM Twin OE.rmdu,rmdu,00 5A,NEC1
Satellite,Technomate,Technomate 1000CI,Technomate TM-1000 CI on 7560.rmdu,rmdu,00 5a,NEC1
Satellite,Technomate,Technomate TM-800HD,Technomate TM-800HD .rmdu,rmdu,01 FF,NEC1 (No Repeats)
Satellite,Telekom,Telekom Media Receiver 500 Sat,Telekom Media Receiver 500 Sat.rmdu,rmdu,01 EE,TDC
Satellite,Telestar,Telestar TD 2220 HD,Telestar TD 2220 HD.rmdu,rmdu,01 FF,NEC1 (No Repeats)
Satellite,Telesystem,Telesystem TS-9000 TS-9010 and TS-9100,Tele Systems TS9010HD.rmdu,rmdu,00 5A,NEC1
Satellite,Telstra,Telstra T-Box 2,Telstra T-Box 2.rmdu,rmdu,00 5A,NEC1
Satellite,Telus,Telus Assets SAT,Telus_Assets_SAT.txt,txt,00 AF,RCA
Satellite,Thomson,Thomson DCI-8220,Thomson DCI-8220.rmdu,rmdu,00 E8,RC-5
Satellite,Titanium,Titanium ASC1,Titanium ASC1.rmdu,rmdu,00 5A,NEC1
Satellite,Topfield,Topfield TF-100C (No repeat),Topfield TF-100C (No repeat).rmdu,rmdu,01 FF,NEC1 (No Repeats)
Satellite,Topfield,Topfield TF3000Fi,Topfield_TF3000Fi.txt,txt,00 5A,NEC1
Satellite,Toshiba,Toshiba RD-XD91 Japan BS-HDD-DVD,Toshiba RD-XD91 BS-HDD-DVD.rmdu,rmdu,00 5a,NEC1
Satellite,Toshiba,Toshiba TRX-2220,Toshiba-TRX-2220.txt,txt,00 5A,NEC1
Satellite,Toshiba,Toshiba TRX-2220-final,Toshiba-TRX-2220-final.txt,txt,00 5A,NEC1
Satellite,Traxis,Traxis DBS 3500,Traxis_DBS3500.txt,txt,00 45,RECS80 (45)
Satellite,Triax,Triax ST-HD 537,Triax ST-HD 537.rmdu,rmdu,00 5A,NEC1
Satellite,Triax,Triax THR_7600,TRIAX THR 7600(0760).rmdu,rmdu,00 5A,NEC1
Satellite,Triple,Triple Dragon,Triple_Dragon_KM.txt,txt,01 FF,Manual Settings
Satellite,Triple,Triple Dragon v2,Triple_Dragon_KM2.txt,txt,01 FF,Manual Settings
Satellite,Tucomsat,Tucomsat Duo HD mini,Tucomsat Duo HD Mini.rmdu,rmdu,00 5A,NEC1
Satellite,Twinhan,Twinhan VP_1020_1022_102g,Twinhan_VP_1020_1022_102g.txt,txt,00 5A,NEC1
Satellite,UEC,UEC DSD990 Satellite Receiver,UEC DSD990.rmdu,rmdu,00 E8,RC-5
Satellite,UNIVERS,UNIVERS by FTE DISeqc 1.2 DVB satellite receiver,UNIVERS FTE device.rmdu,rmdu,00 5A,NEC1
Satellite,Ultraplus,Ultraplus 900HD,Ultraplus_900HD.rmdu,rmdu,00 5A,NEC1
Satellite,Uniden,Uniden DTR 310 r,Uniden DTR 310r.rmdu,rmdu,01 FF,Manual Settings\: 01 FF
Satellite,Uniden,Uniden UST 710 Dish Actuator control,ust710.rmdu,rmdu,00 0d,Akai
Satellite,Uniden,Uniden UST4600,Uniden_UST4600.txt,txt,00 1C,Denon
Satellite,Universum,Universum LC-200E,Universum LC-200E.rmdu,rmdu,00 5c,Proton
Satellite,Universum,Universum LC-200E.rmdu,Universum LC-200E.rmdu,rmdu,00 5c,Proton
Satellite,V8,V8 Super DVB-S2,Super V8 Satellite STB.rmdu,rmdu,00 5A,NEC1
Satellite,VBOX-6,VBOX-6 Positioner for URC8811,VBOX 6.rmdu,rmdu,00 5a,NEC1
Satellite,Vantage,Vantage HD-8000S,Vantage HD-8000S.rmdu,rmdu,00 5A,NEC1
Satellite,Vantage,Vantage X121SCI,Vantage X121SCI.rmdu,rmdu,00 5A,NEC1
Satellite,Venton,Venton HD100S,Venton HD100S.rmdu,rmdu,00 5A,NEC1
Satellite,Venton,Venton HD100S HD200S,Venton HD100S HD200S.rmdu,rmdu,00 5A,NEC1
Satellite,Viewsat,Viewsat 2000,Viewsat.rmdu,rmdu,00 5a,NEC1
Satellite,Viewsat,Viewsat 7000-PVR,viewsat7000pvr2.rmdu,rmdu,00 5A,NEC1
Satellite,Viewsat,Viewsat Extreme 2000,VIEWSAT EXTREME.rmdu,rmdu,00 5A,NEC1
Satellite,Viewsat,Viewsat HD9000,Viewsat HD9000.rmdu,rmdu,00 5A,NEC1
Satellite,Viewsat,Viewsat Max HD for URC881x,viewsat max hd.rmdu,rmdu,00 5a,NEC1
Satellite,Viewsat,Viewsat VS2000,VIEWSAT_VS2000.txt,txt,00 5A,NEC1
Satellite,Viewsat,Viewsat VS2000 Extremefor URC8811,VIEWSAT VS2000.rmdu,rmdu,00 5a,NEC1
Satellite,Vigica,Vigica C90,Vigica C90 Satellite Receiver.rmdu,rmdu,00 5A,NEC1
Satellite,Visiosat,Visiosat TVS-7500,Visiosat TVS-7500.rmdu,rmdu,01 FF,NEC1 (No Repeats)
Satellite,Voom,Voom DSR550.txt,Voom DSR550.txt,txt,00 A4,Manual Settings
Satellite,Voom,Voom Motorola,voom upgra.txt,txt,00 A4,Manual Settings
Satellite,Vu+,VU+ Duo,VU+ Duo.rmdu,rmdu,01 2A,RC6-M-32
Satellite,Vu+,VU+ Solo2 URC-7781,VU+ Solo2.rmdu,rmdu,01 2A,MCE
Satellite,Vu+,Vu+ DUO,vu+duo.rmdu,rmdu,01 2A,MCE
Satellite,Vu+,Vu+ Ultimo,Vu+ Ultimo .rmdu,rmdu,01 2A,MCE
Satellite,Worldsat,Worldsat - DDream Deltacrypt X5,Worldsat - DDream Deltacrypt X5.rmdu,rmdu,00 5A,NEC1
Satellite,XSat,XSat 410,XSat410.rmdu,rmdu,00 5c,Proton
Satellite,Xdome,Xdome HD-1000NC,Xdome HD-1000NC.rmdu,rmdu,00 5A,NEC1
Satellite,Xrica,Xrica X-5,Xrica_X-5.txt,txt,00 5A,NEC1
Satellite,Xtrend,Xtrend ET9000,Xtrend ET9000.rmdu,rmdu,00 5A,NEC1
Satellite,YES,YES ADB 3100,Yes ADB 3100.rmdu,rmdu,01 FF,NEC1 (No Repeats)
Satellite,Yu,Yu Xing YX-5218A (for NOW TV in Hong Kong),YX-5218A.RMDU,RMDU,00 5A,NEC1
Satellite,ZaapTV,ZaapTV CloodTV 4U,Zaap CloodTV 4U NEC1.rmdu,rmdu,00 5A,NEC1
Satellite,Zehnder,Zehnder DX 860E,Zehnder DX 860E.rmdu,rmdu,00 5A,NEC1
Satellite,Zehnder,Zehnder DX700,Zehnder DX700 .rmdu,rmdu,00 E8,RC-5
Satellite,Zenith,Zenith DTV1080 HD DirecTV Receiver,Zenith HDTV 1080.rmdu,rmdu,00 22,Zenith
Satellite,Zenith,Zenith SAT520,Zenith SAT520.rmdu,rmdu,00 22,Zenith
Satellite,Zgemma,Zgemma H9.2H.rmdu,Zgemma H9.2S.rmdu,rmdu,01 1A,NEC 4DEV Combo
Satellite,Zgemma,Zgemma H9.2S,Zgemma H9.2S.rmdu,rmdu,01 1A,NEC 4DEV Combo
Satellite,Zinwell,Zinwell ZDX-7510,Zinwell ZDX-7510.rmdu,rmdu,00 5A,NEC1
Satellite,Zodiac,Zodiac DZR-10DTT,Zodiac DZR-10DTT.rmdu,rmdu,00 5A,NECx1
Satellite,nFusion,nFusion Nova PVR,nFusion Nova.rmdu,rmdu,00 5A,NEC1
Satellite,skykit,skykit sk11 complete buttons rmdu with hikari tv skin,sk11 rc5 complete as hikari.rmdu,rmdu,00 E8,RC-5
Satellite,technomate,technomate tm5402hd,technomate 5402hd.rmdu,rmdu,00 5A,NEC1
Satellite Radio,Audiovox,Audiovox Sirius Satellite Radio SIR-PNP3,SAT1234_AudiovoxSIRPNP3_SiriusSatelliteRadio_Rev006.txt,txt,00 5A,NEC1
Satellite Radio,Delphi,"Delphi ""Roady"" XM Radio",DelphiRoadyXM Radio.txt,txt,00 E8,RC-5
Satellite Radio,Delphi,Delphi MyFi Satelite Radio,SAT_0730_Delphi_MyFi_XM_Radio.txt,txt,00 E8,RC-5
Satellite Radio,Delphi,Delphi MyFi XM Radio.rmdu,Delphi MyFi XM Radio.rmdu,rmdu,00 e8,RC-5
Satellite Radio,Delphi,Delphi MyFi XM2Go,Delphi_MyFi_XM_Radio_2_Go.txt,txt,00 E8,RC-5
Satellite Radio,Delphi,Delphi RoadyXT XM Radio,Delphi_RoadyXT_XM_Radio.txt,txt,00 E8,RC-5
Satellite Radio,Delphi,Delphi SkyFi XM Radio - SAT 0730,Delphi SkyFi XM Radio - SAT_0730.txt,txt,00 E8,RC-5
Satellite Radio,Delphi,Delphi XM SkyFi 2 Satellite Radio,Delphi_SkyFi_2_Satellite_Radio.txt,txt,00 E8,RC-5
Satellite Radio,Pioneer,Pioneer GEX-INNO2BK,Pioneer GEX-INNO2BK.rmdu,rmdu,00 E8,RC-5
Satellite Radio,Sirius,Sirius One-Stratus-InV,Sirius One (SV1-SV1C).rmdu,rmdu,00 5A,NEC1
Satellite Radio,Sirius,Sirius Sportster Replay SP-R2,Sirius_Sportster_Replay-_SP-R2.txt,txt,00 5A,NEC1
Satellite Radio,Sirius,Sirius Starmate 4 Remote Control Upgrade,Sirius_Starmate_4_Remote.txt,txt,00 5A,NEC1
Satellite Radio,Sirius,Sirius Starmate Replay/Xact Replay,sirius_starmate_replay.txt,txt,00 5A,NEC1
Satellite Radio,Sirius,Sirius XACT Stream Jockey II Receiver,Sirius_Xact_Stream_JockeyII.txt,txt,00 5A,NEC1
Satellite Radio,Sirius,SirusXM XMP3i,XMP3i_Sat_Radio.txt,txt,00 E8,RC-5
Satellite Radio,Sirius,sirius starmate replay - URC-10820,sirius starmate replay - URC-10820.rmdu,rmdu,00 5A,NEC1
Satellite Radio,XACT,XACT Visor Remote XRM03 - Sirius Sat. Radio,XACT_Visor_Remote_XRM03.txt,txt,00 5A,NEC1
Satellite Radio,XDPR1,XDPR1,XDPR1.rmdu,rmdu,00 E8,RC-5
Satellite Radio,XM,XM Radio1,XM_Radio1.txt,txt,00 DE,Sony20
Security Systems,Bosch,Bosch 600 Series Security DVR,Bosch 600 Series Security DVR.rmdu,rmdu,01 AD,NEC1-f16 Official
Security Systems,CCTV,CCTV Security DVR - 4/8/16 Channel,CCTVSecurityDVR.rmdu,rmdu,00 5A,NEC1
Security Systems,DLink,DLink DCS-5300G Security Camera,D-Link DCS-5300G.rmdu,rmdu,00 5A,NEC1
Security Systems,IC,IC Realtime Max8 DVR,IC Realtime Max8 DVR.rmdu,rmdu,00 5A,NEC1
Security Systems,KKMoon,KKMoon Security Camera System,KKMoon Remotel.rmdu,rmdu,00 5A,NEC1
Security Systems,Lorex,Lorex L-154,Lorex L154 DVR.rmdu,rmdu,00 5A,NEC1
Security Systems,Lorex,Lorex L-154,Lorex_DVR.txt,txt,00 5A,NEC1
Security Systems,Samsung,Samsung smt-190dn security system,Samsung smt-190dn Security System.rmdu,rmdu,01 B5,Samsung36
Security Systems,TigerSecu,TigerSecu TS-302T04-1TB (OEM remote R-IC00KT),TigerSecu R-IC00KT [ACE Tech].rmdu,rmdu,00 5A,NEC1
Security Systems,Uniden,Uniden UDW20055 Security Camera,Uniden UDW20055.rmdu,rmdu,00 5A,NEC1
Security Systems,Vmax,Vmax h-264 Digital Video Recorder,Vmax_H-264_DVR.txt,txt,00 5A,NEC1
Security Systems,Zmodo,Zmodo DVR-H9108V,Zmodo_DVR-H9108V.rmdu,rmdu,00 5A,NEC1
TV,AOC,AOC ENVISION L32W961,AOC Envision.txt,txt,00 5A,NEC1
TV,Acer,Acer AOC A17UX231 TV,Acer AOC A17UX231 TV.txt,txt,00 5A,NEC1
TV,Acer,Acer AOC A42W64AT4,Acer AOC A42W64AT4.txt,txt,00 E8,RC-5
TV,Acer,Acer LCD,Acer_LCD.txt,txt,00 5A,NEC1
TV,Advent,Advent HT2751A,Advent_HT2751A_TV.rmdu,rmdu,00 e8,RC-5
TV,Advent,Advent Q2035A TV,Advent_Q2035A_TV.txt,txt,00 E8,RC-5
TV,Advent,Advent TV Q328A,Advent_TV_Q328A.txt,txt,00 5A,NECx1
TV,Akai,Akai CFT3090,Akai_CFT3090.txt,txt,00 5A,NEC1
TV,Akai,Akai CT-2107 TV,Akai CT-2107 TV.txt,txt,00 5A,NECx1
TV,Akai,Akai PDP-4294,Akai-PDP-4294.txt,txt,00 5A,NECx2
TV,Akai,Akai PDP4225M Plasma for URC-9910-8910 KM.txt,Akai PDP4225M Plasma for URC-9910-8910 KM.txt,txt,00 5A,NEC1
TV,Akai,Akai PDP4273M,Akai_TV9.txt,txt,00 5A,NEC1
TV,Akai,Akai PT46DL10 46inch DLP,Akai_46_DLP.txt,txt,00 5A,NEC1
TV,Akai,Akai Samsung Rear Projection,Akai Samsung Rear Projection.txt,txt,00 5A,NECx2
TV,Akai,Akai TV (NEC1 32),Akai_TV5.txt,txt,00 5A,NEC1
TV,Akira,Akira CT-21LS9N,Akira CT-21LS9N.rmdu,rmdu,00 5A,NEC1
TV,Amazon,Amazon Fire TV Edition TV (Toshiba Insignia),Amazon Fire TV Edition TV.rmdu,rmdu,01 1A,NEC 4DEV Combo
TV,Apex,Apex 3208S,Apex_3208S.txt,txt,00 5A,NEC1
TV,Apex,Apex BigScreen GBTV(Remote#CK28) for 1994,Apex_BigScreen_GBTV(Remote#CK28)_for_1994.txt,txt,00 5A,NEC1
TV,Apex,Apex Digital LD3288M,15-100 Apex LD3288M.rmdu,rmdu,00 5A,NEC1
TV,Apex,Apex Digital LD4088 for URC-6011,Apex LD4088.rmdu,rmdu,00 5A,NEC1
TV,Apex,Apex GT-2015 TV,Apex_GT-2015_TV.txt,txt,00 5A,NEC1
TV,Apex,Apex GT2015DV-TVDVD-1994,Apex_GT2015DV-TVDVD-1994.txt,txt,00 5A,NEC1
TV,Apex,Apex GT2715,Apex_GT2715.rmdu,rmdu,00 5a,NEC1
TV,Apex,Apex GTTV,APEX GTTV.rmdu,rmdu,00 5E,Aiwa
TV,Apex,Apex PF2425 PF2725 PF3225 TV,Apex_PF2425_PF2725_PF3225_TV.txt,txt,00 5A,NEC1
TV,Apex,Apex TV Remote K12B-C2,Apex_TV_Remote_K12B-C2.txt,txt,00 5A,NEC1
TV,Axxera,Axxera TV ATX40DLED,Axxera_TV_ATX40DLED.rmdu,rmdu,00 5A,NEC1
TV,Baier,Baier 2910PTF 28MFV 74127.rmdu,Baier 2910PTF 28MFV 74127.rmdu,rmdu,00 45,RECS80 (45)
TV,Barco,Barco 802 tv (Address 0),Barco-802-Address-0 URC 8780.txt,txt,00 2A,Manual Settings
TV,Beko,Beko 26WLB5S,Beko .rmdu,rmdu,00 E8,RC-5
TV,Benq,Benq 8700.rmdu,Benq 8700.rmdu,rmdu,00 5a,NEC1
TV,Blaupunkt,Blaupunkt tv-0554,Blaupunkt-tv-0554.txt,txt,00 A5,Blaupunkt
TV,Bluetech,Bluetech TV,Bluetech TV remote.rmdu,rmdu,00 5A,NEC1
TV,Broksonic,Broksonic TV ccvg1935,BroksonicTV-ccvg1935.txt,txt,00 5A,NEC2
TV,Bush,Bush IDLCD27TV006,Bush IDLCD27TV006.rmdu,rmdu,00 E8,RC-5
TV,CE,CE Labs HD100RQ,CE Labs HD100RQ.rmdu,rmdu,00 5A,NEC1
TV,Celrun,Celrun Hana TV (Korea),Celsun Hana TV.rmdu,rmdu,01 FF,PID 01 FF
TV,Challenger,Challenger LED 32T15,Challenger LED 32T15 T2.rmdu,rmdu,00 5A,NEC1
TV,ClearTech,ClearTech cttvl13,ClearTech_cttvl13.rmdu,rmdu,00 5A,NEC1
TV,Coby,Coby TFTV1524,Colby RC-022 TFTTV 1524.rmdu,rmdu,00 5A,NEC1
TV,Craig,Craig CLC_503,Craig_CLC_503updt5-7-2024.rmdu,rmdu,00 5A,NEC1
TV,DMTECH,DMTECH,DMTECH TV.rmdu,rmdu,00 5A,NEC1
TV,Daewoo,Daewoo CTS2090 v3 km,Daewoo_CTS2090_v3_km.txt,txt,00 5A,NEC1
TV,Daewoo,Daewoo CTS2090-V2,Daewoo CTS2090-V2.txt,txt,00 5A,NEC1
TV,Daewoo,Daewoo DLP/DLT/DLV 26/32/37/42 TV,Daewoo_DLP-DLT-DLV_26-32-37-42_TVs.txt,txt,00 5A,NEC1
TV,Daewoo,Daewoo DP42S,Daewoo_DP42S.txt,txt,00 5D,Manual Settings
TV,Daewoo,Daewoo DP42S Device Upgrade,Daewoo DP42S Device Upgrade.txt,txt,00 5D,pid: 00 5D
TV,Daewoo,Daewoo DTQ-27S3FCN,Daewoo_DTQ-27S3FCN.txt,txt,00 5D,Audiovox
TV,Daytek,Daytek DM-42A,Daytek DM-42A.rmdu,rmdu,00 5A,NEC1
TV,Daytek,Daytek DM-42A LCD HDTV,Daytek DM-42A LCD HDTV.rmdu,rmdu,00 5A,NEC1
TV,Daytek,Daytek DP-4202AN Plasma,Daytek_42_Plasma.txt,txt,01 6A,Manual Settings
TV,Dell,Dell 4200 HD,Dell 4200 HD.rmdu,rmdu,01 2A,MCE
TV,Dell,Dell C7016H Monitor,Dell C7016H Monitor.rmdu,rmdu,00 5A,NEC1
TV,Dell,Dell W3000 TV,Dell_W3000_TV.txt,txt,00 5A,NEC1
TV,Digital,Digital Reasearch DLCD32,Digital Research DLCD32.rmdu,rmdu,00 5A,NEC1
TV,Durabrand,Durabrand TV,Durabrand_TV.txt,txt,00 65,Emerson
TV,Dynex,"Dynex 40"" TV with discrete input/pwr",(CH) Dynex-DX-40D510NA15-HDTV - Discreet (B01).rmdu,rmdu,00 5A,NEC1
TV,Dynex,Dynex DX-24E150A11 HDTV,Dynex-DX-24E150A11_HD_TV.txt,txt,00 5A,NEC1
TV,Dynex,Dynex TV 36 inch Remote RC-701-0A,My-DYNEX-TV-remotemaster_2019-11-21_10-54-32.rmdu,rmdu,00 5A,NEC1
TV,Dynex,Dynex TV Remote RC-401-0A,Dynex_TV_Remote_RC-401-0A.txt,txt,00 5A,NEC1
TV,EMPREX,EMPREX LCD 3202,EMPREX LCD 3202.rmdu,rmdu,00 5A,NEC1
TV,EMPREX,EMPREX TV 3201,EMPREXTV_3201.txt,txt,00 5A,NEC1
TV,ESA,ESA EF420E CRT TV circa 2004,ESA_EF420E_CRT_TV_circa_2004.txt,txt,00 65,Emerson Combo (4-device)
TV,Electrograph,Electrograph DTS4225PTD,Electrograph DTS4225PTD.rmdu,rmdu,00 5a,NEC1
TV,Element,"Element 65"" 4k Roku Smart TV (NEC2 234.199)",Element 65 Roku 4K TV Final Working.rmdu,rmdu,00 5A,NEC2
TV,Element,Element FLX-1910,Element FLX-1610 All Keys Learned For the URC-10820.rmdu,rmdu,00 5A,NEC1
TV,Element,"Element FLX-3202 32"" LCD TV",Element_FLX-3202_32Ã¢Â€Â_LCD_TV.txt,txt,00 5A,NEC1
TV,Element,"Element FLX-3210 32"" LCD TV (URC-6131)",Element_FLX-3210_TV.txt,txt,00 5A,NEC1
TV,Eletron,"Eletron - LCD2622E - 26"" LCD Tv",RCA - Curtis Eletron (LCD2622E)_0574_input.rmdu,rmdu,00 5A,NEC1
TV,Elvision,Elvision XT-3725 TV,Elvision_TV.txt,txt,01 FF,Manual Settings
TV,Emerson,Emerson / Sylvania TV master file,Emerson - Sylvania TV master file.rmdu,rmdu,00 5A,NEC1
TV,Emerson,Emerson LC195EM9B,Emerson LC195EM9B.rmdu,rmdu,00 5A,NEC1
TV,Emerson,Emerson LC320EM8A_81,Emerson LC320EM8A-81.rmdu,rmdu,00 5A,NEC1
TV,Emerson,Emerson M1325R TV,Emerson_M1325R_TV_ver2.txt,txt,00 18,pid: 00 18
TV,Emerson,Emerson TC1375 TV 0236,Emerson_TC1375_TV_0236.txt,txt,00 5A,NECx1
TV,Emerson,Emerson mid 1990s 13in (code 0463),Emerson 1990s 13in TV.rmdu,rmdu,00 5A,NEC2
TV,Envision,Envision EN7500,Envision_TV_0813.txt,txt,00 5A,NEC1
TV,Envision,Envision L37W698 (KM),Envision_L37W698_KM.txt,txt,00 E8,RC-5
TV,Envision,Envision L37W698 (RC5),Envision L37W698 (RC5).rmdu,rmdu,00 E8,RC-5
TV,Envision,Envision L37W698 (others?) rmdu,Envision L37W698.rmdu,rmdu,00 E8,RC-5
TV,Eyoyo,Eyoyo EM10C,Eyoyo EM10C.rmdu,rmdu,00 5A,NEC1
TV,FastWeb,FastWeb IPTV,FastWeb IPTV.rmdu,rmdu,01 6C,XMP (Slingbox)
TV,Finlux,FINLUX 82GX60++,FINLUX_TV_82GX60_extra.RMDU,RMDU,00 BD,NRC17
TV,Finlux,FINLUX TV 82GX60 extra,FINLUX_TV_82GX60_extra.txt,txt,00 BD,pid: 00 BD
TV,Finlux,Finlux 82F210 MC++,Finlux 82F210 MC++.rmdu,rmdu,00 BD,NRC17
TV,Finlux,Finlux TV/0346,FinluxTV-0346.txt,txt,00 B0,Manual Settings
TV,Fluid,Fluid 720p Plasma (Proview),Fluid_720p_Plasma.txt,txt,00 5A,NEC1
TV,Fujitsu,Fujitsu Plasma P-42HHA(VHA)40_P50XHA40_55XHA40,Fujitsu Plasma P-42HHA(VHA)40_P50XHA40_55XHA40.rmdu,rmdu,00 F8,Fujitsu
TV,Fujitsu,Fujitsu Plasma P-42HHA(VHA)40_P50XHA40_55XHA40,Fujitsu_Plasma_P-42HHA(VHA)40_P50XHA40_55XHA40.txt,txt,,Fujitsu
TV,Fujitsu,Fujitsu Plasma P42VHA30WS-KM,Fujitsu_Plasma_P42VHA30WS-KM.txt,txt,00 F8,Fujitsu
TV,Fujitsu,Fujitsu Plasma TV,Fujitsu_Plasma_TV.txt,txt,00 F8,Fujitsu
TV,Fujitsu,Fujitsu PlasmaTV 4242,Fujitsu_PlasmaTV_4242.txt,txt,00 F8,Fujitsu
TV,GE,GE TV 19PC5750W,GE TV 19PC5750W.rmdu,rmdu,00 5A,NEC1
TV,GE,GE TV 35GT720,GE TV 35GT720.RMDU,RMDU,00 af,RCA
TV,Gadmei,Gadmei TV Tuner,Gadmei TV Tuner.rmdu,rmdu,00 5A,NEC1
TV,Gateway,Gateway TV,Gateway_TV.txt,txt,00 5A,NEC1
TV,Go_Video,Go_Video LCD TW1730,Go_Video_LCD_TW1730.txt,txt,00 5A,NEC1
TV,Goodmans,Goodmans TV,Goodmans_TV.txt,txt,00 E8,RC-5
TV,Grundig,Grundig Elegance 82,Grundig-Elegance_82_KM.txt,txt,00 A5,Blaupunkt
TV,Grundig,Grundig TV - GT 1401,Grundig TV GT 1401.rmdu,rmdu,00 5C,Proton
TV,Grundig,Grundig TV 1195,Grundig_TV_1195.txt,txt,00 A5,Manual Settings
TV,Grundig,Grundig TV tp 661 top for URC-8910,Grundig TV tp 661 top for URC-8910.rmdu,rmdu,00 a5,Blaupunkt
TV,HKC,HKC 43F6,HKC_43F6.rmdu,rmdu,00 5A,NEC1
TV,HP,HP PL4200N Revised RM File,HP PL4200N (Revised).rmdu,rmdu,01 2A,MCE
TV,Haier,Haier L32b1120c,Haier_L32b1120c.rmdu,rmdu,00 5A,NECx1
TV,Haier,Haier TN131AUV,Haier TN131AUV.rmdu,rmdu,00 5E,Aiwa
TV,Haier,Haier TN201AUV Television,Haier TV (TN201AUV) 2116.rmdu,rmdu,00 5e,Aiwa
TV,Hannspree,Hannspree ST289MUB,Hannspree ST289.rmdu,rmdu,00 5A,NEC1
TV,Hannspree,Hannspree ST289MUB,Hannspree_ST289MUB.txt,txt,00 5A,NEC1
TV,Hannspree,Hannspree XV,Hannspree_XV.txt,txt,00 5A,NEC1
TV,Hanseatic,Hanseatic CTV 7037,Hanseatic CTV 7037.rmdu,rmdu,00 A5,Blaupunkt
TV,Harwood,Harwood HTF 8901R TV,Harwood HTF 8901R TV.txt,txt,00 5C,Proton
TV,Hewlett,Hewlett Packard DLP mdxx80 (Discrete upgrade),HP 5880 Discrete Upgrade on HTPro - 041006-1.rmdu,rmdu,01 2a,MCE
TV,Hewlett,Hewlett Packard DLP mdxx80 (Main upgrade),HP 5880 Main Upgrade on HTPro - 041006-1.rmdu,rmdu,01 2a,MCE
TV,Hewlett,Hewlett Packard HP PL4200N,HP PL4200N.rmdu,rmdu,01 2a,MCE
TV,Hewlett,Hewlett Packard PE4200N Plasma EDTV - URC-8080,Hewlett_Packard_PE4200N_Plasma_EDTV_-_URC8080.rmdu,rmdu,01 2A,MCE
TV,Hewlett,Hewlett Packard PE4200N Plasma EDTV - URC-8910,Hewlett Packard PE4200N Plasma EDTV.rmdu,rmdu,01 2A,MCE
TV,Hewlett,Hewlett Packard Pavilion LC2600N 26-inch LCD HDTV,HP Pavilion LC2600N 26inch LCD HDTV.rmdu,rmdu,01 2A,MCE
TV,Hewlett,Hewlett Packard Pavilion LCxx00N LCD HDTV Discrete codes,HP LCxx00N Discrete Codes.rmdu,rmdu,01 2A,MCE
TV,Hewlett,Hewlett Packard Pavilion LCxx00N LCD HDTV JP1.2,HP LCXX00N LCD HDTV_JP12.rmdu,rmdu,01 2A,MCE
TV,Hewlett,Hewlett Packard Pavilion LCxx00N LCD HDTV JP1.2 Discrete codes,HP LC3700N Discrete Codes_JP12.rmdu,rmdu,01 2A,MCE
TV,Hi-Level,"Hi-Level 49HL550 49"" LED TV",Hi-Level 49HL550 49 inch LED TV.rmdu,rmdu,00 E8,RC-5
TV,HiSense,HiSense 40H5,HiSense 40H5.rmdu,rmdu,00 5A,NEC1
TV,HiSense,HiSense Roku TV (Roku 234.199),HiSense Roku TV.rmdu,rmdu,02 1A,Roku Official
TV,HiSense,Hisense 55U1600 (NEC1 dev 4),HiSense 55U1600.rmdu,rmdu,00 5A,NEC1
TV,Hitachi,Hitachi 42HDM12,Hitachi 42HDM12.rmdu,rmdu,00 5A,NEC1
TV,Hitachi,Hitachi 48HBT62UK,TV_Hitachi_48HBT62UK.rmdu,rmdu,00 E8,RC-5
TV,Hitachi,Hitachi CT2647 TV,Hitachi_CT2647_TV.txt,txt,00 15,pid: 00 15
TV,Hitachi,Hitachi HDTV 42HDT52,Hitachi HDTV - 42HDT52 for URC-9911.rmdu,rmdu,00 5a,NEC1
TV,Hitachi,Hitachi LCD TV LCD28LD5200e,Hitachi LCD28ld5200e.txt,txt,00 5A,NEC1
TV,Hitachi,Hitachi LE32H405,Hitachi_LE32H405.txt,txt,00 5A,NEC1
TV,Hitachi,Hitachi TV with 5118 remote,Hitachi-TV-3661.rmdu,rmdu,00 E8,RC-5
TV,Hitachi,Hitachi Ultravision,Hitachi_Ultravision.txt,txt,00 5A,NEC1
TV,Hitachi,Hitachi Ultravision 57s715 (all functions),Hitachi Ultravision 57s715.rmdu,rmdu,00 5A,NEC1
TV,Hitiker,Hitiker 13 TV,hitiker.rmdu,rmdu,00 5A,NEC1
TV,HomeX,HomeX U40/U43/U50NT1000,HomeX U43NT1000.rmdu,rmdu,00 E8,RC-5
TV,Humax,Humax LDE-40A,Humax LDE-40A.rmdu,rmdu,00 5A,NEC1
TV,Hyundai,Hyundai HLT-37V2FH,Hyundai HLT-37V2FH .rmdu,rmdu,00 e8,RC-5
TV,ILO,ILO 27 HDTV from Wal-Mart,Ilo_TV27urc9910.txt,txt,00 5A,NEC1
TV,ILO,ILO 32HD lcd tv,ILO-32HD_lcd_tv.txt,txt,00 5A,NEC1
TV,Ilo,Ilo LCD TV ILO-2300,ilo lcd tv.rmdu,rmdu,00 5a,NEC1
TV,Infocus,Infocus,Infocus.txt,txt,00 5A,NEC1
TV,Insignia,Insignia,Insignia.txt,txt,00 5A,NEC2
TV,Insignia,Insignia IS-TV040922,Insignia IS-TV040922.rmdu,rmdu,00 5A,NEC1
TV,Insignia,Insignia IS-TV040928 27in HDTV,Insignia_IS-TV040928_27in_HDTV.txt,txt,00 E8,RC-5
TV,Insignia,Insignia IS-TV040928 27in HDTV,Insignia_IS-TV040928_27in_HDTV.txt,txt,00 E8,RC-5
TV,Insignia,Insignia IS-TV049020,Insignia-IS-TV049020.txt,txt,00 E8,RC-5
TV,Insignia,Insignia IS-TVCA102502,Insignia IS-TVCA102502-atlas.rmdu,rmdu,00 5E,Aiwa
TV,Insignia,Insignia IS-TVCA102502,Insignia IS-TVCA102502.rmdu,rmdu,00 5E,Aiwa
TV,Insignia,Insignia ISTV0409-19 20 inch tv,INSIGNIA_ISTV0409-19.txt,txt,00 5A,NEC1
TV,Insignia,Insignia N10 Series Remote,Insignia N10 Series TV.rmdu,rmdu,00 5A,NEC1
TV,Insignia,Insignia NS-15E720A12,Insignia_NS-15E720A12.rmdu,rmdu,00 5A,NEC1
TV,Insignia,Insignia NS-20CLTV,Insignia NS-20CLTV.txt,txt,00 5A,NEC1
TV,Insignia,Insignia NS-20CLTVDVD,Insignia NS-20CLTVDVD.txt,txt,00 5A,NEC1
TV,Insignia,Insignia NS-20LCD [RC5],Insignia NS-20LCD RC5.rmdu,rmdu,00 E8,RC-5
TV,Insignia,Insignia NS-22AD420NA18 Rev 4 remote NS-4C4NA-18,Insignia NS-22AD420NA18.rmdu,rmdu,00 5A,NEC1
TV,Insignia,Insignia NS-22D510NA19 with discretes,Insignia NS-22AD420NA19.rmdu,rmdu,00 5A,NEC1
TV,Insignia,Insignia NS-27HTV,Insignia_NS-27HTV_ver2.txt,txt,01 9B,Manual Settings
TV,Insignia,Insignia NS-37L760A12 WITH DISCRETE HDMI,Insignia_NS-37L760A12.rmdu,rmdu,00 5A,NEC1
TV,Insignia,Insignia NS-48DR510NA17 Roku TV (NEC1 134.5),Insignia NS-48DR510NA17.rmdu,rmdu,00 5A,NEC1
TV,Insignia,Insignia NS-L46Q120-10A,Insignia NS-L46Q120-10A-tf.rmdu,rmdu,00 5A,NEC2
TV,Insignia,Insignia NS-LCD32-09 32â€ 720p LCD,Insignia_NS-LCD32-09_32Ã¢Â€Â_720p_LCD.txt,txt,00 5A,NEC2
TV,JVC,JVC AV-2080S TV,JVC_AV-2080S_TV.txt,txt,00 34,JVC
TV,JVC,JVC AV-2080S TV.rmdu,JVC AV-2080S TV.rmdu,rmdu,00 34,JVC
TV,JVC,JVC AV-27230,JVC AV-27230.rmdu,rmdu,00 34,JVC
TV,JVC,JVC AV-27320,JVC-C205.rmdu,rmdu,00 34,JVC
TV,JVC,JVC AV-27WF36 + other JVC buttons,JVC_AV-27WF36_TV + Add_RS15-1994.rmdu,rmdu,00 34,JVC
TV,JVC,JVC AV-30W475S,JVC AV-30W475.rmdu,rmdu,00 34,JVC
TV,JVC,JVC AV-36260,JVC_AV-36260.txt,txt,00 34,JVC
TV,JVC,JVC AV-48P575,JVC AV-48P575.rmdu,rmdu,00 98,JVC Combo
TV,JVC,JVC GD-V4210P,JVC_GD-V4210P.txt,txt,00 34,JVC
TV,JVC,JVC HD61FH97,JVC HD61FH97.rmdu,rmdu,00 98,JVC Combo
TV,JVC,JVC HDTV LT-##X688,JVC_LT-37X688.rmdu,rmdu,00 98,JVC Combo
TV,JVC,JVC Plasma Display Discrete Commands,JVC_Plasma_Display_Discrete_Commands.txt,txt,00 34,JVC
TV,JVC,JVC RM-c475,JVC TV remote RM-C475.rmdu,rmdu,00 34,JVC
TV,JVC,JVC Smart TV SL42B-C,JVC Smart TV SL42B-C .rmdu,rmdu,00 98,JVC Combo
TV,JVC,JVC TV - combines all known JVC TV functions,JVC_Combo_3-_35-_&_15.txt,txt,00 98,JVC Combo
TV,JVC,JVC TV 32432 for 8811 ver 1,JVC TV 32432 for 8811 ver 1.txt,txt,00 34,JVC
TV,JVC,JVC TV Combo,JVC_Combo_Upgrade.txt,txt,01 34,Manual Settings
TV,JVC,JVC TV consolidated combo upgrade,JVC Combo-3-35-15.rmdu,rmdu,00 98,JVC Combo
TV,JVC,JVC TV with ALL Remote Codes,JVC TV with ALL Remote Codes.txt,txt,00 34,JVC
TV,Jensen,Jensen Q2749J (TV/0180),Jensen-Q2749J-TV-0180.txt,txt,00 5A,NECx1
TV,Kogan,Kogan KGNFHD42HVAA,Kogan KGNFHD42HVAA.rmdu,rmdu,00 5A,NEC1
TV,Konka,Konka K2001UM TV,Konka_K2001UM_TV_URC6690.txt,txt,01 9B,Manual Settings
TV,Konka,Konka KK-Y193 Remote,Konka KK-Y193 Remote.txt,txt,00 5E,Aiwa
TV,Konka,Konka KP2762UY (Konka protocol),Konka_KP2762UY_TV.txt,txt,01 9B,Manual Settings
TV,LG,LG (Zenith) P42W46X with Discreet codes,Zenith_P42W46X.txt,txt,00 5A,NEC1
TV,LG,LG 42LD750_URC7781,URC7781_LG 42LD750_RM.rmdu,rmdu,00 5A,NEC1
TV,LG,LG 42LD750_URC8820N,URC8820N_LG 42LD750_RM.rmdu,rmdu,00 5A,NEC1
TV,LG,LG 47CM565 LCD CM Series NEC1 Dev4 With Discretes,TV1667_LG_47CM565_3D_SimilarTo0178_Rev002.txt,txt,00 5A,NEC1
TV,LG,LG 47LH40,LG_47LH40_tv.txt,txt,00 5A,NEC1
TV,LG,LG 49UH610V TV,TV LG 49UH610V.rmdu,rmdu,00 5A,NEC1
TV,LG,LG 50PC3D plasma,lg_plasma_50PC3D.txt,txt,00 5A,NEC1
TV,LG,LG 55LW9500,LG 55LW9500.rmdu,rmdu,00 5A,NEC1
TV,LG,LG 60PG60,LG 60PG60.rmdu,rmdu,00 5A,NEC1
TV,LG,LG 60px950,LG 60px950.rmdu,rmdu,00 5A,NEC1
TV,LG,"LG 65LM6200 65"" 3D LED TV",LG 65LM6200.rmdu,rmdu,00 5A,NEC1
TV,LG,LG AKB72915231,LG_AKB72915231 Upgrade.rmdu,rmdu,00 5A,NEC1
TV,LG,LG CRT Standard TV 6710V000,LG TV 6710V000.rmdu,rmdu,00 E8,RC-5
TV,LG,LG DU-37LZ30 LCD TV,LG_TV_LCD_xxLZ30.txt,txt,00 5A,NEC1
TV,LG,LG Flatron,LG_Flatron.txt,txt,00 5A,NEC1
TV,LG,LG LCD Device,LG_LCD_Device.txt,txt,00 5A,NEC1
TV,LG,LG LST-3000 series HDTV.rmdu,LG LST-3000 series HDTV.rmdu,rmdu,00 5A,NEC1
TV,LG,LG LST-3000-series HDTV,LG_LST-3000-series_HDTV.txt,txt,00 5A,NEC1
TV,LG,LG Master File,LG Master File.rmdu,rmdu,00 5A,NEC1
TV,LG,LG OLED55E6P,LG OLED55E6P 4k Ultra High-Definition Smart OLED TV.rmdu,rmdu,00 5A,NEC1
TV,LG,LG OLED65E6V TV,LG TV OLED65E6V.rmdu,rmdu,00 5A,NEC1
TV,LG,"LG Plasma 50PQ6*** (and related 42 60 "" models ?)",LG Plasma TV 50 PQ6.rmdu,rmdu,00 5A,NEC1
TV,LG,LG Smart TV Y2012/2013,LG Smart TV - Y2012-2013.rmdu,rmdu,00 5A,NEC1
TV,LG,LG TV SERVICE REMOTE (rmdu file),LG 55LN549E TV service remote.rmdu,rmdu,00 5A,NEC1
TV,LG,LG TV upgrade with USB hack codes,LG Master File with USB Hack codes.rmdu,rmdu,00 5A,NEC1
TV,LG,LG TV w-DVR,LG TV w-DVR.rmdu,rmdu,00 5a,NEC1
TV,Loewe,Loewe Aconda - Control 150 TV-for URC-8910,Loewe Aconda - Control 150 TV-for URC-8910.rmdu,rmdu,00 e8,RC-5
TV,Loewe,Loewe Profil.rmdu,Loewe Profil.rmdu,rmdu,00 e8,RC-5
TV,Loewe,Loewe TV,Loewe_TV.txt,txt,00 E8,RC-5
TV,Magnasonic,Magnasonic MCT 2710,Magnasonic.txt,txt,00 5A,NEC1
TV,Magnasonic,Magnasonic MCT2710 TV,Magnasonic MCT2710 TV.rmdu,rmdu,00 5A,NEC1
TV,Magnavox,"Magnavox ""15MF050V17"" LCD TV",Magnavox_15MF050v17_LCD_TV.txt,txt,00 5A,NEC1
TV,Magnavox,Magnavox 15MF605T,Magnavox_15MF605T_LCD_TV.txt,txt,00 E8,RC-5
TV,Magnavox,Magnavox 27MS343S,Magnavox 27MS343S.rmdu,rmdu,00 5A,NECx1
TV,Magnavox,Magnavox 27MT3305/17,Magnavox 27in TV (27MT3305-17).rmdu,rmdu,00 e8,RC-5
TV,Magnavox,Magnavox 37mf337b LCD TV,Magnavox_LCD TV-37mf337b.txt,txt,00 58,RC-6
TV,Magnavox,Magnavox 42MF230A/37,Magnavox_42MF230A-37.txt,txt,00 E8,RC-5
TV,Matsui,Matsui 14V1T Text,Matsui 14V1T.rmdu,rmdu,00 A5,Blaupunkt
TV,Maxent,"Maxent MX-26X3 26"" LCD HDTV",Maxent_MX-26X3.txt,txt,01 65,Manual Settings
TV,Medion,Medion MD31038,medion-md31038.rmdu,rmdu,00 E8,RC-5
TV,Memorex,"Memorex MT1196A & MT1194 ""Closed Caption Decoder"" TV",Memorex MT1196A.rmdu,rmdu,00 5a,NEC2
TV,Memorex,Memorex MT2245 TV,Memorex_MT2245_TV.txt,txt,00 5A,NECx1
TV,Mitsubishi,Mitsubishi 48311,Mitsubishi_48311.txt,txt,00 14,Mitsubishi
TV,Mitsubishi,Mitsubishi CS-27401,Mitsubishi_CS-27401.txt,txt,00 14,Mitsubishi
TV,Mitsubishi,Mitsubishi CT-21A3STX,Mitsubishi CT-21A3STX TV.rmdu,rmdu,00 14,Mitsubishi
TV,Mitsubishi,Mitsubishi DiVA-33,Mitsubishi-DIVA.txt,txt,00 14,Mitsubishi
TV,Mitsubishi,Mitsubishi TV CS35-307,Mitsubishi TV CS35-307.txt,txt,00 14,Mitsubishi
TV,Mitsubishi,Mitsubishi TV master file (US),Mitsubishi_TV_master_file.txt,txt,00 14,Mitsubishi
TV,Mitsubishi,Mitsubishi WS-55807 TV,Mitsubishi WS-55807 TV.txt,txt,00 14,Mitsubishi
TV,Mitsubishi,Mitsubishi WS-55809 TV,Mitsubishi WS-55809 TV.txt,txt,00 14,Mitsubishi
TV,Mitsubishi,Mitsubishi WS-xx732 TV w/netcommand,Mitsubishi WS-xx732 TV-0150.rmdu,rmdu,00 14,Mitsubishi
TV,Mitsubishi,Mitsubishi XC-3730C-TV,Mitsubishi-XC-3730C-TV.txt,txt,00 5A,NEC1
TV,Multilaser,Multilaser TV 50pol tela smart conversor separado,TV Multilaser 50pol ori tela smart conversor separado-nec.rmdu,rmdu,00 5A,NEC1
TV,NAD,NAD 40A2,NAD 40A2.rmdu,rmdu,00 E8,RC-5
TV,NEC,NEC CT-2020A,NEC_CT-2020A.txt,txt,00 5A,NEC1
TV,NEC,NEC Multisync Monitor,NEC_Multisync_Monitor.txt,txt,00 5A,NEC1
TV,NEC,NEC NLT-30CW,NEC NLT-30CW.rmdu,rmdu,00 E8,RC-5
TV,NEC,NEC NLT-30CW LCD TV,NEC_LCD_TV_NLT-30CW.rmdu,rmdu,00 E8,RC-5
TV,NEC,NEC PX-42XM2A-S Plasma,NEC_PX-42XM2A-S_Plasma.txt,txt,00 B6,NEC1 Combo (Official)
TV,NEC,NEC Plasma,NEC Plasma Discrete.txt,txt,00 B6,NEC1 Combo (Official)
TV,NEC,NEC Plasma,NEC Plasma.txt,txt,01 40,NEC1 Combo
TV,NEC,NEC Plasma 50XM4,NEC 50XM4.rmdu,rmdu,00 b6,NEC1 Combo
TV,NEC,NEC Plasma 50XM4,NEC_Plasma_50XM4.txt,txt,00 B6,NEC1 Combo (Official)
TV,NEC,NEC Plasma TV PXT-42XD1,NEC Plasma TV PXT-42XD1.txt,txt,00 5A,NEC1
TV,NEC,NEC Plasma.rmdu,NEC Plasma final.rmdu,rmdu,00 b6,NEC1 Combo
TV,NEC,NEC Plasma.rmdu,NEC Plasma.rmdu,rmdu,00 b6,NEC1 Combo
TV,NEC,NEC XM-2950 XM2950 RD-335E,NEC XM-2950.txt,txt,00 5A,NEC1
TV,Neoka,Neoka PDP,NEOKA PDP TV.rmdu,rmdu,00 65,Emerson
TV,Norcent,Norcent PM4201,Norcent-PM4201.rmdu,rmdu,00 E8,RC-5
TV,Nordmende,Nordmende N3202LB,Nordmende N3202LB.rmdu,rmdu,00 5A,NEC1
TV,Olevia,Olevia 242T FHD (RC-LTU remote),Olevia 242T FHD.rmdu,rmdu,00 5A,NEC1
TV,Olevia,Olevia LT42HVi (RC-LTD),Olevia LT42HVi (RC-LTD).rmdu,rmdu,00 5A,NEC1
TV,Onn,Onn 100012589-CA Roku TV,onn_100012589-CA_Roku_TV_NEC2_234.199_URC-10820.rmdu,rmdu,00 5A,NEC2
TV,Optoma,Optoma RD50A television,Optoma_RD50A_TV.txt,txt,00 5A,NEC1
TV,Orion,Orion TV1333,Orion_TV1333.txt,txt,00 5A,NEC2
TV,PDi,PDi PD108-427,PDi_PD108-427 Upgrade.rmdu,rmdu,01 1A,NEC 4DEV Combo
TV,Palsonic,Palsonic 76wshd v 1 2,Palsonic_76wshd_v_1_2.txt,txt,00 E8,RC-5
TV,Palsonic,Palsonic TV - LCD - TFTV495HD,Palsonic TV - LCD - TFTV495HD.rmdu,rmdu,00 5A,NEC1
TV,Panasonic,"Panasonic 30"" WS HDTV TV/0650",Panasonic_30Ã¢Â€Â_WS_HDTV_TV-0650.txt,txt,01 1F,Panasonic MIX Combo
TV,Panasonic,Panasonic 53WX52 RPTV,Panasonic-53WX52-RPTV.txt,txt,00 42,Panasonic Combo2
TV,Panasonic,Panasonic CT-27HL15,Panasonic CT-27HL15 TV.rmdu,rmdu,00 c9,Panasonic
TV,Panasonic,Panasonic CT-27L8G,Panasonic_CT-27L8G.txt,txt,00 C9,Panasonic
TV,Panasonic,Panasonic CT-27SF265W,tv.panasonic.ct-27sf265w.txt,txt,00 C9,Panasonic
TV,Panasonic,Panasonic CT-27XF37C,Panasonic_CT-27XF37C.txt,txt,00 C9,Panasonic
TV,Panasonic,Panasonic CT-34WX53 Atlas 1056 remote,Panasonic_CT-34WX53-atlas1056.rmdu,rmdu,00 CD,Panasonic Combo
TV,Panasonic,Panasonic CT-36HX40B hd tv,Panasonic_CT-36HX40B_hd_tv.txt,txt,00 C9,Panasonic
TV,Panasonic,Panasonic CT-36HX40B hd tv,Panasonic_CT-36HX40B_hd_tv.txt,txt,00 C9,Panasonic
TV,Panasonic,Panasonic CT-Series HDTVs,Panasonic_CT-Series_HDTVs.txt,txt,00 CD,Panasonic Combo
TV,Panasonic,Panasonic CTN-2036R,tv.panasonic.ctn-2036r.txt,txt,00 00,Panasonic (old)
TV,Panasonic,Panasonic PT-40LC12 8811,Panasonic_PT-40LC12_8811.txt,txt,00 42,Panasonic Combo2
TV,Panasonic,Panasonic PT-50PHD4-P Plasma-2116-discr (2),Panasonic PT-50PHD4-P Plasma-2116-discr %282%29.txt,txt,00 42,Panasonic Combo2
TV,Panasonic,Panasonic PT-52LCX15,Panasonic PT-52LCX15.rmdu,rmdu,00 cd,Panasonic Combo2
TV,Panasonic,Panasonic PT-56WXF95 HDTV for URC-9910,Panasonic PT-56WXF95 HDTV for URC-9910.txt,txt,00 C9,Panasonic
TV,Panasonic,Panasonic Plasma Screen TH-42PW6.rmdu,Panasonic Plasma Screen TH-42PW6.rmdu,rmdu,00 cd,Panasonic Combo2
TV,Panasonic,Panasonic TBM4G9013 TV,Panasonic TBM4G9013 TV.rmdu,rmdu,00 C9,Panasonic
TV,Panasonic,Panasonic TC-29V26A TX-29V32A,Panasonic TC-29V26A TX-29V31A TV.rmdu,rmdu,00 CD,Panasonic Combo
TV,Panasonic,Panasonic TC-L32C12,Panasonic TC-L32C12.rmdu,rmdu,00 CD,Panasonic Combo
TV,Panasonic,Panasonic TC-L32X1 for Comcast URC-1067,Panasonic TC-L32X1 1067.rmdu,rmdu,00 CD,Panasonic Combo
TV,Panasonic,Panasonic TC-P54V10,Panasonic tc-p54v10.rmdu,rmdu,00 CD,Panasonic Combo
TV,Panasonic,Panasonic TC-P54V10 with HDMI4,Panasonic TC-P54V10-HDMI-4.txt,txt,00 42,Panasonic Combo2
TV,Panasonic,"Panasonic TC-P60ST30 60"" Plasma TV",Panasonic TC-P60ST30.rmdu,rmdu,00 CD,Panasonic Combo
TV,Panasonic,Panasonic TC-P65V10,Panasonic TC-P65V10.rmdu,rmdu,00 CD,Panasonic Combo
TV,Panasonic,Panasonic TC-PS60,Panasonic Viera TC-S60.rmdu,rmdu,01 1F,Panasonic MIX Combo
TV,Panasonic,Panasonic TH-42PW6 Plasma Screen,Panasonic_TH-42PW6_Plasma_Screen.txt,txt,00 42,Panasonic Combo2
TV,Panasonic,Panasonic TH-42PWD5 Plasma,Panasonic TH-42PWD5 Plasma.txt,txt,00 42,Panasonic Combo2
TV,Panasonic,Panasonic TH-42PWD7UY,Panasonic_TH-42PWD7UY.txt,txt,00 42,Panasonic Combo2
TV,Panasonic,Panasonic TH-42PWD8UK,Panasonic_TH-42PWD8UK.rmdu,rmdu,00 42,Panasonic Multi-Device (Hacked)
TV,Panasonic,Panasonic TH-42PX60,Panasonic TH-42PX60.rmdu,rmdu,01 1F,Panasonic MIX Combo
TV,Panasonic,Panasonic TH-42PX80U TH-50PX80U.rmdu,PANASONIC TH-42PX80U TH-50PX80U.rmdu,rmdu,00 CD,Panasonic Combo
TV,Panasonic,Panasonic TH-50PE8U,Panasonic TH-50PE8U.rmdu,rmdu,00 C9,Panasonic
TV,Panasonic,Panasonic TH-50PHD8UK,Panasonic TH-50PHD8UK.rmdu,rmdu,00 42,Panasonic Multi-Device (Hacked)
TV,Panasonic,Panasonic TH-50PV70,Panasonic TH-50PV70.rmdu,rmdu,00 CD,Panasonic Combo
TV,Panasonic,Panasonic TH-50PX500U,Panasonic_TH-50PX500U.txt,txt,00 42,Panasonic Combo2
TV,Panasonic,Panasonic TH-50PX600A TH-42PX600A,Panasonic_TH-50PX500A_2007-01-26_B.rmdu,rmdu,00 42,Panasonic Multi-Device (Hacked)
TV,Panasonic,Panasonic TH-P42U30A / TH-P50U30A,Panasonic_Plasma_TH-P42U30A-TH-P50U30A.txt,txt,01 1F,Panasonic MIX Combo
TV,Panasonic,Panasonic TH-P50X,Panasonic_TH-P50X.rmdu,rmdu,01 1F,Panasonic MIX Combo
TV,Panasonic,Panasonic TH-xxPZ77U & TH-xxPZ700U,Panasonic TH-xxPZ77U & TH-xxPZ700.rmdu,rmdu,00 CD,Panasonic Combo
TV,Panasonic,Panasonic TH42PX80U,PANASONIC TH-42PX80U-RS15-2117.rmdu,rmdu,00 CD,Panasonic Combo
TV,Panasonic,Panasonic TV EUR511300,Panasonic TV EUR511300.rmdu,rmdu,00 1F,Panasonic VCR Combo
TV,Panasonic,Panasonic TV TX-32LMD70,Panasonic TV TX-32LMD70.rmdu,rmdu,00 1F,Panasonic Mixed Combo
TV,Panasonic,Panasonic TV-P65S2,Panasonic TC-P65S2.rmdu,rmdu,00 CD,Panasonic Combo
TV,Panasonic,Panasonic TX-21AT1 TV,Panasonic_TX-21AT1_TV.txt,txt,00 42,Panasonic Combo2
TV,Panasonic,Panasonic TX-21S1T/BH,TV_Panasonic_1650_for_7562.txt,txt,00 CD,Panasonic Combo
TV,Panasonic,Panasonic TX-32LMD70,TV Panasonic TX32LMD70 .rmdu,rmdu,00 CD,Panasonic Combo
TV,Panasonic,Panasonic TX-32PK20 CRT television,TV Panasonic TX-32PK20 for 8820.rmdu,rmdu,00 CD,Panasonic Combo
TV,Panasonic,Panasonic TX-48MZ980B,Panasonic TX-48MZ980B.rmdu,rmdu,00 1F,Panasonic Mixed Combo
TV,Panasonic,Panasonic TX-49ESW504,PANASONIC TX 49ESW504 ORG.rmdu,rmdu,00 CD,Panasonic Multi-Device (Hacked)
TV,Panasonic,Panasonic TX-58EXW784 TV,Panasonic TX-58EXW784 TV.rmdu,rmdu,00 CD,Panasonic Combo
TV,Panasonic,Panasonic TX-P42G20 Plasma (Adjustable repeats - Macro friendly),G20 MacroFriendly Insignia upgrade.rmdu,rmdu,01 FF,PID 01 FF
TV,Panasonic,Panasonic TX-P42G20 Plasma (incl.discrete Inputs),Panasonic TX-P42G20 (incl.discrete Inputs).rmdu,rmdu,00 CD,Panasonic Combo
TV,Panasonic,Panasonic TX-P42G20 Plasma macro friendly,Panasonic TX-P42G20 MACRO FRIENDLY.rmdu,rmdu,01 FF,PID 01 FF
TV,Panasonic,Panasonic TX-P42ST60,Panasonic TX-P42ST60.rmdu,rmdu,00 CD,Panasonic Combo
TV,Panasonic,Panasonic TX32LXD52,Panasonic TX32LXD52.txt,txt,00 CD,Panasonic Combo
TV,Panasonic,Panasonic TX76PW200A,Panasonic_TX76PW200A_HJD.rmdu,rmdu,00 c9,Panasonic
TV,Panasonic,Panasonic Tau CT34-WX50,Panasonic_Tau_CT34-WX50.txt,txt,00 42,Panasonic Combo2
TV,Panasonic,Panasonic VT60 Series (TC-P55VT60),Panasonic VT60 Series (TC-P55VT60).rmdu,rmdu,00 1F,Panasonic Mixed Combo
TV,Panasonic,"Panasonic Viera 50"" Plasma TC-P50X1",Panasonic Viera 50 Plasma.txt,txt,01 1F,Panasonic MIX Combo
TV,Panasonic,Panasonic Viera Plasma,Panasonic_Viera_42Plasma.txt,txt,00 1F,Panasonic MIX Combo
TV,Panasonic,Panasonic Viera TC-P50ST30 Plasma TV,Panasonic Viera TC-P50ST30.rmdu,rmdu,01 1F,Panasonic MIX Combo
TV,Philips,Philips 0054 TVmod,Philips 0054 TVmod.txt,txt,00 E8,RC-5
TV,Philips,Philips 17PF8946-37 LCD,Philips_17PF8946-37_LCD.rmdu,rmdu,00 73,RC-5/5x Combo
TV,Philips,Philips 19PFL3403D/27,Philips 19PFL3403D_27.rmdu,rmdu,01 84,RC5/6 combo
TV,Philips,Philips 21PT1653-58P,Philips_21PT1653-58P.txt,txt,00 E8,RC-5
TV,Philips,Philips 221T1,Philips_221T1.rmdu,rmdu,00 5A,NEC1
TV,Philips,Philips 28DC2070,Philips_28DC2070.txt,txt,00 E8,RC-5
TV,Philips,Philips 28PW6322/11,Philips_28PW6322-11.txt,txt,00 E8,RC-5
TV,Philips,Philips 30PW862H widescreen HDTV-tf ver2,Philips_30PW862H widescreen HDTV-tf ver2.txt,txt,00 E8,RC-5
TV,Philips,Philips 30PW9110D/37,Philips_30PW9110D-37_rev1.txt,txt,00 73,RC-5/5x Combo
TV,Philips,Philips 32DW6559/05 IDTV,C1556 - Philips 32DW6559_05 IDTV.rmdu,rmdu,00 73,RC-5/5x Combo
TV,Philips,Philips 32PFL5604H/12 TV,Philips 32PFL5604H-12 TV.rmdu,rmdu,00 58,RC-6
TV,Philips,Philips 32PW8807,Philips 32PW8807.txt,txt,00 58,RC-6
TV,Philips,Philips 32PW8807 TV,PhilipsTV1556.rmdu,rmdu,00 58,RC-6
TV,Philips,Philips 32PW9308.rmdu,Philips 32PW9308.rmdu,rmdu,00 58,RC-6
TV,Philips,Philips 32pw9525,philips.32pw9525.txt,txt,00 58,RC-6
TV,Philips,Philips 37PF7320/79,Philips 37PF7320-79.rmdu,rmdu,00 E8,RC-5
TV,Philips,Philips 40PFL5537H/12 (2012 model),Philips_40PFL55374H-12_TV_v2.0.rmdu,rmdu,01 84,RC5/6 combo
TV,Philips,Philips 40PFL7505D,Philips LED LCD HDTV 40PFL7505D.rmdu,rmdu,00 58,RC-6
TV,Philips,Philips 47PFL7422D LCD All Functions,Philips 47PFL7422D Nevo.rmdu,rmdu,01 84,RC5/6 combo
TV,Philips,Philips LCD TV 15pf9936,philips-15pf9936.txt,txt,00 E8,RC-5
TV,Philips,Philips LCD28LD5200e CRT 100Hz,Philips LCD28LD5200e.txt,txt,00 E8,RC-5
TV,Philips,Philips LED LCD HDTV 40PFL7505D / 46PFL7505D / 55PFL7505D,Philips_LED_LCD_HDTV_40PFL7505D.txt,txt,00 58,RC-6
TV,Philips,Philips Magnavox 19A800,Magnavox 19A800-7561 Remote Control RC 0731-04.rmdu,rmdu,00 E8,RC-5
TV,Philips,Philips Magnavox PT2758,Phillips-Magnavox PT2758.rmdu,rmdu,00 e8,RC-5
TV,Philips,Philips Matchline 32PW9525,Philips_32PW9525.txt,txt,00 58,RC-6
TV,Philips,Philips PS Series,PHILIPS PS series Circa 2002 CRT TVS .rmdu,rmdu,00 E8,RC-5
TV,Philips,Philips TV (old),Philips_TV_Old_KM.txt,txt,01 FF,Manual Settings
TV,Philips,Philips TV 1556,Philips TV 1556.txt,txt,00 E8,RC-5
TV,Philips,Philips TV 32PFL9603D/10,PHILIPS_32PLFL9603D-10_TV.rmdu,rmdu,00 73,RC-5/5x Combo
TV,Philips,Philips TV 32PS60,PHILIPS_TV_32PS60.txt,txt,00 E8,RC-5
TV,Philips,Philips TV master file,Philips TV Master File.rmdu,rmdu,00 58,RC-6
TV,Philips,Philips tv 32PW6324,Philips_tv_32PW6324.txt,txt,00 E8,RC-5
TV,Philips,Phillips Magnavox 27PT64-3R37A,Phillips-Magnavox_27PT64-3R37A.rmdu,rmdu,00 E8,RC-5
TV,Philips,Phillips Tv_26hf7945d Service Remote,Phillips_Tv_26hf7945d.rmdu,rmdu,01 C3,RC-5 Combo
TV,Pioneer,Pioneer 503cmx plasma tv,Pioneer-503cmx-plasma-tv.txt,txt,01 7F,Pioneer MIX
TV,Pioneer,Pioneer Elite Pro-730HD,Pioneer Elite Pro-730HD.rmdu,rmdu,01 7F,Pioneer MIX3
TV,Pioneer,Pioneer LED Fire TV PN43951-22U,Pioneer LED 4K UHD Smart Fire TV PN43951-22U.rmdu,rmdu,01 1A,NEC 4DEV Combo
TV,Pioneer,Pioneer N555 ST,Pionier N555 ST.rmdu,rmdu,00 e8,RC-5
TV,Pioneer,Pioneer N555 ST,Pionier N555 ST.rmdu,rmdu,00 e8,RC-5
TV,Pioneer,Pioneer PDP LX5080D,Pioneer LX-5080D ADX1551 -V1.1.rmdu,rmdu,00 7E,Manual Settings
TV,Pioneer,Pioneer PDP-4214HD Plasma TV,Pioneer_PDP-4214HD_Plasma_TV.txt,txt,01 1A,NEC 2DEV Combo
TV,Pioneer,Pioneer PDP-5080HD,Pioneer PDP-5080HD.rmdu,rmdu,00 7E,Pioneer MIX
TV,Pioneer,Pioneer PDP-6020FD(1of2),Pioneer PDP-6020FD(1of2).rmdu,rmdu,00 7E,Pioneer MIX
TV,Pioneer,Pioneer PDP-6020FD(2of2),Pioneer PDP-6020FD(2of2).rmdu,rmdu,00 7E,Pioneer DVD
TV,Pioneer,Pioneer PDP-SX4280D (UK version) - corrected,Pioneer PDP-SX4280D (UK version) - as modded Oct 14.rmdu,rmdu,00 7E,Pioneer MIX
TV,Pioneer,"Pioneer PN43951-22U 43"" TV",Pioneer PN43951-22U TV.rmdu,rmdu,00 5A,NEC1
TV,Pioneer,Pioneer PRO-920-1120HD.rmdu,Pioneer PRO-920-1120HD.rmdu,rmdu,00 7E,Pioneer MIX
TV,Pioneer,Pioneer Plasma Generic KM,Pioneer_Plasma_Generic_KM.txt,txt,01 7F,Pioneer MIX
TV,Pioneer,Pioneer Pro800HD plasma TV Discrete 8811,Pioneer_Pro800HD_plasma_TV_Discrete_8811.txt,txt,00 7E,Pioneer MIX
TV,Pioneer,Pioneer SD-P5795W,Pioneer SD-P5795W.txt,txt,00 7E,Pioneer DVD
TV,Pioneer,Pioneer TV PDP-435-XDE Plasma for URC-8910,Pioneer TV PDP-435-XDE for URC-8910.rmdu,rmdu,00 7e,Pioneer MIX
TV,Pioneer,Pioneer TV PDP-504CMX with 5004 Card and URC8910,Pioneer_TV_PDP-504CMX_with_5004_Card_URC8910.txt,txt,00 7E,Pioneer MIX
TV,Pioneer,Pioneer rptv keymap,Pioneer rptv keymap.txt,txt,00 7E,Pioneer DVD
TV,Polariod,Polariod TTM2401,Polariod TTM2401.rmdu,rmdu,00 5A,NEC1
TV,Polaroid,Polaroid 4011-TLXB,Polaroid 4011-TLXB.rmdu,rmdu,00 5A,NEC1
TV,Polaroid,Polaroid FLM-1511,Polaroid FLM-1511.rmdu,rmdu,00 34,JVC
TV,Polaroid,Polaroid FLM-1514B NEC1 Dev:4,TV2030_Polaroid_FLM-1514B_SimilarTo0030And0178_Rev007.txt,txt,00 5A,NEC1
TV,Polaroid,Polaroid FLM-1514B TV,Polaroid_FLM-1514B_TV.txt,txt,01 FF,Manual Settings
TV,Polaroid,Polaroid FLM-3201,Polaroid_FLM-3201_TV-1276.txt,txt,00 57,Manual Settings
TV,Polaroid,Polaroid FLM-3701 (also 3201 2601),Polaroid_FLM-3701_LCD_tv.txt,txt,00 14,Mitsubishi
TV,Polaroid,Polaroid LE32GCL-Y,Polaroid LE32GCL-Y.rmdu,rmdu,00 5A,NEC1
TV,Polaroid,Polaroid Proview FLM-2632,Polaroid-Proview_FLM-2632.txt,txt,00 5A,NEC1
TV,Polaroid,Polaroid TTM-2420,Polaroid_TTM-2420_TV_1326_KM.txt,txt,01 9B,Manual Settings
TV,Prima,Prima Q2716,Prima_Q2716.txt,txt,00 5A,NECx1
TV,Prive,Prive TV ACL 32 po PRTPT3208NB - URC-10820,Prive TV ACL 32 po PRTPT3208NB - URC-10820.rmdu,rmdu,00 5A,NEC1
TV,ProScan,ProScan LED TV PLED2243,Proscan PLED2243A.rmdu,rmdu,00 5A,NEC1
TV,Proscan,Proscan LCD TV 42LA45H,Proscan LCD TV 42LA45H.rmdu,rmdu,00 5A,NEC1
TV,Proscan,Proscan TV beta,Proscan TV.rmdu,rmdu,00 AF,RCA
TV,Proscan,Proscan xxLB30Q TV's RE20QP05 remote,Proscan RE20QP05 remote.rmdu,rmdu,00 5A,NEC1
TV,Proton,Proton HDTV monitor,Proton_HDTV_monitor.txt,txt,00 5D,pid: 00 5D
TV,Proton,Proton HDTV monitor discretes,Proton_HDTV_monitor_discretes.txt,txt,00 5D,Audiovox
TV,Proton,Proton tv,Proton-TV.txt,txt,00 5C,Proton
TV,Proview,Proview PA-17KV7 (URC-8910).rmdu,Proview PA-17KV7 (URC-8910).rmdu,rmdu,00 5a,NEC1
TV,Proview,Proview PL-866TVB LCD TV & Monitor (URC-881x),Proview PL-866TVB LCD (URC-881x).rmdu,rmdu,00 5a,NEC1
TV,Proview,Proview RX-326.txt,Proview RX-326.txt,txt,00 5A,NEC1
TV,Proview,Proview TV TL29N6P,Proview_TV_TL29N6P.txt,txt,00 5C,Proton
TV,Provision,Provision 3750 PAL BG Silbern,Provision 3750 PALBG.rmdu,rmdu,00 45,RECS80 (45)
TV,Provision,Provision 3750 PALBG.rmdu,Provision 3750 PALBG.rmdu,rmdu,00 45,RECS80 (45)
TV,Pye,Pye StudioColour TV (UK - Old),Pye_TV_(Old).txt,txt,01 FF,Manual Settings
TV,Quadro,Quadro CTV-72A15 TXT,Quadro CTV-72A15 TXT.rmdu,rmdu,00 5A,NEC1
TV,RCA,"RCA 20"" F20681D6 ColorTrak 2000",RCA F20681D6 ColorTrak 2000 Stereo Monitor.rmdu,rmdu,00 AF,RCA
TV,RCA,RCA 42PA30RQ,RCA 42PA30RQ TV using remote RE20QP80 Atlas OCAP.rmdu,rmdu,00 5A,NEC1
TV,RCA,RCA F32715,RCA F32715.rmdu,rmdu,01 14,RCA Combo (Official)
TV,RCA,RCA F38310,RCA F38310.rmdu,rmdu,00 AF,RCA
TV,RCA,RCA HDL50LPW42,RCA HDL50LPW42.rmdu,rmdu,01 14,RCA Combo (Official)
TV,RCA,RCA L32HD41 with remote RC246,RCA TV with slower Protocol.rmdu,rmdu,01 FF,Manual Settings
TV,RCA,"RCA RDLED3258A-C 32"" LED TV",TV RCA (RLDED3258A-C) -0258- sony12 dev1 - RS 15-1994.rmdu,rmdu,00 CA,Sony 12/15
TV,RCA,RCA RLDED3258A-B,RCA LED TV - RLDED3258A-B v2_full.rmdu,rmdu,00 5A,NEC1
TV,RCA,RCA RT4038 TV,RCA RT4038 TV.rmdu,rmdu,00 5A,NEC1
TV,RCA,RCA Scenium HDTV,RCA Scenium Plasma HDTV Monitor.rmdu,rmdu,00 AF,RCA
TV,RCA,RCA TV Maste File (also for TCL Sears Proscan),RCA TV Master File.rmdu,rmdu,00 AF,RCA
TV,RCA,RCA TV Master File,RCA TV Master File.rmdu,rmdu,00 AF,RCA
TV,RCA,RCA TV RLDED4016A-E,RCA TV RLDED4016A-E.rmdu,rmdu,00 5A,NEC1
TV,RCA,RCA TV upgrade (UEIC upgrade TV/0199),RCA TV upgrade from Cox URC 7820B.rmdu,rmdu,00 AF,RCA
TV,RCA,RCA TV's All commands-KM,RCA-TV%27s_All_commands-KM.txt,txt,01 14,RCA Combo (Official)
TV,RCA,RCA TV.rmdu,RCA TV.rmdu,rmdu,01 14,RCA Combo (Official)
TV,RCA,RCA discrete pronto codes upgrade,rca discrete pronto codes upgrade.rmdu,rmdu,00 AF,RCA
TV,RCA,RCA-38 dev 15 Master File,RCA-38 TV Master File.rmdu,rmdu,00 91,RCA-38 Official
TV,RCA,rca slower protocol,RCA_TV_with_slower_Protocol.txt,txt,01 FF,Manual Settings
TV,Reoc,Reoc TT2 TV-0714,Reoc-TT2-TV-0714.txt,txt,00 E8,RC-5
TV,Roku,Roku TV Master File (Roku 234.199),Roku TV Master File.rmdu,rmdu,02 1A,Roku Official
TV,SANSU,SANSU SAN2701,Sansui SAN2701 URC-881x.rmdu,rmdu,00 5A,NEC1
TV,Sampo,Sampo Display KM,Sampo_Display_KM.txt,txt,01 65,Manual Settings
TV,Sampo,Sampo PME42S6 plasma,Sampo-PME42S6-plasma.txt,txt,01 65,Manual Settings
TV,Sampo,Sampo PME42S6 plasma (ver4),Sampo-PME42S6-plasma-ver4.txt,txt,01 65,Manual Settings
TV,Sampo,Sampo PME42S6 plasma HEX,Sampo-PME42S6-plasma_HEX.txt,txt,01 65,Manual Settings
TV,Samsung,SAMSUNG - UN40H5203AFXZC / REMOTE: BN59-01178W,TV SAMSUNG - UN40H5203AFXZC (BN59-01178W).rmdu,rmdu,00 5A,NECx2
TV,Samsung,SAMSUNG 4096D,Samsung_LNS4096D.txt,txt,00 5A,NECx2
TV,Samsung,Samsung 2333HD-1 HDTV,Samsung_2333HD-1 (0233).txt,txt,00 5A,NECx2
TV,Samsung,Samsung 28?100 Hz,Samsung_28_100_Hz.txt,txt,00 5A,NECx2
TV,Samsung,Samsung 3096 1060,Samsung_3096_1060.txt,txt,00 5A,NECx2
TV,Samsung,Samsung 3096 HDTV,Samsung 3096 TV 1060.rmdu,rmdu,00 5A,NECx2
TV,Samsung,Samsung 3097,Samsung_3097.txt,txt,00 5A,NECx2
TV,Samsung,Samsung 5500 series Smart TV,Samsung UNxxJ5500 Smart TV.rmdu,rmdu,00 5A,NECx2
TV,Samsung,Samsung 710MP LCD TV Tuner,Samsung710MP_LCDTuner.txt,txt,00 5A,NECx2
TV,Samsung,Samsung CT29Z7P CT32Z7P CT34Z7P,Samsung CT29Z7P_CT32Z7P_CT34Z7P.txt,txt,00 5A,NECx2
TV,Samsung,Samsung CW-21Z573N TV,Samsung CW-21Z573N TV.rmdu,rmdu,00 5A,NECx2
TV,Samsung,Samsung DLP HLN507W1X-XAA,Samsung DLP HLN507W1X-XAA.txt,txt,00 5A,NECx2
TV,Samsung,Samsung DLP HLR6168W,Samsung TV HLR6168W.rmdu,rmdu,00 5a,NECx2
TV,Samsung,Samsung DLP TV model HLP5063,Samsung_HLP5063_DLP_TV.txt,txt,00 5A,NECx2
TV,Samsung,Samsung HCL473W Projection TV,Samsung-HCL473W-Projection-TV.txt,txt,00 5A,NECx2
TV,Samsung,Samsung HL-P4674W Television.rmdu,Samsung HL-P4674W Television.rmdu,rmdu,00 5A,NECx1
TV,Samsung,"Samsung HL-S5679W 56"" 1080p LED DLP HDTV",Samsung HLS5679WX-XAA HDTV.rmdu,rmdu,00 5A,NECx2
TV,Samsung,Samsung HL-S5688W DLP RPTV,Samsung_HL-S5688W.txt,txt,00 5A,NECx2
TV,Samsung,Samsung HL61A750/HL67A750 LED DLP,Samsung_HL61A750_with_discrete_inputs.txt,txt,00 5A,NECx2
TV,Samsung,Samsung HLN DLP HDTV,Samsung HLN DLP HDTV.txt,txt,00 5A,NECx2
TV,Samsung,Samsung HLN Series DLP TV,Samsung HLN Series DLP TV.txt,txt,00 5A,NECx2
TV,Samsung,Samsung HLP-4663 TV.rmdu,Samsung HLP-4663 TV.rmdu,rmdu,00 5a,NECx2
TV,Samsung,Samsung HLP5063TV,Samsung HLP 5063TV.rmdu,rmdu,00 5A,NECx2
TV,Samsung,Samsung HLS-5087W,Samsung_HLS5087W.txt,txt,00 5A,NECx2
TV,Samsung,Samsung HP-S4253 720p Plasma.rmdu,Samsung HP-S4253 720p Plasma.rmdu,rmdu,00 5A,NECx2
TV,Samsung,Samsung HP-T5064,Samsung_HP-T5064.txt,txt,00 5A,NECx2
TV,Samsung,Samsung LA40A750,Samsung_HDTV_LA40A750_KM.txt,txt,00 5A,NECx2
TV,Samsung,Samsung LE32R51B LCD,Samsung TV LCD Alec2.rmdu,rmdu,00 5A,NECx2
TV,Samsung,Samsung LN-40A550,Samsung LN-40A550.rmdu,rmdu,00 5A,NECx2
TV,Samsung,Samsung LN-S2641D,Samsung LN-S2641D.rmdu,rmdu,00 5A,NECx2
TV,Samsung,Samsung LN-T5265F,Samsung LN-T5265F.txt,txt,00 5A,NECx2
TV,Samsung,Samsung LN-T5265F,Samsung LN-T5265F.txt,txt,00 5A,NECx2
TV,Samsung,Samsung LN32A650,Samsung LN32A650.rmdu,rmdu,00 5A,NECx2
TV,Samsung,Samsung LN42A450,Samsung LN42A450.rmdu,rmdu,00 5A,NECx2
TV,Samsung,Samsung LN46A550,Samsung_LN46A550.txt,txt,00 5A,NECx2
TV,Samsung,Samsung LN52B750,Samsung_LN52B750.rmdu,rmdu,00 5A,NECx2
TV,Samsung,Samsung LNS4051D,Samsung_LNS4051D.txt,txt,00 5A,NECx2
TV,Samsung,Samsung LNT-4065F,Samsung_LNT4065F.txt,txt,00 5A,NECx2
TV,Samsung,Samsung LNxxA650 w HDMI 4 and discrite aspects,Samsung_LN32A650.txt,txt,00 5A,NECx2
TV,Samsung,Samsung NU8000 TV,Samsung NU8000 URC-7556.rmdu,rmdu,00 5A,NECx2
TV,Samsung,Samsung PN50C550,8811-Samsung PN50C550 v1.0.rmdu,rmdu,00 5A,NECx2
TV,Samsung,Samsung PN59D7000,Samsung PN59D7000.rmdu,rmdu,00 5A,NECx2
TV,Samsung,Samsung PNxxD7000 RMDU,Samsung P59D7000.rmdu,rmdu,00 5A,NECx2
TV,Samsung,Samsung PS50A557,SAMSUNG PS50A557.rmdu,rmdu,00 5A,NECx2
TV,Samsung,Samsung QLED Frame Serif and OLED TVs,Samsung Frame TVs.rmdu,rmdu,00 5A,NECx2
TV,Samsung,Samsung QN75Q70,1060 Upgrade Samsung Q75Q70.txt,txt,00 5A,NECx2
TV,Samsung,Samsung S90D Series OLED 4K UHD Smart TV (2024),Samsung S90D Series OLED 4K UHD Smart TV (2024).rmdu,rmdu,00 5A,NECx2
TV,Samsung,Samsung SP-434JMF Rear Projection TV,Samsung_SP-434JMF_Rear_Projection_TV_NoTeletext.txt,txt,00 5A,NECx2
TV,Samsung,Samsung Series HLNxxxW HD DLP TV / Kameleon 8,TV-0567_-_Samsung_HD_DLP.txt,txt,00 5A,NECx2
TV,Samsung,Samsung Synch Master-170 MP-KM,Samsung_Synch_Master-170_MP.txt,txt,01 99,Manual Settings
TV,Samsung,Samsung T220HD LCD TV,Samsung T220HD TV.rmdu,rmdu,00 5A,NECx2
TV,Samsung,Samsung TV Master File,Samsung TV Master File.rmdu,rmdu,00 5A,NECx2
TV,Samsung,Samsung TV T22A300,Samsung TV T22A300.rmdu,rmdu,00 5A,NECx2
TV,Samsung,Samsung TV TX-P27xx,SamsungTV-TX-P27xx.txt,txt,00 5A,NECx2
TV,Samsung,Samsung TV code finder upgrade,Samsung TV code finder upgrade.rmdu,rmdu,00 5A,NECx2
TV,Samsung,Samsung TX-P2670WH HDTV,Samsung TX-P2670WH.rmdu,rmdu,00 5a,NECx2
TV,Samsung,Samsung TXL1491F,Samsung TXL1491F.rmdu,rmdu,00 5a,NECx2
TV,Samsung,Samsung TXN3075WHF,Samsung txn3075whf.rmdu,rmdu,00 5a,NECx2
TV,Samsung,Samsung TXN3235F code 1702,Samsung TXN3235F tv.rmdu,rmdu,00 5A,NECx2
TV,Samsung,Samsung TXP3264W HDTV Monitor,Samsung_TXP3264W_HDTV_Monitor.rmdu,rmdu,00 5a,NECx2
TV,Samsung,Samsung UA55HU8500/K TV remote,Samsung_UA55HU8500_K.rmdu,rmdu,00 5A,NECx2
TV,Samsung,Samsung UE40B6000,Samsung UE40B6000.rmdu,rmdu,00 5A,NECx2
TV,Samsung,Samsung UE40D5500,SAMSUNG AA59-00508A (UE40D5500).rmdu,rmdu,00 5A,NECx2
TV,Samsung,Samsung UE40ES6300,TV_Samsung UE40ES6300.rmdu,rmdu,00 5A,NECx2
TV,Samsung,Samsung UE50ES6300,Samsung UE50ES6300_Remote AA59-00581A.rmdu,rmdu,00 5A,NECx2
TV,Samsung,Samsung UE55F8000ST 'smart Tv' 2013,Samsung UE55F8000ST.rmdu,rmdu,00 5A,NECx2
TV,Samsung,Samsung UN32M5300AF,Samsung UN32M5300AF.rmdu,rmdu,00 5A,NECx2
TV,Samsung,Samsung UN40D6420,Samsung UN40D6420-2.rmdu,rmdu,00 5A,NECx2
TV,Samsung,Samsung UN40ES6500,Samsung UN40ES6500.rmdu,rmdu,00 5A,NECx2
TV,Samsung,Samsung UN46C8000,Samsung UN46C8000 .rmdu,rmdu,00 5A,NECx2
TV,Samsung,Samsung UN50EH5000,Samsung UN50EH5000 RS 15-2117 ex3.rmdu,rmdu,00 5A,NECx2
TV,Samsung,Samsung UN50EH6000,Samsung_UN50EH6000v2.txt,txt,00 5A,NECx2
TV,Samsung,Samsung UN55D6000,Samsung UN55D6000.txt,txt,00 5A,NECx2
TV,Samsung,Samsung UN55H6203,Samsung UN55H6203.rmdu,rmdu,00 5A,NECx2
TV,Samsung,Samsung UN60ES7500,Samsung UN60ES7500.rmdu,rmdu,00 5A,NECx2
TV,Samsung,Samsung UN65F8000,Samsung TV UN65F8000.rmdu,rmdu,00 5A,NECx2
TV,Samsung,Samsung ps42d5,Samsung ps42d5-code1249.rmdu,rmdu,00 5a,NECx2
TV,Sanyo,Sanyo 65 inch LED LCD DP65E34,Sanyo 65 inch LED LCD.rmdu,rmdu,00 5A,NEC1
TV,Sanyo,Sanyo AVM-2564U For OFA_URC-10820,Sanyo AVM-2564U_TV_(1564)_For OFA_URC-10820.rmdu,rmdu,00 5A,NEC1
TV,Sanyo,Sanyo CE28 with discrete AV1,Sanyo_CE28_TV_1208.txt,txt,00 5A,NEC1
TV,Sanyo,Sanyo CE28H2-C,Sanyo_CE28H2-C.txt,txt,00 5A,NEC1
TV,Sanyo,Sanyo DP46848.txt,Sanyo_DP46848.txt,txt,00 5A,NEC1
TV,Sanyo,Sanyo DS31590,Sanyo DS31590.rmdu,rmdu,00 5A,NEC1
TV,Sanyo,Sanyo DS31590,Sanyo DS31590.txt,txt,,NEC1
TV,Sanyo,Sanyo DS32830H 32in HD ready CRT TV,Sanyo DS32830H.rmdu,rmdu,00 5A,NEC1
TV,Sceptre,Sceptre TV (Master file),Sceptre TV Master File.rmdu,rmdu,00 CA,Sony 12/15
TV,Sceptre,Sceptre U550CV-UMR TV,Sceptre U550CV-UMR TV.rmdu,rmdu,00 CA,Sony 12/15
TV,Sceptre,Sceptre X30SV,Sceptre_TV_URC6131.txt,txt,00 5A,NEC2
TV,Sceptre,Sceptre X37SV Naga,Sceptre X37SV-Naga.rmdu,rmdu,00 CA,Sony 12/15
TV,Sceptre,Sceptre X40/E246/others TV,Sceptre-LCDHDTV--soundbar-remote.rmdu,rmdu,00 CA,Sony 12/15
TV,Sceptre,Sceptre X42GV Naga X42 TV,Sceptre-X42GV-Naga-X42-TV-V0001.rmdu,rmdu,00 CA,Sony 12/15
TV,Scott,Scott LCT32SHA and LCT37SHA,Akai_TV11.txt,txt,00 5A,NEC1
TV,Sears,Sears TV - Generic Model,Sears TV.rmdu,rmdu,00 AF,RCA
TV,Seiki,Seiki - SC-50US820N,Seiki - SC-50US820N - 50 regular LED TV_v2.rmdu,rmdu,00 5A,NEC1
TV,Seiki,Seiki TV SE65JY25,Seiki TV SE65JY25.rmdu,rmdu,00 5A,NEC1
TV,Sharp,SHARP CN20S10 on URC-8820,URC8820_SHARP_CN20S10.rmdu,rmdu,00 1C,Sharp
TV,Sharp,Sharp 25WT4 (Old CRT),Sharp 25WT4.rmdu,rmdu,00 1C,Sharp
TV,Sharp,Sharp 61R-WP4H HDTV,Sharp_61R-WP4H_HDTV.txt,txt,01 C9,Kaseikyo
TV,Sharp,Sharp Aquos LC-32E44E,Sharp Aquos LC-32E44E.rmdu,rmdu,00 9C,Sharp Combo (Official)
TV,Sharp,Sharp Aquos LC-32XL8,Sharp Aquos LC-32XL8 v9.rmdu,rmdu,00 9C,Denon Combo (Official)
TV,Sharp,Sharp Aquos LC-45G(D4|D6|X6)U (working discrete on/off/input1-5),Sharp_Aquos_LC-45GD4U-CBL1093-15-2117.txt,txt,00 9C,Sharp Combo (Official)
TV,Sharp,Sharp Aquos LC-48CFE4042E,Sharp Aquos Reimer.rmdu,rmdu,00 5A,NEC1
TV,Sharp,Sharp Aquos LC-52D85U (working discrete on/off/input1-9),Sharp_Aquos_LC-52D85U-CBL1093-15-2117 8.txt,txt,00 9C,Sharp Combo (Official)
TV,Sharp,Sharp Aquos LC-52D92U (working discrete on/off/input1-7),Sharp_Aquos_LC-52D92U-CBL1093-15-2117 8.txt,txt,00 9C,Sharp Combo (Official)
TV,Sharp,Sharp Aquos LC-80LE632u,Sharp_Aquos_LC-80LE632U.txt,txt,00 9C,Sharp Combo (Official)
TV,Sharp,Sharp Aquos LC42XD1E,Sharp-LC42XD1E.rmdu,rmdu,00 9C,Sharp Combo (Official)
TV,Sharp,Sharp HDTV LC-32GA5U,SharpLC-32GA5U.txt,txt,00 9C,Sharp Combo (Official)
TV,Sharp,Sharp LC-32LB370U,Sharp LC-32LB370U.rmdu,rmdu,00 9C,Denon Combo (Official)
TV,Sharp,Sharp LC-32LE351EBK,SharpLC32LE351EBK_05.rmdu,rmdu,00 9C,Denon Combo (Official)
TV,Sharp,Sharp LC-46D64U,Shap LC-46D64U.rmdu,rmdu,00 9C,Sharp Combo (Official)
TV,Sharp,Sharp LC-46lx830h TV,sharp lc.rmdu,rmdu,00 9C,Sharp Combo (Official)
TV,Sharp,Sharp LC-70LE650U,Sharp LC-70LE650U.rmdu,rmdu,00 9C,Sharp Combo (Official)
TV,Sharp,Sharp LC46LE810UN,Sharp Aquos LC46LE810un.rmdu,rmdu,00 9C,Sharp Combo (Official)
TV,Sharp,Sharp LC47SB57UT LCD-TV,Sharp-LCDTV-LC47SB57UT.rmdu,rmdu,00 5a,NEC1
TV,Sharp,Sharp LC60E69U LCD TV,Sharp LC60E69U LCD TV.rmdu,rmdu,00 9C,Sharp Combo (Official)
TV,Sharp,Sharp LC60E69U LCD TV Non Repeating,Sharp Lc604696 LCD Non Repeating.rmdu,rmdu,00 9C,Sharp Combo (Official)
TV,Sharp,Sharp LC70E735U,Sharp LC70E735U.rmdu,rmdu,00 9C,Sharp Combo (Official)
TV,Sharp,Sharp LCD LC-19SB25U (with discrete on/off inputs),Sharp_LCD_LC-19SB25U.txt,txt,00 9C,Sharp Combo (Official)
TV,Sharp,Sharp LCD TV - LC26GA5U,Sharp(LCD-TV)-LC26GA54(km).txt,txt,00 9C,Sharp Combo (Official)
TV,Sharp,Sharp LCD TV 0093,Sharp LCD TV_0093.txt,txt,00 1C,Sharp
TV,Sharp,Sharp LCxxSB57U (GA667WJSA remote),Sharp-LCxxSB57U-HDTV-GA667WJSA-remote.rmdu,rmdu,00 9C,Sharp Combo (Official)
TV,Sharp,Sharp Old Linytron TV,Sharp_Old_Linytron_TV.txt,txt,00 5A,NEC1
TV,Sharp,Sharp RC1910 remote control multiple TV models LC19 LC22 LC24 LC32 LC40 LC46,sharp_rc1910.rmdu,rmdu,00 E8,RC-5
TV,Sharp,Sharp RPTV-inputs,Sharp-RPTV-inputs.txt,txt,00 F8,Sharp DVD
TV,Sharp,Sharp Roku TV (Sharp devs 1 17),Sharp Roku TV.rmdu,rmdu,00 9C,Denon Combo (Official)
TV,Sharp,Sharp X68000 Monitor,Sharp X68000 Monitor.rmdu,rmdu,00 1C,Sharp Old
TV,Sharp,Sharp XV-S55U,Sharp XV-S55U.txt,txt,00 1C,Sharp
TV,Skyworth,Skyworth 32LBAIW LCD TV,Skyworth_LCD_TV_32LBAIW_missingA12.rmdu,rmdu,00 5A,NEC1
TV,Soniq,Soniq (QT106),Soniq (QT106).rmdu,rmdu,00 5A,NEC1
TV,Sony,SONY BRAVIA KDL-32EX653,Atlas KDL-32EX653.rmdu,rmdu,00 27,Sony Combo (12/15/20)
TV,Sony,SONY KDL32V4000 DIGITAL LCD TV,SONY BRAVIA LCD TV.rmdu,rmdu,00 27,Sony Combo (12/15/20)
TV,Sony,SONY KV-34XBR910 devcom,SONY_KV-34XBR910_devcom.txt,txt,01 44,Device Combiner
TV,Sony,Sony A80J/A90J,Device - SONY A80J.rmdu,rmdu,00 27,Sony Combo (12/15/20)
TV,Sony,Sony Bravia KD-43XE8005,Sony Bravia KD-43XE8005 - 1280.rmdu,rmdu,00 27,Sony Combo (12/15/20)
TV,Sony,Sony Bravia KD-49X8309C 4K Android HDTV (UK 2015),SONY KD-49X8309C.rmdu,rmdu,00 27,Sony Combo (12/15/20)
TV,Sony,Sony Bravia KD-X8505C / X8507C / X8509C Series,Device - SONY KD-55X8509C.rmdu,rmdu,00 27,Sony Combo (12/15/20)
TV,Sony,Sony Bravia KDL 40W2000 RM ED008,Sony Bravia KDL 40W2000 RM ED008.rmdu,rmdu,00 CA,Sony 12/15
TV,Sony,Sony Bravia KDL-40EX500 RM-YD034,Sony_Bravia_40EX500.txt,txt,00 27,Sony Combo (12/15/20)
TV,Sony,Sony Bravia KDL-40S4100,Sony KDL-40S4100 TV.rmdu,rmdu,00 27,Sony Combo (12/15/20)
TV,Sony,Sony Bravia KDL-46W4100 (TV) (for URC-8910),Sony Bravia LCD TV (46W4100 for URC 8910).rmdu,rmdu,00 27,Sony Combo (12/15/20)
TV,Sony,Sony Bravia KDL-50W800C 55W800C,Sony KDL-50W800C.rmdu,rmdu,00 27,Sony Combo (12/15/20)
TV,Sony,Sony Bravia KDL-55EX640,KDL-5EX640 (Sony 12-15-20).rmdu,rmdu,00 27,Sony Combo (12/15/20)
TV,Sony,Sony Bravia KDL-W905A,Sony_KDL-W905A.rmdu,rmdu,00 27,Sony Combo (12/15/20)
TV,Sony,Sony Bravia KDL46 V2500,Sony Bravia LCD TV.rmdu,rmdu,00 CA,Sony 12/15
TV,Sony,Sony Bravia KDL55EX720,Sony_Bravia_KDL55EX720.txt,txt,01 27,Sony Combo (12/15/20)
TV,Sony,Sony Bravia Sync,Sony Bravia Sync.rmdu,rmdu,00 CA,Sony 12/15
TV,Sony,Sony Device164 (Code 0653),Sony-Device164 (Code 0653).txt,txt,00 CA,Sony12/15
TV,Sony,Sony HD and Plasma -Video7 Device 151 and 119,Sony-HD and Plasma -Video7_Device_151_and_119.txt,txt,00 CA,Sony 12/15
TV,Sony,Sony KD-xxX85J,Sony KD-xxX85J.rmdu,rmdu,00 27,Sony Combo (12/15/20)
TV,Sony,Sony KDL 40W4000,Sony Bravia LCD TV 40W4000.rmdu,rmdu,00 27,Sony Combo (12/15/20)
TV,Sony,Sony KDL EX700 series,Sony_KDL-46EX700.txt,txt,01 27,Sony Combo (12/15/20)
TV,Sony,Sony KDL-40S3000,Sony KDL-40S3000 TV.rmdu,rmdu,00 27,Sony Combo (12/15/20)
TV,Sony,Sony KDL-40V2500,Sony KDL-40V2500.rmdu,rmdu,00 27,Sony Combo (12/15/20)
TV,Sony,Sony KDL-40V3000/46V3000,Sony_KDL-40V3000-46V3000.txt,txt,01 27,Sony Combo (12/15/20)
TV,Sony,Sony KDL-40V4100 TV for Comcast URC-1067Bx3,Sony KDL-40V4100 1067Bx3.rmdu,rmdu,00 27,Sony Combo (12/15/20)
TV,Sony,Sony KDL-40VL160,sony_kdl40vl160_for_15-100.txt,txt,00 27,Sony Combo (12/15/20)
TV,Sony,Sony KDL-42W829.rmdu,Sony KDL-42W829.rmdu,rmdu,00 27,Sony Combo (12/15/20)
TV,Sony,Sony KDL-46EX500.rmdu,Sony KDL-46EX500.rmdu,rmdu,00 27,Sony Combo (12/15/20)
TV,Sony,Sony KDL-50W656A,Sony KDL-50W656A.rmdu,rmdu,00 27,Sony Combo (12/15/20)
TV,Sony,Sony KDL-52EX700,Sony KDL-52EX700.rmdu,rmdu,00 27,Sony Combo (12/15/20)
TV,Sony,Sony KDL-60EX500 55EX500 46EX500 40EX500 32EX500,Sony KDL-55EX500.rmdu,rmdu,00 27,Sony Combo (12/15/20)
TV,Sony,Sony KDL-905A,Sony KDL-W905A.rmdu,rmdu,00 27,Sony Combo (12/15/20)
TV,Sony,Sony KDL40L4000,Sony KDL40L4000.rmdu,rmdu,00 27,Sony Combo (12/15/20)
TV,Sony,Sony KDL46,Sony kdl46.rmdu,rmdu,00 CA,Sony 12/15
TV,Sony,Sony KDL55NX810,Sony KDL55NX810.rmdu,rmdu,00 27,Sony Combo (12/15/20)
TV,Sony,Sony KDS60A2000 HDTV,SONY-KDS60A2000.txt,txt,01 27,Sony Combo (12/15/20)
TV,Sony,Sony KDSR60XBR1 HDTV,SONYKDS60XBR1.txt,txt,01 27,Sony Combo (12/15/20)
TV,Sony,Sony KLV-S32A10 Bravia LCD TV,Sony-KLV-S32A10-15-2117.txt,txt,00 CA,Sony12/15
TV,Sony,Sony KP-61HS10.rmdu,Sony KP-61HS10.rmdu,rmdu,00 27,Sony Combo (12/20)
TV,Sony,Sony KP46WT510 Widescreen TV,Sony KP46WT510 Widescreen TV.txt,txt,00 27,Sony Combo
TV,Sony,Sony KP46WT510 Widescreen TV Rev1,Sony KP46WT510 Widescreen TV Rev1.txt,txt,00 CA,Sony 12/15
TV,Sony,Sony KV-13TR27,Sony KV-13TR27.rmdu,rmdu,00 CA,Sony 12/15
TV,Sony,Sony KV-2090R,Sony_KV-2090R.txt,txt,00 CA,Sony12/15
TV,Sony,Sony KV-24FV12 Remote RM-Y168.rmdu,Sony KV-24FV12 Remote RM-Y168.rmdu,rmdu,00 ca,Sony 12/15
TV,Sony,Sony KV-27S22,Sony_KV-27S22_TV_0000.txt,txt,00 CA,Sony12/15
TV,Sony,Sony KV-27S66 TV 0000,Sony_KV-27S66_TV_0000.txt,txt,00 CA,Sony 12/15
TV,Sony,Sony KV-29CS60K,Sony_KV-29CS60K.txt,txt,00 27,Sony Combo (12/15/20)
TV,Sony,Sony KV-34XBR800-(TV),Sony_KV-34XBR800-TV.txt,txt,01 27,Sony Combo (12/15/20)
TV,Sony,Sony KV-35V68,Sony_KV-35V68_Upgrade_8910.txt,txt,00 CA,Sony12/15
TV,Sony,Sony KV-35V68 Upgrade 8910,Sony_KV-35V68_Upgrade_8910.txt,txt,00 CA,Sony12/15
TV,Sony,Sony KV-36HS500,Sony KV-36HS500.txt,txt,00 CA,Sony12/15
TV,Sony,Sony KV-EX29M37,Sony--KV-EX29M37.txt,txt,00 CA,Sony 12/15
TV,Sony,Sony KV-HR36,Sony KV-HR36.rmdu,rmdu,00 27,Sony Combo (12/15/20)
TV,Sony,Sony KV-HW212,Sony_KV_HW212.txt,txt,00 CA,Sony12/15
TV,Sony,Sony KV27FS100,Sony KV27FS100.txt,txt,00 CA,Sony12/15
TV,Sony,Sony KV32XBR37,Sony KV32XBR37.txt,txt,00 CA,Sony12/15
TV,Sony,Sony KV36XBR250,Sony KV36XBR250.rmdu,rmdu,00 ca,Sony 12/15
TV,Sony,Sony NSX-24GT1 32GT1 40GT1 46GT1,Sony NSX-24GT1 32GT1 40GT1 46GT1.rmdu,rmdu,00 27,Sony Combo (12/15/20)
TV,Sony,Sony PFM-42B1 Plasma Display,Sony_PFM-42B1_Plasma_Display.txt,txt,00 CA,Sony 12/15
TV,Sony,Sony PFM-42V1 and PFM-42B1 Plasma Display/TV,Sony_PFM-42V1_Plasma_TV.txt,txt,00 CA,Sony12/15
TV,Sony,Sony TV 1010,SonyTV_1010.txt,txt,00 CA,Sony 12/15
TV,Sony,Sony Trinitron RM-694,Sony Trinitron RM-694.rmdu,rmdu,00 CA,Sony 12/15
TV,Sony,Sony Wega TV.rmdu,Sony Wega TV.rmdu,rmdu,00 ca,Sony 12/15
TV,Sony,Sony Wega_0000,Sony_Wega_0000_Replay5000.rmdu,rmdu,00 ca,Sony 12/15
TV,Sony,Sony XBR 4K LCD TV,Sony XBR 4K LCD TV.rmdu,rmdu,00 27,Sony Combo (12/15/20)
TV,Sony,Sony XBR X950H,Sony XBR X950H w-dPower+learned back.rmdu,rmdu,00 27,Sony Combo (12/15/20)
TV,Sony,Sony XBR X950H,Sony XBR X950H.rmdu,rmdu,00 27,Sony Combo (12/15/20)
TV,Sony,Sony XBR-65X850C,Sony XBR-65X850C.rmdu,rmdu,00 27,Sony Combo (12/15/20)
TV,Sony,Sony XBR450,Sony-XBR450.txt,txt,01 44,Device Combiner
TV,Soyo,SOYO TV ACL 32 po PRTPT3208NB,SOYO TV ACL 32 po PRTPT3208NB.rmdu,rmdu,00 5A,NEC1
TV,Soyo,"SOYO TV DYLTO32A 32""",SOYO_DYLTO32A_TV.rmdu,rmdu,00 5a,NEC1
TV,Soyo,"Soyo DYLT037A 37"" LCD HDTV",Soyo_DYLT037A.txt,txt,00 5C,Proton
TV,Soyo,Soyo MT-32E1AB,Soyo MT-SYKIT32E1AB-8910.rmdu,rmdu,00 5A,NEC1
TV,Soyo,Soyo MT-SYTPT3727ABMS TV,Soyo_MT-SYTPT3727ABMS_TV.txt,txt,00 5A,NEC1
TV,StarSight,StarSight 2107,StarSight_2107.txt,txt,00 1C,Denon
TV,Strato,Strato LCD-3207,Strato LCD-3207.rmdu,rmdu,00 5A,NEC1
TV,Sylvania,Sylvania 6432TE,Sylvania-TV-0150.txt,txt,00 14,Mitsubishi
TV,Sylvania,Sylvania SST-4274,Sylvania 27in TV (SST-4274).rmdu,rmdu,00 65,Emerson
TV,Sylvania,Sylvania STR2127S & STR2219B,STR2127S.txt,txt,00 65,Emerson
TV,Sylvania,Sylvania TV-0150,Sylvania-TV-0150.txt,txt,00 14,Mitsubishi
TV,Symphonic,Symphonic ST131D,tv.symphonic.st131d.txt,txt,00 65,Emerson
TV,Symphonic,"Symphonic WF1901 19"" TV (URC-8910 9811 9910)",Symphonic_19Ã¢Â€Â_TV_Model_WF-1901.txt,txt,00 65,Emerson
TV,Syntax,Syntax Olevia (newer models),Syntax_Olevia_RC_LTS.txt,txt,00 5A,NEC1
TV,Syntax,Syntax Olevia 237V (RC-LTL),Syntax_Olevia_237V.txt,txt,00 5A,NEC1
TV,Syntax,Syntax Olevia 247TFHD (RC-LTU),Syntax Olevia 247TFHD.rmdu,rmdu,00 5A,NEC1
TV,Syntax,Syntax Olevia 537h 237T 337 TV,Syntax Olevia 537h.rmdu,rmdu,00 5A,NEC1
TV,Syntax,Syntax Olevia LT 27 HV,Syntax_Olevia_LT_27_HV.txt,txt,00 5A,NEC1
TV,Syntax,Syntax Olevia LT-30 HD,Syntax_Olevia_LT-30_HD.txt,txt,00 5A,NEC1
TV,Syntax,Syntax Olevia LT20S (RC-LTE remote),Syntax Olevia RC-LTE for LT20S.txt,txt,00 5A,NEC1
TV,Syntax,Syntax Olevia LT26HVX,Syntax Olevia LT26HVX.rmdu,rmdu,00 5A,NEC1
TV,Syntax,Syntax Olevia LT30HVS - 15-2117.rmdu,Syntax Olevia LT30HVS - 15-2117.rmdu,rmdu,00 5A,NEC1
TV,Syntax,Syntax Olevia LT32HV LCD Television,Syntax Olevia LT32HV.rmdu,rmdu,00 5a,NEC1
TV,Syntax,Syntax Olevia LT32HVE,SYNTAX LT32VHE.rmdu,rmdu,00 5a,NEC1
TV,Syntax,Syntax Olevia LT37HVS,Syntax Olevia LT37HVS HDTV.txt,txt,00 5A,NEC1
TV,TCL,TCL 4-Series 43S423 THAA ROKU TV (Roku 234.199),TCL_4-Series_43S423_THAA_ROKU TV - All Codes.rmdu,rmdu,02 1A,Roku Official
TV,TCL,"TCL 40FD2700 40"" Flatscreen TV",TCL 40fd2700 Flatscreen TV.rmdu,rmdu,01 AF,RCA-38
TV,TCL,TCL 5-series 2019 55S525 (Roku 234.199),TCL-Matt-25708.rmdu,rmdu,02 1A,Roku Official
TV,TCL,TCL 50S446-CA Google TV,TCL 50S446-CA_+.rmdu,rmdu,00 91,RCA-38
TV,TCL,TCL 6-series 2021 75R646 GoogleTV (RCA-38 dev 15),TCL 6 Series 2021 R646 remote.rmdu,rmdu,00 91,RCA-38
TV,TCL,TCL 65Q750G 4k Google TV,TCL TV 65Q750G.rmdu,rmdu,00 AF,RCA
TV,TCL,TCL L32HDF11TA 32 inch LCD from Amazon.,TCL_L32HDF11TA_rev2.txt,txt,00 91,Manual Settings
TV,TCL,"TCL LE55HDF3300Z 55"" LED TV",TCL LE55HDF3300Z.rmdu,rmdu,01 FF,Manual Settings
TV,TCL,TCL P605 Roku TV (Roku 234.199),TCL P605.rmdu,rmdu,02 1A,Roku Official
TV,TCL,TCL U55S6906 4k TV,TCL U55S6906 4k TV.rmdu,rmdu,02 30,RCA-56
TV,TCL,TCL tv (using RCA-38 Combo),TCL L32HDF11TA-combo.rmdu,rmdu,01 FF,Manual Settings\: 01 FF
TV,TCL,TCL tv (using RCA-38 Combo),TCL_L32HDF11TA-combo.txt,txt,01 FF,Manual Settings
TV,TECO,TECO TL3210FMR,1109_Teco_TV (remote master).rmdu,rmdu,00 65,Manual Settings\: 00 65
TV,TVs,TVs using RC5 device code 1,TVs using RC5 device code 1.rmdu,rmdu,00 E8,RC-5
TV,Tatung,Tatung TV V37MCGI,XMAS_Tatung_keymap-master.txt,txt,00 5A,NECx2
TV,Technika,Technika LCD26-M3 TV,Technika LCD26-M3 TV.rmdu,rmdu,00 5A,NEC1
TV,Tedelex,"Tedelex EC-PD2000 42"" plasma TV",Tedelex EC-PD2000 42 inch plasma TV.txt,txt,00 5A,NEC1
TV,Telefunken,Telefunken D49F283N3C,1700_telefunken on Dream IR.rmdu,rmdu,00 E8,RC-5
TV,Thomson,Thomson TV-0625.rmdu,Thomson TV-0625.rmdu,rmdu,00 4b,Thomson
TV,Toshiba,Toshiba 20DL74 LCD tv,Toshiba_20DL74_LCD_tv.txt,txt,00 5A,NEC1
TV,Toshiba,Toshiba 26C100U1 LCD TV,Toshiba-LCD-TV-26C100U1(6131ext).txt,txt,00 5A,NEC1
TV,Toshiba,Toshiba 26C100U1 LCD TV,Toshiba-LCD-TV-26C100U1(8910).txt,txt,00 5A,NEC1
TV,Toshiba,Toshiba 26DF56,Toshiba 26DF56.rmdu,rmdu,00 5A,NEC1
TV,Toshiba,Toshiba 27A43,Toshiba_27A43_TV.txt,txt,00 5A,NEC1
TV,Toshiba,Toshiba 27DF46 - Remote CT-877,Toshiba_CT-877.txt,txt,00 5A,NEC1
TV,Toshiba,Toshiba 28H37G,Toshiba 28H37G.rmdu,rmdu,00 5a,NEC1
TV,Toshiba,Toshiba 30HF83,Toshiba 30HF83 TV (URC-8911).rmdu,rmdu,00 5a,NEC1
TV,Toshiba,Toshiba 30HF83,Toshiba_30HF83_TV_%28URC-8911%29.txt,txt,00 5A,NEC1
TV,Toshiba,Toshiba 32AF42,Toshiba_32AF42.txt,txt,00 5A,NEC1
TV,Toshiba,Toshiba 32AV500PR,Toshiba SD-890KR.rmdu,rmdu,00 5A,NEC1
TV,Toshiba,Toshiba 32L2300U 39L2300U 50L2300U,Toshiba 32L2300U.rmdu,rmdu,00 5A,NEC1
TV,Toshiba,Toshiba 32SL733G on Dreambox V2,TOSHIBA_32SL733G_on_Dreambox_V2.rmdu,rmdu,00 5A,NEC1
TV,Toshiba,Toshiba 32ZP48 TV for URC-7562,Toshiba 32ZP48 TV Remote CT-90101.rmdu,rmdu,00 5A,NEC1
TV,Toshiba,Toshiba 36A42,Toshiba_36A42.rmdu,rmdu,00 5A,NEC1
TV,Toshiba,Toshiba 37AV500U LCD upgrade,Toshiba_37AV500U_LCD_remote_upgrade.v2.txt,txt,00 5A,NEC1
TV,Toshiba,Toshiba 37E200U 40E200U 32E200U,Toshiba 37E200U.rmdu,rmdu,00 5A,NEC1
TV,Toshiba,Toshiba 42H81,Toshiba_42H81.txt,txt,00 5A,NEC1
TV,Toshiba,Toshiba 42SL417U 46SL417U 55SL417U (remote CT-90366),Toshiba TVs 42SL417U 46SL417U 55SL417U (remote CT-90366).rmdu,rmdu,01 1A,NEC 2DEV Combo
TV,Toshiba,Toshiba 43V5863DA/43T6863 and others,Toshiba43V5863.rmdu,rmdu,01 AD,NEC1-f16 Official
TV,Toshiba,Toshiba 47hl167 TV,2 Toshiba_47HL167_Television.txt,txt,00 5A,NEC1
TV,Toshiba,Toshiba 50L1450U,Toshiba 50L1450U.rmdu,rmdu,00 5A,NEC1
TV,Toshiba,Toshiba 52XV540U with discretes,Toshiba 52XV540U540.rmdu,rmdu,00 5A,NEC1
TV,Toshiba,Toshiba 57HX83,Toshiba_TV_57HX83_NoSM.txt,txt,00 5A,NEC1
TV,Toshiba,Toshiba 65HX81,Toshiba65HX81.rmdu,rmdu,00 5a,NEC1
TV,Toshiba,Toshiba 65HX81,Toshiba_65HX81.txt,txt,00 5A,NEC1
TV,Toshiba,Toshiba CN27D90,Toshiba_CN27D90_TV0156.txt,txt,00 5A,NEC1
TV,Toshiba,Toshiba CN36H97,Toshiba_CN36H97_36_TV.txt,txt,00 5A,NEC1
TV,Toshiba,Toshiba CZ13M21.rmdu,Toshiba CZ13M21.rmdu,rmdu,00 5A,NEC1
TV,Toshiba,Toshiba CZ32V51,Toshiba-CZ32V51-TV.txt,txt,00 5A,NEC1
TV,Toshiba,Toshiba Regza 42X3030D,Toshiba 42X3030D.rmdu,rmdu,00 5A,NEC1
TV,Toshiba,Toshiba Regza LCD 47HL167 some discretes,Toshiba 47HL167 Discretes.rmdu,rmdu,00 5A,NEC1
TV,Toshiba,Toshiba TP48E50,Toshiba_TP48E50_0156.txt,txt,00 5A,NEC1
TV,Toshiba,Toshiba TV 26HF85C,Toshiba_TV_26HF85C URC6690.txt,txt,00 5A,NEC1
TV,Toshiba,Toshiba TV 32ZP46P,Toshiba TV 32ZP46P.rmdu,rmdu,00 5A,NEC1
TV,Toshiba,Toshiba TV CT-90343 (Insignia Remote 67100) rmdu,Toshiba-TV-CT-90343.rmdu,rmdu,00 5A,NEC1
TV,Toshiba,Toshiba TW56D90,Toshiba TW56D90.txt,txt,00 5A,NEC1
TV,Uniden,Uniden TL42TZ1-AW LCD TV,UNIDEN_TV.txt,txt,01 FF,Manual Settings
TV,Venturer,Venturer LCD19-106 LCD TV,Venturer_LCD19-106_LCD_TV.txt,txt,00 5A,NEC1
TV,Vestel,Vestel LCD TV,VESTEL TV.rmdu,rmdu,00 E8,RC-5
TV,ViewSonic,ViewSonic N-3290w,ViewSonic N3290w.rmdu,rmdu,00 E8,RC-5
TV,ViewSonic,ViewSonic N2060W LCD-TV,Viewsonic 2060W.rmdu,rmdu,00 5A,NEC1
TV,Viewsonic,Viewsonic N2010,Viewsonic_N2010_LCD_TV.txt,txt,00 5A,NEC1
TV,Viewsonic,Viewsonic N2635w LCD HDTV.txt,Viewsonic_N2635w_LCD_HDTV.txt,txt,00 E8,RC-5
TV,Viewsonic,Viewsonic N3000W,Viewsonic_N3000W.rmdu,rmdu,00 5A,NEC1
TV,Viewsonic,Viewsonic N3250w,Viewsonic_N3250w_TV VERSION 3.txt,txt,00 5A,NEC2
TV,Viewsonic,Viewsonic N4251w,Viewsonic N4251w.rmdu,rmdu,00 E8,RC-5
TV,Viewsonic,Viewsonic N4785p LCD HDTV.rmdu,Viewsonic N4785p LCD HDTV.rmdu,rmdu,00 E8,RC-5
TV,Vizio,Vizio 32 LCD VX32LHDTV10A,Vizio TV Remote.rmdu,rmdu,00 5a,NEC1
TV,Vizio,Vizio D24f-F1 tv with discretes,Vizio_D24f-F1.rmdu,rmdu,00 5A,NEC1
TV,Vizio,Vizio E Series,Vizio E Series with VR15 remote.txt,txt,00 5A,NEC1
TV,Vizio,Vizio E320-A1,Vizio E320-A1.rmdu,rmdu,00 5A,NEC1
TV,Vizio,Vizio E470i-A0 / XRT112,Vizio_E470i-A0.rmdu,rmdu,00 5A,NEC1
TV,Vizio,Vizio E500i-A1,Vizio E500i-A1.rmdu,rmdu,00 5A,NEC1
TV,Vizio,"Vizio E55u-D0 55"" TV with built-in chromecast",TV_VIZIO_E55-D0 (2016) SMARTCAST_URC-10820_0055.rmdu,rmdu,00 5A,NEC1
TV,Vizio,Vizio E601i-A3,Vizio E601i-A3.rmdu,rmdu,00 5A,NEC1
TV,Vizio,Vizio E75-E3 4K UHD TV,Vizio 75 Class 4K.rmdu,rmdu,00 5A,NEC1
TV,Vizio,"Vizio GV46L 46"" LCD HDTV",Vizio GV46L46in LCD HDTV.rmdu,rmdu,00 5A,NEC1
TV,Vizio,Vizio GV47LF,Vizio GV47LF 1080p LCD.txt,txt,00 5A,NEC1
TV,Vizio,Vizio L13 LCD TV,Vizio_LCD_TV.txt,txt,00 5A,NEC1
TV,Vizio,Vizio M190MV and M190VA,Vizio M190 (MV-and-VA).rmdu,rmdu,00 5A,NEC1
TV,Vizio,"Vizio M43-C1 (43"") TV for OFA 6131",Vizio M43_C1 Smart TV.rmdu,rmdu,00 5A,NEC1
TV,Vizio,Vizio M55-F0 TV,VizioDevCode2757wDiscrete.rmdu,rmdu,00 5A,NEC1
TV,Vizio,Vizio Master File (NEC1 dev 4),Vizio_NEC4_Master_File.txt,txt,00 5A,NEC1
TV,Vizio,Vizio RP56 DLP HDTV,Vizio_RP56_DLP_HDTV.txt,txt,00 5A,NEC1
TV,Vizio,Vizio RP65 PIP Remote,Vizio_RP65_PIP_Remote.txt,txt,00 5A,NEC1
TV,Vizio,Vizio SV472XVT with discretes,Vizio SV472XVT with discretes.rmdu,rmdu,00 5A,NEC1
TV,Vizio,Vizio SV472XVT with discretes,Vizio SV472XVT with discretes.rmdu,rmdu,00 5A,NEC1
TV,Vizio,Vizio TV - Official from UEI,Vizio TV.rmdu,rmdu,00 5A,NEC1
TV,Vizio,Vizio VF550XVT,Vizio VF550XVT.rmdu,rmdu,00 5A,NEC1
TV,Vizio,Vizio VO22L10A TV,Vizio_1994_2000.rmdu,rmdu,00 5A,NEC1
TV,Vizio,Vizio VP42 plasma,Vizio-VP42.txt,txt,00 5A,NEC1
TV,Vizio,Vizio VW37L HDTV40A.rmdu,Vizio VW37L HDTV40A.rmdu,rmdu,00 5A,NEC1
TV,Vizio,Vizio VX32L LCD HDTV for URC8811,Vizio VX32L LCD HDTV.rmdu,rmdu,00 5a,NEC1
TV,Vizio,Vizio WV32L HDMI,Vizio_WV32L.txt,txt,00 5A,NEC1
TV,Vizio,Vizio XRV1TV QWERTY remote for all smart TVs M and E series,Vizio XRV1TV.rmdu,rmdu,00 5A,NEC1
TV,Voire,Voire TV #1 (PDP4210EA1 LCT27HA36 etc),Akai_TV15.txt,txt,00 5A,NEC1
TV,Voire,Voire TV #2 (PDP429ED V42PD5M etc),Akai_TV08.txt,txt,00 5A,NEC1
TV,Westinghouse,Westinghouse 32 Inch Smart TV WD32FBL1001,Westinghouse 32 Inch Smart TV.rmdu,rmdu,00 5A,NEC1
TV,Westinghouse,"Westinghouse 32"" TV Model WD32HL1218",WestinghouseTV_WD32HL1218.rmdu,rmdu,00 5A,NEC1
TV,Westinghouse,Westinghouse L32W1 LCD TV Augmrnted 8820,Westinghouse L32W1 LCD TV Augmrnted 8820.rmdu,rmdu,00 5A,NEC1
TV,Westinghouse,Westinghouse LD-4255VX LED LCD TV,WestinghouseTV LD-4255VX LED LCD TV (1150).rmdu,rmdu,00 CA,Sony 12/15
TV,Westinghouse,Westinghouse LD4065 LED TV (RMT-15 remote),Westinghouse RMT-15 Remote.rmdu,rmdu,00 5A,NEC1
TV,Westinghouse,Westinghouse LTV-32W1 LCD TV,Westinghouse_LCD_TV_LTV-32W1.txt,txt,00 5A,NEC1
TV,Westinghouse,Westinghouse LTV32W6,Westinghouse LTV32W6.rmdu,rmdu,00 CA,Sony 12/15
TV,Westinghouse,Westinghouse LVM-37w3,Westinghouse LVM-37w3.rmdu,rmdu,00 ca,Sony 12/15
TV,Westinghouse,Westinghouse TX-4xF430S,Westinghouse_tx47.rmdu,rmdu,00 CA,Sony 12/15
TV,Westinghouse,Westinghouse VR-4030 TV,Westinghouse VR-4030 TV.rmdu,rmdu,00 5A,NEC1
TV,Westinghouse,Westinghouse VR-4085DFM VR-5585DFZ VR-32F0DF,Westinghouse_VR-4085DFM-_VR-5585DFZ-_VR-32F0DF.txt,txt,00 5A,NEC1
TV,Westinghouse,Westinghouse W3213 Widescreen LCD,Westinghouse 32 LCD.txt,txt,00 CA,Sony12/15
TV,Westinghouse,Westinghouse W4207 42inch 720p LCD Monitor,Westinghouse_W4207_42inch_720p_LCD_Monitor.txt,txt,00 CA,Sony12/15
TV,WinBook,WinBook 37T1 LCD HDTV,WinBook37T1.rmdu,rmdu,00 5A,NECx1
TV,WorldSat,WorldSat - TNT Casto Net,Worldsat TNT Casto Net.rmdu,rmdu,00 5A,NEC1
TV,X4-Tech,"X4-Tech ""Nova 7"" LCD monitor",x4-tech_monitor.txt,txt,00 5A,NEC1
TV,Zenith,Zenith CRT TV Model E,Zenith LE .rmdu,rmdu,00 22,Zenith
TV,Zenith,Zenith LCD Monitor,Zenith_LCD_Monitor.txt,txt,00 5A,NEC1
TV,Zenith,Zenith TV-C32A26,Zenith-TV-C32A26.txt,txt,00 22,Zenith
TV,Zenith,Zenith tv c32v37,zenith_tv_c32v37.txt,txt,00 5A,NEC1
TV,device,device upgrade for panasonic th-50j700h led tv,rob panasonic tv.rmdu,rmdu,00 CD,Panasonic Combo
TV,iSymphony,iSymphony LC24iF56,i-Symphony TV.rmdu,rmdu,00 5A,NECx2
TV,norcent,norcent tv code 1365,norcent_tv_1365.txt,txt,00 5A,NEC1
TV,toshiba,toshiba 20hlk67,Toshiba lcd tv 20HLK67 ct-8014 1156.txt,txt,00 5A,NEC1
TV Combos,Advent,Advent DV2418A TV&DVD,Advent DV2418A TV&DVD.txt,txt,00 E8,RC-5
TV Combos,Apex,Apex AT-2014DV TV/DVD,Apex_AT-2014DV-TVDVD_8910.txt,txt,00 5A,NEC1
TV Combos,Curtis,Curtis LEDVD2488A-B,Curtis LEDVD2488-B.rmdu,rmdu,00 5A,NEC1
TV Combos,Dynex,Dynex DX-26LD150A11,1375 KM Upgrade Dynex DX-26LD150A11.txt,txt,00 5A,NEC1
TV Combos,Dynex,Dynex LTDVD20,Dynex_LTDVD20.rmdu,rmdu,00 5A,NEC1
TV Combos,Emerson,Emerson EWC-1301 TV-VCR,Emerson_EWC-1301_TV-VCR.rmdu,rmdu,00 65,Emerson
TV Combos,Emerson,Emerson TV-VCR combo model VT1321,Emerson_TV-VCR_combo_model_VT1321.txt,txt,00 5A,NEC1
TV Combos,Emerson,Emerson TV/VCR combo,Emerson-TV-VCR-combo.rmdu,rmdu,00 5a,NEC1
TV Combos,Grundig,Grundig TVR3805 and Alba VTV3450 TV/VCR combos,TV-VCR_Grundig_for_7562 813_1615.txt,txt,00 5A,NEC2
TV Combos,Insignia,Insignia NS-LTDVD26-09 TV/DVD Combo,Insignia_NS-LTDVD26-09.txt,txt,00 5A,NEC1
TV Combos,Kenmark,Kenmark LVD162 LCD TV/DVD,Kenmark_LVD162_LCD_TV-DVD.txt,txt,00 5A,NEC1
TV Combos,LG,LG LST-3510A HDTV DVD,LG_LST-3510A_HDTV_DVD.txt,txt,01 1A,NEC 2DEV Combo
TV Combos,LG,LG LST-3510A HDTV DVD.rmdu,LG LST-3510A HDTV DVD.rmdu,rmdu,01 1A,NEC 2DEV Combo
TV Combos,LG,LG LST3510A DVD,LG_LST-3510A_DVD_.txt,txt,01 1A,NEC 2DEV Combo
TV Combos,LG,LG LST3510A HDTV,LG_LST-3510A_HDTV.txt,txt,01 1A,NEC 2DEV Combo
TV Combos,LG,LG LST3510A HDTV/DVD,LG_LST-3510A BOTH.txt,txt,01 1A,NEC 2DEV Combo
TV Combos,Magnavox,Magnavox 17MD255V TV/DVD,Magnavox 17MD255V (LCD TV-DVD)_881x.rmdu,rmdu,00 5a,NEC1
TV Combos,Magnavox,Magnavox 32MD357B/37,Magnavox 32MD357B_6131.rmdu,rmdu,00 E8,RC-5
TV Combos,Magnavox,Magnavox MDTR20 TV-VCR-DVD combo,Magnavox MDTR20 TV-VCR-DVD combo.rmdu,rmdu,00 5A,NEC1
TV Combos,Magnavox,Magnavox MWC13D6 (OEM remote NF102UD),Magnavox MDTR20 TV-VCR-DVD combo1.rmdu,rmdu,00 5A,NEC1
TV Combos,Memorex,Memorex MVT2135B TV/VCR,Memorex_MVT2135B_TV-VCR.txt,txt,00 5A,NEC1
TV Combos,Orion,Orion TV/DVD (DVD Config),Orion DVD.rmdu,rmdu,00 5A,NEC2
TV Combos,Orion,Orion TV/DVD (TV config),Orion TV.rmdu,rmdu,00 5A,NEC2
TV Combos,Panasonic,Panasonic PVQ_M2508 TV-VCR,PanasonicTV-VCR-PVQ_M2508.txt,txt,00 1F,Panasonic VCR Combo
TV Combos,Panasonic,Panasonic TV/DVD/VCR,Panasonic_TV-VCR-DVD_combo.txt,txt,01 1F,Panasonic MIX Combo
TV Combos,Panasonic,Panasonic TV/ReplayTV Combo,Pana_TV-HDR_Combo_VCR0617.txt,txt,01 44,Device Combiner
TV Combos,Panasonic,Panasonic TV/VCR/DVD combo,Panasonic_TV-VCR-DVD_combo.txt,txt,00 1F,Panasonic MIX Combo
TV Combos,Proscan,Proscan TV/DVD Combo,Proscan Combo.rmdu,rmdu,01 14,RCA Combo (Official)
TV Combos,RCA,RCA 27F500TDV TV-DVD-VCR,RCA27F500TDV.rmdu,rmdu,01 14,RCA Combo (Official)
TV Combos,RCA,RCA DECx Magnavox TV-DVD,RCA DECK133R TV-DVD.rmdu,rmdu,00 E8,RC-5
TV Combos,RCA,RCA TV/DVD Combo,RCA TV-DVD COMBO.rmdu,rmdu,00 5A,NEC1
TV Combos,RCA,RCA TV/DVD combo 20F510TD - DVD side,RCA_TV-DVD_combo_20F510TD-dvd-side.txt,txt,01 9B,Manual Settings
TV Combos,RCA,RCA TV/DVD combo 20F510TD - TV side,RCA_TV-DVD_combo_20F510TD-tv-side.txt,txt,01 9B,Manual Settings
TV Combos,Sanui,Sanui TV-DVD-VCR-Combo,SanuiTV-DVD-VCR-Combo.txt,txt,00 5A,NEC2
TV Combos,Sony,Sony ICFcd555tv TV/CD/Radio,Sony Kitchen TV-CD-Radio.rmdu,rmdu,00 de,Sony20
TV Combos,Sylvania,Sylvania 32inch LCD/DVD Combo LD320SS1,Sylvania LD320SS1.rmdu,rmdu,00 5A,NEC1
TV Combos,Sylvania,Sylvania 6519DD and 6513DD TV-DVD Combo,Sylvania 6513DD-6519DD TV-DVD Combo.rmdu,rmdu,00 5A,NEC1
TV Combos,Sylvania,Sylvania 6520FDE Tv/Dvd Combo,Sylvania 6520FDE.rmdu,rmdu,00 5A,NEC1
TV Combos,Sylvania,Sylvania LD155SL8 Remote Part# NF602UD,Sylvania LD155SL8-2104v2.rmdu,rmdu,00 5A,NEC1
TV Combos,Symphonic,"Symphonic SSC-139 13"" TV VCR FM combo",Symphonic_SSC-139_TV_vcr_fm.txt,txt,00 65,Emerson Combo (3-device)
TV Combos,Symphonic,"Symphonic WF20D4 20"" TV/DVD Combo",Symphonic WF20D4 20 inch TV-DVD Combo.rmdu,rmdu,00 5a,NEC1
TV Combos,Technika,Technika TV TX22D - DVD functions,Tecknika TV - DVD function.rmdu,rmdu,00 5A,NEC1
TV Combos,Technika,Technika TV TX22D - TV functions,Tecknika TV - TV function.rmdu,rmdu,00 5A,NEC1
TV Combos,Technika,Technika TV TX22D - TV/DVD Combo,Tecknika TV - DVD Combo.rmdu,rmdu,00 5A,NEC1
TV Combos,Technika,Technika TV/DVD/iPod Combo,Technika DVD-iPod Combo.rmdu,rmdu,00 5A,NEC1
TV Combos,Toshiba,Toshiba 19LV505 TV-DVD Combo,Toshiba_19LV505_TV-DVD.txt,txt,01 1A,NEC 4DEV Combo
TV Combos,Toshiba,Toshiba LCD TV w/DVD - 32LV67U,Toshiba_LCD_TVwDVD_32LV67U_1156.txt,txt,00 5A,NEC1
TV Combos,Toshiba,Toshiba MW-27H62,Toshiba MW-27H62.rmdu,rmdu,01 1A,NEC 4DEV Combo
TV Combos,Toshiba,Toshiba MW27H62,Toshiba MW27H62.rmdu,rmdu,01 1A,NEC 4DEV Combo
TV Combos,Toshiba,Toshiba MW27H62,Toshiba_MW27H62.txt,txt,01 1A,NEC 4DEV Combo
TV Combos,TruTech,TruTech T2000-D TV/DVD Combo (Target),TruTech T2000-D.rmdu,rmdu,00 5A,NEC1
TV Combos,TruTech,TruTech TV-DVD-Monitor PLV3119951 circa 2007,TruTech PLV3119951 .rmdu,rmdu,00 5A,NEC1
TV Combos,ViVo,ViVo LTV19DHDI TV-DVD Combo.rmdu,ViVo LTV19DHDI TV-DVD Combo.rmdu,rmdu,00 5A,NEC1
TV Combos,VisionQuest,VisionQuest LVQ-19HLD TV/DVD Combo,VisionQuest LVQ-19HLD.rmdu,rmdu,00 5A,NEC1
TV Combos,Westinghouse,Westinghouse SK-32H590D - TV/DVD Combo,Westinghouse SK-32H590D.rmdu,rmdu,00 DE,Sony20
TV Combos,Zenith,"Zenith TVBR1322 13"" TV/VCR combo",Zenith_TVBR1322_TV-VCR-1322.txt,txt,00 5A,NEC2
TV Combos,Zenith,Zenith TVBR1942Z,Zenith TVBR1942Z.rmdu,rmdu,00 5A,NEC2
Tape,ADS,ADS Tape Player,ADS_Tape.txt,txt,00 5A,NECx1
Tape,Aiwa,Aiwa AD-F810,AIWA AD-F810.rmdu,rmdu,00 5E,Aiwa
Tape,Aiwa,Aiwa XK-S9000.txt,Aiwa XK-S9000.txt,txt,00 5E,Aiwa
Tape,Denon,Denon Cassette.txt,Denon Cassette Decks.rmdu,rmdu,00 1C,Denon
Tape,Denon,Denon DRM-740,DENON DRM-740.rmdu,rmdu,00 1C,Denon
Tape,Denon,Denon Pro DN-T625 combo (cassette side),Denon Cassette.rmdu,rmdu,00 1C,Denon
Tape,JVC,JVC TD-W301,JVC_TD-W301.txt,txt,00 34,JVC
Tape,JVC,JVC XD-Z505,JVC XD-Z505.rmdu,rmdu,00 34,JVC
Tape,Kenwood,Kenwood KX-9050 tape,Kenwood-KX-9050-tape.txt,txt,00 5A,NEC1
Tape,Marantz,Marantz PMD351 Cassette Mode.txt,Marantz PMD351 Cassette Mode.txt,txt,00 E8,RC-5
Tape,Onkyo,Onkyo DT-901 DAT,Onkyo DT-901.rmdu,rmdu,00 5A,NEC1
Tape,Onkyo,Onkyo TA-2870,Onkyo TA-2870.rmdu,rmdu,00 5A,NEC1
Tape,Pioneer,Pioneer CT-1380WR Double Cassette Deck,Pioneer CT-1380WR Double Cassette Deck.rmdu,rmdu,00 E2,Pioneer
Tape,Pioneer,Pioneer Double Cassette Deck,Pioneer Double Cassette Deck.rmdu,rmdu,00 E2,Pioneer
Tape,Revox,Revox B215 Cassette (for URC8090),Revox B-215 Tape.rmdu,rmdu,00 a0,pid\: 00 A0
Tape,Revox,Revox B215 Tape Player,Revox_B215_Tape_Player.txt,txt,01 DC,Manual Settings
Tape,Sony,Sony Dual Cassette Deck,Sony_Dual_Cassette_Deck.txt,txt,00 CA,Sony12/15
Tape,Sony,Sony TC-K630ES (tape/0243),SonyTC-K630ES_Cass 0243.txt,txt,00 CA,Sony12/15
Tape,Sony,Sony TC-WR87ES Dual Cassette Deck,Sony TC-WR87ES.rmdu,rmdu,00 CA,Sony 12/15
Tape,Sony,Sony TC-WR99ES Dual Tape,Sony TC-WR99ES Dual Tape.rmdu,rmdu,00 ca,Sony 12/15
Tape,TEAC,TEAC W-890R cassette deck,TEAC W-890R.rmdu,rmdu,00 5A,NEC1
Tape,Tascam,Tascam DA-20 / DA-20 MKII / RC-D20 / DAT,Contour_Tascam DA-20.rmdu,rmdu,00 E2,Pioneer
Tape,Technics,Technics RS-AZ7_URC7781,URC7781_Technics RS-AZ7_RM.rmdu,rmdu,00 C9,Panasonic
Tape,Technics,Technics RS-AZ7_URC8820N,URC8820N_Technics RS-AZ7_RM.rmdu,rmdu,00 C9,Panasonic
Tape,Technics,Technics RS-TR575.txt,Technics RS-TR575.txt,txt,00 C9,Panasonic
Tape,Yamaha,YAMAHA KX-670,YAMAHA KX-670.rmdu,rmdu,00 5A,NEC1
Tape,Yamaha,Yamaha KX-800U Component Cassette Recorder,Yamaha_KX-800U_v2.txt,txt,00 5A,NEC1
Toys,HexBug,HexBug Inchworm,HexBug_Inchworm.txt,txt,01 FF,Manual Settings
Toys,Hitec,Hitec RoboNova,Hitec_Robonova_Robot_(mode_1).txt,txt,01 FF,Manual Settings
Toys,LEGO,LEGO Power Functions IR Speed Remote Control,Lego_6131-KM-v6b.txt,txt,01 FF,Manual Settings
Toys,National,National Geographic Triceratops (kids toy),National_Geographic_Triceratops.txt,txt,01 FF,Manual Settings
Toys,RoadMaster,RoadMaster RRDS100 Programmable LED Sign,RRDS100.rmdu,rmdu,00 5A,NEC1
Toys,RoboRaptor,RoboRaptor (kids toy),RoboRaptor.txt,txt,01 FF,Manual Settings
UEI Official,Audio,Audio 1058.rmdu,UEI Audio 1058.rmdu,rmdu,00 CA,Sony 12/15
UEI Official,Audio-0004,Audio-0004,Audio-0004.rmdu,rmdu,00 1C,Denon
UEI Official,Audio-0013,Audio-0013,Audio-0013.txt,txt,,Pioneer
UEI Official,Audio-0236,Audio-0236,Audio-0236.txt,txt,00 5A,NEC1
UEI Official,Audio-0264,Audio-0264,audio-0264.txt,txt,00 5A,NEC1
UEI Official,Audio-0319,Audio-0319,Audio-0319.txt,txt,00 5E,Aiwa
UEI Official,Audio-0456,Audio-0456,Audio-0456.rmdu,rmdu,00 5A,NEC1
UEI Official,Audio-0740,Audio-0740,RCVR-0740.txt,txt,00 5E,Aiwa
UEI Official,Audio-0799,Audio-0799,Audio-0799.txt,txt,00 EB,Manual Settings
UEI Official,Audio-0879,Audio-0879,RCVR-0879.txt,txt,00 5A,NEC1
UEI Official,Audio-0891,tuner 0891,tuner_0891.txt,txt,00 E8,RC-5
UEI Official,Audio-1099,Audio-1099,Audio-1099.txt,txt,01 24,Manual Settings
UEI Official,Audio-1115,Audio-1115 Apple TV,Audio1115.rmdu,rmdu,01 E0,Manual Settings\: 01 E0
UEI Official,Audio-1231,Audio-1231,Aud-1231.rmdu,rmdu,00 1A,F12
UEI Official,Audio-1288,Audio-1288,Audio-1288.txt,txt,00 CD,Panasonic Combo
UEI Official,Audio-1298,Audio-1298,Audio-1298.txt,txt,00 B6,Manual Settings
UEI Official,Audio-1424,Audio-1424,aud-1424.rmdu,rmdu,01 60,Manual Settings\: 01 60
UEI Official,Audio-1500,Audio-1500,AUD-1500.rmdu,rmdu,00 5A,NECx2
UEI Official,Audio-1609,Audio-1609,Audio-Amp-Tuner-1609.txt,txt,00 B6,NEC1 Combo (Official)
UEI Official,Audio-1656,Audio-1656,Audio-1656.txt,txt,01 7F,Pioneer MIX 4-Cmd
UEI Official,Audio-1759,Audio-1759,Audio-1759.txt,txt,00 27,Sony Combo (12/15/20)
UEI Official,Audio-1828,Audio-1828 (NEC1 111),Audio-1828.txt,txt,00 5A,NEC1
UEI Official,Audio-1868,Audio-1868,AUD-1868.rmdu,rmdu,00 5A,NECx2
UEI Official,Audio-2061,Audio-2061,Audio-2061.rmdu,rmdu,01 AD,NEC1-f16 Official
UEI Official,Audio-2172,Audio-2172,Audio-2172.txt,txt,00 27,Sony Combo (12/15/20)
UEI Official,Auio-1189,Tuner-1189,Tuner-1189.txt,txt,00 73,RC-5/5x Combo
UEI Official,CBL-0041,CBL-0041,CBL-0041.txt,txt,00 5A,NEC1
UEI Official,CBL-0144,CBL-0144,CBL-0144.txt,txt,00 60,Manual Settings
UEI Official,CBL-0237,CBL-0237,CBL-0237.txt,txt,,RC-5
UEI Official,CBL-0292,CBL-0292,CBL-0292.txt,txt,00 E8,RC-5
UEI Official,CBL-0749,CBL-0749,CBL-0749.txt,txt,00 5A,NEC1
UEI Official,CBL-0871,CBL-0871,CBL-0871.txt,txt,00 CC,Manual Settings
UEI Official,CBL-0899,CBL-0899,CBL-0899.txt,txt,00 5A,NEC1
UEI Official,CBL-1175,CBL-1175,CBL-1175.txt,txt,00 20,RC6-M-20n
UEI Official,CBL-1269,CBL-1269,CBL-1269.txt,txt,01 6C,XMP (JP1)
UEI Official,CBL-1291,CBL-1291,CBL-1291.txt,txt,,Manual Settings
UEI Official,CBL-1291,CBL-1291,Thomson DTI6300.rmdu,rmdu,00 4B,Thomson
UEI Official,CBL-1367,CBL-1367,CBL-1367.txt,txt,00 5E,Aiwa
UEI Official,CBL-1385,CBL-1385 (Sejin),CBL-1385.rmdu,rmdu,01 61,Manual Settings
UEI Official,CBL-1877,CBL-1877 (Scientific Atlanta),1877.rmdu,rmdu,00 00,Panasonic (old)
UEI Official,CBL-1959,CBL-1959,CBL-1959.txt,txt,01 55,Manual Settings
UEI Official,CBL-1982,CBL-1982,CBL-1982.txt,txt,01 6C,XMP (JP1)
UEI Official,Cable-1582,Cable-1582,CBL-1582.rmdu,rmdu,01 73,Nokia32
UEI Official,DVD-0298,DVD-0298,VCR-DVD-0298.rmdu,rmdu,00 5A,NECx2
UEI Official,DVD-0675,DVD-0675,DVD-0675.txt,txt,00 5A,NEC1
UEI Official,DVD-0695,DVD-0695,DVD-0695.txt,txt,00 5A,NEC2
UEI Official,DVD-0772,DVD-0772,VCR-DVD-0772.rmdu,rmdu,00 27,Sony Combo (12/15/20)
UEI Official,DVD-0841,DVD-0841,DVD-0841.txt,txt,00 E8,RC-5
UEI Official,DVD-0864,DVD-0864,DVD 1864 URC-6131.rmdu,rmdu,00 de,Sony20
UEI Official,DVD-1025,DVD-1025,DVD-1025.txt,txt,00 EB,Manual Settings
UEI Official,DVD-1234,DVD-1234,DVD-1234.txt,txt,00 5A,NEC1
UEI Official,DVD-1267,DVD/1267,DVD-1267.txt,txt,01 84,Manual Settings
UEI Official,DVD-1695,DVD-1695 Grundig_Tevion_Toshiba,DVD_0695_Grundig_Tevion_Toshiba.rmdu,rmdu,00 5a,NEC2
UEI Official,DVD-1803,DVD-1803,DVD-1803.txt,txt,00 7E,Pioneer MIX 4-Cmd
UEI Official,DVD-1830,DVD-1830 Insignia Nexxtech,DVD-1830.rmdu,rmdu,00 5A,NEC1
UEI Official,DVD-1906,DVD-1906,DVD-1906.txt,txt,00 5A,NECx1
UEI Official,DVD-1932,DVD-1932,VCR-DVD-1932.rmdu,rmdu,00 5A,NECx2
UEI Official,DVD-1979,DVD-1979,vcr-dvd-1979.rmdu,rmdu,00 5A,NECx2
UEI Official,DVD-2095,DVD-2095 Insignia,DVD-2095.rmdu,rmdu,00 5A,NEC1
UEI Official,DVD-2150,DVD-2150,DVD-2150.rmdu,rmdu,00 5A,NEC1
UEI Official,DVD-2255,DVD-2255 Insignia,DVD-2255.rmdu,rmdu,00 5A,NEC1
UEI Official,Misc-1155,Misc-1155,DLO_HomeDock_Deluxe_official_v3.txt,txt,01 BA,Manual Settings
UEI Official,SAT-0554,SAT-0554,SAT-0554.txt,txt,00 5A,NEC2
UEI Official,SAT-0596,SAT-0596,SAT-0596.txt,txt,01 82,Manual Settings
UEI Official,SAT-1162,SAT-1162 (Vivid DSD700S),Vivid DSD700S.rmdu,rmdu,01 1E,pid\: 01 1E
UEI Official,SAT-1409,SAT-1409,SAT-1409.txt,txt,00 45,RECS80 (45)
UEI Official,SAT-1442,SAT-1442,SAT-1442.txt,txt,00 45,RECS80 (45)
UEI Official,SAT-1693,SAT-1693,SAT-1693.txt,txt,01 6C,XMP (JP1)
UEI Official,SAT-1749,SAT-1749,SAT-1749.txt,txt,00 5A,NEC1
UEI Official,SAT-1993,SAT-1993,SAT-1993.txt,txt,00 5A,NEC1
UEI Official,TV-0159,TV-0159,TV-0159.rmdu,rmdu,00 83,pid-0083
UEI Official,TV-0178,TV-0178,TV-0178.txt,txt,00 5A,NEC1
UEI Official,TV-0245,TV-0245,TV-0245.txt,txt,00 5A,NEC1
UEI Official,TV-0361,TV-0361,TV-0361.txt,txt,00 2A,Manual Settings
UEI Official,TV-0565,TV 0565 (version 2),TV-0565-v2.txt,txt,00 EB,Manual Settings
UEI Official,TV-0565,TV-0565,TV-0565.txt,txt,00 EB,Manual Settings
UEI Official,TV-0620,TV-0620,TV-0620.txt,txt,00 EB,Manual Settings
UEI Official,TV-0653,TV-0653,TV-0653.txt,txt,00 98,Manual Settings
UEI Official,TV-0751,TV-0751,TV-0751.txt,txt,00 F8,Fujitsu
UEI Official,TV-0885,TV-0885,TV-0885.txt,txt,00 5A,NEC1
UEI Official,TV-0887,TV-0887,TV-0887.txt,txt,00 5A,NEC1
UEI Official,TV-1193,TV-1193 (Dreambox special),TV-1193-Dreambox.txt,txt,,Manual Settings
UEI Official,TV-1457,TV-1457,TV-1457.txt,txt,00 7E,Manual Settings
UEI Official,TV-1641,TV-1641,Insignia_NS-27HTV_ver2.txt,txt,01 9B,Manual Settings
UEI Official,TV-1656,TV-1656,TV-1656.txt,txt,00 5A,NEC1
UEI Official,TV-1755,TV-1755,TV-1755.txt,txt,00 65,Manual Settings
UEI Official,TV-2049,TV-2049 Insignia Emerson,TV-2049.rmdu,rmdu,00 5A,NEC1
UEI Official,VCR-0008,VCR-0008,VCR-0008.txt,txt,00 34,JVC
UEI Official,VCR-0081,VCR-0081,VCR-0081.txt,txt,00 E8,RC-5
UEI Official,VCR-0499,VCR-0499,VCR-0499.txt,txt,00 EB,Manual Settings
UEI Official,VCR-1041,VCR-1041,VCR-1041.txt,txt,,NEC1
UEI Official,VIDACC-1065,VIDACC 1065,VIDACC-1065.txt,txt,01 26,Manual Settings
UEI Official,Video-1158,Video 1158,Video-1158_(DVD-DVR).txt,txt,00 5A,NEC1
UEI Official,Video-5334,Video-5334,Video-5334.rmdu,rmdu,00 5A,NEC1
VCR,Aiwa,Aiwa HV-FX7800 / RC-BVR01,Aiwa HV-FX7800 RC-BVR01.rmdu,rmdu,00 5A,NEC1
VCR,Aiwa,Aiwa HV-GX955 / RC-AVR03,Aiwa HV-GX955 RC-AVR03.rmdu,rmdu,00 5A,NEC1
VCR,Aiwa,Aiwa MX100,Aiwa MX100 .txt,txt,00 5E,Aiwa
VCR,Akai,Akai G2160 VCR,AKAI G2160 VCR.txt,txt,00 5A,NEC1
VCR,Akai,Akai G2160 VCR,Akai-G2160-VCR.txt,txt,00 5A,NEC1
VCR,Akai,Akai VCR VS-425EA,Akai_VCR_VS-425EA.txt,txt,00 5A,NEC1
VCR,Akai,Akai VS-G70S,Akai-VS-G70S.txt,txt,00 5A,NEC2
VCR,Akai,Akai VS-G735 VCR,Akai VS-G735 VCR.rmdu,rmdu,00 5a,NEC1
VCR,Akai,Akai VS-G735 VCR,Akai VS-G735 VCR.txt,txt,00 5A,NEC1
VCR,Akai,Akai VSX1000,Akai-VSX1000.txt,txt,00 5A,NEC1
VCR,Allegro,Allegro ABV341 (VCR),Allegro-ABV341 (VCR).txt,txt,00 5A,NEC2
VCR,Broksonic,Broksonic VHSA-6741CTTCT,Broksonic_VHSA-6741CTTCT.txt,txt,00 5A,NEC1
VCR,Bush,Bush VCR807 OVD-6/B for 8040,VCR_Bush_1348_for_8040 87_1652.txt,txt,00 5A,NEC2
VCR,Clover,Clover,Clover.rmdu,rmdu,00 5A,NEC1
VCR,Daewoo,Daewoo VCR,Daewoo_VCR.txt,txt,00 5C,Proton
VCR,Daewoo,Daewoo VCR Upgrade,Daewoo_VCR_Upgrade.txt,txt,00 5C,Proton
VCR,Emerson,Emerson EWV603 VCR,Emerson_EWV603_VCR.txt,txt,00 65,Emerson
VCR,Fischer,Fischer VCR,Fisher VCR.rmdu,rmdu,00 5A,NEC1
VCR,GE,GE VCR,GE VCR.txt,txt,00 AF,RCA
VCR,GE,GE VCR VG4010,GE VCR VG4010.txt,txt,00 00,Panasonic (old)
VCR,GoVideo,GoVideo GV-4000,Go-Video-v1.txt,txt,00 5A,NECx2
VCR,GoVideo,GoVideo GV-8050VCR 6012,GoVideoGV-8050VCR_6012.txt,txt,00 5A,NECx1
VCR,Hitachi,Hitachi FX665,Hitachi-FX665-VCR-URC9910a.txt,txt,00 65,Emerson
VCR,Hitachi,Hitachi VT-FX6505A,Hitachi_VT-FX6505A_1042.rmdu,rmdu,00 5A,NEC1
VCR,Hitachi,Hitachi VTR2 (OneForAll VCR/0166),Hitachi_VTR2.rmdu,rmdu,00 5A,NEC1
VCR,JVC,JVC HM-DH30000U D-VHS VCR for URC-9910,JVC HM-DH30000U D-VHS VCR for URC-9910.txt,txt,00 34,JVC
VCR,JVC,JVC HR-A55U .rmdu,JVC HR-A55U .rmdu,rmdu,00 34,JVC
VCR,JVC,JVC HR-A591U,JVC_HR-A591U.txt,txt,00 34,JVC
VCR,JVC,JVC HR-J255EE,JVC_HR-J255EE.txt,txt,00 34,JVC
VCR,JVC,JVC HR-S29U & Remote LP20303-015 (Control Code A),JVC_HR-S29U_1.txt,txt,00 34,JVC
VCR,JVC,JVC HR-S29U & Remote LP20303-015 (Control Code B),JVC_HR-S29U_2.txt,txt,00 34,JVC
VCR,JVC,JVC HR-S3500U Remote LP20337-033.rmdu,JVC HR-S3500U Remote LP20337-033.rmdu,rmdu,00 34,JVC
VCR,JVC,JVC HR-S3901U,JVC HR-S3901U.txt,txt,00 34,JVC
VCR,JVC,JVC HR-S5902-5912U,JVC_HR-S5902-5912U.txt,txt,00 34,JVC
VCR,JVC,JVC HR-VP676U,JVC_HR-VP676U_VCR.txt,txt,00 34,JVC
VCR,JVC,JVC HR-VP782U VCR,JVC_HR-VP782U_VCR.txt,txt,00 34,JVC
VCR,JVC,JVC LP20878-001,jvc-vcr-LP20878-001.rmdu,rmdu,00 34,JVC
VCR,LG,LG EC996NS,LG EC996NS-5.rmdu,rmdu,00 5A,NEC1
VCR,LG,LG LV300 VCR,VCR LG LV300.rmdu,rmdu,00 5A,NEC1
VCR,LG,LG VCR LV-989,LG_VCR_LV-989.txt,txt,00 5A,NEC1
VCR,Lifetec,Lifetec 1348,Lifetec_1348.txt,txt,00 5A,NEC2
VCR,Matsui,Matsui VP9501 VCR,Matsui_VP9501_VCR_a.txt,txt,00 5A,NEC1
VCR,Memorex,Memorex MV4040-F VCR,Memorex MVR4040-F VCR.rmdu,rmdu,00 5A,NEC1
VCR,Memorex,Memorex SM460 VCR 0035,Memorex_SM460_VCR_0035.txt,txt,00 00,Panasonic (old)
VCR,Mitsubishi,Mitsubishi HS-U57-A,Mitsubishi_HS-U57_A.txt,txt,00 14,Mitsubishi
VCR,Mitsubishi,Mitsubishi HS-U57-B,Mitsubishi_HS-U57_B.txt,txt,00 14,Mitsubishi
VCR,Mitsubishi,Mitsubishi HS-U58 VCR - A Codes,Mitsubishi_HS-U58_VCR_A_Codes.txt,txt,00 34,JVC
VCR,Mitsubishi,Mitsubishi HS-U58 VCR - B Codes,Mitsubishi_HS-U58_VCR_B_Codes.txt,txt,00 34,JVC
VCR,Mitsubishi,Mitsubishi HS-U775 VCR 0043,Mitsubishi_HS-U775_VCR_0043.txt,txt,00 14,Mitsubishi
VCR,Mitsubishi,Mitsubishi HS-U775 VCR 0043,Mitsubishi_HS-U775_VCR_0043.txt,txt,00 14,Mitsubishi
VCR,Mitsubishi,Mitsubishi HS-U795 VCR A,Mitsubishi HS-U795 VCR A.rmdu,rmdu,00 14,Mitsubishi
VCR,Mitsubishi,Mitsubishi HS-U795 VCR B,Mitsubishi HS-U795 VCR B.rmdu,rmdu,00 14,Mitsubishi
VCR,Mitsubishi,Mitsubishi VCR A,Mitsubishi_VCR_A.txt,txt,00 14,Mitsubishi
VCR,Mitsubishi,Mitsubishi VCR HS-U510,Mitsubishi VCR HS-U510.txt,txt,00 14,Mitsubishi
VCR,NEC,NEC DS8000U,NEC DS8000U VCR.rmdu,rmdu,00 5A,NEC1
VCR,NEC,NEC N-5400 VCR,NEC N-5400 VCR.txt,txt,00 5A,NEC1
VCR,NEC,NEC VHG-104NZ VCR,NEC VCR VHG-104NZ.rmdu,rmdu,00 5A,NEC1
VCR,Panasonic,Panasonic AG-1980,Panasonic_AG-1980.txt,txt,00 CD,Panasonic Combo
VCR,Panasonic,Panasonic AG-1980 (old protocol),Panasonic(old)_AG-1980.txt,txt,00 00,Panasonic (old)
VCR,Panasonic,Panasonic AG-W1 Worldwide VCR,Panasonic VCR (old).rmdu,rmdu,00 00,Panasonic (old)
VCR,Panasonic,Panasonic NV-F55A VCR,Panasonic NV-F55A VCR.rmdu,rmdu,00 CD,Panasonic Combo
VCR,Panasonic,Panasonic NV-F65,Panasonic NV-F65.rmdu,rmdu,00 CD,Panasonic Combo
VCR,Panasonic,Panasonic NV-FJ 630 for OFA 8910 URC,Panasonic NV-FJ 630 VCR.rmdu,rmdu,00 c9,Panasonic
VCR,Panasonic,Panasonic NV-FJ632F VCR,Panasonic NV-FJ632F.rmdu,rmdu,00 CD,Panasonic Combo
VCR,Panasonic,Panasonic NV-HD610_URC7781,URC7781_Panasonic NV-HD610_RM.rmdu,rmdu,00 C9,Panasonic
VCR,Panasonic,Panasonic NV-HD650MK2A,Panasonic NV-HD650MK2A.rmdu,rmdu,00 CD,Panasonic Combo
VCR,Panasonic,Panasonic NVFJ622F,Panasonic_NVFJ622F.txt,txt,00 FF,Panasonic Combo2
VCR,Panasonic,Panasonic NVFJ622F VCR,Panasonic_NVFJ622F_VCR.rmdu,rmdu,00 cd,Panasonic Combo2
VCR,Panasonic,Panasonic PV-9451,Panasonic PV-9451.txt,txt,,Panasonic VCR Combo
VCR,Panasonic,Panasonic PV-S9670 for URC 9910 8810,Panasonic PV-S9670 for URC 9910 8810.txt,txt,00 CD,Panasonic Combo
VCR,Panasonic,Panasonic PV-V4020 PV-V4520,Panasonic_PV-V4020_PV-V4520.txt,txt,01 1F,Panasonic MIX Combo
VCR,Panasonic,Panasonic PV-V4521K,Panasonic_PV-V4521K.txt,txt,00 42,Panasonic Combo2
VCR,Panasonic,Panasonic PV-VS4821 VCR,Panasonic PV-VS4821 VCR.txt,txt,00 42,Panasonic Combo2
VCR,Panasonic,Panasonic PV9661,Panasonic_PV9661.txt,txt,00 42,Panasonic Combo2
VCR,Panasonic,Panasonic VCR 1666,PanaVCR_1666.txt,txt,00 42,Panasonic Combo2
VCR,Panasonic,Panasonic VCR Master (PV-),Panasonic_VCR_Master.txt,txt,00 CD,Panasonic Combo
VCR,Panasonic,Panasonic VCR Master2 (NV-FJ),Panasonic_VCR_Master2.txt,txt,00 CD,Panasonic Combo
VCR,Panasonic,Panasonic VCR PV-4351,Panasonic_VCR_PV-4351.txt,txt,00 00,Panasonic (old)
VCR,Panasonic,Panasonic VCR PV-4551,Panasonic_VCR_PV-4551.txt,txt,00 1F,Panasonic VCR Combo
VCR,Panasonic,Panasonic VCR PV-V4524S,Panasonic_VCR_PV-V4524S.txt,txt,01 1F,Panasonic MIX Combo
VCR,Panasonic,Panasonic VCR old,Panasonic_VCR_old.txt,txt,00 00,Panasonic (old)
VCR,Perkins,Perkins,Perkins.rmdu,rmdu,00 5A,NEC1
VCR,Philips,Philips VCR 1081,Philips VCR 1081.txt,txt,00 E8,RC-5
VCR,Philips,Phillips VR-960 VCR,Phillips_VR-960_VCR.txt,txt,00 E8,RC-5
VCR,Philips,philips vcr500 code 1081 for remote master,philips vcr500-code1081.rmdu,rmdu,00 e8,RC-5
VCR,Polaroid,Polaroid DVC-2000 (VCR),Polaroid_DVC-2000_(VCR).txt,txt,00 5A,NEC1
VCR,Proscan,Proscan PSVR57 vcr,Proscan-VCR-PSVR57.txt,txt,00 AF,RCA
VCR,Quasar,Quasar VHQ-40M,QuasarVHQ-40M_VCR.txt,txt,00 42,Panasonic Combo2
VCR,RCA,RCA VCR,RCA VCR .txt,txt,00 AF,RCA
VCR,RCA,RCA VCR Proscan PSVR82,RCA VCR Proscan PSVR82.RMDU,RMDU,00 af,RCA
VCR,RCA,RCA VCR VR503,RCA_VCR_VR503.txt,txt,00 AF,RCA
VCR,RCA,RCA VR725HF,RCA VR725HF.txt,txt,00 AF,RCA
VCR,Saba,Saba vcr-8910,Saba_vcr-8910.txt,txt,00 4B,Thomson
VCR,Samsung,Samsung CXD2512,Samsung_CXD2512.txt,txt,00 5A,NECx2
VCR,Samsung,Samsung SV-670,Samsung_VCR_SV-670_URC801x_601x.txt,txt,00 5A,NECx1
VCR,Samsung,Samsung SV5000-Wordwide-VCR,Samsung-SV5000-Wordwide-VCR.txt,txt,00 5A,NECx2
VCR,Samsung,Samsung SW-5000W,Samsung_SW-5000W.rmdu,rmdu,00 5A,NECx2
VCR,Samsung,Samsung SW-5000W,URC8820-Samsung_SW-5000W.rmdu,rmdu,00 5A,NECx2
VCR,Samsung,Samsung VR8360C and VR5360C / Kameleon 8,VCR-241_-_Samsung_VR8360C.txt,txt,00 5A,NECx2
VCR,Samsung,Samsung VR8460 VCR.rmdu,Samsung VR8460 VCR.rmdu,rmdu,00 5a,NECx1
VCR,Sansui,Sansui VHF6010 VCR,Sansui VHF6010 VCR.txt,txt,00 5A,NEC2
VCR,Sanyo,Sanyo 1046 VCR Setup Code,Sanyo 1046 VCR Setup Code.txt,txt,00 5A,NEC1
VCR,Sanyo,Sanyo A09800 VCR,Sanyo A09800 VCR.rmdu,rmdu,00 5A,NEC1
VCR,Sanyo,Sanyo VCR VHR-778,Sanyo_VCR_VHR-778.txt,txt,00 5A,NEC1
VCR,Sanyo,Sanyo VCR VWM-360,Sanyo_VCR_VWM-360.txt,txt,00 5A,NEC1
VCR,Sanyo,Sanyo VCR VWM-686,Sanyo_VCR_VWM-686.txt,txt,00 5A,NEC1
VCR,Sharp,Sharp VC-958 Remote RRMCG0120AJSA,Sharp VC-958 Remote RRMCG0120AJSA.rmdu,rmdu,00 1c,Sharp
VCR,Sharp,Sharp VC-H94 VCR (KM),SHARP-_VC-H94_KM.txt,txt,00 1C,Sharp
VCR,Sharp,Sharp VCR VCH960,Sharp VCR VCH960.rmdu,rmdu,00 1C,Sharp
VCR,Sharp,Sharp Vcr,Sharp_Vcr.txt,txt,00 1C,Sharp
VCR,Sharp,Sharp vcr 0048,Sharp_vcr_0048.txt,txt,00 1C,Sharp
VCR,Sony,Sony EV-C400E,SONY EV-C400E.rmdu,rmdu,00 CA,Sony 12/15
VCR,Sony,Sony SLV-700HF,sony-slv-700hf.txt,txt,00 CA,Sony12/15
VCR,Sony,Sony SLV-775HF,vcr.sony.slv-775hf.txt,txt,00 CA,Sony12/15
VCR,Sony,Sony SLV-N700 VCR,Sony SLV-N700 VCR.txt,txt,00 CA,Sony 12/15
VCR,Sony,Sony SLV-N750,Sony VCR SLV - N750.rmdu,rmdu,00 CA,Sony 12/15
VCR,Sony,Sony SLV-R1000,Sony SLV-R1000.txt,txt,00 CA,Sony12/15
VCR,Sony,Sony SLV-SE220,Sony_SLV-SE220_km612.txt,txt,00 27,Sony Combo
VCR,Sony,Sony VCR SLV - N81,Sony_VCR_SLV_-_N81.txt,txt,00 CA,Sony 12/15
VCR,Sylvania,Sylvania 6260VF VCR,Sylvania_VCR_6260VF.txt,txt,00 65,Emerson Combo (3-device)
VCR,Sylvania,Sylvania VCR,Sylvania VCR.txt,txt,00 65,Emerson
VCR,Toshiba,Toshiba VCR,RS2116 Toshiba VCR 1045.rmdu,rmdu,00 5a,NEC1
VCR,Toshiba,Toshiba W528 VCR Device Upgrade,Toshiba_W528_VCR_Device_Upgrade.txt,txt,00 5A,NEC1
VCR,Toshiba,Toshiba W603 VCR,Toshiba_W603_VCR.txt,txt,00 5A,NEC1
VCR,Toshiba,Toshiba W808 VCR,Toshiba W808 VCR.rmdu,rmdu,00 5A,NEC1
VCR,Zenith,Zenith VCR,Zenith-VCR-0039.txt,txt,00 22,Zenith
VCR,Zenith,Zenith VCR,Zenith-VCR-0039.txt,txt,00 22,Zenith
VCR,Zenith,Zenith VCRplus+,Zenith-VCRPlus.txt,txt,00 22,Zenith
