Marantz Remote Command Chart,,,,,,,,X,,,,Hex Code (Basic Commands Only),
,,,43173,,,,,This pink color's cell = New assigned code,,,,,
,,,V02,,,,,,,,,,
"Item: AV Pre/Processor, AV Receiver, Stereo Receiver",,,,,,,,,,,,,
,,"*... Note is placed at end of this chart. 
Function description is located right end.","Remote Code: 
RC-5/ RC-5 Ex. Format",,,For search,For AMX Extension Command(*7),AV Receiver,AV Receiver,"Slim Line
AV Receiver","Slim Line
AV Receiver","Made by: Marantz America, LLC.",
Zone,,Command Name,System,Command,Extension,,,SR6013,SR5013,NR1609,NR1509,FUNCTION,Hex Code (Basic Commands Only)
Main,Power,POWER ON/OFF,16,12,---,16 12,RCRC516012,X,X,X,X,Power the unit On / Standby (Toggle),0000 0073 0000 0018 0020 0020 0020 0020 0020 0020 0040 0020 0020 0020 0020 0020 0020 0020 0020 0020 0020 0040 0020 0020 0040 0020 0020 0C5B 0020 0020 0020 0020 0020 0020 0040 0020 0020 0020 0020 0020 0020 0020 0020 0020 0020 0040 0020 0020 0040 0020 0020 0498
Zone,Control,POWER ON,16,12,01,16 12 01,RCRC51601201,X,X,X,X,Power On,0000 0071 0000 0024 0020 0020 0020 0020 0020 0020 0040 0020 0020 0020 0020 0020 0020 00A1 0020 0020 0020 0040 0020 0020 0040 0020 0020 0020 0020 0020 0020 0020 0020 0020 0020 0020 0020 0040 0020 0AAB 0020 0020 0020 0020 0020 0020 0040 0020 0020 0020 0020 0020 0020 00A1 0020 0020 0020 0040 0020 0020 0040 0020 0020 0020 0020 0020 0020 0020 0020 0020 0020 0020 0020 0040 0020 04B0
,,POWER OFF,16,12,02,16 12 02,RCRC51601202,X,X,X,X,Standby,0000 0071 0000 0022 0020 0020 0020 0020 0020 0020 0040 0020 0020 0020 0020 0020 0020 00A1 0020 0020 0020 0040 0020 0020 0040 0020 0020 0020 0020 0020 0020 0020 0020 0020 0020 0040 0040 0AAB 0020 0020 0020 0020 0020 0020 0040 0020 0020 0020 0020 0020 0020 00A1 0020 0020 0020 0040 0020 0020 0040 0020 0020 0020 0020 0020 0020 0020 0020 0020 0020 0040 0040 04B0
,,SYSTEM POWER OFF,16,12,13,16 12 13,RCRC51601213,X,X,X,X,Turn MAIN Zone and MULTI Zone to standby,0000 0071 0000 0020 0020 0020 0040 0040 0040 0020 0020 0020 0020 0020 0020 00A0 0020 0020 0020 0040 0020 0020 0040 0020 0020 0020 0020 0020 0020 0040 0020 0020 0040 0040 0020 0AAB 0020 0020 0040 0040 0040 0020 0020 0020 0020 0020 0020 00A0 0020 0020 0020 0040 0020 0020 0040 0020 0020 0020 0020 0020 0020 0040 0020 0020 0040 0040 0020 04B0
,Volume,VOL +,16,16,---,16 16,RCRC516016,X,X,X,X,Master volume up & mute off,0000 0073 0000 0016 0020 0020 0040 0040 0040 0020 0020 0020 0020 0020 0020 0020 0020 0040 0040 0020 0020 0020 0020 0020 0020 0C72 0020 0020 0040 0040 0040 0020 0020 0020 0020 0020 0020 0020 0020 0040 0040 0020 0020 0020 0020 0020 0020 0491
,Control,VOL -,16,17,---,16 17,RCRC516017,X,X,X,X,Master volume down & mute off,0000 0073 0000 0018 0020 0020 0020 0020 0020 0020 0040 0020 0020 0020 0020 0020 0020 0020 0020 0040 0040 0020 0020 0020 0020 0040 0020 0C72 0020 0020 0020 0020 0020 0020 0040 0020 0020 0020 0020 0020 0020 0020 0020 0040 0040 0020 0020 0020 0020 0040 0020 0491
,,Direct VOLUME,16,111,00-63,16 111 [00-63],RCRC516111,X,X,X,X,Discrete Volume level select,
,,Audio MUTE ON,16,13,00,16 13 00,RCRC51601300,X,X,X,X,Mute On,0000 0071 0000 0022 0020 0020 0020 0020 0020 0020 0040 0020 0020 0020 0020 0020 0020 00A1 0020 0020 0020 0040 0020 0020 0040 0040 0040 0020 0020 0020 0020 0020 0020 0020 0020 0020 0020 0AAB 0020 0020 0020 0020 0020 0020 0040 0020 0020 0020 0020 0020 0020 00A1 0020 0020 0020 0040 0020 0020 0040 0040 0040 0020 0020 0020 0020 0020 0020 0020 0020 0020 0020 04B0
,,Audio MUTE OFF,16,13,01,16 13 01,RCRC51601301,X,X,X,X,Mute Off,0000 0071 0000 0020 0020 0020 0040 0040 0040 0020 0020 0020 0020 0020 0020 00A1 0020 0020 0020 0040 0020 0020 0040 0040 0040 0020 0020 0020 0020 0020 0020 0020 0020 0040 0020 0AAB 0020 0020 0040 0040 0040 0020 0020 0020 0020 0020 0020 00A1 0020 0020 0020 0040 0020 0020 0040 0040 0040 0020 0020 0020 0020 0020 0020 0020 0020 0040 0020 04B0
,,Audio MUTE (Toggle),16,13,---,16 13,RCRC516013,X,X,X,X,Mute On & Off ( Toggle),0000 0073 0000 0018 0020 0020 0020 0020 0020 0020 0040 0020 0020 0020 0020 0020 0020 0020 0020 0020 0020 0040 0020 0020 0040 0040 0020 0C74 0020 0020 0020 0020 0020 0020 0040 0020 0020 0020 0020 0020 0020 0020 0020 0020 0020 0040 0020 0020 0040 0040 0020 0492
,Speaker,SPEAKER Sel.,16,29,---,16 29,RCRC516029,X,X,X,X,Select Speaker (SPKR-A> SPKR-B> SPKR-A+B> SPKR-Off>),0000 0071 0000 0016 0021 0021 0041 0041 0041 0021 0021 0021 0021 0021 0021 0021 0021 0041 0021 0021 0021 0021 0041 0041 0021 0CEE 0021 0021 0041 0041 0041 0021 0021 0021 0021 0021 0021 0021 0021 0041 0021 0021 0021 0021 0041 0041 0021 04B0
,Output,SPEAKER-A ON/OFF,16,35,---,16 35,RCRC516035,X,X,X,X,Speaker A On/Off Toggle,0000 0071 0000 0016 0021 0021 0041 0041 0041 0021 0021 0021 0021 0021 0021 0021 0021 0041 0021 0021 0021 0021 0041 0041 0021 0CEE 0021 0021 0041 0041 0041 0021 0021 0021 0021 0021 0021 0021 0021 0041 0021 0021 0021 0021 0041 0041 0021 04B0
,,SPEAKER-B ON/OFF,16,39,---,16 39,RCRC516039,X,X,X,X,Speaker B On/Off Toggle,
,Menu,OSD Menu On,16,82,---,16 82,RCRC516082,X,X,X,X,OSD Menu On,0000 0071 0000 001A 0020 0020 0020 0020 0020 0020 0041 0020 0020 0020 0020 0020 0020 0020 0020 0020 0020 0041 0020 0020 0020 0020 0020 0020 0020 0C9B 0020 0020 0020 0020 0020 0020 0041 0020 0020 0020 0020 0020 0020 0020 0020 0020 0020 0041 0020 0020 0020 0020 0020 0020 0020 04B0
,Control,MENU,16,82,60,16 82 60,RCRC51608260,X,X,X,X,Menu on/off,0000 0071 0000 0024 0040 0020 0020 0040 0040 0020 0020 0020 0020 0020 0020 00A1 0020 0040 0040 0020 0020 0040 0040 0040 0020 0020 0020 0020 0020 0020 0040 0020 0020 0AA3 0040 0020 0020 0040 0040 0020 0020 0020 0020 0020 0020 00A1 0020 0040 0040 0020 0020 0040 0040 0040 0020 0020 0020 0020 0020 0020 0040 0020 0020 0AA3 0040 0020 0020 0040 0040 0020 0020 0020 0020 0020 0020 04A7
,,OPTION,16,82,11,16 82 11,RCRC51608211,X,X,X,X,Option Menu on/off,
,,EXIT MENU,16,83,---,16 83,RCRC516083,X,X,X,X,Exit from OSD menu,0000 0073 0000 0016 0040 0020 0020 0040 0040 0020 0020 0020 0020 0020 0020 0020 0020 0040 0040 0020 0020 0040 0020 0020 0020 0C5B 0040 0020 0020 0040 0040 0020 0020 0020 0020 0020 0020 0020 0020 0040 0040 0020 0020 0040 0020 0020 0020 0498
,,ENTER (OK),16,87,---,16 87,RCRC516087,X,X,X,X,Enter,0000 0073 0000 0016 0040 0020 0020 0040 0040 0020 0020 0020 0020 0020 0020 0020 0020 0040 0040 0040 0020 0020 0020 0020 0020 0C5B 0040 0020 0020 0040 0040 0020 0020 0020 0020 0020 0020 0020 0020 0040 0040 0040 0020 0020 0020 0020 0020 0498
,,Return,16,87,04,16 87 04,RCRC51608704,X,X,X,X,Return,0000 0071 0000 001E 0040 0040 0020 0020 0040 0020 0020 0020 0020 0020 0020 00A0 0020 0040 0040 0040 0020 0020 0020 0020 0040 0020 0020 0020 0020 0040 0040 0020 0020 0AA1 0040 0040 0020 0020 0040 0020 0020 0020 0020 0020 0020 00A0 0020 0040 0040 0040 0020 0020 0020 0020 0040 0020 0020 0020 0020 0040 0040 0020 0020 04A6
,,CURSOR Up,16,80,---,16 80,RCRC516080,X,X,X,X,Cursor Up,0000 0073 0000 0016 0040 0020 0020 0040 0040 0020 0020 0020 0020 0020 0020 0020 0020 0040 0040 0020 0020 0020 0020 0020 0020 0C5B 0040 0020 0020 0040 0040 0020 0020 0020 0020 0020 0020 0020 0020 0040 0040 0020 0020 0020 0020 0020 0020 0498
,,CURSOR Down,16,81,---,16 81,RCRC516081,X,X,X,X,Cursor Down,0000 0073 0000 0016 0040 0040 0020 0020 0040 0020 0020 0020 0020 0020 0020 0020 0020 0040 0040 0020 0020 0020 0020 0040 0020 0C5B 0040 0040 0020 0020 0040 0020 0020 0020 0020 0020 0020 0020 0020 0040 0040 0020 0020 0020 0020 0040 0020 0498
,,CURSOR Left,16,85,---,16 85,RCRC516085,X,X,X,X,Cursor Left,0000 0073 0000 0014 0040 0040 0020 0020 0040 0020 0020 0020 0020 0020 0020 0020 0020 0040 0040 0040 0040 0040 0020 0C72 0040 0040 0020 0020 0040 0020 0020 0020 0020 0020 0020 0020 0020 0040 0040 0040 0040 0040 0020 0491
,,CURSOR Right,16,86,---,16 86,RCRC516086,X,X,X,X,Cursor Right,0000 0073 0000 0014 0040 0020 0020 0040 0040 0020 0020 0020 0020 0020 0020 0020 0020 0040 0040 0040 0020 0020 0040 0C72 0040 0020 0020 0040 0040 0020 0020 0020 0020 0020 0020 0020 0020 0040 0040 0040 0020 0020 0040 0491
,Display /,Dimmer(Display),16,15,00,16 15 00,RCRC51601500,X,X,X,X,FL Display mode(Input > Surround> Auto-off>off > ) or Dimmer,0000 0071 0000 0024 0020 0020 0020 0020 0020 0020 0040 0020 0020 0020 0020 0020 0020 00A1 0020 0020 0020 0040 0020 0020 0020 0020 0020 0020 0040 0020 0020 0020 0020 0020 0020 0020 0020 0020 0020 0AAB 0020 0020 0020 0020 0020 0020 0040 0020 0020 0020 0020 0020 0020 00A1 0020 0020 0020 0040 0020 0020 0020 0020 0020 0020 0040 0020 0020 0020 0020 0020 0020 0020 0020 0020 0020 04B0
,Video,Info.,16,15,08,16 15 08,RCRC51601508,X,X,X,X,Information On/Off,
,,OSD Info.,16,15,---,16 15,RCRC516015,X,X,X,X,OSD General information On / Off,0000 0071 0000 001A 0020 0020 0020 0020 0020 0020 0041 0020 0020 0020 0020 0020 0020 0020 0020 0020 0020 0041 0020 0020 0020 0020 0020 0020 0020 0C9B 0020 0020 0020 0020 0020 0020 0041 0020 0020 0020 0020 0020 0020 0020 0020 0020 0020 0041 0020 0020 0020 0020 0020 0020 0020 04B0
,,Status,16,15,07,16 15 07,RCRC51601507,X,X,X,X,Display the status,0000 0071 0000 0025 0020 0020 0040 0040 0040 0020 0020 0020 0020 0020 0020 00A1 0020 0020 0020 0040 0020 0020 0020 0020 0020 0020 0040 0020 0020 0020 0020 0040 0020 0020 0020 0020 0020 0AA4 0020 0020 0040 0040 0040 0020 0020 0020 0020 0020 0020 00A1 0020 0020 0020 0040 0020 0020 0020 0020 0020 0020 0040 0020 0020 0020 0020 0040 0020 0020 0020 0020 0020 0AA4 0020 0020 0040 0040 0040 04A7
,,Video Select,16,15,50,16 15 50,RCRC51601550,X,X,X,X,Move to Video Select  mode,0000 0071 0000 0010 001F 001F 0040 0040 0040 001F 001F 001F 001F 001F 001F 00A0 001F 001F 001F 0040 001F 001F 001F 001F 001F 001F 001F 001F 001F 001F 0040 001F 001F 0040 0040 0AA2
,,VIDEO  OFF (V.OFF),16,13,02,16 13 02,RCRC51601302,---,---,---,---,Video output Off/On toggle,0000 0071 0000 0020 0020 0020 0020 0020 0020 0020 0040 0020 0020 0020 0020 0020 0020 00A1 0020 0020 0020 0040 0020 0020 0040 0040 0040 0020 0020 0020 0020 0020 0020 0040 0040 0AAB 0020 0020 0020 0020 0020 0020 0040 0020 0020 0020 0020 0020 0020 00A1 0020 0020 0020 0040 0020 0020 0040 0040 0040 0020 0020 0020 0020 0020 0020 0040 0040 04B0
,Input,INPUT NEXT,16,00,13,16 00 13,RCRC51600013,X,X,X,X,Switch Input forward,0000 0071 0000 0025 0020 0020 0040 0040 0040 0020 0020 0020 0020 0020 0020 00A1 0020 0020 0020 0020 0020 0020 0020 0020 0020 0020 0020 0020 0020 0020 0020 0040 0020 0020 0040 0040 0020 0AA6 0020 0020 0040 0040 0040 0020 0020 0020 0020 0020 0020 00A1 0020 0020 0020 0020 0020 0020 0020 0020 0020 0020 0020 0020 0020 0020 0020 0040 0020 0020 0040 0040 0020 0AA6 0020 0020 0040 0040 0027 04A9
,Source,INPUT BACK,16,00,14,16 00 14,RCRC51600014,X,X,X,X,Switch Input backward,0000 0071 0000 0022 0020 0020 0040 0040 0040 0020 0020 0020 0020 0020 0020 00A1 0020 0020 0020 0020 0020 0020 0020 0020 0020 0020 0020 0020 0020 0020 0020 0040 0020 0020 0020 0020 0040 0AA9 0020 0020 0040 0040 0040 0020 0020 0020 0020 0020 0020 00A1 0020 0020 0020 0020 0020 0020 0020 0020 0020 0020 0020 0020 0020 0020 0020 0040 0020 0020 0020 0020 0040 04AA
,,"TUNER (TUNER,FM)",17,63,---,17 63,RCRC517063,X,X,X,X,Select Tuner,0000 0071 0000 0018 0020 0020 0041 0041 0041 0020 0020 0020 0020 0041 0020 0020 0020 0020 0020 0020 0020 0020 0020 0020 0020 0020 0020 0C9B 0020 0020 0041 0041 0041 0020 0020 0020 0020 0041 0020 0020 0020 0020 0020 0020 0020 0020 0020 0020 0020 0020 0020 04B0
,,Blu-ray(BD)(Code1),07,63,00,07 63 00,RCRC50706300,X,X,X,X,Select Blu-ray input,0000 0071 0000 0024 0020 0020 0020 0020 0040 0020 0020 0040 0020 0020 0020 0020 0020 00A1 0020 0020 0020 0020 0020 0020 0020 0020 0020 0020 0040 0020 0020 0020 0020 0020 0020 0020 0020 0020 0020 0AAB 0020 0020 0020 0020 0040 0020 0020 0040 0020 0020 0020 0020 0020 00A1 0020 0020 0020 0020 0020 0020 0020 0020 0020 0020 0040 0020 0020 0020 0020 0020 0020 0020 0020 0020 0020 04B0
,,Blu-ray(BD)(Code2),28,63,00,28 63 00,RCRC52806300,X,X,X,X,Select Blu-ray input,0000 0071 0000 0033 001F 001F 0040 0040 001F 001F 001F 001F 0040 001F 001F 00C1 001F 001F 001F 001F 001F 001F 001F 001F 001F 001F 0040 001F 001F 001F 001F 001F 001F 001F 001F 001F 001F 0AA4 001F 001F 0040 0040 001F 001F 001F 001F 0040 001F 001F 00C1 001F 001F 001F 001F 001F 001F 001F 001F 001F 001F 0040 001F 001F 001F 001F 001F 001F 001F 001F 001F 001F 0AA4 001F 001F 0040 0040 001F 001F 001F 001F 0040 001F 001F 00C1 001F 001F 001F 001F 001F 001F 001F 001F 001F 001F 0040 001F 001F 001F 001F 001F 001F 001F 001F 001F 001F 04A7
,,Blu-ray/DVD,16,02,04,16 02 04,RCRC51600204,---,---,---,X,Select Blu-ray /DVD input,
,,CD,20,63,---,20 63,RCRC520063,X,X,X,X,Select CD input,0000 0071 0000 0018 0020 0020 0020 0020 0020 0020 0041 0041 0041 0020 0020 0041 0020 0020 0020 0020 0020 0020 0020 0020 0020 0020 0020 0C9B 0020 0020 0020 0020 0020 0020 0041 0041 0041 0020 0020 0041 0020 0020 0020 0020 0020 0020 0020 0020 0020 0020 0020 04B0
,,TV AUDIO,00,63,---,00 63,RCRC500063,X,X,X,X,Select TV(TV AUDIO) input,0000 0071 0000 001A 0020 0020 0041 0020 0020 0020 0020 0020 0020 0020 0020 0020 0020 0041 0020 0020 0020 0020 0020 0020 0020 0020 0020 0020 0020 0C9B 0020 0020 0041 0020 0020 0020 0020 0020 0020 0020 0020 0020 0020 0041 0020 0020 0020 0020 0020 0020 0020 0020 0020 0020 0020 04B0
,,DVD,16,00,10,16 00 10,RCRC51600010,X,X,X,---,Select DVD input,0000 0071 0000 0020 0020 0020 0040 0040 0040 0020 0020 0020 0020 0020 0020 00A1 0020 0020 0020 0020 0020 0020 0020 0020 0020 0020 0020 0020 0020 0020 0020 0040 0040 0040 0040 0AAB 0020 0020 0040 0040 0040 0020 0020 0020 0020 0020 0020 00A1 0020 0020 0020 0020 0020 0020 0020 0020 0020 0020 0020 0020 0020 0020 0020 0040 0040 0040 0040 04B0
,,MEDIAPLAYER,05,63,---,05 63,RCRC505063,X,X,X,X,Select VCR1(MEDIA PLAYER) input,0000 0071 0000 0018 0020 0020 0020 0020 0041 0020 0020 0041 0041 0041 0020 0020 0020 0020 0020 0020 0020 0020 0020 0020 0020 0020 0020 0C9B 0020 0020 0020 0020 0041 0020 0020 0041 0041 0041 0020 0020 0020 0020 0020 0020 0020 0020 0020 0020 0020 0020 0020 04B0
,,CBL/SAT,06,63,---,06 63,RCRC506063,X,X,X,X,Select VCR2(CBL/SAT)\ input,0000 0073 0000 0020 0020 0020 0020 0020 0040 0020 0020 0040 0020 0020 0040 0040 0020 0020 0020 0020 0020 0020 0020 0020 0020 0020 0020 0C5B 0020 0020 0020 0020 0040 0020 0020 0040 0020 0020 0040 0040 0020 0020 0020 0020 0020 0020 0020 0020 0020 0020 0020 0C5B 0020 0020 0020 0020 0040 0020 0020 0040 0020 0020 0040 0040 0020 0020 0020 0498
,,AUX1(AUX),16,00,06,16 00 06,RCRC51600006,X,X,X,X,Select Front AUX1 input,0000 0071 0000 0022 0020 0020 0040 0040 0040 0020 0020 0020 0020 0020 0020 00A1 0020 0020 0020 0020 0020 0020 0020 0020 0020 0020 0020 0020 0020 0020 0020 0020 0020 0040 0020 0020 0040 0AAB 0020 0020 0040 0040 0040 0020 0020 0020 0020 0020 0020 00A1 0020 0020 0020 0020 0020 0020 0020 0020 0020 0020 0020 0020 0020 0020 0020 0020 0020 0040 0020 0020 0040 04B0
,,AUX2,16,00,07,16 00 07,RCRC51600007,X,X,X,---,Select  AUX2 input or L/R channel of Multi channel direct input,0000 0071 0000 0026 001F 001F 001F 001F 001F 001F 0040 001F 001F 001F 001F 001F 001F 00A1 001F 001F 001F 001F 001F 001F 001F 001F 001F 001F 001F 001F 001F 001F 001F 001F 001F 0040 001F 001F 001F 001F 001F 0AAB 001F 001F 001F 001F 001F 001F 0040 001F 001F 001F 001F 001F 001F 00A1 001F 001F 001F 001F 001F 001F 001F 001F 001F 001F 001F 001F 001F 001F 001F 001F 001F 0040 001F 001F 001F 001F 001F 04B0
,,AUX3(Additional Source),16,00,08,16 00 08,RCRC51600008,---,---,---,---,Select  AUX3 (Additional Source),
,,AUX4(Additional Source),16,02,00,16 02 00,RCRC51600200,---,---,---,---,Select  AUX4(Additional Source),
,,AUX5(Additional Source),16,02,01,16 02 01,RCRC51600201,---,---,---,---,Select  AUX5(Additional Source),
,,AUX6(Additional Source),16,02,02,16 02 02,RCRC51600202,---,---,---,---,Select  AUX6(Additional Source),
,,AUX7(Additional Source),16,02,03,16 02 03,RCRC51600203,---,---,---,---,Select  AUX7(Additional Source),
,,Bluetooth,16,02,16,16 02 16,RCRC51600216,X,X,X,X,Select Bluetooth input,
,,GAME,16,00,62,16 00 62,RCRC51600062,X,X,X,X,Select Game input,0000 0071 0000 0011 001F 001F 0040 0040 0040 001F 001F 001F 001F 001F 001F 00A0 001F 001F 001F 001F 001F 001F 001F 001F 001F 001F 001F 0040 001F 001F 001F 001F 001F 001F 001F 001F 0040 0AA1
,,,16,00,08,16 00 08,RCRC51600008,---,---,---,---,Select Game input,0000 0071 0000 0011 001F 001F 0040 0040 0040 001F 001F 001F 001F 001F 001F 00A1 001F 001F 001F 001F 001F 001F 001F 001F 001F 001F 001F 001F 001F 001F 001F 0040 0040 001F 001F 001F 001F 0AA4
,,PHONO,21,63,---,21 63,RCRC521063,X,X,X,X,Select PHONO input,0000 0071 0000 0022 0020 0020 0020 0020 0020 0020 0040 0040 0040 0040 0020 00A1 0020 0020 0020 0020 0020 0020 0020 0020 0020 0020 0040 0020 0020 0020 0020 0020 0020 0020 0020 0020 0020 0AAB 0020 0020 0020 0020 0020 0020 0040 0040 0040 0040 0020 00A1 0020 0020 0020 0020 0020 0020 0020 0020 0020 0020 0040 0020 0020 0020 0020 0020 0020 0020 0020 0020 0020 04B0
,,USB,24,63,01,24 63 01,RCRC52406301,---,---,---,---,Select USB input directly,0000 0071 0000 0022 0020 0020 0040 0040 0020 0020 0040 0020 0020 0020 0020 00C1 0020 0020 0020 0020 0020 0020 0020 0020 0020 0020 0040 0020 0020 0020 0020 0020 0020 0020 0020 0040 0020 0AAB 0020 0020 0040 0040 0020 0020 0040 0020 0020 0020 0020 00C1 0020 0020 0020 0020 0020 0020 0020 0020 0020 0020 0040 0020 0020 0020 0020 0020 0020 0020 0020 0040 0020 04B0
,,,24,63,11,24 63 11,RCRC52406311,X (USB),X (USB),X (USB),X (USB),Select USB input directly,0000 0071 0000 0024 0020 0020 0040 0040 0020 0020 0040 0020 0020 0020 0020 00C0 0020 0020 0020 0020 0020 0020 0020 0020 0020 0020 0040 0020 0020 0040 0040 0040 0020 0020 0020 0AA1 0020 0020 0040 0040 0020 0020 0040 0020 0020 0020 0020 00C0 0020 0020 0020 0020 0020 0020 0020 0020 0020 0020 0040 0020 0020 0040 0040 0040 0020 0020 0020 0AA1 0020 0020 0040 0040 0020 0020 0040 04A6
,,HEOS Music(NETWORK),24,63,10,24 63 10,RCRC52406310,X (HEOS Music),X (HEOS Music),X (HEOS Music),X (HEOS Music),Select HEOS Music,0000 0071 0000 002D 0020 0020 0040 0040 0020 0020 0040 0020 0020 0020 0020 00C1 0020 0020 0020 0020 0020 0020 0020 0020 0020 0020 0040 0020 0020 0040 0040 0040 0040 0AA1 0020 0020 0040 0040 0020 0020 0040 0020 0020 0020 0020 00C1 0020 0020 0020 0020 0020 0020 0020 0020 0020 0020 0040 0020 0020 0040 0040 0040 0040 0AA1 0020 0020 0040 0040 0020 0020 0040 0020 0020 0020 0020 00C1 0020 0020 0020 0020 0020 0020 0020 0020 0020 0020 0040 0020 0020 0040 0040 0040 0040 04A6
,,Internet Radio Select,27,63,20,27 63 20,RCRC52706320,X,X,X,X,Select Internet Radio directly,0000 0071 0000 002D 0020 0020 0040 0040 0020 0020 0040 0040 0020 0020 0020 00A0 0020 0020 0020 0020 0020 0020 0020 0020 0020 0020 0040 0040 0040 0040 0040 0020 0020 0AA3 0020 0020 0040 0040 0020 0020 0040 0040 0020 0020 0020 00A0 0020 0020 0020 0020 0020 0020 0020 0020 0020 0020 0040 0040 0040 0040 0040 0020 0020 0AA3 0020 0020 0040 0040 0020 0020 0040 0040 0020 0020 0020 00A0 0020 0020 0020 0020 0020 0020 0020 0020 0020 0020 0040 0040 0040 0040 0040 0020 0020 04A7
,,SIRIUSXM (*4),27,63,29,27 63 29,RCRC52706329,---,---,---,---,Select Net/USB(NETWORK) input and Sirius XM directly,
,,Media Server Select,27,63,24,27 63 24,RCRC52706324,---,---,---,---,Select Net/USB(NETWORK) input and Media Server directly,0000 0071 0000 0020 0020 0020 0040 0040 0020 0020 0040 0040 0020 0020 0020 00A1 0020 0020 0020 0020 0020 0020 0020 0020 0020 0020 0040 0040 0020 0020 0040 0020 0020 0020 0020 0AA1 0020 0020 0040 0040 0020 0020 0040 0040 0020 0020 0020 00A1 0020 0020 0020 0020 0020 0020 0020 0020 0020 0020 0040 0040 0020 0020 0040 0020 0020 0020 0020 04A6
,,Pandora Select  (*4),27,63,26,27 63 26,RCRC52706326,---,---,---,---,Select Net/USB(NETWORK) input and Pandora directly,0000 0071 0000 0023 0020 0020 0040 0040 0020 0020 0040 0040 0020 0020 0020 00A0 0020 0020 0020 0020 0020 0020 0020 0020 0020 0020 0040 0040 0020 0020 0040 0040 0040 0AA1 0020 0020 0040 0040 0020 0020 0040 0040 0020 0020 0020 00A0 0020 0020 0020 0020 0020 0020 0020 0020 0020 0020 0040 0040 0020 0020 0040 0040 0040 0AA1 0020 0020 0040 0040 0020 0020 0040 0040 0020 04A6
,,HEOS MUSIC,27,63,10,27 63 10,RCRC52706310,X (HEOS Music),X (HEOS Music),X (HEOS Music),X (HEOS Music),Select HEOS Music,0000 0071 0000 0024 0020 0020 0040 0040 0020 0020 0040 0040 0020 0020 0020 00A0 0020 0020 0020 0020 0020 0020 0020 0020 0020 0020 0040 0020 0020 0040 0040 0040 0040 0AA1 0020 0020 0040 0040 0020 0020 0040 0040 0020 0020 0020 00A0 0020 0020 0020 0020 0020 0020 0020 0020 0020 0020 0040 0020 0020 0040 0040 0040 0040 0AA1 0020 0020 0040 0040 0020 0020 0040 0040 0020 0020 0005 04A6
,,,27,63,11,27 63 11,RCRC52706311,X (HEOS Music),X (HEOS Music),X (HEOS Music),X (HEOS Music),Select HEOS Music,0000 0071 0000 0024 0020 0020 0040 0040 0020 0020 0040 0040 0020 0020 0020 00A0 0020 0020 0020 0020 0020 0020 0020 0020 0020 0020 0040 0020 0020 0040 0040 0040 0020 0020 0020 0AA1 0020 0020 0040 0040 0020 0020 0040 0040 0020 0020 0020 00A0 0020 0020 0020 0020 0020 0020 0020 0020 0020 0020 0040 0020 0020 0040 0040 0040 0020 0020 0020 0AA1 0020 0020 0040 0040 0020 0020 0040 04A6
,,M-XPort,29,63,01,29 63 01,RCRC52906301,---,---,---,---,Select M-XPort input,0000 0071 0000 0026 0020 0020 0040 0040 0020 0020 0020 0020 0040 0040 0020 00A0 0020 0020 0020 0020 0020 0020 0020 0020 0020 0020 0040 0020 0020 0020 0020 0020 0020 0020 0020 0040 0020 0AA1 0020 0020 0040 0040 0020 0020 0020 0020 0040 0040 0020 00A0 0020 0020 0020 0020 0020 0020 0020 0020 0020 0020 0040 0020 0020 0020 0020 0020 0020 0020 0020 0040 0020 0AA1 0020 0020 0040 0040 0020 0020 0008 04A6
,,7.1 (6.1)CH. Input ON,16,01,12,16 01 12,RCRC51600112,X,X,---,---,7.1 channel input  On,0000 0071 0000 0020 0020 0020 0040 0040 0040 0020 0020 0020 0020 0020 0020 00A1 0020 0020 0020 0020 0020 0020 0020 0020 0020 0040 0040 0020 0020 0040 0020 0020 0040 0020 0020 0AAB 0020 0020 0040 0040 0040 0020 0020 0020 0020 0020 0020 00A1 0020 0020 0020 0020 0020 0020 0020 0020 0020 0040 0040 0020 0020 0040 0020 0020 0040 0020 0020 04B0
,Smart,Smart Select1,16,02,21,16 02 21,RCRC51600221,X,X,X,X,Smart Select 1,
,Select,Smart Select2,16,02,22,16 02 22,RCRC51600222,X,X,X,X,Smart Select 2,
,,Smart Select3,16,02,23,16 02 23,RCRC51600223,X,X,X,X,Smart Select 3,
,,Smart Select4,16,02,24,16 02 24,RCRC51600224,X,X,X,X,Smart Select 4,
,,Smart Select5,16,02,25,16 02 25,RCRC51600225,X,X,X,X,Smart Select 5,
,I/O,Input Mode Select,16,01,01,16 01 01,RCRC51600101,X,X,X,X,Change the input mode (Auto-HDMI-Digital-Analog-Ext.In-Auto),0000 0071 0000 0022 0020 0020 0040 0040 0040 0020 0020 0020 0020 0020 0020 00A0 0020 0020 0020 0020 0020 0020 0020 0020 0020 0040 0040 0020 0020 0020 0020 0020 0020 0020 0020 0040 0020 0AA1 0020 0020 0040 0040 0040 0020 0020 0020 0020 0020 0020 00A0 0020 0020 0020 0020 0020 0020 0020 0020 0020 0040 0040 0020 0020 0020 0020 0020 0020 0020 0020 0040 0020 04A6
,Setting,INPUT MODE:AUTO,16,01,15,16 01 15,RCRC51600115,X,X,X,X,Input Mode：Auto,
,,INPUT MODE:HDMI,16,01,16,16 01 16,RCRC51600116,X,X,X,X,Input Mode：fixed HDMI,
,,INPUT MODE:DIGITAL,16,01,17,16 01 17,RCRC51600117,X,X,X,X,Input Mode：fixed Digital,
,,INPUT MODE:ANALOG,16,01,18,16 01 18,RCRC51600118,X,X,X,X,Input Mode：fixed Analog,
,,Bilingual (Audio Channel),16,01,14,16 01 14,RCRC51600114,---,---,X,---,Select AAC Bilingual (Main > Sub > Main+Sub),0000 0071 0000 0022 0020 0020 0020 0020 0020 0020 0040 0020 0020 0020 0020 0020 0020 00A1 0020 0020 0020 0020 0020 0020 0020 0020 0020 0040 0040 0020 0020 0040 0020 0020 0020 0020 0040 0AA4 0020 0020 0020 0020 0020 0020 0040 0020 0020 0020 0020 0020 0020 00A1 0020 0020 0020 0020 0020 0020 0020 0020 0020 0040 0040 0020 0020 0040 0020 0020 0020 0020 0040 04A8
,,LIP SYNC.(Audio Delay),16,10,01,16 10 01,RCRC51601001,X,X,X,X,Lip Sync. Mode,0000 0071 0000 0016 0021 0021 0041 0041 0041 0021 0021 0021 0021 0021 0021 0021 0021 0021 0021 0041 0021 0021 0041 0041 0021 0C9B 0021 0021 0041 0041 0041 0021 0021 0021 0021 0021 0021 0021 0021 0021 0021 0041 0021 0021 0041 0041 0021 04B0
,,Resolution(Analog),16,15,10,16 15 10,RCRC51601510,X,X,X,---,Resolution for HDMI out(Auto-480p-1080i-720p-1080p-1080p/24-auto),0000 0071 0000 0025 0020 0020 0020 0020 0020 0020 0040 0020 0020 0020 0020 0020 0020 00A1 0020 0020 0020 0040 0020 0020 0020 0020 0020 0020 0040 0020 0020 0040 0040 0040 0040 0AA5 0020 0020 0020 0020 0020 0020 0040 0020 0020 0020 0020 0020 0020 00A1 0020 0020 0020 0040 0020 0020 0020 0020 0020 0020 0040 0020 0020 0040 0040 0040 0040 0AA5 0020 0020 0020 0020 0020 0020 0040 0020 0020 04A8
,,Resolution(HDMI),16,15,11,16 15 11,RCRC51601511,X,X,X,---,Resolution for HDMI out(Auto-480p-1080i-720p-1080p-1080p/24-auto),0000 0071 0000 0024 0020 0020 0040 0040 0040 0020 0020 0020 0020 0020 0020 00A1 0020 0020 0020 0040 0020 0020 0020 0020 0020 0020 0040 0020 0020 0040 0040 0040 0020 0020 0020 0AA3 0020 0020 0040 0040 0040 0020 0020 0020 0020 0020 0020 00A1 0020 0020 0020 0040 0020 0020 0020 0020 0020 0020 0040 0020 0020 0040 0040 0040 0020 0020 0020 0AA3 0020 0020 0040 0040 0040 0020 0020 04A7
,,Vertical Stretch ON,16,15,12,16 15 12,RCRC51601512,---,---,---,---,Vertical Stretch On,
,,Vertical Stretch OFF,16,15,13,16 15 13,RCRC51601513,---,---,---,---,Vertical Stretch Off,
,,HDMI Audio Output Select (Toggle),16,84,00,16 84 00,RCRC51608400,X,X,X,X,To select AVR decode/pass through the audio signal of HDMI,
,,HDMI Audio  Output: Enable (Decode by AVR),16,84,01,16 84 01,RCRC51608401,X,X,X,X,AVR decode the audio signal of HDMI,0000 0071 0000 0020 0040 0040 0020 0020 0040 0020 0020 0020 0020 0020 0020 00A1 0020 0040 0040 0040 0040 0020 0020 0020 0020 0020 0020 0020 0020 0020 0020 0020 0020 0040 0020 0AA5 0040 0040 0020 0020 0040 0020 0020 0020 0020 0020 0020 00A1 0020 0040 0040 0040 0040 0020 0020 0020 0020 0020 0020 0020 0020 0020 0020 0020 0020 0040 0020 04A9
,,HDMI Audio  Output: Through (Decode by TV),16,84,02,16 84 02,RCRC51608402,X,X,X,X,AVR pass through the audio signal of HDMI to TV,0000 0071 0000 001E 0040 0020 0020 0040 0040 0020 0020 0020 0020 0020 0020 00A1 0020 0040 0040 0040 0040 0020 0020 0020 0020 0020 0020 0020 0020 0020 0020 0040 0040 0AA5 0040 0020 0020 0040 0040 0020 0020 0020 0020 0020 0020 00A1 0020 0040 0040 0040 0040 0020 0020 0020 0020 0020 0020 0020 0020 0020 0020 0040 0040 04A9
,,COMPONENT-2 for MAIN,16,84,31,16 84 31,RCRC51608431,---,---,---,---,Component-2 out switch to Main zone,0000 0071 0000 0020 0040 0020 0020 0040 0040 0020 0020 0020 0020 0020 0020 00A1 0020 0040 0040 0040 0040 0020 0020 0020 0020 0040 0020 0020 0020 0020 0020 0020 0020 0020 0020 0AAB 0040 0020 0020 0040 0040 0020 0020 0020 0020 0020 0020 00A1 0020 0040 0040 0040 0040 0020 0020 0020 0020 0040 0020 0020 0020 0020 0020 0020 0020 0020 0020 04B0
,,COMPONENT-2 for MULTI-A,16,84,32,16 84 32,RCRC51608432,---,---,---,---,Component-2 out switch to ZONE2,0000 0071 0000 001E 0040 0040 0020 0020 0040 0020 0020 0020 0020 0020 0020 00A1 0020 0040 0040 0040 0040 0020 0020 0040 0040 0020 0020 0020 0020 0020 0020 0020 0020 0AAB 0040 0040 0020 0020 0040 0020 0020 0020 0020 0020 0020 00A1 0020 0040 0040 0040 0040 0020 0020 0040 0040 0020 0020 0020 0020 0020 0020 0020 0020 04B0
,,Video Mode (Toggle),16,84,50,16 84 50,RCRC51608450,X,X,X,---,To select Video Mode (Auto/Game/Movie),
,,Video Mode: Auto,16,84,51,16 84 51,RCRC51608451,X,X,X,---,Select Video Mode = Auto,
,,Video Mode: Movie,16,84,52,16 84 52,RCRC51608452,X,X,X,---,Select Video Mode = Movie,
,,Video Mode: Game,16,84,53,16 84 53,RCRC51608453,X,X,X,---,Select Video Mode = Game,
,,HDMI Output Select (Toggle),16,120,00,16 120 00,RCRC51612000,X,X,---,---,HDMI Output select 1↔2 (Toggle): SR8001 from MZ02xxxxxxxxxx,0000 0071 0000 0022 0040 0040 0020 0020 0040 0020 0020 0020 0020 0020 0020 00C1 0020 0020 0020 0020 0040 0020 0020 0020 0020 0020 0020 0020 0020 0020 0020 0020 0020 0020 0020 0020 0020 0AAB 0040 0040 0020 0020 0040 0020 0020 0020 0020 0020 0020 00C1 0020 0020 0020 0020 0040 0020 0020 0020 0020 0020 0020 0020 0020 0020 0020 0020 0020 0020 0020 0020 0020 04B0
,,HDMI Out-1,16,120,01,16 120 01,RCRC51612001,X,X,---,---,HDMI Output-1 select: (SR8001 later S/N=MZ02xxxxxxxxxx),0000 0071 0000 0022 0040 0020 0020 0040 0040 0020 0020 0020 0020 0020 0020 00C1 0020 0020 0020 0020 0040 0020 0020 0020 0020 0020 0020 0020 0020 0020 0020 0020 0020 0020 0020 0040 0020 0AAB 0040 0020 0020 0040 0040 0020 0020 0020 0020 0020 0020 00C1 0020 0020 0020 0020 0040 0020 0020 0020 0020 0020 0020 0020 0020 0020 0020 0020 0020 0020 0020 0040 0020 04B0
,,HDMI Out-2,16,120,02,16 120 02,RCRC51612002,X,X,---,---,HDMI Output-2 select: (SR8001 later S/N=MZ02xxxxxxxxxx),0000 0071 0000 0020 0040 0040 0020 0020 0040 0020 0020 0020 0020 0020 0020 00C1 0020 0020 0020 0020 0040 0020 0020 0020 0020 0020 0020 0020 0020 0020 0020 0020 0020 0040 0040 0AAB 0040 0040 0020 0020 0040 0020 0020 0020 0020 0020 0020 00C1 0020 0020 0020 0020 0040 0020 0020 0020 0020 0020 0020 0020 0020 0020 0020 0020 0020 0040 0040 04B0
,,HDMI Out-Auto(Dual),16,120,03,16 120 03,RCRC51612003,X,X,---,---,HDMI Output-Audo Select,
,CEC,HDMI Control (CEC) ON,16,84,08,16 84 08,RCRC51608408,X,X,X,X,HDMI Control(CEC) On,0000 006F 0000 000F 0042 0021 0021 0042 0042 0021 0021 0021 0021 0021 0021 00A6 0021 0042 0042 0042 0042 0021 0021 0021 0021 0021 0021 0042 0042 0021 0021 0021 0021 04BD
,,HDMI Control (CEC) OFF,16,84,09,16 84 09,RCRC51608409,X,X,X,X,HDMI Control(CEC) Off,0000 006F 0000 000F 0042 0042 0021 0021 0042 0021 0021 0021 0021 0021 0021 00A5 0021 0042 0042 0042 0042 0021 0021 0021 0021 0021 0021 0042 0042 0021 0021 0042 0021 04BA
,Surround,SURROUND MODE (Toggle/NEXT),16,37,---,16 37,RCRC516037,X,X,X,X,Change Surround mode (Toggle/go to next mode),0000 0071 0000 0016 0020 0020 0020 0020 0020 0020 0041 0020 0020 0020 0020 0020 0020 0041 0041 0020 0020 0041 0041 0041 0020 0C9B 0020 0020 0020 0020 0020 0020 0041 0020 0020 0020 0020 0020 0020 0041 0041 0020 0020 0041 0041 0041 0020 04B0
,Mode,SURROUND MODE (Back),16,64,15,16 64 15,RCRC51606415,X,X,X,X,Change Surround mode (Back to previous mode),0000 0071 0000 0024 0020 0020 0040 0040 0040 0020 0020 0020 0020 0020 0020 00C1 0020 0020 0040 0040 0020 0020 0040 0020 0020 0040 0040 0020 0020 0020 0020 0020 0020 0AA3 0020 0020 0040 0040 0040 0020 0020 0020 0020 0020 0020 00C1 0020 0020 0040 0040 0020 0020 0040 0020 0020 0040 0040 0020 0020 0020 0020 0020 0020 0AA3 0020 0020 0040 0040 0040 0020 0020 0020 0020 0020 0000 04A7
,,MOVIE SURROUND,16,37,29,16 37 29,RCRC51603729,X,X,X,X,Change Surround mode (MOVIE),
,,MUSIC SURROUND,16,37,53,16 37 53,RCRC51603753,X,X,X,X,Change Surround mode (MUSIC),
,,GAME SURROUND,16,64,18,16 64 18,RCRC51606418,X,X,X,X,Change Surround mode (GAME),
,,AUTO,16,37,45,16 37 45,RCRC51603745,X,X,X,X,Select AUTO Surround,0000 0071 0000 001C 0020 0020 0040 0040 0040 0020 0020 0020 0020 0020 0020 00C1 0040 0020 0020 0040 0040 0040 0020 0020 0040 0040 0020 0020 0040 0040 0020 0AAB 0020 0020 0040 0040 0040 0020 0020 0020 0020 0020 0020 00C1 0040 0020 0020 0040 0040 0040 0020 0020 0040 0040 0020 0020 0040 0040 0020 04B0
,,STEREO,16,37,30,16 37 30,RCRC51603730,X,X,X,X,Select STEREO mode,0000 0071 0000 001C 0020 0020 0040 0040 0040 0020 0020 0020 0020 0020 0020 00C1 0040 0020 0020 0040 0040 0040 0040 0040 0020 0020 0020 0020 0020 0020 0040 0AAB 0020 0020 0040 0040 0040 0020 0020 0020 0020 0020 0020 00C1 0040 0020 0020 0040 0040 0040 0040 0040 0020 0020 0020 0020 0020 0020 0040 04B0
,,MONO,16,37,37,16 37 37,RCRC51603737,---,---,---,---,Select MONO mode,0000 0071 0000 001F 0020 0020 0020 0020 0020 0020 0040 0020 0020 0020 0020 0020 0020 00C1 0040 0020 0020 0040 0040 0040 0020 0020 0040 0020 0020 0040 0040 0040 0020 0AA5 0020 0020 0020 0020 0020 0020 0040 0020 0020 0020 0020 0020 0020 00C1 0040 0020 0020 0040 0040 0040 0020 0020 0040 0020 0020 0040 0040 0040 0020 0AA5 0020 04A9
,,MULTI-CH Stereo,16,37,57,16 37 57,RCRC51603757,X,X,X,X,Select Multi ch Stereo,0000 0071 0000 0025 0020 0020 0020 0020 0020 0020 0040 0020 0020 0020 0020 0020 0020 00C1 0040 0020 0020 0040 0040 0040 0020 0020 0020 0020 0020 0020 0040 0020 0020 0040 0020 0AA9 0020 0020 0020 0020 0020 0020 0040 0020 0020 0020 0020 0020 0020 00C1 0040 0020 0020 0040 0040 0040 0020 0020 0020 0020 0020 0020 0040 0020 0020 0040 0020 0AA9 0020 0020 0020 0020 0020 0020 0040 0020 001A 04AA
,THX,THX,16,64,13,16 64 13,RCRC51606413,---,---,---,---,Select THX mode,0000 0071 0000 0022 0040 0040 0020 0020 0040 0020 0020 0020 0020 0020 0020 00A1 0020 0020 0020 0020 0020 0020 0020 0020 0020 0020 0020 0020 0020 0020 0020 0040 0020 0020 0040 0040 0020 0AAB 0040 0040 0020 0020 0040 0020 0020 0020 0020 0020 0020 00A1 0020 0020 0020 0020 0020 0020 0020 0020 0020 0020 0020 0020 0020 0020 0020 0040 0020 0020 0040 0040 0020 04B0
,,THX CINEMA,16,37,36,16 37 36,RCRC51603736,---,---,---,---,Select normal THX mode (THX Surround EX Off),0000 0071 0000 001E 0020 0020 0020 0020 0020 0020 0040 0020 0020 0020 0020 0020 0020 00C1 0040 0020 0020 0040 0040 0040 0020 0020 0040 0020 0020 0040 0040 0020 0020 0AAB 0020 0020 0020 0020 0020 0020 0040 0020 0020 0020 0020 0020 0020 00C1 0040 0020 0020 0040 0040 0040 0020 0020 0040 0020 0020 0040 0040 0020 0020 04B0
,,THX SURRUND EX,16,37,58,16 37 58,RCRC51603758,---,---,---,---,Select THX Surround EX mode,0000 0071 0000 001C 0020 0020 0040 0040 0040 0020 0020 0020 0020 0020 0020 00C1 0040 0020 0020 0040 0040 0040 0020 0020 0020 0020 0020 0020 0040 0040 0040 0AAB 0020 0020 0040 0040 0040 0020 0020 0020 0020 0020 0020 00C1 0040 0020 0020 0040 0040 0040 0020 0020 0020 0020 0020 0020 0040 0040 0040 04B0
,,THX ULTRA 2,16,64,07,16 64 07,RCRC51606407,---,---,---,---,Select THX Ultra 2 mode,0000 0071 0000 0024 0040 0040 0020 0020 0040 0020 0020 0020 0020 0020 0020 00A1 0020 0020 0020 0020 0020 0020 0020 0020 0020 0020 0020 0020 0020 0020 0020 0020 0020 0040 0020 0020 0020 0020 0020 0AAB 0040 0040 0020 0020 0040 0020 0020 0020 0020 0020 0020 00A1 0020 0020 0020 0020 0020 0020 0020 0020 0020 0020 0020 0020 0020 0020 0020 0020 0020 0040 0020 0020 0020 0020 0020 04B0
,,THX SELECT 2,,,,16 64 07,RCRC51606407,---,---,---,---,Select THX Select 2 mode,0000 0071 0000 0024 0040 0040 0020 0020 0040 0020 0020 0020 0020 0020 0020 00A1 0020 0020 0020 0020 0020 0020 0020 0020 0020 0020 0020 0020 0020 0020 0020 0020 0020 0040 0020 0020 0020 0020 0020 0AAB 0040 0040 0020 0020 0040 0020 0020 0020 0020 0020 0020 00A1 0020 0020 0020 0020 0020 0020 0020 0020 0020 0020 0020 0020 0020 0020 0020 0020 0020 0040 0020 0020 0020 0020 0020 04B0
,,THX 5.1 MUSIC,16,64,04,16 64 04,RCRC51606404,---,---,---,---,Select normal THX 5.1 Music mode,0000 0071 0000 0022 0040 0040 0020 0020 0040 0020 0020 0020 0020 0020 0020 00A1 0020 0020 0020 0020 0020 0020 0020 0020 0020 0020 0020 0020 0020 0020 0020 0020 0020 0040 0040 0020 0020 0AAB 0040 0040 0020 0020 0040 0020 0020 0020 0020 0020 0020 00A1 0020 0020 0020 0020 0020 0020 0020 0020 0020 0020 0020 0020 0020 0020 0020 0020 0020 0040 0040 0020 0020 04B0
,,THX GAMES,16,64,14,16 64 14,RCRC51606414,---,---,---,---,Select THX  Game mode,0000 0071 0000 0022 0040 0020 0020 0040 0040 0020 0020 0020 0020 0020 0020 00A1 0020 0020 0020 0020 0020 0020 0020 0020 0020 0020 0020 0020 0020 0020 0020 0040 0020 0020 0020 0020 0040 0AAB 0040 0020 0020 0040 0040 0020 0020 0020 0020 0020 0020 00A1 0020 0020 0020 0020 0020 0020 0020 0020 0020 0020 0020 0020 0020 0020 0020 0040 0020 0020 0020 0020 0040 04B0
,,NEURAL,16,64,16,16 64 16,RCRC51606416,---,---,---,---,Select Neural Surround,0000 0071 0000 0022 0040 0020 0020 0040 0040 0020 0020 0020 0020 0020 0020 00A1 0020 0020 0020 0020 0020 0020 0020 0020 0020 0020 0020 0020 0020 0040 0040 0020 0020 0020 0020 0020 0020 0AAC 0040 0020 0020 0040 0040 0020 0020 0020 0020 0020 0020 00A1 0020 0020 0020 0020 0020 0020 0020 0020 0020 0020 0020 0020 0020 0040 0040 0020 0020 0020 0020 0020 0020 04AB
,Dolby,DOLBY,16,37,41,16 37 41,RCRC51603741,---,---,---,---,Select Dolby mode (PL2 movie>music>PL>),0000 0071 0000 001C 0020 0020 0040 0040 0040 0020 0020 0020 0020 0020 0020 00C1 0040 0020 0020 0040 0040 0040 0020 0020 0040 0040 0040 0020 0020 0040 0020 0AAB 0020 0020 0040 0040 0040 0020 0020 0020 0020 0020 0020 00C1 0040 0020 0020 0040 0040 0040 0020 0020 0040 0040 0040 0020 0020 0040 0020 04B0
,,PRO LOGIC,16,37,00,16 37 00,RCRC51603700,---,---,---,---,Select Pro Logic,0000 0071 0000 0020 0020 0020 0020 0020 0020 0020 0040 0020 0020 0020 0020 0020 0020 00C1 0040 0020 0020 0040 0040 0040 0040 0020 0020 0020 0020 0020 0020 0020 0020 0020 0020 0AAB 0020 0020 0020 0020 0020 0020 0040 0020 0020 0020 0020 0020 0020 00C1 0040 0020 0020 0040 0040 0040 0040 0020 0020 0020 0020 0020 0020 0020 0020 0020 0020 04B0
,,PL IIx(z) Movie / PL II Movie,16,64,00,16 64 00,RCRC51606400,---,---,---,X,Select Pro Logic II/IIx movie mode,0000 0071 0000 0024 0040 0040 0020 0020 0040 0020 0020 0020 0020 0020 0020 00A1 0020 0020 0020 0020 0020 0020 0020 0020 0020 0020 0020 0020 0020 0020 0020 0020 0020 0020 0020 0020 0020 0020 0020 0AAB 0040 0040 0020 0020 0040 0020 0020 0020 0020 0020 0020 00A1 0020 0020 0020 0020 0020 0020 0020 0020 0020 0020 0020 0020 0020 0020 0020 0020 0020 0020 0020 0020 0020 0020 0020 04B0
,,PL IIx(z) Music / PL II Music,16,64,01,16 64 01,RCRC51606401,---,---,---,X,Select Pro Logic II/IIx music mode,0000 0071 0000 0024 0040 0040 0020 0020 0040 0020 0020 0020 0020 0020 0020 00A1 0020 0020 0020 0020 0020 0020 0020 0020 0020 0020 0020 0020 0020 0020 0020 0020 0020 0020 0020 0020 0020 0040 0020 0AAB 0040 0040 0020 0020 0040 0020 0020 0020 0020 0020 0020 00A1 0020 0020 0020 0020 0020 0020 0020 0020 0020 0020 0020 0020 0020 0020 0020 0020 0020 0020 0020 0020 0020 0040 0020 04B0
,,PL IIx Game,16,64,12,16 64 12,RCRC51606412,---,---,---,---,Select Pro Logic IIx game mode,0000 0071 0000 0022 0040 0020 0020 0040 0040 0020 0020 0020 0020 0020 0020 00A1 0020 0020 0020 0020 0020 0020 0020 0020 0020 0020 0020 0020 0020 0020 0020 0040 0020 0020 0040 0020 0020 0AAB 0040 0020 0020 0040 0040 0020 0020 0020 0020 0020 0020 00A1 0020 0020 0020 0020 0020 0020 0020 0020 0020 0020 0020 0020 0020 0020 0020 0040 0020 0020 0040 0020 0020 04B0
,,PL IIz,16,64,17,16 64 17,RCRC51606417,---,---,---,---,Select Pro Logic IIz mode,0000 0071 0000 0027 0040 0020 0020 0040 0040 0020 0020 0020 0020 0020 0020 00A1 0020 0020 0020 0020 0020 0020 0020 0020 0020 0020 0020 0020 0020 0040 0040 0020 0020 0020 0020 0040 0020 0AA9 0040 0020 0020 0040 0040 0020 0020 0020 0020 0020 0020 00A1 0020 0020 0020 0020 0020 0020 0020 0020 0020 0020 0020 0020 0020 0040 0040 0020 0020 0020 0020 0040 0020 0AA9 0040 0020 0020 0040 0040 0020 0020 0020 0020 04AA
,,DOLBY HEADPHONE,16,37,60,16 37 60,RCRC51603760,---,---,---,---,Select Dolby headphone On/Off,0000 0071 0000 001E 0020 0020 0040 0040 0040 0020 0020 0020 0020 0020 0020 00C1 0040 0020 0020 0040 0040 0040 0020 0020 0020 0020 0020 0020 0020 0020 0040 0020 0020 0AAB 0020 0020 0040 0040 0040 0020 0020 0020 0020 0020 0020 00C1 0040 0020 0020 0040 0040 0040 0020 0020 0020 0020 0020 0020 0020 0020 0040 0020 0020 04B0
,,EX/ES,16,37,61,16 37 61,RCRC51603761,---,---,---,---,Select Dolby EX or DTS-ES,0000 0071 0000 001E 0020 0020 0040 0040 0040 0020 0020 0020 0020 0020 0020 00C1 0040 0020 0020 0040 0040 0040 0020 0020 0020 0020 0020 0020 0020 0020 0040 0040 0020 0AAB 0020 0020 0040 0040 0040 0020 0020 0020 0020 0020 0020 00C1 0040 0020 0020 0040 0040 0040 0020 0020 0020 0020 0020 0020 0020 0020 0040 0040 0020 04B0
,,Dolby Atmos ON/OFF,16,64,25,16 64 25,RCRC51606425,X,X,X,---,Dplby Atmos On/Off,
,dts,DTS Mode,16,64,08,16 64 08,RCRC51606408,---,---,---,---,Select  DTS mode(DTS>Neo6 cinema>Neo6music),0000 0071 0000 0022 0040 0020 0020 0040 0040 0020 0020 0020 0020 0020 0020 00A1 0020 0020 0020 0020 0020 0020 0020 0020 0020 0020 0020 0020 0020 0020 0020 0040 0040 0020 0020 0020 0020 0AAB 0040 0020 0020 0040 0040 0020 0020 0020 0020 0020 0020 00A1 0020 0020 0020 0020 0020 0020 0020 0020 0020 0020 0020 0020 0020 0020 0020 0040 0040 0020 0020 0020 0020 04B0
,,DTS,16,37,46,16 37 46,RCRC51603746,X,X,X,X,Select DTS,0000 0071 0000 0024 0020 0020 0040 0040 0040 0020 0020 0020 0020 0020 0020 00C1 0040 0020 0020 0040 0040 0040 0020 0020 0040 0040 0020 0020 0020 0020 0040 0AA9 0020 0020 0040 0040 0040 0020 0020 0020 0020 0020 0020 00C1 0040 0020 0020 0040 0040 0040 0020 0020 0040 0040 0020 0020 0020 0020 0040 0AA9 0020 0020 0040 0040 0040 0020 0020 0020 0020 0020 0020 00C1 0040 0020 0003 04AA
,,DTS ES,16,64,03,16 64 03,RCRC51606403,---,---,---,---,Select DTS-ES,0000 0071 0000 0024 0040 0020 0020 0040 0040 0020 0020 0020 0020 0020 0020 00A1 0020 0020 0020 0020 0020 0020 0020 0020 0020 0020 0020 0020 0020 0020 0020 0020 0020 0020 0020 0040 0020 0020 0020 0AAB 0040 0020 0020 0040 0040 0020 0020 0020 0020 0020 0020 00A1 0020 0020 0020 0020 0020 0020 0020 0020 0020 0020 0020 0020 0020 0020 0020 0020 0020 0020 0020 0040 0020 0020 0020 04B0
,,DTS Neo6 Cinema,16,64,05,16 64 05,RCRC51606405,---,---,---,X,Select  Neo 6 cinema,0000 0071 0000 0022 0040 0040 0020 0020 0040 0020 0020 0020 0020 0020 0020 00A1 0020 0020 0020 0020 0020 0020 0020 0020 0020 0020 0020 0020 0020 0020 0020 0020 0020 0040 0040 0040 0020 0AAB 0040 0040 0020 0020 0040 0020 0020 0020 0020 0020 0020 00A1 0020 0020 0020 0020 0020 0020 0020 0020 0020 0020 0020 0020 0020 0020 0020 0020 0020 0040 0040 0040 0020 04B0
,,DTS Neo6 Music,16,64,06,16 64 06,RCRC51606406,---,---,---,X,Select  Neo 6 music,0000 0071 0000 0022 0040 0040 0020 0020 0040 0020 0020 0020 0020 0020 0020 00A1 0020 0020 0020 0020 0020 0020 0020 0020 0020 0020 0020 0020 0020 0020 0020 0020 0020 0040 0020 0020 0040 0AAB 0040 0040 0020 0020 0040 0020 0020 0020 0020 0020 0020 00A1 0020 0020 0020 0020 0020 0020 0020 0020 0020 0020 0020 0020 0020 0020 0020 0020 0020 0040 0020 0020 0040 04B0
,,DTS NEO:X ON/OFF,16,64,22,16 64 22,RCRC51606422,---,---,---,---,DTS Neo X On/Off,
,,VIRTUAL,16,37,51,16 37 51,RCRC51603751,X,X,X,X,Select VIRTUAL (Trusurround) On,0000 0071 0000 0020 0020 0020 0020 0020 0020 0020 0040 0020 0020 0020 0020 0020 0020 00C1 0040 0020 0020 0040 0040 0040 0020 0020 0020 0020 0040 0020 0020 0040 0020 0020 0020 0AAB 0020 0020 0020 0020 0020 0020 0040 0020 0020 0020 0020 0020 0020 00C1 0040 0020 0020 0040 0040 0040 0020 0020 0020 0020 0040 0020 0020 0040 0020 0020 0020 04B0
,,Decoder Mode,16,01,20,16 01 20,RCRC51600120,---,---,---,---,Select a decoder mode (Auto-PCM-DTS),0000 0071 0000 000F 001F 001F 0040 0040 0040 001F 001F 001F 001F 001F 001F 00A1 001F 001F 001F 001F 001F 001F 001F 001F 001F 0040 0040 0040 0040 0040 0040 001F 001F 0AA3
,,DSP MODE,16,37,63,16 37 63,RCRC51603763,---,---,---,---,Toggle the DSP Surround mode Select Pure Direct mode,0000 0071 0000 0024 0020 0020 0040 0040 0040 0020 0020 0020 0020 0020 0020 00C1 0040 0020 0020 0040 0040 0040 0020 0020 0020 0020 0020 0020 0020 0020 0020 0020 0020 0020 0020 0AAD 0020 0020 0040 0040 0040 0020 0020 0020 0020 0020 0020 00C1 0040 0020 0020 0040 0040 0040 0020 0020 0020 0020 0020 0020 0020 0020 0020 0020 0020 0020 0020 0AAD 0020 0020 0040 0040 0040 0020 0020 04AC
,,SOURCE(Pure) DIRECT (Toggle),16,34,---,16 34,RCRC516034,X,X,X,X,Source Direct (Pure Direct) mode On/Off,0000 0071 0000 0022 0020 0020 0020 0020 0020 0020 0040 0020 0020 0020 0020 0020 0020 00C1 0040 0020 0020 0020 0020 0040 0040 0020 0020 0020 0020 0020 0020 0020 0020 0020 0020 0040 0020 0AAB 0020 0020 0020 0020 0020 0020 0040 0020 0020 0020 0020 0020 0020 00C1 0040 0020 0020 0020 0020 0040 0040 0020 0020 0020 0020 0020 0020 0020 0020 0020 0020 0040 0020 04B0
,,PURE DIRECT (Toggle),16,34,01,16 34 01,RCRC51603401,---,---,---,---,Pure Direct mode On/Off,0000 0071 0000 0022 0020 0020 0020 0020 0020 0020 0040 0020 0020 0020 0020 0020 0020 00C1 0040 0020 0020 0020 0020 0040 0040 0020 0020 0020 0020 0020 0020 0020 0020 0020 0020 0040 0020 0AAB 0020 0020 0020 0020 0020 0020 0040 0020 0020 0020 0020 0020 0020 00C1 0040 0020 0020 0020 0020 0040 0040 0020 0020 0020 0020 0020 0020 0020 0020 0020 0020 0040 0020 04B0
,,Direct Mode,16,34,02,16 34 02,RCRC51603402,X,X,X,X,Select Direct mode,
,,Pure Direct,16,34,03,16 34 03,RCRC51603403,X,X,X,X,Select Pure Direct mode,
,,All Zone Stereo ON/OFF,16,100,00,16 100 00,RCRC51610000,X,X,X,---,All Zone Stereo On/Off,
,,All Zone Stereo ON,16,100,01,16 100 01,RCRC51610001,X,X,X,---,All Zone Stereo On,
,,All Zone Stereo OFF,16,100,02,16 100 02,RCRC51610002,X,X,X,---,All Zone Stereo Off,
,Sound,Cinema EQ (HT-EQ)(Toggle),16,64,11,16 64 11,RCRC51606411,X(Cinema EQ),X(Cinema EQ),X(Cinema EQ),X(Cinema EQ),Cinema EQ On/Off,0000 0071 0000 0024 0040 0020 0020 0040 0040 0020 0020 0020 0020 0020 0020 00A1 0020 0020 0020 0020 0020 0020 0020 0020 0020 0020 0020 0020 0020 0020 0020 0040 0040 0040 0020 0020 0020 0AAA 0040 0020 0020 0040 0040 0020 0020 0020 0020 0020 0020 00A1 0020 0020 0020 0020 0020 0020 0020 0020 0020 0020 0020 0020 0020 0020 0020 0040 0040 0040 0020 0020 0020 0AAA 0040 0020 0020 04AB
,Effect,Loudness Management ON/OFF(Toggle),16,64,19,16 64 19,RCRC51606419,X,X,X,X,Loudness Management On/Off,
,,M-DAX,16,22,04,16 22 04,RCRC51602204,X,X,X,X,M-DAX Mode toggle,0000 0071 0000 0020 0020 0020 0020 0020 0020 0020 0040 0020 0020 0020 0020 0020 0020 00A1 0020 0040 0040 0040 0020 0020 0040 0020 0020 0020 0020 0020 0020 0040 0040 0020 0020 0AAB 0020 0020 0020 0020 0020 0020 0040 0020 0020 0020 0020 0020 0020 00A1 0020 0040 0040 0040 0020 0020 0040 0020 0020 0020 0020 0020 0020 0040 0040 0020 0020 04B0
,,M-DAX OFF,16,22,06,16 22 06,RCRC51602206,X,X,X,X,M-DAX Mode: Off,0000 0071 0000 001E 0020 0020 0040 0040 0040 0020 0020 0020 0020 0020 0020 00A1 0020 0040 0040 0040 0020 0020 0040 0020 0020 0020 0020 0020 0020 0040 0020 0020 0040 0AAB 0020 0020 0040 0040 0040 0020 0020 0020 0020 0020 0020 00A1 0020 0040 0040 0040 0020 0020 0040 0020 0020 0020 0020 0020 0020 0040 0020 0020 0040 04B0
,,M-DAX HIGH,16,22,07,16 22 07,RCRC51602207,X,X,X,X,M-DAX Mode: High,0000 0071 0000 0022 0020 0020 0020 0020 0020 0020 0040 0020 0020 0020 0020 0020 0020 00A1 0020 0040 0040 0040 0020 0020 0040 0020 0020 0020 0020 0020 0020 0040 0020 0020 0020 0020 0020 0AAB 0020 0020 0020 0020 0020 0020 0040 0020 0020 0020 0020 0020 0020 00A1 0020 0040 0040 0040 0020 0020 0040 0020 0020 0020 0020 0020 0020 0040 0020 0020 0020 0020 0020 04B0
,,M-DAX LOW,16,22,08,16 22 08,RCRC51602208,X,X,X,X,M-DAX Mode: Low,0000 0071 0000 001E 0020 0020 0040 0040 0040 0020 0020 0020 0020 0020 0020 00A1 0020 0040 0040 0040 0020 0020 0040 0020 0020 0020 0020 0040 0040 0020 0020 0020 0020 0AAB 0020 0020 0040 0040 0040 0020 0020 0020 0020 0020 0020 00A1 0020 0040 0040 0040 0020 0020 0040 0020 0020 0020 0020 0040 0040 0020 0020 0020 0020 04B0
,,M-DAX MID,16,22,09,16 22 09,RCRC51602209,X,X,X,X,M-DAX Mode: Mid,0000 0071 0000 0023 0020 0020 0040 0040 0040 0020 0020 0020 0020 0020 0020 00A1 0020 0040 0040 0040 0020 0020 0040 0020 0020 0020 0020 0040 0040 0020 0020 0040 0020 0AA3 0020 0020 0040 0040 0040 0020 0020 0020 0020 0020 0020 00A1 0020 0040 0040 0040 0020 0020 0040 0020 0020 0020 0020 0040 0040 0020 0020 0040 0020 0AA3 0020 0020 0040 0040 0040 0020 0020 0020 0020 04A7
,,Bass Sync UP,16,22,12,16 22 12,RCRC51602212,---,---,---,---,Bass Sync Up,
,,Bass Sync DOWN,16,22,22,16 22 22,RCRC51602222,---,---,---,---,Bass Sync Down,
,Tone /,TONE CONTROL ON/OFF (Toggle),16,22,01,16 22 01,RCRC51602201,X,X,X,X,Tone On/Off toggle,0000 0071 0000 0022 0020 0020 0020 0020 0020 0020 0040 0020 0020 0020 0020 0020 0020 00A1 0020 0040 0040 0040 0020 0020 0040 0020 0020 0020 0020 0020 0020 0020 0020 0020 0020 0040 0020 0AAC 0020 0020 0020 0020 0020 0020 0040 0020 0020 0020 0020 0020 0020 00A1 0020 0040 0040 0040 0020 0020 0040 0020 0020 0020 0020 0020 0020 0020 0020 0020 0020 0040 0020 04AC
,Balance /,TONE CONTROL OFF,16,22,10,16 22 10,RCRC51602210,X,X,X,X,Tone Control Off,
,Trim,TONE CONTROL ON,16,22,11,16 22 11,RCRC51602211,X,X,X,X,Tone Control On,
,,BASS +,16,22,---,16 22,RCRC516022,X,X,X,X,Tone Control Bass Up,0000 0073 0000 001A 0020 0020 0020 0020 0020 0020 0040 0020 0020 0020 0020 0020 0020 0020 0020 0040 0040 0040 0020 0020 0040 0C78 0020 0020 0020 0020 0020 0020 0040 0020 0020 0020 0020 0020 0020 0020 0020 0040 0040 0040 0020 0020 0040 0C78 0020 0020 0020 0020 0020 0020 0040 0493
,,BASS -,16,23,---,16 23,RCRC516023,X,X,X,X,Tone Control Bass Down,0000 0071 0000 0018 0020 0020 0020 0020 0020 0020 0041 0020 0020 0020 0020 0020 0020 0020 0020 0041 0041 0041 0020 0020 0020 0020 0020 0CEE 0020 0020 0020 0020 0020 0020 0041 0020 0020 0020 0020 0020 0020 0020 0020 0041 0041 0041 0020 0020 0020 0020 0020 04B0
,,TREBLE +,16,24,---,16 24,RCRC516024,X,X,X,X,Tone Control Treble  Up,0000 0071 0000 0016 0021 0021 0041 0041 0041 0021 0021 0021 0021 0021 0021 0021 0021 0041 0021 0021 0041 0021 0021 0021 0021 0CEE 0021 0021 0041 0041 0041 0021 0021 0021 0021 0021 0021 0021 0021 0041 0021 0021 0041 0021 0021 0021 0021 04B0
,,TREBLE -,16,25,---,16 25,RCRC516025,X,X,X,X,Tone Control Treble Down,0000 0071 0000 0018 0020 0020 0020 0020 0020 0020 0041 0020 0020 0020 0020 0020 0020 0020 0020 0041 0020 0020 0041 0020 0020 0041 0020 0CEE 0020 0020 0020 0020 0020 0020 0041 0020 0020 0020 0020 0020 0020 0020 0020 0041 0020 0020 0041 0020 0020 0041 0020 04B0
,,TEST TONE,16,37,21,16 37 21,RCRC51603721,X,X,X,X,Jump to Test tone menu,
,,Volume Reset,16,37,31,16 37 31,RCRC51603731,---,---,---,---,Reset the main volume by holding over 3sec. This button,
,,CH. SELECT,16,37,33,16 37 33,RCRC51603733,X,X,X,X,Channel select,
,,CH. LEVEL +,16,37,34,16 37 34,RCRC51603734,---,---,---,---,Channel Level control up,
,,CH. LEVEL -,16,37,35,16 37 35,RCRC51603735,---,---,---,---,Channel Level control down,
,,BALANCE RIGHT,16,26,---,16 26,RCRC516026,---,---,---,---,Balance Control (Right Up),
,,BALANCE LEFT,16,27,---,16 27,RCRC516027,---,---,---,---,Balance Control (Left Up),
,,Front L (A-TRIM) + (Up),16,26,01,16 26 01,RCRC51602601,X,X,X,X,Front L channel Volume up,
,,Front L (A-TRIM) - (Down),16,26,02,16 26 02,RCRC51602602,X,X,X,X,Front L channel Volume down,
,,Front R (B-TRIM) + (Up),16,26,03,16 26 03,RCRC51602603,X,X,X,X,Front R channel Volume up,
,,Front R (B-TRIM) - (Down),16,26,04,16 26 04,RCRC51602604,X,X,X,X,Front R channel Volume down,
,,Surround L + (Up),16,26,05,16 26 05,RCRC51602605,X,X,X,X,Surround L channel Volume up,
,,Surround L - (Down),16,26,06,16 26 06,RCRC51602606,X,X,X,X,Surround L channel Volume down,
,,Surround R + (Up),16,26,07,16 26 07,RCRC51602607,X,X,X,X,Surround R channel Volume up,
,,Surround R - (Down),16,26,08,16 26 08,RCRC51602608,X,X,X,X,Surround R channel Volume down,
,,Surround Back L + (Up),16,26,09,16 26 09,RCRC51602609,X,X,X,---,Surround Back L channel Volume up,
,,Surround Back L - (Down),16,26,10,16 26 10,RCRC51602610,X,X,X,---,Surround  Back L channel Volume down,
,,Surround Back R + (Up),16,26,11,16 26 11,RCRC51602611,X,X,X,---,Surround  Back R channel Volume up,
,,Surround Back R - (Down),16,26,12,16 26 12,RCRC51602612,X,X,X,---,Surround  Back R channel Volume down,
,,Front Wide L + (Up),16,26,13,17 26 13,RCRC51702613,---,---,---,---,Front Wide L channel Volume up,
,,Front Wide L - (Down),16,26,14,18 26 14,RCRC51802614,---,---,---,---,Front Wide L channel Volume down,
,,Front Wide R + (Up),16,26,15,19 26 15,RCRC51902615,---,---,---,---,Front Wide R channel Volume up,
,,Front Wide R - (Down),16,26,16,20 26 16,RCRC52002616,---,---,---,---,Front Wide R channel Volume down,
,,Front Height L + (Up),16,26,17,16 26 17,RCRC51602617,X,X,X,---,Front Height L channel Volume up,
,,Front Height L - (Down),16,26,18,16 26 18,RCRC51602618,X,X,X,---,Front Height L channel Volume down,
,,Front Height R + (Up),16,26,19,16 26 19,RCRC51602619,X,X,X,---,Front Height R channel Volume up,
,,Front Height R - (Down),16,26,20,16 26 20,RCRC51602620,X,X,X,---,Front Height R channel Volume down,
,,Center + (Up),16,37,11,16 37 11,RCRC51603711,X,X,X,X,Center Channel Volume up,
,,Center - (Down),16,37,12,16 37 12,RCRC51603712,X,X,X,X,Center Channel Volume down,
,,Subwoofer + (Up),16,37,49,16 37 49,RCRC51603749,X,X,X,X,Subwoofer channel Volume up,
,,Subwoofer - (Down),16,37,50,16 37 50,RCRC51603750,X,X,X,X,Subwoofer channel Volume down,
,,Subwoofer 2 + (Up),16,64,23,16 64 23,RCRC51606423,X,---,---,---,Subwoofer 2 channel Volume up,
,,Subwoofer 2 - (Down),16,64,24,16 64 24,RCRC51606424,X,---,---,---,Subwoofer 2 channel Volume down,
,,Top Front L + (Up),16,26,21,16 26 21,RCRC51602621,X,X,X,---,Top Front L channel Volume up,
,,Top Front L - (Down),16,26,22,16 26 22,RCRC51602622,X,X,X,---,Top Front L channel Volume down,
,,Top Front R + (Up),16,26,23,16 26 23,RCRC51602623,X,X,X,---,Top Front R channel Volume up,
,,Top Front R - (Down),16,26,24,16 26 24,RCRC51602624,X,X,X,---,Top Front R channel Volume down,
,,Top Middle L + (Up),16,26,25,16 26 25,RCRC51602625,X,X,X,---,Top Middle L channel Volume up,
,,Top Middle L - (Down),16,26,26,16 26 26,RCRC51602626,X,X,X,---,Top Middle L channel Volume down,
,,Top Middle R + (Up),16,26,27,16 26 27,RCRC51602627,X,X,X,---,Top Middle R channel Volume up,
,,Top Middle R - (Down),16,26,28,16 26 28,RCRC51602628,X,X,X,---,Top Middle R channel Volume down,
,,Top Rear L + (Up),16,26,29,16 26 29,RCRC51602629,X,---,---,---,Top Rear L channel Volume up,
,,Top Rear L - (Down),16,26,30,16 26 30,RCRC51602630,X,---,---,---,Top Rear L channel Volume down,
,,Top Rear R + (Up),16,26,31,16 26 31,RCRC51602631,X,---,---,---,Top Rear R channel Volume up,
,,Top Rear R - (Down),16,26,32,16 26 32,RCRC51602632,X,---,---,---,Top Rear R channel Volume down,
,,Rear Height L + (Up),16,26,33,16 26 33,RCRC51602633,X,---,---,---,Rear Height L channel Volume up,
,,Rear Height L - (Down),16,26,34,16 26 34,RCRC51602634,X,---,---,---,Rear Height L channel Volume down,
,,Rear Height R + (Up),16,26,35,16 26 35,RCRC51602635,X,---,---,---,Rear Height R channel Volume up,
,,Rear Height R - (Down),16,26,36,16 26 36,RCRC51602636,X,---,---,---,Rear Height R channel Volume down,
,,Front Dolby L + (Up),16,26,37,16 26 37,RCRC51602637,X,X,X,---,Front Dolby L channel Volume up,
,,Front Dolby L - (Down),16,26,38,16 26 38,RCRC51602638,X,X,X,---,Front Dolby L channel Volume down,
,,Front Dolby R + (Up),16,26,39,16 26 39,RCRC51602639,X,X,X,---,Front Dolby R channel Volume up,
,,Front Dolby R - (Down),16,26,40,16 26 40,RCRC51602640,X,X,X,---,Front Dolby R channel Volume down,
,,Surround Dolby L + (Up),16,26,41,16 26 41,RCRC51602641,X,X,X,---,Surround Dolby L channel Volume up,
,,Surround Dolby L - (Down),16,26,42,16 26 42,RCRC51602642,X,X,X,---,Surround Dolby L channel Volume down,
,,Surround Dolby R + (Up),16,26,43,16 26 43,RCRC51602643,X,X,X,---,Surround Dolby R channel Volume up,
,,Surround Dolby R - (Down),16,26,44,16 26 44,RCRC51602644,X,X,X,---,Surround Dolby R channel Volume down,
,,Back Dolby L + (Up),16,26,45,16 26 45,RCRC51602645,X,---,---,---,Back Dolby L channel Volume up,
,,Back Dolby L - (Down),16,26,46,16 26 46,RCRC51602646,X,---,---,---,Back Dolby L channel Volume down,
,,Back Dolby R + (Up),16,26,47,16 26 47,RCRC51602647,X,---,---,---,Back Dolby R channel Volume up,
,,Back Dolby R - (Down),16,26,48,16 26 48,RCRC51602648,X,---,---,---,Back Dolby R channel Volume down,
,,Surround Height L + (Up),16,26,49,16 26 49,RCRC51602649,---,---,---,---,Surround Height L channel Volume up,
,,Surround Height R - (Down),16,26,50,16 26 50,RCRC51602650,---,---,---,---,Surround Height L channel Volume down,
,,Surround Height L + (Up),16,26,51,17 26 51,RCRC51602651,---,---,---,---,Surround Height R channel Volume up,
,,Surround Height R - (Down),16,26,52,17 26 52,RCRC51602652,---,---,---,---,Surround Height R channel Volume down,
,,Top Surround + (Up),16,26,53,17 26 53,RCRC51602653,---,---,---,---,Top Surround channel Volume up,
,,Top Surround - (Down),16,26,54,17 26 54,RCRC51602654,---,---,---,---,Top Surround  channel Volume down,
,,Center Height + (Up),16,26,55,16 26 55,RCRC51602655,---,---,---,---,Cneter Height channel Volume up,
,,Center Height - (Down),16,26,56,16 26 56,RCRC51602656,---,---,---,---,Cneter Height  channel Volume down,
,Audyssey,Audyssey MultEQ: OFF,16,28,00,16 28 00,RCRC51602800,---,---,---,---,Select Audyssey MultEQ mode: Off,0000 0071 0000 0022 0020 0020 0040 0040 0040 0020 0020 0020 0020 0020 0020 00A1 0020 0040 0020 0020 0020 0020 0040 0020 0020 0020 0020 0020 0020 0020 0020 0020 0020 0020 0020 0020 0020 0AAB 0020 0020 0040 0040 0040 0020 0020 0020 0020 0020 0020 00A1 0020 0040 0020 0020 0020 0020 0040 0020 0020 0020 0020 0020 0020 0020 0020 0020 0020 0020 0020 0020 0020 04B0
,,Audyssey MultEQ MODE (Toggle),16,28,02,16 28 02,RCRC51602802,X,X,X,X,Select Audyssey MultEQ mode toggle or Room EQ On/Off,0000 0071 0000 0022 0020 0020 0020 0020 0020 0020 0040 0020 0020 0020 0020 0020 0020 00A1 0020 0040 0020 0020 0020 0020 0040 0020 0020 0020 0020 0020 0020 0020 0020 0020 0020 0040 0040 0AAB 0020 0020 0020 0020 0020 0020 0040 0020 0020 0020 0020 0020 0020 00A1 0020 0040 0020 0020 0020 0020 0040 0020 0020 0020 0020 0020 0020 0020 0020 0020 0020 0040 0040 04B0
,,Audyssey Dynamic EQ/VOL,16,28,40,16 28 40,RCRC51602840,X,X,X,X,Select Audyssey Dynamic EQ or Volume mode,
,,Audyssey Dynamic EQ Mode,16,28,20,16 28 20,RCRC51602820,X,X,X,X,Audyssey Dynamic EQ turn On/Off,0000 0071 0000 0020 0020 0020 0020 0020 0020 0020 0040 0020 0020 0020 0020 0020 0020 00A1 0020 0040 0020 0020 0020 0020 0040 0020 0020 0020 0020 0040 0040 0040 0040 0020 0020 0AAB 0020 0020 0020 0020 0020 0020 0040 0020 0020 0020 0020 0020 0020 00A1 0020 0040 0020 0020 0020 0020 0040 0020 0020 0020 0020 0040 0040 0040 0040 0020 0020 04B0
,,Audyssey Dynamic EQ Mode Off,16,28,21,16 28 21,RCRC51602821,X,X,X,X,Audyssey Dynamic EQ turn Off,0000 0071 0000 001E 0020 0020 0040 0040 0040 0020 0020 0020 0020 0020 0020 00A1 0020 0040 0020 0020 0020 0020 0040 0020 0020 0020 0020 0040 0040 0040 0040 0040 0020 0AAB 0020 0020 0040 0040 0040 0020 0020 0020 0020 0020 0020 00A1 0020 0040 0020 0020 0020 0020 0040 0020 0020 0020 0020 0040 0040 0040 0040 0040 0020 04B0
,,Audyssey Dynamic EQ Mode On,16,28,22,16 28 22,RCRC51602822,X,X,X,X,Audyssey Dynamic EQ turn On,0000 0071 0000 0020 0020 0020 0020 0020 0020 0020 0040 0020 0020 0020 0020 0020 0020 00A1 0020 0040 0020 0020 0020 0020 0040 0020 0020 0020 0020 0040 0040 0040 0020 0020 0040 0AAB 0020 0020 0020 0020 0020 0020 0040 0020 0020 0020 0020 0020 0020 00A1 0020 0040 0020 0020 0020 0020 0040 0020 0020 0020 0020 0040 0040 0040 0020 0020 0040 04B0
,,Audyssey Dynamic Volume Mode,16,28,30,16 28 30,RCRC51602830,X,X,X,X,Turn On/Off Audyssey Dynamic Volume mode,0000 0071 0000 0020 0020 0020 0040 0040 0040 0020 0020 0020 0020 0020 0020 00A1 0020 0040 0020 0020 0020 0020 0040 0020 0020 0020 0020 0040 0020 0020 0020 0020 0020 0020 0040 0AAB 0020 0020 0040 0040 0040 0020 0020 0020 0020 0020 0020 00A1 0020 0040 0020 0020 0020 0020 0040 0020 0020 0020 0020 0040 0020 0020 0020 0020 0020 0020 0040 04B0
,,Audyssey Dynamic Volume Mode Off,16,28,31,16 28 31,RCRC51602831,X,X,X,X,Turn off Audyssey Dynamic Volume mode,0000 0071 0000 0024 0020 0020 0020 0020 0020 0020 0040 0020 0020 0020 0020 0020 0020 00A1 0020 0040 0020 0020 0020 0020 0040 0020 0020 0020 0020 0040 0020 0020 0020 0020 0020 0020 0020 0020 0020 0AAB 0020 0020 0020 0020 0020 0020 0040 0020 0020 0020 0020 0020 0020 00A1 0020 0040 0020 0020 0020 0020 0040 0020 0020 0020 0020 0040 0020 0020 0020 0020 0020 0020 0020 0020 0020 04B0
,,Audyssey Dynamic Volume Mode L,16,28,32,16 28 32,RCRC51602832,X,X,X,X,Select Audyssey Dynamic Volume mode: Light,0000 0071 0000 0022 0020 0020 0020 0020 0020 0020 0040 0020 0020 0020 0020 0020 0020 00A1 0020 0040 0020 0020 0020 0020 0040 0020 0020 0040 0040 0020 0020 0020 0020 0020 0020 0020 0020 0AAB 0020 0020 0020 0020 0020 0020 0040 0020 0020 0020 0020 0020 0020 00A1 0020 0040 0020 0020 0020 0020 0040 0020 0020 0040 0040 0020 0020 0020 0020 0020 0020 0020 0020 04B0
,,Audyssey Dynamic Volume Mode M,16,28,33,16 28 33,RCRC51602833,X,X,X,X,Select Audyssey Dynamic Volume mode: Medium,0000 0071 0000 0020 0020 0020 0040 0040 0040 0020 0020 0020 0020 0020 0020 00A1 0020 0040 0020 0020 0020 0020 0040 0020 0020 0040 0040 0020 0020 0020 0020 0020 0020 0040 0020 0AAB 0020 0020 0040 0040 0040 0020 0020 0020 0020 0020 0020 00A1 0020 0040 0020 0020 0020 0020 0040 0020 0020 0040 0040 0020 0020 0020 0020 0020 0020 0040 0020 04B0
,,Audyssey Dynamic Volume Mode H,16,28,34,16 28 34,RCRC51602834,X,X,X,X,Select Audyssey Dynamic Volume mode: Heavy,0000 0071 0000 001E 0020 0020 0040 0040 0040 0020 0020 0020 0020 0020 0020 00A1 0020 0040 0020 0020 0020 0020 0040 0020 0020 0040 0040 0020 0020 0020 0020 0040 0040 0AAB 0020 0020 0040 0040 0040 0020 0020 0020 0020 0020 0020 00A1 0020 0040 0020 0020 0020 0020 0040 0020 0020 0040 0040 0020 0020 0020 0020 0040 0040 04B0
,,Audyssey Dynamic EQ Offset Off,16,28,51,16 28 51,RCRC51602851,X,X,X,X,Turn Off Audyssey Dynamic EQ Offset function,0000 0071 0000 0020 0020 0020 0040 0040 0040 0020 0020 0020 0020 0020 0020 00A1 0020 0040 0020 0020 0020 0020 0040 0020 0020 0040 0020 0020 0040 0020 0020 0040 0020 0020 0020 0AAB 0020 0020 0040 0040 0040 0020 0020 0020 0020 0020 0020 00A1 0020 0040 0020 0020 0020 0020 0040 0020 0020 0040 0020 0020 0040 0020 0020 0040 0020 0020 0020 04B0
,,Audyssey Dynamic EQ Offset -5dB,16,28,52,16 28 52,RCRC51602852,X,X,X,X,Select Audyssey Dynamic EQ Offset mode: -5dB,0000 0071 0000 0020 0020 0020 0020 0020 0020 0020 0040 0020 0020 0020 0020 0020 0020 00A1 0020 0040 0020 0020 0020 0020 0040 0020 0020 0040 0020 0020 0040 0040 0040 0020 0020 0AAB 0020 0020 0020 0020 0020 0020 0040 0020 0020 0020 0020 0020 0020 00A1 0020 0040 0020 0020 0020 0020 0040 0020 0020 0040 0020 0020 0040 0040 0040 0020 0020 04B0
,,Audyssey Dynamic EQ Offset -10dB,16,28,53,16 28 53,RCRC51602853,X,X,X,X,Select Audyssey Dynamic EQ Offset mode: -10dB,0000 0071 0000 0020 0020 0020 0020 0020 0020 0020 0040 0020 0020 0020 0020 0020 0020 00A1 0020 0040 0020 0020 0020 0020 0040 0020 0020 0040 0020 0020 0040 0040 0040 0040 0020 0AAB 0020 0020 0020 0020 0020 0020 0040 0020 0020 0020 0020 0020 0020 00A1 0020 0040 0020 0020 0020 0020 0040 0020 0020 0040 0020 0020 0040 0040 0040 0040 0020 04B0
,,Audyssey Dynamic EQ Offset -15dB,16,28,54,16 28 54,RCRC51602854,X,X,X,X,Select Audyssey Dynamic EQ Offset mode: -15dB,0000 0071 0000 001E 0020 0020 0040 0040 0040 0020 0020 0020 0020 0020 0020 00A1 0020 0040 0020 0020 0020 0020 0040 0020 0020 0040 0020 0020 0040 0040 0020 0020 0040 0AAB 0020 0020 0040 0040 0040 0020 0020 0020 0020 0020 0020 00A1 0020 0040 0020 0020 0020 0020 0040 0020 0020 0040 0020 0020 0040 0040 0020 0020 0040 04B0
,,Audyssey LFC ON/OFF,16,64,40,16 64 40,RCRC51606440,X,---,---,---,Audyssey LFC  turn On/Off,0000 006F 0000 0010 0042 0021 0021 0042 0042 0021 0021 0021 0021 0021 0021 00A5 0021 0021 0021 0021 0021 0021 0021 0021 0021 0021 0021 0042 0042 0042 0042 0021 0021 0021 0021 04BD
,,Audyssey LFC ON,16,64,41,16 64 41,RCRC51606441,X,---,---,---,Audyssey LFC turn On,0000 006F 0000 0010 0042 0021 0021 0042 0042 0021 0021 0021 0021 0021 0021 00A5 0021 0021 0021 0021 0021 0021 0021 0021 0021 0021 0021 0042 0042 0042 0042 0021 0021 0042 0021 04BA
,,Audyssey LFC OFF,16,64,42,16 64 42,RCRC51606442,X,---,---,---,Audyssey LFC turn Off,0000 006F 0000 000F 0042 0021 0021 0042 0042 0021 0021 0021 0021 0021 0021 00A5 0021 0021 0021 0021 0021 0021 0021 0021 0021 0021 0021 0042 0042 0042 0042 0042 0042 04BD
,,Audyssey DSX ON/OFF,16,64,50,16 64 50,RCRC51606450,---,---,---,---,Select Audyssey DSX  On/Off (Toggle),0000 0071 0000 0024 0040 0020 0020 0040 0040 0020 0020 0020 0020 0020 0020 00A1 0020 0020 0020 0020 0020 0020 0020 0020 0020 0020 0020 0040 0020 0020 0040 0020 0020 0040 0040 0AA3 0040 0020 0020 0040 0040 0020 0020 0020 0020 0020 0020 00A1 0020 0020 0020 0020 0020 0020 0020 0020 0020 0020 0020 0040 0020 0020 0040 0020 0020 0040 0040 0AA3 0040 0020 0020 0040 0040 0020 000D 04A7
,,Audyssey DSX OFF,16,64,51,16 64 51,RCRC51606451,---,---,---,---,Select Audyssey DSX Off,0000 0071 0000 0025 0040 0040 0020 0020 0040 0020 0020 0020 0020 0020 0020 00A0 0020 0020 0020 0020 0020 0020 0020 0020 0020 0020 0020 0040 0020 0020 0040 0020 0020 0040 0020 0020 0020 0AA2 0040 0040 0020 0020 0040 0020 0020 0020 0020 0020 0020 00A0 0020 0020 0020 0020 0020 0020 0020 0020 0020 0020 0020 0040 0020 0020 0040 0020 0020 0040 0020 0020 0020 0AA2 0040 0040 0020 0020 0036 04A7
,,Audyssey DSX ON(Height),16,64,52,16 64 52,RCRC51606452,---,---,---,---,Select Audyssey DSX On(Height),0000 0071 0000 0025 0040 0020 0020 0040 0040 0020 0020 0020 0020 0020 0020 00A1 0020 0020 0020 0020 0020 0020 0020 0020 0020 0020 0020 0040 0020 0020 0040 0040 0040 0020 0020 0AA3 0040 0020 0020 0040 0040 0020 0020 0020 0020 0020 0020 00A1 0020 0020 0020 0020 0020 0020 0020 0020 0020 0020 0020 0040 0020 0020 0040 0040 0040 0020 0020 0AA3 0040 0020 0020 0040 0040 0020 0020 0020 0020 04A7
,,Audyssey DSX ON(Wide),16,64,53,16 64 53,RCRC51606453,---,---,---,---,Select Audyssey DSX On(Wide),0000 0071 0000 0024 0040 0020 0020 0040 0040 0020 0020 0020 0020 0020 0020 00A0 0020 0020 0020 0020 0020 0020 0020 0020 0020 0020 0020 0040 0020 0020 0040 0040 0040 0040 0020 0AA2 0040 0020 0020 0040 0040 0020 0020 0020 0020 0020 0020 00A0 0020 0020 0020 0020 0020 0020 0020 0020 0020 0020 0020 0040 0020 0020 0040 0040 0040 0040 0020 0AA2 0040 0020 0020 0040 0040 0020 0018 04A7
,,Audyssey DSX ON(Wide/Height),16,64,54,16 64 54,RCRC51606454,---,---,---,---,Select Audyssey DSX On(Wide/Height),
,Graphic EQ,Graphic EQ ON/OFF,16,28,10,16 28 10,RCRC51602810,X,X,X,X,Graphic EQ  turn On/Off,
,,Graphic EQ ON,16,28,12,16 28 12,RCRC51602812,X,X,X,X,Graphic EQ turn On,
,,Graphic EQ OFF,16,28,11,16 28 11,RCRC51602811,X,X,X,X,Graphic EQ turn Off,
,ECO,ECO Mode,16,58,10,16 58 10,RCRC51605810,X,X,X,X,ECO Mode set toggle,
,,ECO Mode ON,16,58,12,16 58 12,RCRC51605812,X,X,X,X,ECO Mode set : On,
,,ECO Mode OFF,16,58,11,16 58 11,RCRC51605811,X,X,X,X,ECO Mode set : Off,
,,ECO Mode AUTO,16,58,13,16 58 13,RCRC51605813,X,X,X,X,ECO Mode set : Auto,
,Sleep,SLEEP,16,38,---,16 38,RCRC516038,X,X,X,X,Sleep Timer set toggle,0000 0071 0000 0016 0021 0021 0021 0021 0021 0021 0041 0021 0021 0021 0021 0021 0021 0041 0041 0021 0021 0041 0021 0021 0041 0C9B 0021 0021 0021 0021 0021 0021 0041 0021 0021 0021 0021 0021 0021 0041 0041 0021 0021 0041 0021 0021 0041 04B0
,,SLEEP OFF,16,38,00,16 38 00,RCRC51603800,X,X,X,X,Sleep Timer set: Off,0000 0071 0000 0022 0020 0020 0020 0020 0020 0020 0040 0020 0020 0020 0020 0020 0020 00C1 0040 0020 0020 0040 0020 0020 0040 0020 0020 0020 0020 0020 0020 0020 0020 0020 0020 0020 0020 0AA7 0020 0020 0020 0020 0020 0020 0040 0020 0020 0020 0020 0020 0020 00C1 0040 0020 0020 0040 0020 0020 0040 0020 0020 0020 0020 0020 0020 0020 0020 0020 0020 0020 0020 04A9
,Trigger,DC Trgger-1 ON,16,125,01,16 125 01,RCRC51612501,X,X,X,---,DC Trigger-1 remote output On,0000 0071 0000 0020 0040 0020 0020 0040 0040 0020 0020 0020 0020 0020 0020 00C1 0020 0020 0020 0020 0020 0020 0040 0040 0040 0020 0020 0020 0020 0020 0020 0020 0020 0040 0020 0AAB 0040 0020 0020 0040 0040 0020 0020 0020 0020 0020 0020 00C1 0020 0020 0020 0020 0020 0020 0040 0040 0040 0020 0020 0020 0020 0020 0020 0020 0020 0040 0020 04B0
,,DC Trgger-1 OFF,16,125,02,16 125 02,RCRC51612502,X,X,X,---,DC Trigger-1 remote output Off,0000 0071 0000 001E 0040 0040 0020 0020 0040 0020 0020 0020 0020 0020 0020 00C1 0020 0020 0020 0020 0020 0020 0040 0040 0040 0020 0020 0020 0020 0020 0020 0040 0040 0AAB 0040 0040 0020 0020 0040 0020 0020 0020 0020 0020 0020 00C1 0020 0020 0020 0020 0020 0020 0040 0040 0040 0020 0020 0020 0020 0020 0020 0040 0040 04B0
,,DC-Trgger-2 ON,16,125,03,16 125 03,RCRC51612503,---,---,---,---,DC Trigger-2 remote output On,0000 0071 0000 0020 0040 0020 0020 0040 0040 0020 0020 0020 0020 0020 0020 00C1 0020 0020 0020 0020 0020 0020 0040 0040 0040 0020 0020 0020 0020 0020 0020 0040 0020 0020 0020 0AAB 0040 0020 0020 0040 0040 0020 0020 0020 0020 0020 0020 00C1 0020 0020 0020 0020 0020 0020 0040 0040 0040 0020 0020 0020 0020 0020 0020 0040 0020 0020 0020 04B0
,,DC-Trgger-2 OFF,16,125,04,16 125 04,RCRC51612504,---,---,---,---,DC Trigger-2 remote output Off,0000 0071 0000 001E 0040 0040 0020 0020 0040 0020 0020 0020 0020 0020 0020 00C1 0020 0020 0020 0020 0020 0020 0040 0040 0040 0020 0020 0020 0020 0040 0040 0020 0020 0AAB 0040 0040 0020 0020 0040 0020 0020 0020 0020 0020 0020 00C1 0020 0020 0020 0020 0020 0020 0040 0040 0040 0020 0020 0020 0020 0040 0040 0020 0020 04B0
,,DC Trgger-3 ON,16,125,05,16 125 05,RCRC51612505,---,---,---,---,DC Trigger-3 remote output On,0000 0071 0000 001E 0040 0020 0020 0040 0040 0020 0020 0020 0020 0020 0020 00C1 0020 0020 0020 0020 0020 0020 0040 0040 0040 0020 0020 0020 0020 0040 0040 0040 0020 0AAB 0040 0020 0020 0040 0040 0020 0020 0020 0020 0020 0020 00C1 0020 0020 0020 0020 0020 0020 0040 0040 0040 0020 0020 0020 0020 0040 0040 0040 0020 04B0
,,DC Trgger-3 OFF,16,125,06,16 125 06,RCRC51612506,---,---,---,---,DC Trigger-3 remote output Off,0000 0071 0000 001E 0040 0040 0020 0020 0040 0020 0020 0020 0020 0020 0020 00C1 0020 0020 0020 0020 0020 0020 0040 0040 0040 0020 0020 0020 0020 0040 0020 0020 0040 0AAB 0040 0040 0020 0020 0040 0020 0020 0020 0020 0020 0020 00C1 0020 0020 0020 0020 0020 0020 0040 0040 0040 0020 0020 0020 0020 0040 0020 0020 0040 04B0
,,DC-Trgger-4 ON,16,125,07,16 125 07,RCRC51612507,---,---,---,---,DC Trigger-4 remote output On,0000 0071 0000 0020 0040 0020 0020 0040 0040 0020 0020 0020 0020 0020 0020 00C1 0020 0020 0020 0020 0020 0020 0040 0040 0040 0020 0020 0020 0020 0040 0020 0020 0020 0020 0020 0AAB 0040 0020 0020 0040 0040 0020 0020 0020 0020 0020 0020 00C1 0020 0020 0020 0020 0020 0020 0040 0040 0040 0020 0020 0020 0020 0040 0020 0020 0020 0020 0020 04B0
,,DC-Trgger-4 OFF,16,125,08,16 125 08,RCRC51612508,---,---,---,---,DC Trigger-4 remote output Off,0000 0071 0000 001E 0040 0040 0020 0020 0040 0020 0020 0020 0020 0020 0020 00C1 0020 0020 0020 0020 0020 0020 0040 0040 0040 0020 0020 0040 0040 0020 0020 0020 0020 0AAB 0040 0040 0020 0020 0040 0020 0020 0020 0020 0020 0020 00C1 0020 0020 0020 0020 0020 0020 0040 0040 0040 0020 0020 0040 0040 0020 0020 0020 0020 04B0
,Tuner,BAND,17,47,01,17 47 01,RCRC51704701,X,X,X,X,Select FM and AM (Toggle),0000 0071 0000 0028 0020 0020 0020 0020 0020 0020 0040 0020 0020 0020 0020 0040 0020 00A1 0040 0040 0020 0020 0020 0020 0020 0020 0040 0020 0020 0020 0020 0020 0020 0020 0020 0040 0020 0AAD 0020 0020 0020 0020 0020 0020 0040 0020 0020 0020 0020 0040 0020 00A1 0040 0040 0020 0020 0020 0020 0020 0020 0040 0020 0020 0020 0020 0020 0020 0020 0020 0040 0020 0AAD 0020 0020 0020 0020 0020 0020 0040 0020 0020 0020 0020 04AC
,,FM,17,45,---,17 45,RCRC517045,X,X,X,X,Select FM for Tuner-1,0000 0073 0000 001D 0020 0020 0040 0040 0040 0020 0020 0020 0020 0040 0020 0020 0040 0040 0020 0020 0040 0040 0020 0C70 0020 0020 0040 0040 0040 0020 0020 0020 0020 0040 0020 0020 0040 0040 0020 0020 0040 0040 0020 0C70 0020 0020 0040 0040 0040 0020 0020 0020 0020 0040 0020 0020 0040 0040 0020 0020 0040 0490
,,AM,17,46,---,17 46,RCRC517046,X,X,X,X,Select AM for Tuner-1,0000 0071 0000 0020 0020 0020 0020 0020 0020 0020 0040 0020 0020 0020 0020 0040 0020 0081 0020 0040 0020 0020 0020 0020 0040 0040 0040 0020 0020 0040 0040 0040 0020 0020 0020 0AA5 0020 0020 0020 0020 0020 0020 0040 0020 0020 0020 0020 0040 0020 0081 0020 0040 0020 0020 0020 0020 0040 0040 0040 0020 0020 0040 0040 0040 0020 0020 0020 04A9
,,T-MODE,17,37,---,17 37,RCRC517037,X,X,X,X,Tuning mode(Auto  or Manual) for Tuner-1,0000 0073 0000 0016 0020 0020 0020 0020 0020 0020 0040 0020 0020 0020 0020 0040 0020 0020 0040 0020 0020 0040 0040 0040 0020 0C5B 0020 0020 0020 0020 0020 0020 0040 0020 0020 0020 0020 0040 0020 0020 0040 0020 0020 0040 0040 0040 0020 0498
,,MEMO (MEMORY),17,41,---,17 41,RCRC517041,X,X,X,X,Memory for Tuner-1(HD Radio/Tuner),0000 0073 0000 0016 0020 0020 0020 0020 0020 0020 0040 0020 0020 0020 0020 0040 0020 0020 0040 0040 0040 0020 0020 0040 0020 0C5B 0020 0020 0020 0020 0020 0020 0040 0020 0020 0020 0020 0040 0020 0020 0040 0040 0040 0020 0020 0040 0020 0498
,,MEMORY,24,41,50,24 41 50,RCRC52404150,X,X,X,X,Enter Preset memory mode/Store,0000 0071 0000 0025 0020 0020 0020 0020 0020 0020 0020 0020 0040 0020 0020 0020 0020 00C1 0040 0040 0040 0020 0020 0040 0020 0020 0020 0020 0040 0020 0020 0040 0040 0AA2 0020 0020 0020 0020 0020 0020 0020 0020 0040 0020 0020 0020 0020 00C1 0040 0040 0040 0020 0020 0040 0020 0020 0020 0020 0040 0020 0020 0040 0040 0AA2 0020 0020 0020 0020 0020 0020 0020 0020 0040 0020 0020 0020 0015 04A7
,,FREQ.(tuning) Up +,17,30,---,17 30,RCRC517030,X,X,X,X,Frequency(Scan) up for Tuner-1,0000 0071 0000 0022 0020 0020 0020 0020 0020 0020 0040 0020 0020 0020 0020 0040 0020 0081 0020 0040 0020 0020 0020 0020 0040 0040 0040 0020 0020 0040 0020 0020 0020 0020 0020 0020 0020 0AA5 0020 0020 0020 0020 0020 0020 0040 0020 0020 0020 0020 0040 0020 0081 0020 0040 0020 0020 0020 0020 0040 0040 0040 0020 0020 0040 0020 0020 0020 0020 0020 0020 0020 04A9
,,FREQ.(tuning) Down -,17,31,---,17 31,RCRC517031,X,X,X,X,Frequency(Scan) down for Tuner-1,0000 0071 0000 001E 0020 0020 0040 0040 0040 0020 0020 0020 0020 0040 0020 0081 0020 0040 0020 0020 0020 0020 0040 0040 0040 0040 0040 0020 0020 0020 0020 0020 0020 0AA5 0020 0020 0040 0040 0040 0020 0020 0020 0020 0040 0020 0081 0020 0040 0020 0020 0020 0020 0040 0040 0040 0040 0040 0020 0020 0020 0020 0020 0020 04A9
,,PRESET Up +,17,32,---,17 32,RCRC517032,X,X,X,X,Preset(Skip) up for Tuner-1,0000 0071 0000 001E 0020 0020 0040 0040 0040 0020 0020 0020 0020 0040 0020 0081 0020 0040 0020 0020 0020 0020 0040 0040 0040 0020 0020 0040 0020 0020 0040 0040 0020 0AA5 0020 0020 0040 0040 0040 0020 0020 0020 0020 0040 0020 0081 0020 0040 0020 0020 0020 0020 0040 0040 0040 0020 0020 0040 0020 0020 0040 0040 0020 04A9
,,PRESET Down -,17,33,---,17 33,RCRC517033,X,X,X,X,Preset(Skip) down for Tuner-1,0000 0071 0000 001E 0020 0020 0040 0040 0040 0020 0020 0020 0020 0040 0020 0081 0020 0040 0020 0020 0020 0020 0040 0040 0040 0020 0020 0040 0020 0020 0020 0020 0040 0AA5 0020 0020 0040 0040 0040 0020 0020 0020 0020 0040 0020 0081 0020 0040 0020 0020 0020 0020 0040 0040 0040 0020 0020 0040 0020 0020 0020 0020 0040 04A9
,,0 (PRESET 0),17,00,---,17 00,RCRC517000,X,X,X,X,Ten Key 0 ( Pre set No. or Frequency) for Tuner-1,0000 0071 0000 0020 0020 0020 0040 0040 0040 0020 0020 0020 0020 0040 0020 0081 0020 0040 0020 0020 0020 0020 0040 0040 0040 0020 0020 0020 0020 0020 0020 0020 0020 0020 0020 0AA5 0020 0020 0040 0040 0040 0020 0020 0020 0020 0040 0020 0081 0020 0040 0020 0020 0020 0020 0040 0040 0040 0020 0020 0020 0020 0020 0020 0020 0020 0020 0020 04A9
,,1 (PRESET 1),17,01,---,17 01,RCRC517001,X,X,X,X,Ten Key 1 ( Pre set No. or Frequency) for Tuner-1,0000 0073 0000 0016 0020 0020 0040 0040 0040 0020 0020 0020 0020 0040 0040 0020 0020 0020 0020 0020 0020 0020 0020 0040 0020 0C5B 0020 0020 0040 0040 0040 0020 0020 0020 0020 0040 0040 0020 0020 0020 0020 0020 0020 0020 0020 0040 0020 0498
,,2 (PRESET 2),17,02,---,17 02,RCRC517002,X,X,X,X,Ten Key 2 ( Pre set No. or Frequency) for Tuner-1,0000 0073 0000 0016 0020 0020 0020 0020 0020 0020 0040 0020 0020 0020 0020 0040 0040 0020 0020 0020 0020 0020 0020 0040 0040 0C5B 0020 0020 0020 0020 0020 0020 0040 0020 0020 0020 0020 0040 0040 0020 0020 0020 0020 0020 0020 0040 0040 0498
,,3 (PRESET 3),17,03,---,17 03,RCRC517003,X,X,X,X,Ten Key 3 ( Pre set No. or Frequency) for Tuner-1,0000 0073 0000 0016 0020 0020 0040 0040 0040 0020 0020 0020 0020 0040 0040 0020 0020 0020 0020 0020 0020 0040 0020 0020 0020 0C5B 0020 0020 0040 0040 0040 0020 0020 0020 0020 0040 0040 0020 0020 0020 0020 0020 0020 0040 0020 0020 0020 0498
,,4 (PRESET 4),17,04,---,17 04,RCRC517004,X,X,X,X,Ten Key 4 ( Pre set No. or Frequency) for Tuner-1,0000 0073 0000 0016 0020 0020 0020 0020 0020 0020 0040 0020 0020 0020 0020 0040 0040 0020 0020 0020 0020 0040 0040 0020 0020 0C5B 0020 0020 0020 0020 0020 0020 0040 0020 0020 0020 0020 0040 0040 0020 0020 0020 0020 0040 0040 0020 0020 0498
,,5 (PRESET 5),17,05,---,17 05,RCRC517005,X,X,X,X,Ten Key 5 ( Pre set No. or Frequency) for Tuner-1,0000 0071 0000 0020 0020 0020 0020 0020 0020 0020 0040 0020 0020 0020 0020 0040 0020 0081 0020 0040 0020 0020 0020 0020 0040 0040 0040 0020 0020 0020 0020 0040 0040 0040 0020 0AA5 0020 0020 0020 0020 0020 0020 0040 0020 0020 0020 0020 0040 0020 0081 0020 0040 0020 0020 0020 0020 0040 0040 0040 0020 0020 0020 0020 0040 0040 0040 0020 04A9
,,6 (PRESET 6),17,06,---,17 06,RCRC517006,X,X,X,X,Ten Key 6 ( Pre set No. or Frequency) for Tuner-1,0000 0073 0000 0016 0020 0020 0020 0020 0020 0020 0040 0020 0020 0020 0020 0040 0040 0020 0020 0020 0020 0040 0020 0020 0040 0C5B 0020 0020 0020 0020 0020 0020 0040 0020 0020 0020 0020 0040 0040 0020 0020 0020 0020 0040 0020 0020 0040 0498
,,7 (PRESET 7),17,07,---,17 07,RCRC517007,X,X,X,X,Ten Key 7 ( Pre set No. or Frequency) for Tuner-1,0000 0073 0000 0016 0020 0020 0040 0040 0040 0020 0020 0020 0020 0040 0040 0020 0020 0020 0020 0040 0020 0020 0020 0020 0020 0C5B 0020 0020 0040 0040 0040 0020 0020 0020 0020 0040 0040 0020 0020 0020 0020 0040 0020 0020 0020 0020 0020 0498
,,8 (PRESET 8),17,08,---,17 08,RCRC517008,X,X,X,X,Ten Key 8 ( Pre set No. or Frequency) for Tuner-1,0000 0073 0000 0016 0020 0020 0020 0020 0020 0020 0040 0020 0020 0020 0020 0040 0040 0020 0020 0040 0040 0020 0020 0020 0020 0C5B 0020 0020 0020 0020 0020 0020 0040 0020 0020 0020 0020 0040 0040 0020 0020 0040 0040 0020 0020 0020 0020 0498
,,9 (PRESET 9),17,09,---,17 09,RCRC517009,X,X,X,X,Ten Key 9 ( Pre set No. or Frequency) for Tuner-1,0000 0071 0000 0020 0020 0020 0020 0020 0020 0020 0040 0020 0020 0020 0020 0040 0020 0081 0020 0040 0020 0020 0020 0020 0040 0040 0040 0020 0020 0040 0040 0020 0020 0040 0020 0AA5 0020 0020 0020 0020 0020 0020 0040 0020 0020 0020 0020 0040 0020 0081 0020 0040 0020 0020 0020 0020 0040 0040 0040 0020 0020 0040 0040 0020 0020 0040 0020 04A9
,,Cursor Up,17,80,01,17 80 01,RCRC51708001,X,X,X,X,Cursor up,0000 0071 0000 0025 0040 0020 0020 0040 0040 0020 0020 0020 0020 0040 0020 0081 0020 0040 0040 0020 0020 0020 0020 0020 0020 0020 0020 0020 0020 0020 0020 0020 0020 0020 0020 0040 0020 0AA4 0040 0020 0020 0040 0040 0020 0020 0020 0020 0040 0020 0081 0020 0040 0040 0020 0020 0020 0020 0020 0020 0020 0020 0020 0020 0020 0020 0020 0020 0020 0020 0040 0020 0AA4 0040 0020 0020 0040 0040 04A8
,,Cursor Down,17,81,01,17 81 01,RCRC51708101,X,X,X,X,Cursor down,0000 0071 0000 0021 0040 0040 0020 0020 0040 0020 0020 0020 0020 0040 0020 0081 0020 0040 0040 0020 0020 0020 0020 0040 0040 0020 0020 0020 0020 0020 0020 0020 0020 0040 0020 0AA4 0040 0040 0020 0020 0040 0020 0020 0020 0020 0040 0020 0081 0020 0040 0040 0020 0020 0020 0020 0040 0040 0020 0020 0020 0020 0020 0020 0020 0020 0040 0020 0AA4 0013 04A8
,,Cursor Left,17,85,01,17 85 01,RCRC51708501,X,X,X,X,Cursor left,0000 0071 0000 0023 0040 0020 0020 0040 0040 0020 0020 0020 0020 0040 0020 0081 0020 0040 0040 0040 0040 0040 0040 0020 0020 0020 0020 0020 0020 0020 0020 0040 0020 0AA4 0040 0020 0020 0040 0040 0020 0020 0020 0020 0040 0020 0081 0020 0040 0040 0040 0040 0040 0040 0020 0020 0020 0020 0020 0020 0020 0020 0040 0020 0AA4 0040 0020 0020 0040 0040 0020 0020 0020 0020 04A8
,,Cursor Right,17,86,01,17 86 01,RCRC51708601,X,X,X,X,Cursor right,0000 0071 0000 0025 0040 0040 0020 0020 0040 0020 0020 0020 0020 0040 0020 0081 0020 0040 0040 0040 0020 0020 0040 0020 0020 0020 0020 0020 0020 0020 0020 0020 0020 0040 0020 0AA4 0040 0040 0020 0020 0040 0020 0020 0020 0020 0040 0020 0081 0020 0040 0040 0040 0020 0020 0040 0020 0020 0020 0020 0020 0020 0020 0020 0020 0020 0040 0020 0AA4 0040 0040 0020 0020 0040 0020 0020 0020 0020 04A8
,,Cursor Enter,17,87,01,17 87 01,RCRC51708701,X,X,X,X,Enter fucntion,0000 0071 0000 0020 0040 0020 0020 0040 0040 0020 0020 0020 0020 0040 0020 0081 0020 0040 0040 0040 0020 0020 0020 0020 0040 0020 0020 0020 0020 0020 0020 0020 0020 0040 0020 0AA4 0040 0020 0020 0040 0040 0020 0020 0020 0020 0040 0020 0081 0020 0040 0040 0040 0020 0020 0020 0020 0040 0020 0020 0020 0020 0020 0020 0020 0020 0040 0020 04A8
,,RETURN,17,83,01,17 83 01,RCRC51708301,X,X,X,X,Return function on Analog Tuner,0000 0071 0000 001E 0040 0040 0020 0020 0040 0020 0020 0020 0020 0020 0020 00A0 0020 0040 0040 0040 0020 0020 0020 0020 0040 0020 0020 0020 0020 0040 0040 0020 0020 0AA1 0040 0040 0020 0020 0040 0020 0020 0020 0020 0020 0020 00A0 0020 0040 0040 0040 0020 0020 0020 0020 0040 0020 0020 0020 0020 0040 0040 0020 0020 04A6
,,PTY　(For Europe Model)  (*5),17,120,---,17 120,RCRC5170120,X (*5),X (*5),X (*5),X (*5),Select Program Type for RDS,
,,RT　(For Europe Model)  (*5),17,120,40,17 120 40,RCRC51712040,X (*5),X (*5),X (*5),X (*5),RDS RT on/off,
,,RDS/SEARCH,17,120,60,17 120 60,RCRC51712060,X,X,X,X,Direct Tuning/RDS Search,0000 0071 0000 0025 0040 0040 0020 0020 0040 0020 0020 0020 0020 0040 0020 00A1 0020 0020 0020 0020 0040 0020 0020 0020 0020 0040 0020 0020 0020 0020 0020 0020 0040 0020 0020 0AA6 0040 0040 0020 0020 0040 0020 0020 0020 0020 0040 0020 00A1 0020 0020 0020 0020 0040 0020 0020 0020 0020 0040 0020 0020 0020 0020 0020 0020 0040 0020 0020 0AA6 0040 0040 0020 0020 0040 0020 0020 0020 0020 04A9
,USB,Cursor Up,24,80,01,24 80 01,RCRC52408001,X,X,X,X,Cursor up in USB mode,
,,Cursor Down,24,81,01,24 81 01,RCRC52408101,X,X,X,X,Cursor down in USB Mode,
,,Cursor Left,24,85,01,24 85 01,RCRC52408501,X,X,X,X,Cursor left in USB mode,
,,Cursor Right,24,86,01,24 86 01,RCRC52408601,X,X,X,X,Cursor Right in USB mode,
,,Enter,24,87,01,24 87 01,RCRC52408701,X,X,X,X,Enter in USB mode,
,,Return,24,87,21,24 87 21,RCRC52408721,X,X,X,X,Go back to previous folder,0000 0071 0000 001F 0040 0020 0020 0040 0020 0020 0040 0020 0020 0020 0020 00A1 0020 0040 0040 0040 0020 0020 0020 0020 0040 0040 0040 0040 0040 0040 0020 0AA4 0040 0020 0020 0040 0020 0020 0040 0020 0020 0020 0020 00A1 0020 0040 0040 0040 0020 0020 0020 0020 0040 0040 0040 0040 0040 0040 0020 0AA4 0040 0020 0020 0040 001B 04A8
,,Page Previous,24,32,20,24 32 20,RCRC52403220,X,X,X,X,Go to next page,
,,Page Next,24,33,20,24 33 20,RCRC52403320,X,X,X,X,Back to previous page,
,,Play/Pause,24,53,00,24 53 00,RCRC52405300,X,X,X,X,Play/Pause(Toggle),0000 0071 0000 0024 0020 0020 0040 0040 0020 0020 0040 0020 0020 0020 0020 00C1 0020 0020 0040 0040 0040 0040 0040 0020 0020 0020 0020 0020 0020 0020 0020 0020 0020 0AA4 0020 0020 0040 0040 0020 0020 0040 0020 0020 0020 0020 00C1 0020 0020 0040 0040 0040 0040 0040 0020 0020 0020 0020 0020 0020 0020 0020 0020 0020 0AA4 0020 0020 0040 0040 0020 0020 0040 0020 0020 0020 0020 04A8
,,Play,24,53,01,24 53 01,RCRC52405301,X,X,X,X,Start the playback,
,,Pause,24,48,01,24 48 01,RCRC52404801,X,X,X,X,Pause the playback,
,,Stop,24,54,01,24 54 01,RCRC52405401,X,X,X,X,Stop the playback,
,,Next,24,32,01,24 32 01,RCRC52403201,X,X,X,X,Go to next song,
,,Previous,24,33,01,24 33 01,RCRC52403301,X,X,X,X,Back to previous song,
,,REW (Toggle),24,50,01,24 50 01,RCRC52405001,---,---,---,---,Change REW mode (Toggle),
,,FF (Toggle),24,52,01,24 52 01,RCRC52405201,---,---,---,---,Change FF mode (Toggle),
,,Random(Toggle),24,28,01,24 28 01,RCRC52402801,---,---,---,---,Change Random mode Off->Songs->Album->Off,
,,Random Off,24,28,02,24 28 02,RCRC52402802,---,---,---,---,Random mode off,0000 0071 0000 0026 0020 0020 0020 0020 0020 0020 0020 0020 0040 0020 0020 0020 0020 00C0 0020 0020 0040 0040 0040 0020 0020 0020 0020 0020 0020 0020 0020 0040 0020 0020 0020 0020 0020 0AA1 0020 0020 0020 0020 0020 0020 0020 0020 0040 0020 0020 0020 0020 00C0 0020 0020 0040 0040 0040 0020 0020 0020 0020 0020 0020 0020 0020 0040 0020 0020 0020 0020 0020 0AA1 0020 0020 0020 0020 0020 0020 0020 04A6
,,Random On(Songs),24,28,03,24 28 03,RCRC52402803,---,---,---,---,Song Random mode on,0000 0071 0000 0026 0020 0020 0020 0020 0020 0020 0020 0020 0040 0020 0020 0020 0020 00C0 0020 0020 0040 0040 0040 0020 0020 0020 0020 0020 0020 0020 0020 0040 0020 0020 0020 0020 0020 0AA1 0020 0020 0020 0020 0020 0020 0020 0020 0040 0020 0020 0020 0020 00C0 0020 0020 0040 0040 0040 0020 0020 0020 0020 0020 0020 0020 0020 0040 0020 0020 0020 0020 0020 0AA1 0020 0020 0020 0020 0020 0020 0020 04A6
,,Repeat(Toggle),24,29,01,24 29 01,RCRC52402901,---,---,---,---,Change Repeat mode,
,,Repeat Off,24,29,02,24 29 02,RCRC52402902,---,---,---,---,Repeat mode off,0000 0071 0000 0024 0020 0020 0040 0040 0020 0020 0040 0020 0020 0020 0020 00A1 0020 0040 0020 0020 0020 0020 0040 0040 0040 0020 0020 0020 0020 0020 0020 0040 0040 0AA6 0020 0020 0040 0040 0020 0020 0040 0020 0020 0020 0020 00A1 0020 0040 0020 0020 0020 0020 0040 0040 0040 0020 0020 0020 0020 0020 0020 0040 0040 0AA6 0020 0020 0040 0040 0020 0020 0040 0020 0020 0020 0020 04A9
,,Repeat One,24,29,03,24 29 03,RCRC52402903,---,---,---,---,One track repeat mode on,0000 0071 0000 0026 0020 0020 0020 0020 0020 0020 0020 0020 0040 0020 0020 0020 0020 00A1 0020 0040 0020 0020 0020 0020 0040 0040 0040 0020 0020 0020 0020 0020 0020 0040 0020 0020 0020 0AA6 0020 0020 0020 0020 0020 0020 0020 0020 0040 0020 0020 0020 0020 00A1 0020 0040 0020 0020 0020 0020 0040 0040 0040 0020 0020 0020 0020 0020 0020 0040 0020 0020 0020 0AA6 0020 0020 0020 0020 0020 0020 0020 04A9
,,Repeat All,24,29,04,24 29 04,RCRC52402904,---,---,---,---,All repeat mode on,0000 0071 0000 0022 0020 0020 0040 0040 0020 0020 0040 0020 0020 0020 0020 00A1 0020 0040 0020 0020 0020 0020 0040 0040 0040 0020 0020 0020 0020 0040 0040 0020 0020 0AA6 0020 0020 0040 0040 0020 0020 0040 0020 0020 0020 0020 00A1 0020 0040 0020 0020 0020 0020 0040 0040 0040 0020 0020 0020 0020 0040 0040 0020 0020 0AA6 0020 0020 0040 0040 0020 0020 000E 04A9
,Network,Network(DMP): Random (toggle),27,28,01,27 28 01,RCRC52702801,---,---,---,---,,
,,Network(DMP): Random Off,27,28,02,27 28 02,RCRC52702802,---,---,---,---,,
,,Network(DMP): Random On,27,28,03,27 28 03,RCRC52702803,---,---,---,---,,
,,Network(DMP): Repeat (toggle),27,29,01,27 29 01,RCRC52702901,---,---,---,---,,
,,Network(DMP): Repeat Off,27,29,02,27 29 02,RCRC52702902,---,---,---,---,,
,,Network(DMP): Repeat One,27,29,03,27 29 03,RCRC52702903,---,---,---,---,,
,,Network(DMP): Repeat All,27,29,04,27 29 04,RCRC52702904,---,---,---,---,,
,,Network(DMP)/USB: Next,27,32,01,27 32 01,RCRC52703201,X,X,X,X,,
,,Network(DMP)/USB: Previous,27,33,01,27 33 01,RCRC52703301,X,X,X,X,,
,,Network(DMP)/USB: Pause,27,48,01,27 48 01,RCRC52704801,X,X,X,X,,
,,Network(DMP)/USB: REW,27,50,01,27 50 01,RCRC52705001,---,---,---,---,,
,,Network(DMP)/USB: FF,27,52,01,27 52 01,RCRC52705201,---,---,---,---,,
,,Network(DMP): Play(/Pause),27,53,01,27 53 01,RCRC52705301,X,X,X,X,,
,,Internet Radio - Recent Played Station,27,53,50,27 53 50,RCRC52705350,X,X,X,X,,
,,Network(DMP): Stop,27,54,01,27 54 01,RCRC52705401,X,X,X,X,,
,,MEMORY,27,41,50,27 41 50,RCRC52704150,---,---,---,---,Enter Preset memory mode/Store,0000 0071 0000 0020 0020 0020 0040 0040 0020 0020 0040 0040 0020 0020 0020 00A1 0040 0040 0040 0020 0020 0040 0020 0020 0020 0020 0040 0020 0020 0040 0040 0AAB 0020 0020 0040 0040 0020 0020 0040 0040 0020 0020 0020 00A1 0040 0040 0040 0020 0020 0040 0020 0020 0020 0020 0040 0020 0020 0040 0040 0AAB 0020 0020 0040 0040 0020 0020 0040 04AB
,,Network(DMP): Cursor Up,27,80,01,27 80 01,RCRC52708001,X,X,X,X,,
,,Network(DMP): Cursor Down,27,81,01,27 81 01,RCRC52708101,X,X,X,X,,
,,Network(DMP): Cursor Left,27,85,01,27 85 01,RCRC52708501,X,X,X,X,,
,,Network(DMP): Cursor Right,27,86,01,27 86 01,RCRC52708601,X,X,X,X,,
,,Network(DMP): Enter,27,87,01,27 87 01,RCRC52708701,X,X,X,X,,
,,Network(DMP): Page Next,27,80,04,27 80 04,RCRC52708004,X,X,X,X,,
,,Network(DMP): Page Previous,27,81,04,27 81 04,RCRC52708104,X,X,X,X,,
,,Network(DMP): Return,27,87,21,27 87 21,RCRC52708721,X,X,X,X,,0000 0071 0000 0021 0040 0040 0020 0020 0020 0020 0040 0040 0020 0020 0020 0081 0020 0040 0040 0040 0020 0020 0020 0020 0040 0040 0040 0040 0040 0040 0020 0AA1 0040 0040 0020 0020 0020 0020 0040 0040 0020 0020 0020 0081 0020 0040 0040 0040 0020 0020 0020 0020 0040 0040 0040 0040 0040 0040 0020 0AA1 0040 0040 0020 0020 0020 0020 0040 0040 0020 04A6
,,Network(DMP):HOME,27,82,02,27 82 02,RCRC52708202,---,---,---,---,,
2nd,Power,POWER ON/OFF,16,29,00,16 29 00,RCRC51602900,X,X,X,---,Turn Power On/Off (Toggle),
Zone,Control,POWER ON,16,29,03,16 29 03,RCRC51602903,X,X,X,---,Power ON,0000 0071 0000 0022 0020 0020 0020 0020 0020 0020 0040 0020 0020 0020 0020 0020 0020 00A1 0020 0040 0020 0020 0020 0020 0040 0040 0040 0020 0020 0020 0020 0020 0020 0040 0020 0020 0020 0AAB 0020 0020 0020 0020 0020 0020 0040 0020 0020 0020 0020 0020 0020 00A1 0020 0040 0020 0020 0020 0020 0040 0040 0040 0020 0020 0020 0020 0020 0020 0040 0020 0020 0020 04B0
(Multi,,POWER OFF,16,29,04,16 29 04,RCRC51602904,X,X,X,---,Power Off,0000 0071 0000 001E 0020 0020 0040 0040 0040 0020 0020 0020 0020 0020 0020 00A1 0020 0040 0020 0020 0020 0020 0040 0040 0040 0020 0020 0020 0020 0040 0040 0020 0020 0AAB 0020 0020 0040 0040 0040 0020 0020 0020 0020 0020 0020 00A1 0020 0040 0020 0020 0020 0020 0040 0040 0040 0020 0020 0020 0020 0040 0040 0020 0020 04B0
Zone A),Volume,VOL. +,16,29,01,16 29 01,RCRC51602901,X,X,X,---,Volume Up,0000 0071 0000 001E 0020 0020 0040 0040 0040 0020 0020 0020 0020 0020 0020 00A1 0020 0040 0020 0020 0020 0020 0040 0040 0040 0020 0020 0020 0020 0020 0020 0040 0040 0AAB 0020 0020 0040 0040 0040 0020 0020 0020 0020 0020 0020 00A1 0020 0040 0020 0020 0020 0020 0040 0040 0040 0020 0020 0020 0020 0020 0020 0040 0040 04B0
,Control,VOL. -,16,29,02,16 29 02,RCRC51602902,X,X,X,---,Volume Down,0000 0071 0000 0022 0020 0020 0020 0020 0020 0020 0040 0020 0020 0020 0020 0020 0020 00A1 0020 0040 0020 0020 0020 0020 0040 0040 0040 0020 0020 0020 0020 0020 0020 0020 0020 0040 0020 0AAB 0020 0020 0020 0020 0020 0020 0040 0020 0020 0020 0020 0020 0020 00A1 0020 0040 0020 0020 0020 0020 0040 0040 0040 0020 0020 0020 0020 0020 0020 0020 0020 0040 0020 04B0
,,Direct VOLUME,16,112,00-63,16 112 [00-63],RCRC516112[00-63],X,X,X,---,Discrete Multi-room A Volume level select,
,,MUTE,16,29,08,16 29 08,RCRC51602908,X,X,X,---,Mute On/Off (Toggle),0000 0071 0000 0020 0020 0020 0020 0020 0020 0020 0040 0020 0020 0020 0020 0020 0020 00A1 0020 0040 0020 0020 0020 0020 0040 0040 0040 0020 0020 0040 0040 0020 0020 0020 0020 0AAB 0020 0020 0020 0020 0020 0020 0040 0020 0020 0020 0020 0020 0020 00A1 0020 0040 0020 0020 0020 0020 0040 0040 0040 0020 0020 0040 0040 0020 0020 0020 0020 04B0
,Input,INPUT NEXT,16,30,03,16 30 03,RCRC51603003,X,X,X,---,Zone2 Switch Input forward,
,Source,INPUT BACK,16,30,04,16 30 04,RCRC51603004,X,X,X,---,Zone2 Switch Input backward,
,,Source call,16,30,10,16 30 10,RCRC51603010,X,X,X,---,Turn On and select Main Zone Source Call,
,,CD,16,29,11,16 29 11,RCRC51602911,X,X,X,---,Turn On and select CD,0000 0071 0000 001E 0020 0020 0040 0040 0040 0020 0020 0020 0020 0020 0020 00A1 0020 0040 0020 0020 0020 0020 0040 0040 0040 0020 0020 0040 0040 0040 0020 0020 0020 0AAB 0020 0020 0040 0040 0040 0020 0020 0020 0020 0020 0020 00A1 0020 0040 0020 0020 0020 0020 0040 0040 0040 0020 0020 0040 0040 0040 0020 0020 0020 04B0
,,TV AUDIO(TV),16,29,15,16 29 15,RCRC51602915,X,X,X,---,Turn On and select TV,0000 0071 0000 0022 0020 0020 0020 0020 0020 0020 0040 0020 0020 0020 0020 0020 0020 00A1 0020 0040 0020 0020 0020 0020 0040 0040 0040 0020 0020 0040 0020 0020 0020 0020 0020 0020 0020 0AAB 0020 0020 0020 0020 0020 0020 0040 0020 0020 0020 0020 0020 0020 00A1 0020 0040 0020 0020 0020 0020 0040 0040 0040 0020 0020 0040 0020 0020 0020 0020 0020 0020 0020 04B0
,,DVD,16,29,16,16 29 16,RCRC51602916,X,X,X,---,Turn On and select DVD,0000 0071 0000 0020 0020 0020 0020 0020 0020 0020 0040 0020 0020 0020 0020 0020 0020 00A1 0020 0040 0020 0020 0020 0020 0040 0040 0040 0040 0040 0020 0020 0020 0020 0020 0020 0AAB 0020 0020 0020 0020 0020 0020 0040 0020 0020 0020 0020 0020 0020 00A1 0020 0040 0020 0020 0020 0020 0040 0040 0040 0040 0040 0020 0020 0020 0020 0020 0020 04B0
,,MEDIAPLAYER,16,29,17,16 29 17,RCRC51602917,X,X,X,---,Turn On and select VCR1,0000 0071 0000 001E 0020 0020 0040 0040 0040 0020 0020 0020 0020 0020 0020 00A1 0020 0040 0020 0020 0020 0020 0040 0040 0040 0040 0040 0020 0020 0020 0020 0040 0020 0AAB 0020 0020 0040 0040 0040 0020 0020 0020 0020 0020 0020 00A1 0020 0040 0020 0020 0020 0020 0040 0040 0040 0040 0040 0020 0020 0020 0020 0040 0020 04B0
,,CBL/SAT,16,29,19,16 29 19,RCRC51602919,X,X,X,---,Turn On and select DSS,0000 0071 0000 001E 0020 0020 0040 0040 0040 0020 0020 0020 0020 0020 0020 00A1 0020 0040 0020 0020 0020 0020 0040 0040 0040 0040 0040 0020 0020 0040 0020 0020 0020 0AAB 0020 0020 0040 0040 0040 0020 0020 0020 0020 0020 0020 00A1 0020 0040 0020 0020 0020 0020 0040 0040 0040 0040 0040 0020 0020 0040 0020 0020 0020 04B0
,,AUX1(AUX),16,29,20,16 29 20,RCRC51602920,X,X,X,---,Turn On and select Front Aux1 input,0000 0071 0000 001C 0020 0020 0040 0040 0040 0020 0020 0020 0020 0020 0020 00A1 0020 0040 0020 0020 0020 0020 0040 0040 0040 0040 0040 0040 0040 0020 0020 0AAB 0020 0020 0040 0040 0040 0020 0020 0020 0020 0020 0020 00A1 0020 0040 0020 0020 0020 0020 0040 0040 0040 0040 0040 0040 0040 0020 0020 04B0
,,AUX2,16,29,21,16 29 21,RCRC51602921,X,X,X,---,Turn On and select AUX2,0000 0071 0000 001E 0020 0020 0020 0020 0020 0020 0040 0020 0020 0020 0020 0020 0020 00A1 0020 0040 0020 0020 0020 0020 0040 0040 0040 0040 0040 0040 0040 0040 0020 0AAB 0020 0020 0020 0020 0020 0020 0040 0020 0020 0020 0020 0020 0020 00A1 0020 0040 0020 0020 0020 0020 0040 0040 0040 0040 0040 0040 0040 0040 0020 04B0
,,AUX3(Additional Source),16,29,24,16 29 24,RCRC51602924,---,---,---,---,Turn On and select AUX3,
,,AUX4(Additional Source),16,29,25,16 29 25,RCRC51602925,---,---,---,---,Turn On and select AUX4,
,,AUX5(Additional Source),16,29,26,16 29 26,RCRC51602926,---,---,---,---,Turn On and select AUX5,
,,AUX6(Additional Source),16,29,27,16 29 27,RCRC51602927,---,---,---,---,Turn On and select AUX6,
,,AUX7(Additional Source),16,29,28,16 29 28,RCRC51602928,---,---,---,---,Turn On and select AUX7,
,,"TUNER (TUNER 1,FM)",16,29,30,16 29 30,RCRC51602930,X,X,X,---,Turn On and select Tuner,0000 0071 0000 0020 0020 0020 0020 0020 0020 0020 0040 0020 0020 0020 0020 0020 0020 00A1 0020 0040 0020 0020 0020 0020 0040 0040 0040 0040 0020 0020 0020 0020 0020 0020 0040 0AAB 0020 0020 0020 0020 0020 0020 0040 0020 0020 0020 0020 0020 0020 00A1 0020 0040 0020 0020 0020 0020 0040 0040 0040 0040 0020 0020 0020 0020 0020 0020 0040 04B0
,,HEOS Music(NETWORK),16,29,23,16 29 23,RCRC51602923,X (HEOS Music),X (HEOS Music),X (HEOS Music),---,Turn On and select HEOS Music,0000 0071 0000 001E 0020 0020 0040 0040 0040 0020 0020 0020 0020 0020 0020 00A1 0020 0040 0020 0020 0020 0020 0040 0040 0040 0040 0040 0040 0020 0020 0020 0020 0020 0AAB 0020 0020 0040 0040 0040 0020 0020 0020 0020 0020 0020 00A1 0020 0040 0020 0020 0020 0020 0040 0040 0040 0040 0040 0040 0020 0020 0020 0020 0020 04B0
,,USB,16,30,11,16 30 11,RCRC51603011,X (iPod/USB),X (iPod/USB),X (USB),---,Turn On and select USB input directly,0000 0071 0000 0022 0020 0020 0020 0020 0020 0020 0040 0020 0020 0020 0020 0020 0020 00A1 0020 0040 0020 0020 0020 0020 0020 0020 0040 0020 0020 0020 0020 0040 0040 0040 0020 0020 0020 0AAB 0020 0020 0020 0020 0020 0020 0040 0020 0020 0020 0020 0020 0020 00A1 0020 0040 0020 0020 0020 0020 0020 0020 0040 0020 0020 0020 0020 0040 0040 0040 0020 0020 0020 04B0
,,Blu-ray(BD),16,30,12,16 30 12,RCRC51603012,X,X,X,---,Turn On and select BD,0000 0071 0000 0020 0020 0020 0040 0040 0040 0020 0020 0020 0020 0020 0020 00A1 0020 0040 0020 0020 0020 0020 0020 0020 0040 0020 0020 0020 0020 0040 0020 0020 0040 0020 0020 0AAB 0020 0020 0040 0040 0040 0020 0020 0020 0020 0020 0020 00A1 0020 0040 0020 0020 0020 0020 0020 0020 0040 0020 0020 0020 0020 0040 0020 0020 0040 0020 0020 04B0
,,M-XPort,16,30,13,16 30 13,RCRC51603013,---,---,---,---,Turn On and select M-XPort,0000 0071 0000 0022 0020 0020 0020 0020 0020 0020 0040 0020 0020 0020 0020 0020 0020 00A1 0020 0040 0020 0020 0020 0020 0020 0020 0040 0020 0020 0020 0020 0040 0020 0020 0040 0040 0020 0AAB 0020 0020 0020 0020 0020 0020 0040 0020 0020 0020 0020 0020 0020 00A1 0020 0040 0020 0020 0020 0020 0020 0020 0040 0020 0020 0020 0020 0040 0020 0020 0040 0040 0020 04B0
,,Game,16,30,14,16 30 14,RCRC51603014,X,X,X,---,Turn On and select Game,0000 0071 0000 0022 0020 0020 0020 0020 0020 0020 0040 0020 0020 0020 0020 0020 0020 00A1 0020 0040 0020 0020 0020 0020 0020 0020 0040 0020 0020 0020 0020 0040 0020 0020 0040 0040 0020 0AAB 0020 0020 0020 0020 0020 0020 0040 0020 0020 0020 0020 0020 0020 00A1 0020 0040 0020 0020 0020 0020 0020 0020 0040 0020 0020 0020 0020 0040 0020 0020 0040 0040 0020 04B0
,,PHONO,16,30,15,16 30 15,RCRC51603015,X,X,X,---,Turn On and select Phono,0000 0071 0000 0028 0020 0020 0020 0020 0020 0020 0040 0020 0020 0020 0020 0020 0020 00A1 0020 0040 0020 0020 0020 0020 0020 0020 0040 0020 0020 0020 0020 0040 0020 0020 0020 0020 0020 0020 0020 0AA4 0020 0020 0020 0020 0020 0020 0040 0020 0020 0020 0020 0020 0020 00A1 0020 0040 0020 0020 0020 0020 0020 0020 0040 0020 0020 0020 0020 0040 0020 0020 0020 0020 0020 0020 0020 0AA4 0020 0020 0020 0020 0020 0020 001B 04A8
,,Bluetooth,16,30,16,16 30 16,RCRC51603016,X,X,X,---,Turn On and select Bluetooth,
,,Internet Radio,27,92,20,27 92 20,RCRC52709220,X,X,X,---,Turn On and select Internet Radio as Zone 2 source,
,,SIRIUSXM (*4),27,92,29,27 92 29,RCRC52709229,---,---,---,---,Turn On and select Sirius XM as Zone 2 source,
,,Media Server,27,92,24,27 92 24,RCRC52709224,---,---,---,---,Turn On and select Media Server as Zone 2 source,0000 0071 0000 0026 0040 0040 0020 0020 0020 0020 0040 0040 0020 0020 0020 0081 0020 0040 0020 0020 0020 0020 0040 0020 0020 0020 0020 0040 0020 0020 0040 0020 0020 0020 0020 0AA6 0040 0040 0020 0020 0020 0020 0040 0040 0020 0020 0020 0081 0020 0040 0020 0020 0020 0020 0040 0020 0020 0020 0020 0040 0020 0020 0040 0020 0020 0020 0020 0AA6 0040 0040 0020 0020 0020 0020 0040 0040 0020 0020 0020 04A9
,,Pandora (*4),27,92,26,27 92 26,RCRC52709226,---,---,---,---,Turn On and select Pandora as Zone 2 source,0000 0071 0000 0021 0040 0020 0020 0040 0020 0020 0040 0040 0020 0020 0020 0081 0020 0040 0020 0020 0020 0020 0040 0020 0020 0020 0020 0040 0020 0020 0040 0040 0040 0AA6 0040 0020 0020 0040 0020 0020 0040 0040 0020 0020 0020 0081 0020 0040 0020 0020 0020 0020 0040 0020 0020 0020 0020 0040 0020 0020 0040 0040 0040 0AA6 0040 0020 0020 0040 001C 04A9
,Smart,Smart Select1,16,30,21,16 30 21,RCRC51603021,X,X,X,---,Zone 2 Smart Select 1,
,Select,Smart Select2,16,30,22,16 30 22,RCRC51603022,X,X,X,---,Zone 2 Smart Select 2,
,,Smart Select3,16,30,23,16 30 23,RCRC51603023,X,X,X,---,Zone 2 Smart Select 3,
,,Smart Select4,16,30,24,16 30 24,RCRC51603024,X,X,X,---,Zone 2 Smart Select 4,
,,Smart Select5,16,30,25,16 30 25,RCRC51603025,X,X,X,---,Zone 2 Smart Select 5,
,Control,Cursor Up,16,31,10,16 31 10,RCRC51603110,X,X,X,---,Zone 2 Cursor Up,0000 0071 0000 0024 0020 0020 0040 0040 0040 0020 0020 0020 0020 0020 0020 00A1 0020 0040 0020 0020 0020 0020 0020 0020 0020 0020 0040 0020 0020 0040 0040 0040 0040 0AA4 0020 0020 0040 0040 0040 0020 0020 0020 0020 0020 0020 00A1 0020 0040 0020 0020 0020 0020 0020 0020 0020 0020 0040 0020 0020 0040 0040 0040 0040 0AA4 0020 0020 0040 0040 0040 0020 0020 0020 0020 0020 0020 04A8
,,Cursor Down,16,31,11,16 31 11,RCRC51603111,X,X,X,---,Zone 2 Cursor Down,0000 0071 0000 0022 0020 0020 0020 0020 0020 0020 0040 0020 0020 0020 0020 0020 0020 00A1 0020 0040 0020 0020 0020 0020 0020 0020 0020 0020 0040 0020 0020 0040 0040 0040 0020 0020 0020 0AA4 0020 0020 0020 0020 0020 0020 0040 0020 0020 0020 0020 0020 0020 00A1 0020 0040 0020 0020 0020 0020 0020 0020 0020 0020 0040 0020 0020 0040 0040 0040 0020 0020 0020 04A8
,,Cursor Left,16,31,12,16 31 12,RCRC51603112,X,X,X,---,Zone 2 Cursor Left,0000 0071 0000 0020 0020 0020 0040 0040 0040 0020 0020 0020 0020 0020 0020 00A1 0020 0040 0020 0020 0020 0020 0020 0020 0020 0020 0040 0020 0020 0040 0020 0020 0040 0020 0020 0AA4 0020 0020 0040 0040 0040 0020 0020 0020 0020 0020 0020 00A1 0020 0040 0020 0020 0020 0020 0020 0020 0020 0020 0040 0020 0020 0040 0020 0020 0040 0020 0020 04A8
,,Cursor Right,16,31,13,16 31 13,RCRC51603113,X,X,X,---,Zone 2 Cursor Right,0000 0071 0000 0027 0020 0020 0020 0020 0020 0020 0040 0020 0020 0020 0020 0020 0020 00A1 0020 0040 0020 0020 0020 0020 0020 0020 0020 0020 0040 0020 0020 0040 0020 0020 0040 0040 0020 0AA4 0020 0020 0020 0020 0020 0020 0040 0020 0020 0020 0020 0020 0020 00A1 0020 0040 0020 0020 0020 0020 0020 0020 0020 0020 0040 0020 0020 0040 0020 0020 0040 0040 0020 0AA4 0020 0020 0020 0020 0020 0020 0040 0020 0020 04A8
,,Enter,16,31,14,16 31 14,RCRC51603114,X,X,X,---,Zone 2 Enter,0000 0071 0000 0020 0020 0020 0040 0040 0040 0020 0020 0020 0020 0020 0020 00A1 0020 0040 0020 0020 0020 0020 0020 0020 0020 0020 0040 0020 0020 0040 0020 0020 0020 0020 0040 0AA4 0020 0020 0040 0040 0040 0020 0020 0020 0020 0020 0020 00A1 0020 0040 0020 0020 0020 0020 0020 0020 0020 0020 0040 0020 0020 0040 0020 0020 0020 0020 0040 04A8
,,Return,16,31,15,16 31 15,RCRC51603115,X,X,X,---,Zone 2 Return,0000 0071 0000 0024 0020 0020 0020 0020 0020 0020 0040 0020 0020 0020 0020 0020 0020 00A1 0020 0040 0020 0020 0020 0020 0020 0020 0020 0020 0040 0020 0020 0040 0020 0020 0020 0020 0020 0020 0020 0AA4 0020 0020 0020 0020 0020 0020 0040 0020 0020 0020 0020 0020 0020 00A1 0020 0040 0020 0020 0020 0020 0020 0020 0020 0020 0040 0020 0020 0040 0020 0020 0020 0020 0020 0020 0020 04A8
,,Memory,16,31,16,16 30 14,RCRC51603014,X,X,X,---,Zone 2 Memory,0000 0071 0000 0020 0020 0020 0040 0040 0040 0020 0020 0020 0020 0020 0020 00A1 0020 0040 0020 0020 0020 0020 0020 0020 0020 0020 0040 0040 0040 0020 0020 0020 0020 0020 0020 0AA4 0020 0020 0040 0040 0040 0020 0020 0020 0020 0020 0020 00A1 0020 0040 0020 0020 0020 0020 0020 0020 0020 0020 0040 0040 0040 0020 0020 0020 0020 0020 0020 04A8
,Sleep,SLEEP (Toggle),16,29,10,16 29 10,RCRC51602910,X,X,X,---,Sleep Timer set,
,,SLEEP OFF,16,38,10,16 38 10,RCRC51603810,X,X,X,---,Sleep Timer set: Off,
,Tuner,[Tuner-1] 0,17,29,00,17 29 00,RCRC51702900,X,X,X,---,Ten Key 0 ( Pre set No. or Frequency) for Tuner-1,0000 0071 0000 0020 0020 0020 0040 0040 0040 0020 0020 0020 0020 0040 0020 0081 0020 0040 0020 0020 0020 0020 0040 0040 0040 0020 0020 0020 0020 0020 0020 0020 0020 0020 0020 0AAB 0020 0020 0040 0040 0040 0020 0020 0020 0020 0040 0020 0081 0020 0040 0020 0020 0020 0020 0040 0040 0040 0020 0020 0020 0020 0020 0020 0020 0020 0020 0020 04B0
,,[Tuner-1] 1,17,29,01,17 29 01,RCRC51702901,X,X,X,---,Ten Key 1 ( Pre set No. or Frequency) for Tuner-1,0000 0071 0000 0022 0020 0020 0020 0020 0020 0020 0040 0020 0020 0020 0020 0040 0020 0081 0020 0040 0020 0020 0020 0020 0040 0040 0040 0020 0020 0020 0020 0020 0020 0020 0020 0040 0020 0AAB 0020 0020 0020 0020 0020 0020 0040 0020 0020 0020 0020 0040 0020 0081 0020 0040 0020 0020 0020 0020 0040 0040 0040 0020 0020 0020 0020 0020 0020 0020 0020 0040 0020 04B0
,,[Tuner-1] 2,17,29,02,17 29 02,RCRC51702902,X,X,X,---,Ten Key 2 ( Pre set No. or Frequency) for Tuner-1,0000 0071 0000 001E 0020 0020 0040 0040 0040 0020 0020 0020 0020 0040 0020 0081 0020 0040 0020 0020 0020 0020 0040 0040 0040 0020 0020 0020 0020 0020 0020 0040 0040 0AAB 0020 0020 0040 0040 0040 0020 0020 0020 0020 0040 0020 0081 0020 0040 0020 0020 0020 0020 0040 0040 0040 0020 0020 0020 0020 0020 0020 0040 0040 04B0
,,[Tuner-1] 3,17,29,03,17 29 03,RCRC51702903,X,X,X,---,Ten Key 3 ( Pre set No. or Frequency) for Tuner-1,0000 0071 0000 0022 0020 0020 0020 0020 0020 0020 0040 0020 0020 0020 0020 0040 0020 0081 0020 0040 0020 0020 0020 0020 0040 0040 0040 0020 0020 0020 0020 0020 0020 0040 0020 0020 0020 0AAB 0020 0020 0020 0020 0020 0020 0040 0020 0020 0020 0020 0040 0020 0081 0020 0040 0020 0020 0020 0020 0040 0040 0040 0020 0020 0020 0020 0020 0020 0040 0020 0020 0020 04B0
,,[Tuner-1] 4,17,29,04,17 29 04,RCRC51702904,X,X,X,---,Ten Key 4 ( Pre set No. or Frequency) for Tuner-1,0000 0071 0000 001E 0020 0020 0040 0040 0040 0020 0020 0020 0020 0040 0020 0081 0020 0040 0020 0020 0020 0020 0040 0040 0040 0020 0020 0020 0020 0040 0040 0020 0020 0AAB 0020 0020 0040 0040 0040 0020 0020 0020 0020 0040 0020 0081 0020 0040 0020 0020 0020 0020 0040 0040 0040 0020 0020 0020 0020 0040 0040 0020 0020 04B0
,,[Tuner-1] 5,17,29,05,17 29 05,RCRC51702905,X,X,X,---,Ten Key 5 ( Pre set No. or Frequency) for Tuner-1,0000 0071 0000 0020 0020 0020 0020 0020 0020 0020 0040 0020 0020 0020 0020 0040 0020 0081 0020 0040 0020 0020 0020 0020 0040 0040 0040 0020 0020 0020 0020 0040 0040 0040 0020 0AAB 0020 0020 0020 0020 0020 0020 0040 0020 0020 0020 0020 0040 0020 0081 0020 0040 0020 0020 0020 0020 0040 0040 0040 0020 0020 0020 0020 0040 0040 0040 0020 04B0
,,[Tuner-1] 6,17,29,06,17 29 06,RCRC51702906,X,X,X,---,Ten Key 6 ( Pre set No. or Frequency) for Tuner-1,0000 0071 0000 001E 0020 0020 0040 0040 0040 0020 0020 0020 0020 0040 0020 0081 0020 0040 0020 0020 0020 0020 0040 0040 0040 0020 0020 0020 0020 0040 0020 0020 0040 0AAB 0020 0020 0040 0040 0040 0020 0020 0020 0020 0040 0020 0081 0020 0040 0020 0020 0020 0020 0040 0040 0040 0020 0020 0020 0020 0040 0020 0020 0040 04B0
,,[Tuner-1] 7,17,29,07,17 29 07,RCRC51702907,X,X,X,---,Ten Key 7 ( Pre set No. or Frequency) for Tuner-1,0000 0071 0000 0022 0020 0020 0020 0020 0020 0020 0040 0020 0020 0020 0020 0040 0020 0081 0020 0040 0020 0020 0020 0020 0040 0040 0040 0020 0020 0020 0020 0040 0020 0020 0020 0020 0020 0AAB 0020 0020 0020 0020 0020 0020 0040 0020 0020 0020 0020 0040 0020 0081 0020 0040 0020 0020 0020 0020 0040 0040 0040 0020 0020 0020 0020 0040 0020 0020 0020 0020 0020 04B0
,,[Tuner-1] 8,17,29,08,17 29 08,RCRC51702908,X,X,X,---,Ten Key 8 ( Pre set No. or Frequency) for Tuner-1,0000 0071 0000 001E 0020 0020 0040 0040 0040 0020 0020 0020 0020 0040 0020 0081 0020 0040 0020 0020 0020 0020 0040 0040 0040 0020 0020 0040 0040 0020 0020 0020 0020 0AAB 0020 0020 0040 0040 0040 0020 0020 0020 0020 0040 0020 0081 0020 0040 0020 0020 0020 0020 0040 0040 0040 0020 0020 0040 0040 0020 0020 0020 0020 04B0
,,[Tuner-1] 9,17,29,09,17 29 09,RCRC51702909,X,X,X,---,Ten Key 9 ( Pre set No. or Frequency) for Tuner-1,0000 0071 0000 0020 0020 0020 0020 0020 0020 0020 0040 0020 0020 0020 0020 0040 0020 0081 0020 0040 0020 0020 0020 0020 0040 0040 0040 0020 0020 0040 0040 0020 0020 0040 0020 0AAB 0020 0020 0020 0020 0020 0020 0040 0020 0020 0020 0020 0040 0020 0081 0020 0040 0020 0020 0020 0020 0040 0040 0040 0020 0020 0040 0040 0020 0020 0040 0020 04B0
,,[Tuner-1] FM,17,29,10,17 29 10,RCRC51702910,X,X,X,---,Turn On and select FM for Tuner-1,0000 0071 0000 001E 0020 0020 0020 0020 0020 0020 0040 0020 0020 0020 0020 0040 0020 0081 0020 0040 0020 0020 0020 0020 0040 0040 0040 0020 0020 0040 0040 0040 0040 0AAB 0020 0020 0020 0020 0020 0020 0040 0020 0020 0020 0020 0040 0020 0081 0020 0040 0020 0020 0020 0020 0040 0040 0040 0020 0020 0040 0040 0040 0040 04B0
,,[Tuner-1] AM,17,29,11,17 29 11,RCRC51702911,X,X,X,---,Turn On and select AM for Tuner-1,0000 0071 0000 0020 0020 0020 0020 0020 0020 0020 0040 0020 0020 0020 0020 0040 0020 0081 0020 0040 0020 0020 0020 0020 0040 0040 0040 0020 0020 0040 0040 0040 0020 0020 0020 0AAB 0020 0020 0020 0020 0020 0020 0040 0020 0020 0020 0020 0040 0020 0081 0020 0040 0020 0020 0020 0020 0040 0040 0040 0020 0020 0040 0040 0040 0020 0020 0020 04B0
,,[Tuner-1] PRESET Up +,17,29,13,17 29 13,RCRC51702913,X,X,X,---,Preset (Skip) Up for Tuner-1,0000 0071 0000 001E 0020 0020 0040 0040 0040 0020 0020 0020 0020 0040 0020 0081 0020 0040 0020 0020 0020 0020 0040 0040 0040 0020 0020 0040 0020 0020 0040 0040 0020 0AAB 0020 0020 0040 0040 0040 0020 0020 0020 0020 0040 0020 0081 0020 0040 0020 0020 0020 0020 0040 0040 0040 0020 0020 0040 0020 0020 0040 0040 0020 04B0
,,[Tuner-1] PRESET Down -,17,29,14,17 29 14,RCRC51702914,X,X,X,---,Preset (Skip) Down for Tuner-1,0000 0071 0000 001E 0020 0020 0040 0040 0040 0020 0020 0020 0020 0040 0020 0081 0020 0040 0020 0020 0020 0020 0040 0040 0040 0020 0020 0040 0020 0020 0020 0020 0040 0AAB 0020 0020 0040 0040 0040 0020 0020 0020 0020 0040 0020 0081 0020 0040 0020 0020 0020 0020 0040 0040 0040 0020 0020 0040 0020 0020 0020 0020 0040 04B0
,,[Tuner-1] FREQ.(tuning) Up +,17,29,15,17 29 15,RCRC51702915,X,X,X,---,Frequency (Scan) Up for Tuner-1,0000 0071 0000 0022 0020 0020 0020 0020 0020 0020 0040 0020 0020 0020 0020 0040 0020 0081 0020 0040 0020 0020 0020 0020 0040 0040 0040 0020 0020 0040 0020 0020 0020 0020 0020 0020 0020 0AAB 0020 0020 0020 0020 0020 0020 0040 0020 0020 0020 0020 0040 0020 0081 0020 0040 0020 0020 0020 0020 0040 0040 0040 0020 0020 0040 0020 0020 0020 0020 0020 0020 0020 04B0
,,[Tuner-1] FREQ.(tuning) Down -,17,29,16,17 29 16,RCRC51702916,X,X,X,---,Frequency (Scan) Down for Tuner-1,0000 0071 0000 001E 0020 0020 0040 0040 0040 0020 0020 0020 0020 0040 0020 0081 0020 0040 0020 0020 0020 0020 0040 0040 0040 0040 0040 0020 0020 0020 0020 0020 0020 0AAB 0020 0020 0040 0040 0040 0020 0020 0020 0020 0040 0020 0081 0020 0040 0020 0020 0020 0020 0040 0040 0040 0040 0040 0020 0020 0020 0020 0020 0020 04B0
,,[Tuner-1] T-MODE,17,29,17,17 29 17,RCRC51702917,X,X,X,---,Switch FM MODE (Auto Stereo / Mono) for Tuner-1,0000 0071 0000 0020 0020 0020 0020 0020 0020 0020 0040 0020 0020 0020 0020 0040 0020 0081 0020 0040 0020 0020 0020 0020 0040 0040 0040 0040 0040 0020 0020 0020 0020 0040 0020 0AAB 0020 0020 0020 0020 0020 0020 0040 0020 0020 0020 0020 0040 0020 0081 0020 0040 0020 0020 0020 0020 0040 0040 0040 0040 0040 0020 0020 0020 0020 0040 0020 04B0
,,BAND (FM/AM),17,29,61,17 29 61,RCRC51702961,X,X,X,---,Select FM and AM (Toggle),
,,RDS/SEARCH,17,29,62,17 29 62,RCRC51702962,X,X,X,---,,
,USB,Next,24,32,02,24 32 02,RCRC52403202,X,X,X,---,Go to next song,
,,Previous,24,33,02,24 33 02,RCRC52403302,X,X,X,---,Go to previous song,
,,Random (Toggle),24,41,01,24 41 01,RCRC52404101,---,---,---,---,Change Random mode (Toggle),0000 0071 0000 0020 0020 0020 0020 0020 0020 0020 0020 0020 0040 0020 0020 0020 0020 00C1 0040 0040 0040 0020 0020 0040 0040 0020 0020 0020 0020 0020 0020 0020 0020 0040 0020 0AA6 0020 0020 0020 0020 0020 0020 0020 0020 0040 0020 0020 0020 0020 00C1 0040 0040 0040 0020 0020 0040 0040 0020 0020 0020 0020 0020 0020 0020 0020 0040 0020 04A9
,,Random On,24,41,02,24 41 02,RCRC52404102,---,---,---,---,,
,,Random Off,24,41,03,24 41 03,RCRC52404103,---,---,---,---,,
,,Repeat(toggle),24,42,01,24 42 01,RCRC52404201,---,---,---,---,Change Repeat mode (Toggle),
,,Repeat Off,24,42,02,24 42 02,RCRC52404202,---,---,---,---,Turn Off the repeat mode,0000 0071 0000 001E 0020 0020 0040 0040 0020 0020 0040 0020 0020 0020 0020 00C1 0040 0040 0040 0040 0040 0020 0020 0020 0020 0020 0020 0020 0020 0040 0040 0AA7 0020 0020 0040 0040 0020 0020 0040 0020 0020 0020 0020 00C1 0040 0040 0040 0040 0040 0020 0020 0020 0020 0020 0020 0020 0020 0040 0040 0AA7 0020 0020 0040 04A9
,,Repeat One,24,42,03,24 42 03,RCRC52404203,---,---,---,---,One track repeat mode on,0000 0071 0000 0022 0020 0020 0020 0020 0020 0020 0020 0020 0040 0020 0020 0020 0020 00C1 0040 0040 0040 0040 0040 0020 0020 0020 0020 0020 0020 0020 0020 0040 0020 0020 0020 0AA7 0020 0020 0020 0020 0020 0020 0020 0020 0040 0020 0020 0020 0020 00C1 0040 0040 0040 0040 0040 0020 0020 0020 0020 0020 0020 0020 0020 0040 0020 0020 0020 0AA7 0020 0020 0020 04A9
,,Repeat All,24,42,04,24 42 04,RCRC52404204,---,---,---,---,All track repeat mode,0000 0071 0000 0021 0020 0020 0040 0040 0020 0020 0040 0020 0020 0020 0020 00C1 0040 0040 0040 0040 0040 0020 0020 0020 0020 0020 0020 0040 0040 0020 0020 0AA3 0020 0020 0040 0040 0020 0020 0040 0020 0020 0020 0020 00C1 0040 0040 0040 0040 0040 0020 0020 0020 0020 0020 0020 0040 0040 0020 0020 0AA3 0020 0020 0040 0040 0020 0020 0040 0020 0020 04A7
,,Pause,24,48,02,24 48 02,RCRC52404802,X,X,X,---,Pause the playback,
,,REW (Toggle),24,50,02,24 50 02,RCRC52405002,---,---,---,---,Change REW mode (Toggle),
,,FF (Toggle),24,52,02,24 52 02,RCRC52405202,---,---,---,---,Change FF mode (Toggle),
,,Play,24,53,02,24 53 02,RCRC52405302,X,X,X,---,Start a playback,
,,Play/Pause,24,53,10,24 53 10,RCRC52405310,X,X,X,---,Play Pause Toggle,
,,iPod Play,24,53,32,24 53 32,RCRC52405332,---,---,---,---,,
,,,27,53,32,27 53 32,RCRC52705332,---,---,---,---,,
,,USB Direct Play,24,53,61,24 53 61,RCRC52405361,---,---,---,---,Start a playback directly in a folder of USB storage,0000 0071 0000 0023 0020 0020 0040 0040 0020 0020 0040 0020 0020 0020 0020 00C1 0020 0020 0040 0040 0040 0040 0020 0020 0020 0020 0020 0020 0020 0020 0040 0040 0020 0AA6 0020 0020 0040 0040 0020 0020 0040 0020 0020 0020 0020 00C1 0020 0020 0040 0040 0040 0040 0020 0020 0020 0020 0020 0020 0020 0020 0040 0040 0020 0AA6 0020 0020 0040 0040 0020 0020 0040 0020 0020 04A9
,,Stop,24,54,02,24 54 02,RCRC52405402,X,X,X,---,Stop the playback,
,Network,Network(DMP): Next,27,32,02,27 32 02,RCRC52703202,X,X,X,---,,
,,Network(DMP): Previous,27,33,02,27 33 02,RCRC52703302,X,X,X,---,,
,,JPEG Skip + (Next),27,32,11,27 32 11,RCRC52703211,---,---,---,---,,
,,JPEG Skip - (Previous),27,33,11,27 33 11,RCRC52703311,---,---,---,---,,
,,Network(DMP): Random (toggle),27,41,01,27 41 01,RCRC52704101,---,---,---,---,,
,,Network(DMP): Random Off,27,41,02,27 41 02,RCRC52704102,---,---,---,---,,
,,Network(DMP): Random On,27,41,03,27 41 03,RCRC52704103,---,---,---,---,,
,,Memory,27,41,52,27 41 52,RCRC52704152,---,---,---,---,,
,,Network(DMP): Repeat (toggle),27,42,01,27 42 01,RCRC52704201,---,---,---,---,,
,,Network(DMP): Repeat Off,27,42,02,27 42 02,RCRC52704202,---,---,---,---,,
,,Network(DMP): Repeat 1,27,42,03,27 42 03,RCRC52704203,---,---,---,---,,
,,Network(DMP): Repeat All,27,42,04,27 42 04,RCRC52704204,---,---,---,---,,
,,Network(DMP)/USB: REW,27,50,02,27 50 02,RCRC52705002,---,---,---,---,,
,,Network(DMP)/USB: FF,27,52,02,27 52 02,RCRC52705202,---,---,---,---,,
,,Network(DMP): Play(/Pause),27,53,02,27 53 02,RCRC52705302,X,X,X,---,,
,,Internet Radio - Recent Played Station,27,53,51,27 53 51,RCRC52705351,X,X,X,---,,
,,Favorite Direct Play,27,53,62,27 53 62,RCRC52705362,---,---,---,---,,
,,Network(DMP): Stop,27,54,02,27 54 02,RCRC52705402,X,X,X,---,,
,,Network(DMP): Pause,27,48,02,27 48 02,RCRC52704802,X,X,X,---,,
,,Network(DMP): Cursor Up,27,80,02,27 80 02,RCRC52708002,X,X,X,---,,
,,Network(DMP): Cursor Down,27,81,02,27 81 02,RCRC52708102,X,X,X,---,,
,,Network(DMP): Cursor Left,27,85,02,27 85 02,RCRC52708502,X,X,X,---,,
,,Network(DMP): Cursor Right,27,86,02,27 86 02,RCRC52708602,X,X,X,---,,
,,Network(DMP): Enter,27,87,02,27 87 02,RCRC52708702,X,X,X,---,,
,,Network(DMP): Page Previous,27,29,13,27 29 13,RCRC52702913,X,X,X,---,,
,,Network(DMP): Page Next,27,29,14,28 29 14,RCRC52802914,X,X,X,---,,
,,Network(DMP): Back(Return),27,83,02,27 83 02,RCRC52708302,X (Return),X (Return),X (Return),---,,
,,Network(DMP):HOME,27,84,02,27 84 02,RCRC52708402,---,---,---,---,,
3rd,Power,POWER ON/OFF (Toggle),16,93,00,16 93 00,RCRC51609300,---,---,---,---,Turn Power On/Off (Toggle),
Zone,Control,POWER ON,16,93,03,16 93 03,RCRC51609303,---,---,---,---,Power On,0000 0071 0000 0023 0040 0040 0020 0020 0040 0020 0020 0020 0020 0020 0020 00A1 0020 0040 0020 0020 0020 0020 0040 0040 0040 0020 0020 0020 0020 0020 0020 0040 0020 0020 0020 0AA3 0040 0040 0020 0020 0040 0020 0020 0020 0020 0020 0020 00A1 0020 0040 0020 0020 0020 0020 0040 0040 0040 0020 0020 0020 0020 0020 0020 0040 0020 0020 0020 0AA3 0040 0040 0020 0020 0040 04A7
(Multi,,POWER OFF,16,93,04,16 93 04,RCRC51609304,---,---,---,---,Power Off,0000 0071 0000 0024 0040 0020 0020 0040 0040 0020 0020 0020 0020 0020 0020 00A1 0020 0040 0020 0020 0020 0020 0040 0040 0040 0020 0020 0020 0020 0040 0040 0020 0020 0AA3 0040 0020 0020 0040 0040 0020 0020 0020 0020 0020 0020 00A1 0020 0040 0020 0020 0020 0020 0040 0040 0040 0020 0020 0020 0020 0040 0040 0020 0020 0AA3 0040 0020 0020 0040 0040 0020 0020 0020 0020 0020 0020 04A7
Zone B),Volume,VOL. +,16,93,01,16 93 01,RCRC51609301,---,---,---,---,Volume Up,0000 0071 0000 0024 0040 0040 0020 0020 0040 0020 0020 0020 0020 0020 0020 00A1 0020 0040 0020 0020 0020 0020 0040 0040 0040 0020 0020 0020 0020 0020 0020 0020 0020 0040 0020 0AA3 0040 0040 0020 0020 0040 0020 0020 0020 0020 0020 0020 00A1 0020 0040 0020 0020 0020 0020 0040 0040 0040 0020 0020 0020 0020 0020 0020 0020 0020 0040 0020 0AA3 0040 0040 0020 0020 0040 0020 0012 04A7
,Control,VOL. -,16,93,02,16 93 02,RCRC51609302,---,---,---,---,Volume Down,0000 0071 0000 0024 0040 0020 0020 0040 0040 0020 0020 0020 0020 0020 0020 00A1 0020 0040 0020 0020 0020 0020 0040 0040 0040 0020 0020 0020 0020 0020 0020 0040 0040 0AA3 0040 0020 0020 0040 0040 0020 0020 0020 0020 0020 0020 00A1 0020 0040 0020 0020 0020 0020 0040 0040 0040 0020 0020 0020 0020 0020 0020 0040 0040 0AA3 0040 0020 0020 0040 0040 0020 0020 0020 0020 0020 0020 04A7
,,Direct VOLUME,16,113,00-63,16 113 [00-63],RCRC516113[00-63],---,---,---,---,Discrete Multi-room B Volume level select,
,,MUTE (Toggle),16,93,08,16 93 08,RCRC51609308,---,---,---,---,Mute On/Off (Toggle),
,Input,INPUT NEXT,16,92,03,16 92 03,RCRC51609203,---,---,---,---,Zone3 Switch Input forward,
,Source,INPUT BACK,16,92,04,16 92 04,RCRC51609204,---,---,---,---,Zone3 Switch Input backward,
,,Source Call,16,92,10,16 92 10,RCRC51609210,---,---,---,---,Turn On and select Main Zone Source Cal,
,,USB,16,92,11,16 92 11,RCRC51609211,---,---,---,---,Select USB input directly,
,,Blu-ray(BD),16,92,12,16 92 12,RCRC51609212,---,---,---,---,Turn On and select BD,0000 0071 0000 0020 0040 0040 0020 0020 0040 0020 0020 0020 0020 0020 0020 00A1 0020 0040 0020 0020 0020 0020 0040 0020 0020 0020 0020 0020 0020 0040 0020 0020 0040 0020 0020 0AA7 0040 0040 0020 0020 0040 0020 0020 0020 0020 0020 0020 00A1 0020 0040 0020 0020 0020 0020 0040 0020 0020 0020 0020 0020 0020 0040 0020 0020 0040 0020 0020 04A9
,,M-XPort,16,92,13,16 92 13,RCRC51609213,---,---,---,---,Turn On and select M-XPort,0000 0071 0000 0020 0040 0020 0020 0040 0040 0020 0020 0020 0020 0020 0020 00A1 0020 0040 0020 0020 0020 0020 0040 0020 0020 0020 0020 0020 0020 0040 0020 0020 0040 0040 0020 0AA7 0040 0020 0020 0040 0040 0020 0020 0020 0020 0020 0020 00A1 0020 0040 0020 0020 0020 0020 0040 0020 0020 0020 0020 0020 0020 0040 0020 0020 0040 0040 0020 04A9
,,Game,16,92,14,16 92 14,RCRC51609214,---,---,---,---,Turn On and select Game,0000 0071 0000 0022 0040 0040 0020 0020 0040 0020 0020 0020 0020 0020 0020 00A1 0020 0040 0020 0020 0020 0020 0040 0020 0020 0020 0020 0020 0020 0040 0020 0020 0020 0020 0040 0AA7 0040 0040 0020 0020 0040 0020 0020 0020 0020 0020 0020 00A1 0020 0040 0020 0020 0020 0020 0040 0020 0020 0020 0020 0020 0020 0040 0020 0020 0020 0020 0040 0AA7 0040 0040 0019 04A9
,,PHONO,16,92,15,16 92 15,RCRC51609215,---,---,---,---,Turn On and select Phonon,0000 0071 0000 0022 0040 0020 0020 0040 0040 0020 0020 0020 0020 0020 0020 00A1 0020 0040 0020 0020 0020 0020 0040 0020 0020 0020 0020 0020 0020 0040 0020 0020 0020 0020 0020 0020 0020 0AA7 0040 0020 0020 0040 0040 0020 0020 0020 0020 0020 0020 00A1 0020 0040 0020 0020 0020 0020 0040 0020 0020 0020 0020 0020 0020 0040 0020 0020 0020 0020 0020 0020 0020 04A9
,,Bluetooth,16,92,16,16 92 16,RCRC51609216,---,---,---,---,Turn On and select Bluetooth,
,,CD,16,93,11,16 93 11,RCRC51609311,---,---,---,---,Turn On and select CD,
,,TV AUDIO(TV),16,93,15,16 93 15,RCRC51609315,---,---,---,---,Turn On and select TV,
,,DVD,16,93,16,16 93 16,RCRC51609316,---,---,---,---,Turn On and select DVD,
,,MEDIAPLAYER(VCR1),16,93,17,16 93 17,RCRC51609317,---,---,---,---,Turn On and select VCR1,
,,VCR2,16,93,18,16 93 18,RCRC51609318,---,---,---,---,Turn On and select VCR2,
,,CBL/SAT(SAT),16,93,19,16 93 19,RCRC51609319,---,---,---,---,Turn On and select DSS (SAT),
,,AUX1(AUX),16,93,20,16 93 20,RCRC51609320,---,---,---,---,Turn On and select Front Aux1 input,
,,AUX2,16,93,21,16 93 21,RCRC51609321,---,---,---,---,Turn On and select L/R channel of Multi channel direct input,
,,AUX3(Additional Source),16,93,24,16 93 24,RCRC51609324,---,---,---,---,Turn On and select AUX3,
,,AUX4(Additional Source),16,93,25,17 93 25,RCRC51709325,---,---,---,---,Turn On and select AUX4,
,,AUX5(Additional Source),16,93,26,18 93 26,RCRC51809326,---,---,---,---,Turn On and select AUX5,
,,AUX6(Additional Source),16,93,27,19 93 27,RCRC51909327,---,---,---,---,Turn On and select AUX6,
,,AUX7(Additional Source),16,93,28,20 93 28,RCRC52009328,---,---,---,---,Turn On and select AUX7,
,,HEOS Music(NETWORK),16,93,23,16 29 23,RCRC516002923,---,---,---,---,Turn On and select Digital Media Player,
,,"TUNER(TUNER 1,FM)",16,93,30,16 93 30,RCRC51609330,---,---,---,---,Turn On and select Tuner-1 or Change BAND (> FM > AM >LW),
,,TUNER-2,16,93,31,16 93 31,RCRC51609331,---,---,---,---,Turn On and select Tuner-1 or Change BAND (> FM > AM >LW),
,,Internet Radio,27,95,20,27 95 20,RCRC52709520,---,---,---,---,Turn On and select Internet Radio,0000 0071 0000 0026 0040 0040 0020 0020 0020 0020 0040 0040 0020 0020 0020 0081 0020 0040 0020 0020 0020 0020 0020 0020 0020 0020 0040 0040 0040 0040 0040 0020 0020 0AA7 0040 0040 0020 0020 0020 0020 0040 0040 0020 0020 0020 0081 0020 0040 0020 0020 0020 0020 0020 0020 0020 0020 0040 0040 0040 0040 0040 0020 0020 0AA7 0040 0040 0020 0020 0020 0020 0040 0040 0020 0020 0020 0081 0020 0040 0020 04A9
,,SIRIUSXM (*4),27,95,29,27 95 29,RCRC52709529,---,---,---,---,Turn On and select Sirius XM,
,,Media Server,27,95,24,27 95 24,RCRC52709524,---,---,---,---,Turn On and select  Media Server,0000 0071 0000 0021 0040 0040 0020 0020 0020 0020 0040 0040 0020 0020 0020 0081 0020 0040 0020 0020 0020 0020 0020 0020 0020 0020 0040 0040 0020 0020 0040 0020 0020 0020 0020 0AAC 0040 0040 0020 0020 0020 0020 0040 0040 0020 0020 0020 0081 0020 0040 0020 0020 0020 0020 0020 0020 0020 0020 0040 0040 0020 0020 0040 0020 0020 0020 0020 0AAC 002C 04AB
,,Pandora (*4),27,95,26,27 95 26,RCRC52709526,---,---,---,---,Turn On and select Pandora,0000 0071 0000 001E 0040 0020 0020 0040 0020 0020 0040 0040 0020 0020 0020 0081 0020 0040 0020 0020 0020 0020 0020 0020 0020 0020 0040 0040 0020 0020 0040 0040 0040 0AAC 0040 0020 0020 0040 0020 0020 0040 0040 0020 0020 0020 0081 0020 0040 0020 0020 0020 0020 0020 0020 0020 0020 0040 0040 0020 0020 0040 0040 0040 04AB
,Smart,Smart Select1,16,92,21,16 92 21,RCRC51609221,---,---,---,---,Zone 3 Smart Select 1,
,Select,Smart Select2,16,92,22,16 92 22,RCRC51609222,---,---,---,---,Zone 3 Smart Select 2,
,,Smart Select3,16,92,23,16 92 23,RCRC51609223,---,---,---,---,Zone 3 Smart Select 3,
,,Smart Select4,16,92,24,16 92 24,RCRC51609224,---,---,---,---,Zone 3 Smart Select 4,
,,Smart Select5,16,92,25,16 92 25,RCRC51609225,---,---,---,---,Zone 3 Smart Select 5,
,Control,Cursor Up,16,91,10,16 91 10,RCRC51609110,---,---,---,---,Zone 3 Cursor Up,0000 0071 0000 001E 0040 0040 0020 0020 0040 0020 0020 0020 0020 0020 0020 00A1 0020 0040 0020 0020 0020 0020 0040 0020 0020 0020 0020 0020 0020 0040 0040 0040 0040 0AA7 0040 0040 0020 0020 0040 0020 0020 0020 0020 0020 0020 00A1 0020 0040 0020 0020 0020 0020 0040 0020 0020 0020 0020 0020 0020 0040 0040 0040 0040 04A9
,,Cursor Down,16,91,11,16 91 11,RCRC51609111,---,---,---,---,Zone 3 Cursor Down,0000 0071 0000 0020 0040 0020 0020 0040 0040 0020 0020 0020 0020 0020 0020 00A1 0020 0040 0020 0020 0020 0020 0040 0020 0020 0020 0020 0020 0020 0040 0040 0040 0020 0020 0020 0AA7 0040 0020 0020 0040 0040 0020 0020 0020 0020 0020 0020 00A1 0020 0040 0020 0020 0020 0020 0040 0020 0020 0020 0020 0020 0020 0040 0040 0040 0020 0020 0020 04A9
,,Cursor Left,16,91,12,16 91 12,RCRC51609112,---,---,---,---,Zone 3 Cursor Left,0000 0071 0000 0025 0040 0040 0020 0020 0040 0020 0020 0020 0020 0020 0020 00A1 0020 0040 0020 0020 0020 0020 0040 0020 0020 0020 0020 0020 0020 0040 0020 0020 0040 0020 0020 0AA7 0040 0040 0020 0020 0040 0020 0020 0020 0020 0020 0020 00A1 0020 0040 0020 0020 0020 0020 0040 0020 0020 0020 0020 0020 0020 0040 0020 0020 0040 0020 0020 0AA7 0040 0040 0020 0020 0040 0020 0020 0020 0012 04A9
,,Cursor Right,16,91,13,16 91 13,RCRC51609113,---,---,---,---,Zone 3 Cursor Right,0000 0071 0000 0020 0040 0020 0020 0040 0040 0020 0020 0020 0020 0020 0020 00A1 0020 0040 0020 0020 0020 0020 0040 0020 0020 0020 0020 0020 0020 0040 0020 0020 0040 0040 0020 0AA7 0040 0020 0020 0040 0040 0020 0020 0020 0020 0020 0020 00A1 0020 0040 0020 0020 0020 0020 0040 0020 0020 0020 0020 0020 0020 0040 0020 0020 0040 0040 0020 04A9
,,Enter,16,91,14,16 92 14,RCRC51609214,---,---,---,---,Zone 3 Enter,0000 0071 0000 0021 0040 0040 0020 0020 0040 0020 0020 0020 0020 0020 0020 00A1 0020 0040 0020 0020 0020 0020 0040 0020 0020 0020 0020 0020 0020 0040 0020 0020 0020 0020 0040 0AA7 0040 0040 0020 0020 0040 0020 0020 0020 0020 0020 0020 00A1 0020 0040 0020 0020 0020 0020 0040 0020 0020 0020 0020 0020 0020 0040 0020 0020 0020 0020 0040 0AA7 0040 04A9
,,Return,16,91,15,16 91 15,RCRC51609115,---,---,---,---,Zone 3 Return,0000 0071 0000 0025 0040 0020 0020 0040 0040 0020 0020 0020 0020 0020 0020 00A1 0020 0040 0020 0020 0020 0020 0040 0020 0020 0020 0020 0020 0020 0040 0020 0020 0020 0020 0020 0020 0020 0AA7 0040 0020 0020 0040 0040 0020 0020 0020 0020 0020 0020 00A1 0020 0040 0020 0020 0020 0020 0040 0020 0020 0020 0020 0020 0020 0040 0020 0020 0020 0020 0020 0020 0020 0AA7 0040 0020 0020 0040 0013 04A9
,,Memory,16,91,16,16 91 16,RCRC51609116,---,---,---,---,Zone 3 Memory,0000 0071 0000 0021 0040 0040 0020 0020 0040 0020 0020 0020 0020 0020 0020 00A1 0020 0040 0020 0020 0020 0020 0040 0020 0020 0020 0020 0040 0040 0020 0020 0020 0020 0020 0020 0AA7 0040 0040 0020 0020 0040 0020 0020 0020 0020 0020 0020 00A1 0020 0040 0020 0020 0020 0020 0040 0020 0020 0020 0020 0040 0040 0020 0020 0020 0020 0020 0020 0AA7 002B 04A9
,Sleep,SLEEP (Toggle),16,93,10,16 93 10,RCRC51609310,---,---,---,---,Sleep Timer set,
,,SLEEP OFF,16,38,20,16 38 20,RCRC51603820,---,---,---,---,Sleep Timer set: Off,
,Tuner,[Tuner-1] 0,17,93,00,17 93 00,RCRC51709300,---,---,---,---,Ten Key 0 ( Pre set No. or Frequency) for Tuner-1,
,,[Tuner-1] 1,17,93,01,17 93 01,RCRC51709301,---,---,---,---,Ten Key 1 ( Pre set No. or Frequency) for Tuner-1,
,,[Tuner-1] 2,17,93,02,17 93 02,RCRC51709302,---,---,---,---,Ten Key 2 ( Pre set No. or Frequency) for Tuner-1,
,,[Tuner-1] 3,17,93,03,17 93 03,RCRC51709303,---,---,---,---,Ten Key 3 ( Pre set No. or Frequency) for Tuner-1,
,,[Tuner-1] 4,17,93,04,17 93 04,RCRC51709304,---,---,---,---,Ten Key 4 ( Pre set No. or Frequency) for Tuner-1,
,,[Tuner-1] 5,17,93,05,17 93 05,RCRC51709305,---,---,---,---,Ten Key 5 ( Pre set No. or Frequency) for Tuner-1,
,,[Tuner-1] 6,17,93,06,17 93 06,RCRC51709306,---,---,---,---,Ten Key 6 ( Pre set No. or Frequency) for Tuner-1,
,,[Tuner-1] 7,17,93,07,17 93 07,RCRC51709307,---,---,---,---,Ten Key 7 ( Pre set No. or Frequency) for Tuner-1,
,,[Tuner-1] 8,17,93,08,17 93 08,RCRC51709308,---,---,---,---,Ten Key 8 ( Pre set No. or Frequency) for Tuner-1,
,,[Tuner-1] 9,17,93,09,17 93 09,RCRC51709309,---,---,---,---,Ten Key 9 ( Pre set No. or Frequency) for Tuner-1,
,,[Tuner-1] FM,17,93,10,17 93 10,RCRC51709310,---,---,---,---,Turn On and select FM for Tuner-1,
,,[Tuner-1] AM,17,93,11,17 93 11,RCRC51709311,---,---,---,---,Turn On and select AM for Tuner-1,
,,[Tuner-1] PRESET Up +,17,93,13,17 93 13,RCRC51709313,---,---,---,---,Preset (Skip) Up for Tuner-1,
,,[Tuner-1] PRESET Down -,17,93,14,17 93 14,RCRC51709314,---,---,---,---,Preset (Skip) Down for Tuner-1,
,,[Tuner-1] FREQ.(tuning) Up +,17,93,15,17 93 15,RCRC51709315,---,---,---,---,Frequency (Scan) Up for Tuner-1,
,,[Tuner-1] FREQ.(tuning) Down -,17,93,16,17 93 16,RCRC51709316,---,---,---,---,Frequency (Scan) Down for Tuner-1,
,,[Tuner-1] T-MODE,17,93,17,17 93 17,RCRC51709317,---,---,---,---,Switch FM MODE (Auto Stereo / Mono) for Tuner-1,
,,BAND (FM/AM),17,93,61,17 93 61,RCRC51709361,---,---,---,---,Select FM and AM (Toggle),
,,RDS/SEARCH,17,93,62,17 93 62,RCRC51709362,---,---,---,---,,
,USB,Zone 3: USB: Next,24,32,03,24 32 03,RCRC52403203,---,---,---,---,,
,,Zone 3: USB: Previous,24,33,03,24 33 03,RCRC52403303,---,---,---,---,,
,,Zone 3: USB: Random Mode,24,44,01,24 44 01,RCRC52404401,---,---,---,---,,0000 0071 0000 0026 0040 0040 0020 0020 0020 0020 0040 0040 0020 0020 0020 0081 0020 0040 0020 0020 0020 0020 0020 0020 0020 0020 0040 0040 0040 0040 0040 0020 0020 0AA7 0040 0040 0020 0020 0020 0020 0040 0040 0020 0020 0020 0081 0020 0040 0020 0020 0020 0020 0020 0020 0020 0020 0040 0040 0040 0040 0040 0020 0020 0AA7 0040 0040 0020 0020 0020 0020 0040 0040 0020 0020 0020 0081 0020 0040 0020 04A9
,,Zone 3: USB: Random Off,24,44,02,24 44 02,RCRC52404402,---,---,---,---,,
,,Zone 3: USB: Random On,24,44,03,24 44 03,RCRC52404403,---,---,---,---,,
,,Zone 3: USB: Repeat Mode,24,45,01,24 45 01,RCRC52404501,---,---,---,---,,0000 0071 0000 001E 0020 0020 0040 0040 0020 0020 0040 0020 0020 0020 0020 00C1 0040 0040 0020 0020 0040 0040 0040 0020 0020 0020 0020 0020 0020 0020 0020 0040 0020 0AA5 0020 0020 0040 0040 0020 0020 0040 0020 0020 0020 0020 00C1 0040 0040 0020 0020 0040 0040 0040 0020 0020 0020 0020 0020 0020 0020 0020 0040 0020 04A8
,,Zone 3: USB: Repeat Off,24,45,02,24 45 02,RCRC52404502,---,---,---,---,,
,,Zone 3: USB: Repeat One,24,45,03,24 45 03,RCRC52404503,---,---,---,---,,
,,Zone 3: USB: Repeat All,24,45,04,24 45 04,RCRC52404504,---,---,---,---,,
,,Zone 3: USB: Pause,24,48,03,24 48 03,RCRC52404803,---,---,---,---,,0000 0071 0000 0027 0020 0020 0020 0020 0020 0020 0020 0020 0040 0020 0020 0020 0020 00C1 0020 0020 0040 0020 0020 0020 0020 0020 0020 0020 0020 0020 0020 0020 0020 0020 0020 0040 0020 0020 0020 0AA5 0020 0020 0020 0020 0020 0020 0020 0020 0040 0020 0020 0020 0020 00C1 0020 0020 0040 0020 0020 0020 0020 0020 0020 0020 0020 0020 0020 0020 0020 0020 0020 0040 0020 0020 0020 0AA5 0020 0020 0020 0020 0020 04A8
,,Zone 3: USB: REW,24,50,03,24 50 03,RCRC52405003,---,---,---,---,,
,,Zone 3: USB: FF,24,52,03,24 52 03,RCRC52405203,---,---,---,---,,
,,Zone 3: USB: Play/Pause,24,53,03,24 53 03,RCRC52405303,---,---,---,---,,
,,Zone 3: iPod Play,24,53,33,24 53 33,RCRC52405333,---,---,---,---,,
,,Zone 3: USB: Stop,24,54,03,24 54 03,RCRC52405403,---,---,---,---,,0000 0071 0000 0020 0020 0020 0040 0040 0020 0020 0040 0020 0020 0020 0020 00C1 0020 0020 0040 0040 0020 0020 0040 0020 0020 0020 0020 0020 0020 0020 0020 0040 0020 0020 0020 0AA5 0020 0020 0040 0040 0020 0020 0040 0020 0020 0020 0020 00C1 0020 0020 0040 0040 0020 0020 0040 0020 0020 0020 0020 0020 0020 0020 0020 0040 0020 0020 0020 04A8
,,Zone 3: USB Direct Play,24,53,62,24 53 62,RCRC52405362,---,---,---,---,,0000 0071 0000 0024 0020 0020 0040 0040 0020 0020 0040 0020 0020 0020 0020 00C1 0020 0020 0040 0040 0040 0040 0020 0020 0020 0020 0020 0020 0020 0020 0020 0020 0040 0AA5 0020 0020 0040 0040 0020 0020 0040 0020 0020 0020 0020 00C1 0020 0020 0040 0040 0040 0040 0020 0020 0020 0020 0020 0020 0020 0020 0020 0020 0040 0AA5 0020 0020 0040 0040 0020 0020 0040 0020 0020 0020 0020 04A8
,Network,Network(DMP): Next Track(file),27,32,03,27 32 03,RCRC52703203,---,---,---,---,,
,,Network(DMP): Previous Track(file),27,33,03,27 33 03,RCRC52703303,---,---,---,---,,
,,Network: Jpeg Skip +,27,32,12,27 32 12,RCRC52703212,---,---,---,---,,
,,Network: Jpeg Skip -,27,33,12,27 33 12,RCRC52703312,---,---,---,---,,
,,Network(DMP): Repeat (toggle),27,45,01,27 45 01,RCRC52704501,---,---,---,---,,
,,Network(DMP): Repeat Off,27,45,02,27 45 02,RCRC52704502,---,---,---,---,,
,,Network(DMP): Repeat 1,27,45,03,27 45 03,RCRC52704503,---,---,---,---,,
,,Network(DMP): Repeat All,27,45,04,27 45 04,RCRC52704504,---,---,---,---,,
,,Network(DMP): Pause,27,48,03,27 48 03,RCRC52704803,---,---,---,---,,
,,Network(DMP): REW,27,50,03,27 50 03,RCRC52705003,---,---,---,---,,
,,Network(DMP): FF,27,52,03,27 52 03,RCRC52705203,---,---,---,---,,
,,Network(DMP): Play/Pause,27,53,03,27 53 03,RCRC52705303,---,---,---,---,,
,,iPod Direct Play,27,53,33,27 53 33,RCRC52705333,---,---,---,---,,
,,Internet Radio Recent Played Station,27,53,52,27 53 52,RCRC52705352,---,---,---,---,,
,,Network: Favorite Direct Play,27,53,63,27 53 63,RCRC52705363,---,---,---,---,,
,,Network(DMP): Stop,27,54,03,27 54 03,RCRC52705403,---,---,---,---,,
,,Network(DMP): Cursor Up,27,80,03,27 80 03,RCRC52708003,---,---,---,---,,
,,Network(DMP): Cursor Down,27,81,03,27 81 03,RCRC52708103,---,---,---,---,,
,,Network(DMP): Cursor Left,27,85,03,27 85 03,RCRC52708503,---,---,---,---,,
,,Network(DMP): Cursor Right,27,86,03,27 86 03,RCRC52708603,---,---,---,---,,
,,Network(DMP): Enter,27,87,03,27 87 03,RCRC52708703,---,---,---,---,,
,,Network(DMP): Back(Return),27,83,03,27 83 03,RCRC52708303,---,---,---,---,,
,,Network(DMP):HOME,27,88,02,27 88 02,RCRC52708802,---,---,---,---,,
,,Page Previous,27,93,13,27 93 13,RCRC52709313,---,---,---,---,,
,,Page Next,27,93,14,27 93 14,RCRC52709314,---,---,---,---,,
Notes: Specifications subject to change without prior notice.,,,,,,,,,,,,,
,X,The command is available for the model.,,,,,,,,,,,
,---,The command is NOT available for the model.,,,,,,,,,,,
,* 1,Main room commands work as Multi room commands when the Multi room RC-IN input was used.,,,,,,,,,,,
,,These commands are recognized as for Main room(zone) commands when they are received via Front IR receiver or Rear Remote Control In.,,,,,,,,,,,
,,These commands are recognized as for Multi room(zone) commands when they are received via Rear Multi room Remote In.,,,,,,,,,,,
,*2,Need an input assign to the input in Menu in advance the use,,,,,,,,,,,
,*4,/U1x version (for North America) model only,,,,,,,,,,,
,*5,/N1x version (for Europe) model only,,,,,,,,,,,
,*6,"/U1x (for North America), /N1x version (for Europe) model only",,,,,,,,,,,
,*7,The RC code can be sent using RS-232C/IP Serial protocol commands,,,,,,,,,,,
,,,,,,,,,,,,,
,,,,,,,,,,,,,
Revision,,,,,,,,,,,,,
43173,V01,Added NR1509/NR1609,,,,,,,,,,,
42870,V02,Added SR5013/SR6013,,,,,,,,,,,
