Marantz Remote Command Chart,,,,,,,X,,,,,,,,,,,,,,,,,,,,,,,,,,,,,,,,,,,,,,,,,,,,,,,,,,,,,,,,,,,,,,,,,,,Hex Code (Basic Commands Only),,,
Please press [+] mark on top to open previous models.,,,Last update: 5/7/2013,,,,This pink color's cell = New assigned code,,,,: New assigned code,,,,,,,,,,,,,,,,,,,,,,,,,,,,,,,,,,,,,,,,,,,,,,,,,,,,,,,,,,,,,,,,,,
,,,"(Refer to ""Revision"")",,,,,,,,,,,,,,,,,,,,,,,,,,,,,,,,,,,,,,,,,,,,,,,,,,,,,,,,,,,,,,,,,,,,,,,,,,
"Item: AV Pre/Processor, AV Receiver, Stereo Receiver",,,,,,,,,,,,,,,,,,,,,,,,NEW !,,,,,,,NEW !,,,,,,,,,,NEW !,,,,,,,,,,,,,NEW !,,,,NEW !,,,,,,,,,,,,,,,,,,,
,,"*1,*2... Note is placed at end of this chart. 
Function description is located right end.","Remote Code: 
RC-5/ RC-5 Ex. Format",,,For search,AV Pre Processor,AV Pre Processor,AV Pre Processor,AV Pre Processor,,,,,,,,,,,,,,AV Receiver,AV Receiver,AV Receiver,,,,,AV Receiver,AV Receiver,AV Receiver,AV Receiver,,,,,,,AV Receiver,AV Receiver,AV Receiver,AV Receiver,,,,,,,,,,"Slim Line
AV Receiver","Slim Line
AV Receiver","Slim Line
AV Receiver","Slim Line
AV Receiver","Slim Line
AV Receiver","Slim Line
AV Receiver","Slim Line
AV Receiver","Slim Line
AV Receiver",,,,,,,,,,Stereo Receiver,Stereo Receiver,Stereo Receiver,"Made by: Marantz America, LLC.",,,
Zone,,Command Name,System,Command,Extension,,AV8801,AV8003,AV7701,AV7005,SR9600,SR9600XM,SR9300,SR9200,SR8002,SR8001,"SR8500
SR7500","SR8400
SR7400",SR8300,SR8200,SR-14EX,SR-18EX,SR-19EX,SR7008,SR7007,SR7005,SR7002,SR7001,"SR7300
SR7300OSE",SR7200,SR6008,SR6007,SR6006,SR6005,SR6004,SR6003,SR6001,SR6400,SR6300,SR6200,SR5008,SR5007,SR5006,SR5005,SR5004,SR5003,SR5002,SR5001,SR5600,SR5500,SR5400,SR5300,SR5200,NR1604,NR1603,NR1602,NR1601,NR1504,NR1403,NR1402,NR1501,SR4003,SR4002,SR4001,SR4600,SR4500,SR4400,SR4300,SR4200,SR3001,SR4023,SR4021,SR4320,FUNCTION,Hex Code (Basic Commands Only),,
Main,Power,POWER ON/OFF,16,12,---,16 12,X,X,X,X,X,X,X,X,X,X,X,X,X,X,@ *1,@ *1,@ *1,X,X,X,X,X,X,X,X,X,X,X,X,X,X,X,X,X,X,X,X,X,X,X,X,X,X,X,X,X,X,X,X,X,X,X,X,X,X,X,X,X,X,X,X,X,X,X,X,X,X,Power the unit On / Standby (Toggle),0000 0073 0000 0018 0020 0020 0020 0020 0020 0020 0040 0020 0020 0020 0020 0020 0020 0020 0020 0020 0020 0040 0020 0020 0040 0020 0020 0C5B 0020 0020 0020 0020 0020 0020 0040 0020 0020 0020 0020 0020 0020 0020 0020 0020 0020 0040 0020 0020 0040 0020 0020 0498,,
Zone,Control,POWER ON,16,12,01,16 12 01,X,X,X,X,X,X,X,X,X,X,X,X,X,X,@ *1,@ *1,@ *1,X,X,X,X,X,X,X,X,X,X,X,X,X,X,X,X,X,X,X,X,X,X,X,X,X,X,X,X,X,X,X,X,X,X,X,X,X,X,X,X,X,X,X,X,X,X,X,X,X,X,Power On,0000 0071 0000 0024 0020 0020 0020 0020 0020 0020 0040 0020 0020 0020 0020 0020 0020 00A1 0020 0020 0020 0040 0020 0020 0040 0020 0020 0020 0020 0020 0020 0020 0020 0020 0020 0020 0020 0040 0020 0AAB 0020 0020 0020 0020 0020 0020 0040 0020 0020 0020 0020 0020 0020 00A1 0020 0020 0020 0040 0020 0020 0040 0020 0020 0020 0020 0020 0020 0020 0020 0020 0020 0020 0020 0040 0020 04B0,,
,,POWER OFF,16,12,02,16 12 02,X,X,X,X,X,X,X,X,X,X,X,X,X,X,@ *1,@ *1,@ *1,X,X,X,X,X,X,X,X,X,X,X,X,X,X,X,X,X,X,X,X,X,X,X,X,X,X,X,X,X,X,X,X,X,X,X,X,X,X,X,X,X,X,X,X,X,X,X,X,X,X,Standby,0000 0071 0000 0022 0020 0020 0020 0020 0020 0020 0040 0020 0020 0020 0020 0020 0020 00A1 0020 0020 0020 0040 0020 0020 0040 0020 0020 0020 0020 0020 0020 0020 0020 0020 0020 0040 0040 0AAB 0020 0020 0020 0020 0020 0020 0040 0020 0020 0020 0020 0020 0020 00A1 0020 0020 0020 0040 0020 0020 0040 0020 0020 0020 0020 0020 0020 0020 0020 0020 0020 0040 0040 04B0,,
,,Global Power Off,16,12,12,16 12 12,---,---,---,---,---,---,---,---,---,---,---,---,---,---,---,---,---,---,---,---,---,---,---,---,---,---,---,---,---,X,---,---,---,---,---,---,---,---,---,X,---,---,---,---,---,---,---,---,---,---,---,---,---,---,---,X,---,---,---,---,---,---,---,---,X,---,---,All (Main room and Multi Zone) Standby,0000 0071 0000 0022 0020 0020 0020 0020 0020 0020 0040 0020 0020 0020 0020 0020 0020 00A0 0020 0020 0020 0040 0020 0020 0040 0020 0020 0020 0020 0020 0020 0040 0020 0020 0040 0020 0020 0AAB 0020 0020 0020 0020 0020 0020 0040 0020 0020 0020 0020 0020 0020 00A0 0020 0020 0020 0040 0020 0020 0040 0020 0020 0020 0020 0020 0020 0040 0020 0020 0040 0020 0020 04B0,,
,,SYSTEM POWER OFF,16,12,13,16 12 13,X,X,X,X,---,---,---,---,X,---,---,---,---,---,---,---,---,X,X,X,X,---,---,---,X,X,X,X,X,X,---,---,---,---,X,X,X,X,X,X,X,---,---,---,---,---,---,X,X,X,X,X,X,X,X,---,---,---,---,---,---,---,---,---,---,---,---,Turn MAIN Zone and MULTI Zone to standby,0000 0071 0000 0020 0020 0020 0040 0040 0040 0020 0020 0020 0020 0020 0020 00A0 0020 0020 0020 0040 0020 0020 0040 0020 0020 0020 0020 0020 0020 0040 0020 0020 0040 0040 0020 0AAB 0020 0020 0040 0040 0040 0020 0020 0020 0020 0020 0020 00A0 0020 0020 0020 0040 0020 0020 0040 0020 0020 0020 0020 0020 0020 0040 0020 0020 0040 0040 0020 04B0,,
,Volume,VOL +,16,16,---,16 16,X,X,X,X,X,X,X,X,X,X,X,X,X,X,@ *1,@ *1,@ *1,X,X,X,X,X,X,X,X,X,X,X,X,X,X,X,X,X,X,X,X,X,X,X,X,X,X,X,X,X,X,X,X,X,X,X,X,X,X,X,X,X,X,X,X,X,X,X,X,X,X,Master volume up & mute off,0000 0073 0000 0016 0020 0020 0040 0040 0040 0020 0020 0020 0020 0020 0020 0020 0020 0040 0040 0020 0020 0020 0020 0020 0020 0C72 0020 0020 0040 0040 0040 0020 0020 0020 0020 0020 0020 0020 0020 0040 0040 0020 0020 0020 0020 0020 0020 0491,,
,Control,VOL -,16,17,---,16 17,X,X,X,X,X,X,X,X,X,X,X,X,X,X,@ *1,@ *1,@ *1,X,X,X,X,X,X,X,X,X,X,X,X,X,X,X,X,X,X,X,X,X,X,X,X,X,X,X,X,X,X,X,X,X,X,X,X,X,X,X,X,X,X,X,X,X,X,X,X,X,X,Master volume down & mute off,0000 0073 0000 0018 0020 0020 0020 0020 0020 0020 0040 0020 0020 0020 0020 0020 0020 0020 0020 0040 0040 0020 0020 0020 0020 0040 0020 0C72 0020 0020 0020 0020 0020 0020 0040 0020 0020 0020 0020 0020 0020 0020 0020 0040 0040 0020 0020 0020 0020 0040 0020 0491,,
,,Direct VOLUME,16,111,00 - 63,16 111 [00-63],X,X,X,X (*3),---,---,---,---,X,---,---,---,---,---,---,---,---,X,X,X,X,---,---,---,X,X,X,X (*3),X,X,---,---,---,---,X,X,X,---,X,X,X,---,---,---,---,---,---,X,X,X,---,X,X,X,X,X,X,---,---,---,---,---,---,---,X,---,---,Discrete Volume level select,,,
,,Audio MUTE ON,16,13,00,16 13 00,X,X,X,---,X,X,X,X,X,X,X,X,X,X,@ *1,@ *1,@ *1,X,X,---,X,X,X,X,X,X,X,---,X,X,X,X,X,X,X,X,X,X,X,X,X,X,X,X,X,X,X,X,X,X,X,X,X,X,X,X,X,X,X,X,X,X,X,X,X,X,X,Mute On,0000 0071 0000 0022 0020 0020 0020 0020 0020 0020 0040 0020 0020 0020 0020 0020 0020 00A1 0020 0020 0020 0040 0020 0020 0040 0040 0040 0020 0020 0020 0020 0020 0020 0020 0020 0020 0020 0AAB 0020 0020 0020 0020 0020 0020 0040 0020 0020 0020 0020 0020 0020 00A1 0020 0020 0020 0040 0020 0020 0040 0040 0040 0020 0020 0020 0020 0020 0020 0020 0020 0020 0020 04B0,,
,,Audio MUTE OFF,16,13,01,16 13 01,X,X,X,---,X,X,X,X,X,X,X,X,X,X,@ *1,@ *1,@ *1,X,X,---,X,X,X,X,X,X,X,---,X,X,X,X,X,X,X,X,X,X,X,X,X,X,X,X,X,X,X,X,X,X,X,X,X,X,X,X,X,X,X,X,X,X,X,X,X,X,X,Mute Off,0000 0071 0000 0020 0020 0020 0040 0040 0040 0020 0020 0020 0020 0020 0020 00A1 0020 0020 0020 0040 0020 0020 0040 0040 0040 0020 0020 0020 0020 0020 0020 0020 0020 0040 0020 0AAB 0020 0020 0040 0040 0040 0020 0020 0020 0020 0020 0020 00A1 0020 0020 0020 0040 0020 0020 0040 0040 0040 0020 0020 0020 0020 0020 0020 0020 0020 0040 0020 04B0,,
,,Audio MUTE (Toggle),16,13,---,16 13,X,X,X,X,X,X,X,X,X,X,X,X,X,X,@ *1,@ *1,@ *1,X,X,X,X,X,X,X,X,X,X,X,X,X,X,X,X,X,X,X,X,X,X,X,X,X,X,X,X,X,X,X,X,X,X,X,X,X,X,X,X,X,X,X,X,X,X,X,X,X,X,Mute On & Off ( Toggle),0000 0073 0000 0018 0020 0020 0020 0020 0020 0020 0040 0020 0020 0020 0020 0020 0020 0020 0020 0020 0020 0040 0020 0020 0040 0040 0020 0C74 0020 0020 0020 0020 0020 0020 0040 0020 0020 0020 0020 0020 0020 0020 0020 0020 0020 0040 0020 0020 0040 0040 0020 0492,,
,,ATT,,,,16 13,---,---,---,---,---,---,---,---,---,---,---,---,---,---,---,---,---,---,---,---,---,---,---,---,---,---,---,---,---,---,---,---,---,---,---,---,---,---,---,---,---,---,---,---,---,---,---,---,---,---,---,---,---,---,---,---,---,---,---,---,---,---,---,---,---,---,---,Attenuate On/Off for analog input,0000 0071 0000 001E 0020 0020 0020 0020 0020 0020 0040 0020 0020 0020 0020 0020 0020 00C1 0040 0020 0020 0040 0040 0040 0020 0020 0040 0040 0040 0040 0020 0020 0020 0AAB 0020 0020 0020 0020 0020 0020 0040 0020 0020 0020 0020 0020 0020 00C1 0040 0020 0020 0040 0040 0040 0020 0020 0040 0040 0040 0040 0020 0020 0020 04B0,,
,,,16,37,43,16 37 43,---,---,---,---,X,X,X,X,X,X,X,X,X,X,X,X,X,---,---,---,X,X,X,X,---,---,---,---,X,---,X,X,X,X,---,---,---,---,X,---,X,X,X,X,X,X,X,---,---,---,---,---,---,---,---,---,X,X,X,X,X,X,X,X,---,---,---,Attenuate On/Off for analog input,,,
,Speaker,SPEAKER Sel.,16,29,---,16 29,---,---,---,X,X,X,---,---,X,X,X,X,---,---,---,---,---,X,X,X,X,X,X,---,X,X,X,X,X,X,X,X,X,---,X,X,X,X,X,X,X,X,---,---,---,---,---,X,X,X,X,---,---,---,---,---,X,X,---,---,---,---,---,---,X,X,X,Select Speaker (SPKR-A> SPKR-B> SPKR-A+B> SPKR-Off>),0000 0071 0000 0016 0021 0021 0041 0041 0041 0021 0021 0021 0021 0021 0021 0021 0021 0041 0021 0021 0021 0021 0041 0041 0021 0CEE 0021 0021 0041 0041 0041 0021 0021 0021 0021 0021 0021 0021 0021 0041 0021 0021 0021 0021 0041 0041 0021 04B0,,
,Output,SPEAKER-A ON/OFF,16,35,---,16 35,---,---,---,---,---,---,---,---,---,---,---,---,---,---,---,---,---,X,X,---,---,---,---,---,X(A ON only),X(A ON only),X(A ON only),---,---,---,---,---,---,---,X,X,X,---,---,---,---,---,---,---,---,---,---,X,X,X,---,---,---,---,---,---,---,---,---,---,---,---,---,---,---,---,X,Speaker A On/Off Toggle,0000 0071 0000 0016 0021 0021 0041 0041 0041 0021 0021 0021 0021 0021 0021 0021 0021 0041 0021 0021 0021 0021 0041 0041 0021 0CEE 0021 0021 0041 0041 0041 0021 0021 0021 0021 0021 0021 0021 0021 0041 0021 0021 0021 0021 0041 0041 0021 04B0,,
,,SPEAKER-A ON,16,35,00,16 35 00,---,---,---,---,X,X,---,---,X,X,X,X,---,---,---,---,---,---,---,---,X,X,X,---,---,---,---,---,X,X,X,X,X,---,---,---,---,---,X,X,X,X,---,---,---,---,---,---,---,---,---,---,---,---,---,---,X,X,---,---,---,---,---,---,X,X,X,Turn Speaker-A On,0000 0071 0000 0022 0020 0020 0020 0020 0020 0020 0040 0020 0020 0020 0020 0020 0020 00C1 0040 0020 0020 0020 0020 0040 0020 0020 0040 0020 0020 0020 0020 0020 0020 0020 0020 0020 0020 0AAB 0020 0020 0020 0020 0020 0020 0040 0020 0020 0020 0020 0020 0020 00C1 0040 0020 0020 0020 0020 0040 0020 0020 0040 0020 0020 0020 0020 0020 0020 0020 0020 0020 0020 04B0,,
,,SPEAKER-A OFF,16,35,01,16 35 01,---,---,---,---,X,X,---B282+282:282+282:282+B284,---,X,X,X,X,---,---,---,---,---,---,---,---,X,X,X,---,---,---,---,---,X,X,X,X,X,---,---,---,---,---,X,X,X,X,---,---,---,---,---,---,---,---,---,---,---,---,---,---,X,X,---,---,---,---,---,---,X,X,X,Turn Speaker-A Off,0000 0071 0000 0020 0020 0020 0040 0040 0040 0020 0020 0020 0020 0020 0020 00C1 0040 0020 0020 0020 0020 0040 0020 0020 0040 0020 0020 0020 0020 0020 0020 0020 0020 0040 0020 0AAB 0020 0020 0040 0040 0040 0020 0020 0020 0020 0020 0020 00C1 0040 0020 0020 0020 0020 0040 0020 0020 0040 0020 0020 0020 0020 0020 0020 0020 0020 0040 0020 04B0,,
,,SPEAKER-B ON/OFF,16,39,---,16 39,---,---,---,---,---,---,---,---,---,---,---,---,---,---,---,---,---,X,X,---,---,---,---,---,X(B ON only),X(B ON only),X(B ON only),---,---,---,---,---,---,---,X,X,X,---,---,---,---,---,---,---,---,---,---,X,X,X,---,---,---,---,---,---,---,---,---,---,---,---,---,---,---,---,X,Speaker B On/Off Toggle,,,
,,SPEAKER-B ON,16,39,00,16 39 00,---,---,---,---,X,X,---,---,X,X,X,X,---,---,---,---,---,---,---,---,X,X,X,---,---,---,---,---,X,X,X,X,X,---,---,---,---,---,X,X,X,X,---,---,---,---,---,---,---,---,---,---,---,---,---,---,X,X,---,---,---,---,---,---,X,X,X,Turn Speaker-B On,0000 0071 0000 0022 0020 0020 0020 0020 0020 0020 0040 0020 0020 0020 0020 0020 0020 00C1 0040 0020 0020 0040 0020 0020 0020 0020 0040 0020 0020 0020 0020 0020 0020 0020 0020 0020 0020 0AAB 0020 0020 0020 0020 0020 0020 0040 0020 0020 0020 0020 0020 0020 00C1 0040 0020 0020 0040 0020 0020 0020 0020 0040 0020 0020 0020 0020 0020 0020 0020 0020 0020 0020 04B0,,
,,SPEAKER-B OFF,16,39,01,16 39 01,---,---,---,---,X,X,---,---,X,X,X,X,---,---,---,---,---,---,---,---,X,X,X,---,---,---,---,---,X,X,X,X,X,---,---,---,---,---,X,X,X,X,---,---,---,---,---,---,---,---,---,---,---,---,---,---,X,X,---,---,---,---,---,---,X,X,X,Turn Speaker-B Off,0000 0071 0000 0020 0020 0020 0040 0040 0040 0020 0020 0020 0020 0020 0020 00C1 0040 0020 0020 0040 0020 0020 0020 0020 0040 0020 0020 0020 0020 0020 0020 0020 0020 0040 0020 0AAB 0020 0020 0040 0040 0040 0020 0020 0020 0020 0020 0020 00C1 0040 0020 0020 0040 0020 0020 0020 0020 0040 0020 0020 0020 0020 0020 0020 0020 0020 0040 0020 04B0,,
,Menu,OSD Menu On,16,82,---,16 82,X,X,X,---,---,---,---,---,---,---,---,---,---,---,X,X,X,X,X,---,---,---,---,---,X,X,X,---,X,X,---,---,---,---,X,X,X,---,X,X,---,---,---,---,---,---,---,X,X,X,X,X,X,X,X,X,---,---,---,---,---,---,---,---,---,---,---,OSD Menu On,0000 0071 0000 001A 0020 0020 0020 0020 0020 0020 0041 0020 0020 0020 0020 0020 0020 0020 0020 0020 0020 0041 0020 0020 0020 0020 0020 0020 0020 0C9B 0020 0020 0020 0020 0020 0020 0041 0020 0020 0020 0020 0020 0020 0020 0020 0020 0020 0041 0020 0020 0020 0020 0020 0020 0020 04B0,,
,Control,OK / OSD Menu,,,,16 82,---,---,---,---,X,X,X,X,X,X,X,X,X,X,---,---,---,---,---,---,X,X,X,X,---,---,---,---,---,---,X,X,X,X,---,---,---,---,---,---,X,X,X,X,X,X,X,---,---,---,---,---,---,---,---,---,X,X,X,X,X,X,X,X,X,---,---,OSD menu On & OK,0000 0071 0000 001A 0020 0020 0020 0020 0020 0020 0041 0020 0020 0020 0020 0020 0020 0020 0020 0020 0020 0041 0020 0020 0020 0020 0020 0020 0020 0C9B 0020 0020 0020 0020 0020 0020 0041 0020 0020 0020 0020 0020 0020 0020 0020 0020 0020 0041 0020 0020 0020 0020 0020 0020 0020 04B0,,
,,MENU,16,82,60,16 82 60,X,---,X,X,---,---,---,---,---,---,---,---,---,---,---,---,---,X,X,X,---,---,---,---,X,X,X,X,---,---,---,---,---,---,X,X,X,X,---,---,---,---,---,---,---,---,---,X,X,X,X,X,X,X,---,---,---,---,---,---,---,---,---,---,---,---,---,Menu on/off,0000 0071 0000 0024 0040 0020 0020 0040 0040 0020 0020 0020 0020 0020 0020 00A1 0020 0040 0040 0020 0020 0040 0040 0040 0020 0020 0020 0020 0020 0020 0040 0020 0020 0AA3 0040 0020 0020 0040 0040 0020 0020 0020 0020 0020 0020 00A1 0020 0040 0040 0020 0020 0040 0040 0040 0020 0020 0020 0020 0020 0020 0040 0020 0020 0AA3 0040 0020 0020 0040 0040 0020 0020 0020 0020 0020 0020 04A7,,
,,OPTION,16,82,11,16 82 11,X,---,X,---,---,---,---,---,---,---,---,---,---,---,---,---,---,X,X,X,---,---,---,---,X,X,---,X,---,---,---,---,---,---,X,X,---,X,---,---,---,---,---,---,---,---,---,X,X,---,X,X,X,---,---,---,---,---,---,---,---,---,---,---,---,---,---,Option Menu on/off,,,
,,Source Select Menu,16,82,20,16 82 20,---,---,---,X,---,---,---,---,---,---,---,---,---,---,---,---,---,---,---,X,---,---,---,---,---,---,X,X,---,---,---,---,---,---,---,---,X,X,---,---,---,---,---,---,---,---,---,---,---,X,X,---,---,X,---,---,---,---,---,---,---,---,---,---,---,---,---,Source Select Menu On/Off,0000 0071 0000 0022 0040 0040 0020 0020 0040 0020 0020 0020 0020 0020 0020 00A0 0020 0040 0040 0020 0020 0040 0040 0020 0020 0040 0040 0040 0040 0020 0020 0AA2 0040 0040 0020 0020 0040 0020 0020 0020 0020 0020 0020 00A0 0020 0040 0040 0020 0020 0040 0040 0020 0020 0040 0040 0040 0040 0020 0020 0AA2 0040 0040 0020 0020 0040 0020 0020 0020 0020 0020 0020 04A7,,
,,HOME,16,82,04,16 82 04,---,X,---,---,---,---,---,---,---,---,---,---,---,---,---,---,---,---,---,---,---,---,---,---,---,---,---,---,---,X,---,---,---,---,---,---,---,---,---,X,---,---,---,---,---,---,---,---,---,---,---,---,---,---,X,X,---,---,---,---,---,---,---,---,---,---,---,Move to Home (Main Menu),0000 0071 0000 001E 0040 0040 0020 0020 0040 0020 0020 0020 0020 0020 0020 00A1 0020 0040 0040 0020 0020 0040 0040 0020 0020 0020 0020 0020 0020 0040 0040 0020 0020 0AA6 0040 0040 0020 0020 0040 0020 0020 0020 0020 0020 0020 00A1 0020 0040 0040 0020 0020 0040 0040 0020 0020 0020 0020 0020 0020 0040 0040 0020 0020 04A9,,
,,EXIT MENU,16,83,---,16 83,X,X,X,---,X,X,X,X,X,X,X,X,X,X,X,X,X,X,X,---,X,X,X,X,X,X,X,---,X,X,X,X,X,X,X,X,X,---,X,X,X,X,X,X,X,X,X,X,X,X,X,X,X,X,X,X,X,X,X,X,X,X,X,X,X,---,---,Exit from OSD menu,0000 0073 0000 0016 0040 0020 0020 0040 0040 0020 0020 0020 0020 0020 0020 0020 0020 0040 0040 0020 0020 0040 0020 0020 0020 0C5B 0040 0020 0020 0040 0040 0020 0020 0020 0020 0020 0020 0020 0020 0040 0040 0020 0020 0040 0020 0020 0020 0498,,
,,ENTER (OK),16,87,---,16 87,X,X,X,X,---,---,---,---,---,---,---,---,---,---,---,---,---,X,X,X,X,X,X,X,X,X,X,X,X,X,---,---,---,---,X,X,X,X,X,X,---,---,---,---,---,---,---,X,X,X,X,X,X,X,X,X,---,---,---,---,---,---,---,---,X,---,---,Enter,0000 0073 0000 0016 0040 0020 0020 0040 0040 0020 0020 0020 0020 0020 0020 0020 0020 0040 0040 0040 0020 0020 0020 0020 0020 0C5B 0040 0020 0020 0040 0040 0020 0020 0020 0020 0020 0020 0020 0020 0040 0040 0040 0020 0020 0020 0020 0020 0498,,
,,Return,16,87,04,16 87 04,X,---,X,X,---,---,---,---,---,---,---,---,---,---,---,---,---,X,X,X,X,X,X,X,X,X,X,X,---,---,---,---,---,---,X,X,X,X,---,---,---,---,---,---,---,---,---,X,X,X,X,X,X,X,---,---,---,---,---,---,---,---,---,---,---,---,---,Return,0000 0071 0000 001E 0040 0040 0020 0020 0040 0020 0020 0020 0020 0020 0020 00A0 0020 0040 0040 0040 0020 0020 0020 0020 0040 0020 0020 0020 0020 0040 0040 0020 0020 0AA1 0040 0040 0020 0020 0040 0020 0020 0020 0020 0020 0020 00A0 0020 0040 0040 0040 0020 0020 0020 0020 0040 0020 0020 0020 0020 0040 0040 0020 0020 04A6,,
,,CURSOR Up,16,80,---,16 80,X,X,X,X,X,X,X,X,X,X,X,X,X,X,X,X,X,X,X,X,X,X,X,X,X,X,X,X,X,X,X,X,X,X,X,X,X,X,X,X,X,X,X,X,X,X,X,X,X,X,X,X,X,X,X,X,X,X,X,X,X,X,X,X,X,---,---,Cursor Up,0000 0073 0000 0016 0040 0020 0020 0040 0040 0020 0020 0020 0020 0020 0020 0020 0020 0040 0040 0020 0020 0020 0020 0020 0020 0C5B 0040 0020 0020 0040 0040 0020 0020 0020 0020 0020 0020 0020 0020 0040 0040 0020 0020 0020 0020 0020 0020 0498,,
,,CURSOR Down,16,81,---,16 81,X,X,X,X,X,X,X,X,X,X,X,X,X,X,X,X,X,X,X,X,X,X,X,X,X,X,X,X,X,X,X,X,X,X,X,X,X,X,X,X,X,X,X,X,X,X,X,X,X,X,X,X,X,X,X,X,X,X,X,X,X,X,X,X,X,---,---,Cursor Down,0000 0073 0000 0016 0040 0040 0020 0020 0040 0020 0020 0020 0020 0020 0020 0020 0020 0040 0040 0020 0020 0020 0020 0040 0020 0C5B 0040 0040 0020 0020 0040 0020 0020 0020 0020 0020 0020 0020 0020 0040 0040 0020 0020 0020 0020 0040 0020 0498,,
,,CURSOR Left,16,85,---,16 85,X,X,X,X,X,X,X,X,X,X,X,X,X,X,X,X,X,X,X,X,X,X,X,X,X,X,X,X,X,X,X,X,X,X,X,X,X,X,X,X,X,X,X,X,X,X,X,X,X,X,X,X,X,X,X,X,X,X,X,X,X,X,X,X,X,---,---,Cursor Left,0000 0073 0000 0014 0040 0040 0020 0020 0040 0020 0020 0020 0020 0020 0020 0020 0020 0040 0040 0040 0040 0040 0020 0C72 0040 0040 0020 0020 0040 0020 0020 0020 0020 0020 0020 0020 0020 0040 0040 0040 0040 0040 0020 0491,,
,,CURSOR Right,16,86,---,16 86,X,X,X,X,X,X,X,X,X,X,X,X,X,X,X,X,X,X,X,X,X,X,X,X,X,X,X,X,X,X,X,X,X,X,X,X,X,X,X,X,X,X,X,X,X,X,X,X,X,X,X,X,X,X,X,X,X,X,X,X,X,X,X,X,X,---,---,Cursor Right,0000 0073 0000 0014 0040 0020 0020 0040 0040 0020 0020 0020 0020 0020 0020 0020 0020 0040 0040 0040 0020 0020 0040 0C72 0040 0020 0020 0040 0040 0020 0020 0020 0020 0020 0020 0020 0020 0040 0040 0040 0020 0020 0040 0491,,
,,Shift,16,32,00,16 32 00,---,---,---,X,---,---,---,---,---,---,---,---,---,---,---,---,---,---,---,X,---,---,---,---,---,---,X,X,---,---,---,---,---,---,---,---,X,X,---,---,---,---,---,---,---,---,---,---,---,X,X,---,---,X,---,---,---,---,---,---,---,---,---,---,---,---,---,Switch to upper case or lower case,0000 0071 0000 0022 0020 0020 0040 0040 0040 0020 0020 0020 0020 0020 0020 00C1 0040 0020 0020 0020 0020 0020 0020 0020 0020 0020 0020 0020 0020 0020 0020 0020 0020 0020 0020 0020 0020 0AA3 0020 0020 0040 0040 0040 0020 0020 0020 0020 0020 0020 00C1 0040 0020 0020 0020 0020 0020 0020 0020 0020 0020 0020 0020 0020 0020 0020 0020 0020 0020 0020 0020 0020 04A7,,
,,Soft keyboard,16,82,61,16 82 61,X,---,X,X,---,---,---,---,---,---,---,---,---,---,---,---,---,X,X,X,---,---,---,---,X,X,X,X,---,---,---,---,---,---,X,X,X,X,---,---,---,---,---,---,---,---,---,X,X,X,X,X,X,X,---,---,---,---,---,---,---,---,---,---,---,---,---,Change the mode to soft keyboard,0000 0071 0000 0023 0040 0020 0020 0040 0040 0020 0020 0020 0020 0020 0020 00A0 0020 0040 0040 0020 0020 0040 0040 0040 0020 0020 0020 0020 0020 0020 0040 0040 0020 0AA1 0040 0020 0020 0040 0040 0020 0020 0020 0020 0020 0020 00A0 0020 0040 0040 0020 0020 0040 0040 0040 0020 0020 0020 0020 0020 0020 0040 0040 0020 0AA1 0040 0020 0020 0040 0040 0020 0020 0020 0020 04A6,,
,,Insert,16,77,01,16 77 01,X,---,X,X,---,---,---,---,---,---,---,---,---,---,---,---,---,X,X,X,---,---,---,---,X,X,X,X,---,---,---,---,---,---,X,X,X,---,---,---,---,---,---,---,---,---,---,X,X,X,X,X,X,X,---,---,---,---,---,---,---,---,---,---,---,---,---,Enter space on Edit Function,0000 0071 0000 0010 0040 0040 001F 001F 0040 001F 001F 001F 001F 001F 001F 00A0 001F 001F 001F 0040 001F 001F 0040 0040 0040 001F 001F 001F 001F 001F 001F 001F 001F 0040 001F 0AA1,,
,,Delete,16,78,01,16 78 01,X,---,X,X,---,---,---,---,---,---,---,---,---,---,---,---,---,X,X,X,---,---,---,---,X,X,X,X,---,---,---,---,---,---,X,X,X,---,---,---,---,---,---,---,---,---,---,X,X,X,X,X,X,X,---,---,---,---,---,---,---,---,---,---,---,---,---,Delete Character on Edit Function,0000 0071 0000 0025 0040 0040 0020 0020 0040 0020 0020 0020 0020 0020 0020 00A0 0020 0020 0020 0040 0020 0020 0020 0020 0040 0020 0020 0020 0020 0020 0020 0020 0020 0020 0020 0040 0020 0AA1 0040 0040 0020 0020 0040 0020 0020 0020 0020 0020 0020 00A0 0020 0020 0020 0040 0020 0020 0020 0020 0040 0020 0020 0020 0020 0020 0020 0020 0020 0020 0020 0040 0020 0AA1 0040 0040 0020 0020 0032 04A6,,
,Display /,Display,16,15,00,16 15 00,X,X,X,X,X,X,X,X,X,X,X,X,X,X,X,X,X,X,X,X,X,X,X,X,X,X,X,X,X,X,X,X,X,X,X,X,X,X,X,X,X,X,X,X,X,X,X,X,X,X,X,X,X,X,X,X,X,X,X,X,X,X,X,X,X,X,X,FL Display mode(Input > Surround> Auto-off>off > ) or Dimmer,0000 0071 0000 0024 0020 0020 0020 0020 0020 0020 0040 0020 0020 0020 0020 0020 0020 00A1 0020 0020 0020 0040 0020 0020 0020 0020 0020 0020 0040 0020 0020 0020 0020 0020 0020 0020 0020 0020 0020 0AAB 0020 0020 0020 0020 0020 0020 0040 0020 0020 0020 0020 0020 0020 00A1 0020 0020 0020 0040 0020 0020 0020 0020 0020 0020 0040 0020 0020 0020 0020 0020 0020 0020 0020 0020 0020 04B0,,
,Video,Dimmer,16,71,---,16 71,---,---,---,---,---,---,---,---,---,---,---,---,---,---,---,---,---,---,---,---,---,---,---,---,---,---,---,---,---,---,---,---,---,---,---,---,---,---,---,---,---,---,---,---,---,---,---,---,---,---,---,---,---,---,X,---,---,---,---,---,---,---,---,---,---,---,---,Select Display's brightness mode,0000 0071 0000 0018 0041 0020 0020 0041 0041 0020 0020 0020 0020 0020 0020 0020 0020 0020 0020 0020 0020 0041 0020 0020 0020 0020 0020 0CB3 0041 0020 0020 0041 0041 0020 0020 0020 0020 0020 0020 0020 0020 0020 0020 0020 0020 0041 0020 0020 0020 0020 0020 04A9,,
,,Info.,16,15,08,16 15 08,X,---,X,---,---,---,---,---,---,---,---,---,---,---,---,---,---,X,X,X,---,---,---,---,X,X,---,X,---,---,---,---,---,---,X,X,---,X,---,---,---,---,---,---,---,---,---,X,X,---,X,X,X,---,---,---,---,---,---,---,---,---,---,---,---,---,---,Information On/Off,,,
,,OSD Info.,16,15,---,16 15,X,X,X,---,X,X,X,X,X,X,X,X,X,X,@ *1,@ *1,@ *1,X,X,---,X,X,X,X,X,X,X (STATUS),---,X,X,X,X,X,X,X,X,X (STATUS),---,X,X,X,X,X,X,X,X,X,X,X,X (STATUS),---,X,X,X (STATUS),---,X,X,X,X,X,---,---,---,X,X,---,---,OSD General information On / Off,0000 0071 0000 001A 0020 0020 0020 0020 0020 0020 0041 0020 0020 0020 0020 0020 0020 0020 0020 0020 0020 0041 0020 0020 0020 0020 0020 0020 0020 0C9B 0020 0020 0020 0020 0020 0020 0041 0020 0020 0020 0020 0020 0020 0020 0020 0020 0020 0041 0020 0020 0020 0020 0020 0020 0020 04B0,,
,,Status,16,15,07,16 15 07,X,---,X,X,---,---,---,---,---,---,---,---,---,---,---,---,---,X,X,X,---,---,---,---,X,X,X,X,---,---,---,---,---,---,X,X,X,X,---,---,---,---,---,---,---,---,---,X,X,X,X,X,X,X,---,---,---,---,---,---,---,---,---,---,---,---,---,Display the status,0000 0071 0000 0025 0020 0020 0040 0040 0040 0020 0020 0020 0020 0020 0020 00A1 0020 0020 0020 0040 0020 0020 0020 0020 0020 0020 0040 0020 0020 0020 0020 0040 0020 0020 0020 0020 0020 0AA4 0020 0020 0040 0040 0040 0020 0020 0020 0020 0020 0020 00A1 0020 0020 0020 0040 0020 0020 0020 0020 0020 0020 0040 0020 0020 0020 0020 0040 0020 0020 0020 0020 0020 0AA4 0020 0020 0040 0040 0040 04A7,,
,,InstaPreview ON/OFF,16,15,08,16 15 20,X,---,---,---,---,---,---,---,---,---,---,---,---,---,---,---,---,---,---,---,---,---,---,---,---,---,---,---,---,---,---,---,---,---,---,---,---,---,---,---,---,---,---,---,---,---,---,---,---,---,---,---,---,---,---,---,---,---,---,---,---,---,---,---,---,---,---,InstaPreview On/Off,,,
,,InstaPreview ON,16,15,21,16 15 21,X,---,---,---,---,---,---,---,---,---,---,---,---,---,---,---,---,---,---,---,---,---,---,---,---,---,---,---,---,---,---,---,---,---,---,---,---,---,---,---,---,---,---,---,---,---,---,---,---,---,---,---,---,---,---,---,---,---,---,---,---,---,---,---,---,---,---,InstaPreview On,,,
,,InstaPreview OFF,16,15,22,16 15 22,X,---,---,---,---,---,---,---,---,---,---,---,---,---,---,---,---,---,---,---,---,---,---,---,---,---,---,---,---,---,---,---,---,---,---,---,---,---,---,---,---,---,---,---,---,---,---,---,---,---,---,---,---,---,---,---,---,---,---,---,---,---,---,---,---,---,---,InstaPreview Off,,,
,,Video Select,16,15,50,16 15 50,X,---,X,X,---,---,---,---,---,---,---,---,---,---,---,---,---,X,X,X,---,---,---,---,X,X,X,X,---,---,---,---,---,---,X,X,X,X,---,---,---,---,---,---,---,---,---,X,X,X,X,X,X,X,---,---,---,---,---,---,---,---,---,---,---,---,---,Move to Video Select  mode,0000 0071 0000 0010 001F 001F 0040 0040 0040 001F 001F 001F 001F 001F 001F 00A0 001F 001F 001F 0040 001F 001F 001F 001F 001F 001F 001F 001F 001F 001F 0040 001F 001F 0040 0040 0AA2,,
,,VIDEO  OFF (V.OFF),16,13,02,16 13 02,---,X,---,---,X,X,X,X,X,X,X,X,X,X,---,---,---,---,---,---,X,X,X,---,---,---,---,---,X,X,X,X,---,---,---,---,---,---,X,X,---,---,X,X,X,---,---,---,---,---,---,---,---,---,---,X,---,---,X,X,---,---,---,X,---,---,---,Video output Off/On toggle,0000 0071 0000 0020 0020 0020 0020 0020 0020 0020 0040 0020 0020 0020 0020 0020 0020 00A1 0020 0020 0020 0040 0020 0020 0040 0040 0040 0020 0020 0020 0020 0020 0020 0040 0040 0AAB 0020 0020 0020 0020 0020 0020 0040 0020 0020 0020 0020 0020 0020 00A1 0020 0020 0020 0040 0020 0020 0040 0040 0040 0020 0020 0020 0020 0020 0020 0040 0040 04B0,,
,Input,INPUT NEXT,16,00,13,16 00 13,X,X,X,X,X,X,---,---,X,X,---,---,---,---,---,---,---,X,X,X,X,X,---,---,X,X,X,X,X,X,X,---,---,---,X,X,X,X,X,X,X,X,---,---,---,---,---,X,X,X,X,X,X,X,X,X,X,X,---,---,---,---,---,---,X,X,---,Switch Input forward,0000 0071 0000 0025 0020 0020 0040 0040 0040 0020 0020 0020 0020 0020 0020 00A1 0020 0020 0020 0020 0020 0020 0020 0020 0020 0020 0020 0020 0020 0020 0020 0040 0020 0020 0040 0040 0020 0AA6 0020 0020 0040 0040 0040 0020 0020 0020 0020 0020 0020 00A1 0020 0020 0020 0020 0020 0020 0020 0020 0020 0020 0020 0020 0020 0020 0020 0040 0020 0020 0040 0040 0020 0AA6 0020 0020 0040 0040 0027 04A9,,
,Source,INPUT BACK,16,00,14,16 00 14,X,X,X,X,---,---,---,---,X,X,---,---,---,---,---,---,---,X,X,X,X,X,---,---,X,X,X,X,X,X,X,---,---,---,X,X,X,X,X,X,X,X,---,---,---,---,---,X,X,X,X,X,X,X,X,X,X,X,---,---,---,---,---,---,X,X,---,Switch Input backward,0000 0071 0000 0022 0020 0020 0040 0040 0040 0020 0020 0020 0020 0020 0020 00A1 0020 0020 0020 0020 0020 0020 0020 0020 0020 0020 0020 0020 0020 0020 0020 0040 0020 0020 0020 0020 0040 0AA9 0020 0020 0040 0040 0040 0020 0020 0020 0020 0020 0020 00A1 0020 0020 0020 0020 0020 0020 0020 0020 0020 0020 0020 0020 0020 0020 0020 0040 0020 0020 0020 0020 0040 04AA,,
,,AMP,16,00,16,16 00 16,---,---,---,---,---,---,---,---,---,---,---,---,---,---,---,---,---,---,---,---,---,---,---,---,---,---,---,---,---,---,---,---,---,---,---,---,---,---,---,---,---,---,---,---,---,---,---,---,---,---,---,---,---,---,---,---,---,---,---,---,---,---,---,---,X,---,---,Select Amp mode,0000 0071 0000 0024 0020 0020 0020 0020 0020 0020 0040 0020 0020 0020 0020 0020 0020 00A1 0020 0020 0020 0020 0020 0020 0020 0020 0020 0020 0020 0020 0020 0040 0040 0020 0020 0020 0020 0020 0020 0AAB 0020 0020 0020 0020 0020 0020 0040 0020 0020 0020 0020 0020 0020 00A1 0020 0020 0020 0020 0020 0020 0020 0020 0020 0020 0020 0020 0020 0040 0040 0020 0020 0020 0020 0020 0020 04B0,,
,,"TUNER (TUNER-1,FM)",17,63,---,17 63,X,X,X,X,X (Tuner1),X,X,X,X,X,X,X,X,X,@ *1,@ *1,@ *1,X,X,X,X,X,X,X,X,X,X,X,X,X,X,X,X,X,X,X,X,X,X,X,X,X,X,X,X,X,X,X,X,X,X,X,X,X,X,X,X,X,X,X,X,X,X,X,X,X,X,Select Tuner(Tuner-1) or Change BAND (> FM > AM >LW),0000 0071 0000 0018 0020 0020 0041 0041 0041 0020 0020 0020 0020 0041 0020 0020 0020 0020 0020 0020 0020 0020 0020 0020 0020 0020 0020 0C9B 0020 0020 0041 0041 0041 0020 0020 0020 0020 0041 0020 0020 0020 0020 0020 0020 0020 0020 0020 0020 0020 0020 0020 04B0,,
,,TUNER-2,07,63,02,07 63 02,---,---,---,---,X,---,---,---,---,---,---,---,---,---,---,---,---,---,---,---,---,---,---,---,---,---,---,---,---,---,---,---,---,---,---,---,---,---,---,---,---,---,---,---,---,---,---,---,---,---,---,---,---,---,---,---,---,---,---,---,---,---,---,---,---,---,---,Select Tuner-2 or Change BAND (> FM > AM >LW),0000 0071 0000 0022 0020 0020 0020 0020 0020 0020 0040 0020 0020 0020 0020 0040 0020 00A1 0020 0020 0020 0020 0020 0020 0020 0020 0020 0020 0040 0020 0020 0020 0020 0020 0020 0040 0040 0AAB 0020 0020 0020 0020 0020 0020 0040 0020 0020 0020 0020 0040 0020 00A1 0020 0020 0020 0020 0020 0020 0020 0020 0020 0020 0040 0020 0020 0020 0020 0020 0020 0040 0040 04B0,,
,,BD(Code1),07,63,00,07 63 00,X,---,X,X,---,---,---,---,---,---,---,---,---,---,---,---,---,X,X,X,---,---,---,---,X,X,X,X,X,---,---,---,---,---,X,X,X,X,X,---,---,---,---,---,---,---,---,X,X,X,X,X(Blu-ray/DVD),X,X,X,---,---,---,---,---,---,---,---,---,---,---,---,Select Blu-ray input,0000 0071 0000 0024 0020 0020 0020 0020 0040 0020 0020 0040 0020 0020 0020 0020 0020 00A1 0020 0020 0020 0020 0020 0020 0020 0020 0020 0020 0040 0020 0020 0020 0020 0020 0020 0020 0020 0020 0020 0AAB 0020 0020 0020 0020 0040 0020 0020 0040 0020 0020 0020 0020 0020 00A1 0020 0020 0020 0020 0020 0020 0020 0020 0020 0020 0040 0020 0020 0020 0020 0020 0020 0020 0020 0020 0020 04B0,,
,,BD(Code2),28,63,00,28 63 00,X,---,X,X,---,---,---,---,---,---,---,---,---,---,---,---,---,X,X,X,---,---,---,---,X,X,X,X,---,---,---,---,---,---,X,X,X,X,---,---,---,---,---,---,---,---,---,X,X,X,X,X(Blu-ray/DVD),X,X,---,---,---,---,---,---,---,---,---,---,---,---,---,Select Blu-ray input,0000 0071 0000 0033 001F 001F 0040 0040 001F 001F 001F 001F 0040 001F 001F 00C1 001F 001F 001F 001F 001F 001F 001F 001F 001F 001F 0040 001F 001F 001F 001F 001F 001F 001F 001F 001F 001F 0AA4 001F 001F 0040 0040 001F 001F 001F 001F 0040 001F 001F 00C1 001F 001F 001F 001F 001F 001F 001F 001F 001F 001F 0040 001F 001F 001F 001F 001F 001F 001F 001F 001F 001F 0AA4 001F 001F 0040 0040 001F 001F 001F 001F 0040 001F 001F 00C1 001F 001F 001F 001F 001F 001F 001F 001F 001F 001F 0040 001F 001F 001F 001F 001F 001F 001F 001F 001F 001F 04A7,,
,,Blu-ray/DVD,16,02,04,,---,,---,---,---,---,---,---,---,---,---,---,---,---,---,---,---,---,---,---,---,---,---,---,---,---,---,---,---,---,---,---,---,---,---,---,---,---,---,---,---,---,---,---,---,---,---,---,---,---,---,X,---,---,,,,,,,,,,,,,,Select Blu-ray /DVD input,,,
,,CD,20,63,---,20 63,X,X (CD/CD-R),X,X,X,X,X,X,X,X,X,X,X,X,@ *1,@ *1,@ *1,X,X,X,X,X,X,X,X,X,X,X,X(CD/CD-R),X(CD/CD-R),X,X,X,X,X,X,X,X,X(CD/CD-R),X(CD/CD-R),X,X,X,X,X,X,X,X,X,X,X,X,X,X,X,---,X,X,X,X,X,X,X,X,X,X,X,Select CD input,0000 0071 0000 0018 0020 0020 0020 0020 0020 0020 0041 0041 0041 0020 0020 0041 0020 0020 0020 0020 0020 0020 0020 0020 0020 0020 0020 0C9B 0020 0020 0020 0020 0020 0020 0041 0041 0041 0020 0020 0041 0020 0020 0020 0020 0020 0020 0020 0020 0020 0020 0020 04B0,,
,,TAPE (RECODER 2),18,63,---,18 63,---,X,---,---,X,X,X,X,X,X,X,X,X,X,@ *1,@ *1,@ *1,---,---,---,X,X,X,X,---,---,---,---,---,X,X,X,X,X,---,---,---,---,---,X,X,X,X,X,X,X,X,---,---,---,---,---,---,---,---,X,X,X,X,X,X,X,X,X,X (Recoder2),X (Recoder2),X,Select TAPE (Recoder2) input,0000 0071 0000 0018 0020 0020 0020 0020 0020 0020 0041 0020 0020 0041 0041 0041 0020 0020 0020 0020 0020 0020 0020 0020 0020 0020 0020 0C9B 0020 0020 0020 0020 0020 0020 0041 0020 0020 0041 0041 0041 0020 0020 0020 0020 0020 0020 0020 0020 0020 0020 0020 04B0,,
,,CD-R (RECODER 1),26,63,---,26 63,---,X (CD/CD-R),---,X,X,X,X,X,X,X,X,X,X,X,@ *1,@ *1,@ *1,---,---,X,X,X,X,X,---,---,---,---,X(CD/CD-R),X(CD/CD-R),X,X,X,X,---,---,---,---,X(CD/CD-R),X(CD/CD-R),X,X,X,X,X,X,X,---,---,---,---,---,---,---,---,---,X,X,X,X,X,X,X,X,X (Recoder1),X (Recoder1),X,Select CDR/MD (Recorder 1) input,0000 0071 0000 0016 0020 0020 0041 0041 0020 0020 0041 0041 0041 0041 0020 0020 0020 0020 0020 0020 0020 0020 0020 0020 0020 0C9B 0020 0020 0041 0041 0020 0020 0041 0041 0041 0041 0020 0020 0020 0020 0020 0020 0020 0020 0020 0020 0020 04B0,,
,,MD,23,63,---,23 63,---,---,---,---,X,X,X,X,---,---,X,X,X,X,@ *1,@ *1,@ *1,---,---,---,---,---,X,X,---,---,---,---,---,---,---,X,X,X,---,---,---,---,---,---,---,---,X,X,X,X,X,---,---,---,---,---,---,---,---,---,---,---,X,X,X,X,X,X,---,---,X,Select CDR/MD input,0000 0071 0000 0018 0020 0020 0041 0041 0041 0041 0020 0020 0020 0020 0020 0020 0020 0020 0020 0020 0020 0020 0020 0020 0020 0020 0020 0C9B 0020 0020 0041 0041 0041 0041 0020 0020 0020 0020 0020 0020 0020 0020 0020 0020 0020 0020 0020 0020 0020 0020 0020 04B0,,
,,LD,12,63,---,12 63,---,---,---,---,X,X,X,X,---,---,---,---,---,---,@ *1,@ *1,@ *1,---,---,---,---,---,---,---,---,---,---,---,---,---,---,---,---,---,---,---,---,---,---,---,---,---,---,---,---,---,---,---,---,---,---,---,---,---,---,---,---,---,---,---,---,---,---,---,---,---,---,Select LD input,0000 0071 0000 0018 0020 0020 0020 0020 0041 0041 0020 0020 0041 0020 0020 0041 0020 0020 0020 0020 0020 0020 0020 0020 0020 0020 0020 0C9B 0020 0020 0020 0020 0041 0041 0020 0020 0041 0020 0020 0041 0020 0020 0020 0020 0020 0020 0020 0020 0020 0020 0020 04B0,,
,,TV(TV AUDIO),00,63,---,00 63,X(TV AUDIO),X,X(TV AUDIO),X,X,X,X,X,X,X,X,X,X,X,@ *1,@ *1,@ *1,X(TV AUDIO),X(TV AUDIO),X,X,X,X,X,X(TV AUDIO),X(TV AUDIO),X,X,X,X,X,X,X,X,X(TV AUDIO),X(TV AUDIO),X,X,X,X,X,X,X,X,X,X,X,X(TV AUDIO),X(TV AUDIO),X,X,X(TV AUDIO),X(TV AUDIO),X,---,X,X,X,X,X,X,X,X,X,---,---,---,Select TV(TV AUDIO) input,0000 0071 0000 001A 0020 0020 0041 0020 0020 0020 0020 0020 0020 0020 0020 0020 0020 0041 0020 0020 0020 0020 0020 0020 0020 0020 0020 0020 0020 0C9B 0020 0020 0041 0020 0020 0020 0020 0020 0020 0020 0020 0020 0020 0041 0020 0020 0020 0020 0020 0020 0020 0020 0020 0020 0020 04B0,,
,,DVD,16,00,10,16 00 10,X,X,X,X,X,X,X,X,X,X,X,X,X,X,@ *1,@ *1,@ *1,X,X,X,X,X,X,X,X,X,X,X,X,X,X,X,X,X,X,X,X,X,X,X,X,X,X,X,X,X,X,X,X,X,X,X(Blu-ray/DVD),X,X,X,X,X,X,X,X,X,X,X,X,X,X,X,Select DVD input,0000 0071 0000 0020 0020 0020 0040 0040 0040 0020 0020 0020 0020 0020 0020 00A1 0020 0020 0020 0020 0020 0020 0020 0020 0020 0020 0020 0020 0020 0020 0020 0040 0040 0040 0040 0AAB 0020 0020 0040 0040 0040 0020 0020 0020 0020 0020 0020 00A1 0020 0020 0020 0020 0020 0020 0020 0020 0020 0020 0020 0020 0020 0020 0020 0040 0040 0040 0040 04B0,,
,,VCR1(MEDIAPLAYER),05,63,---,05 63,X(M.PLAYER)),X,X(M.PLAYER)),X,X,X,X,X,X,X,X,X,X,X,@ *1,@ *1,@ *1,X(M.PLAYER)),X(M.PLAYER)),X,X,X,X,X,X(M.PLAYER)),X(M.PLAYER)),X(VCR),X,X(VCR),X,X,X,X,X,X(M.PLAYER)),X(M.PLAYER)),X(VCR),X(VCR),X(VCR),X,X,X,X,X,X,X,X,X(M.PLAYER)),X(M.PLAYER)),---,X(VCR),X(M.PLAYER)),X(M.PLAYER)),---,X (VCR),X (VCR),X,X,X,X,X,X,X,X,X,X,X,Select VCR1(MEDIA PLAYER) input,0000 0071 0000 0018 0020 0020 0020 0020 0041 0020 0020 0041 0041 0041 0020 0020 0020 0020 0020 0020 0020 0020 0020 0020 0020 0020 0020 0C9B 0020 0020 0020 0020 0041 0020 0020 0041 0041 0041 0020 0020 0020 0020 0020 0020 0020 0020 0020 0020 0020 0020 0020 04B0,,
,,"VCR2 (DSS, SAT,CBL/SAT)",06,63,---,06 63,X (CBL/SAT),X (VCR2/DSS),X (CBL/SAT),X (SAT),X,X,X,X,X,X,X,X,X,X,@ *1,@ *1,@ *1,X (CBL/SAT),X (CBL/SAT),X (SAT),X,X,X,X,X (CBL/SAT),X (CBL/SAT),X (SAT),X (SAT),X(DSS),---,X,X,X,X,X (CBL/SAT),X (CBL/SAT),X (SAT),---,X(DSS),---,X,X,X,X,X,X,X,X (CBL/SAT),X (CBL/SAT),X (SAT),---,X (CBL/SAT),X (CBL/SAT),X (SAT),X (DSS),---,X,X,X,X,X,X,X,X,X (DSS),X,---,Select VCR2(CBL/SAT)\ input,0000 0073 0000 0020 0020 0020 0020 0020 0040 0020 0020 0040 0020 0020 0040 0040 0020 0020 0020 0020 0020 0020 0020 0020 0020 0020 0020 0C5B 0020 0020 0020 0020 0040 0020 0020 0040 0020 0020 0040 0040 0020 0020 0020 0020 0020 0020 0020 0020 0020 0020 0020 0C5B 0020 0020 0020 0020 0040 0020 0020 0040 0020 0020 0040 0040 0020 0020 0020 0498,,
,,DSS(SAT),08,63,---,08 63,---,X (VCR2/DSS),---,---,X,X,X,X,X,X,X,X,X,X,---,---,---,---,---,---,X,X,X,---,---,---,---,---,X,X,X,X,X,---,---,---,---,X(SAT),X,X,X,X,X,X,X,X,---,---,---,---,X(SAT),---,---,---,---,X,X,X,X,X,X,X,---,X,---,---,X,Select DSS input,0000 0071 0000 0018 0020 0020 0020 0020 0041 0041 0041 0020 0020 0020 0020 0041 0020 0020 0020 0020 0020 0020 0020 0020 0020 0020 0020 0C9B 0020 0020 0020 0020 0041 0041 0041 0020 0020 0020 0020 0041 0020 0020 0020 0020 0020 0020 0020 0020 0020 0020 0020 04B0,,
,,AUX (AUX1),16,00,06,16 00 06,X,X (AUX),X,X,X,X,X,X,X,X,X,X,X,X,@ *1,@ *1,@ *1,X (AUX1),X (AUX1),X,X,X,X,X,X (AUX1),X (AUX1),X (AUX1),X,X(AUX),X,X,X,X,X,X (AUX1),X (AUX),X (AUX),X,X(AUX),X,X,X,X,X,X,X,X,X (AUX1),X (AUX),X (AUX),X,---,---,---,X,X,X,X,---,---,---,---,---,---,X (AUX),X,---,Select Front AUX1 input,0000 0071 0000 0022 0020 0020 0040 0040 0040 0020 0020 0020 0020 0020 0020 00A1 0020 0020 0020 0020 0020 0020 0020 0020 0020 0020 0020 0020 0020 0020 0020 0020 0020 0040 0020 0020 0040 0AAB 0020 0020 0040 0040 0040 0020 0020 0020 0020 0020 0020 00A1 0020 0020 0020 0020 0020 0020 0020 0020 0020 0020 0020 0020 0020 0020 0020 0020 0020 0040 0020 0020 0040 04B0,,
,,AUX2,16,00,07,16 00 07,X,X (AUX),X,---,X,X,X,X,X,X,X,X,X,X,---,---,---,X (AUX2),X (AUX2),---,X,X,X,---,X (AUX2),X (AUX2),X (AUX2),---,---,X,X,---,---,---,X (AUX2),---,---,X,---,X,X,X,X,X,---,---,---,X (AUX2),---,---,X,---,---,---,X,X,X,X,---,---,---,---,---,---,---,---,---,Select  AUX2 input or L/R channel of Multi channel direct input,0000 0071 0000 0026 001F 001F 001F 001F 001F 001F 0040 001F 001F 001F 001F 001F 001F 00A1 001F 001F 001F 001F 001F 001F 001F 001F 001F 001F 001F 001F 001F 001F 001F 001F 001F 0040 001F 001F 001F 001F 001F 0AAB 001F 001F 001F 001F 001F 001F 0040 001F 001F 001F 001F 001F 001F 00A1 001F 001F 001F 001F 001F 001F 001F 001F 001F 001F 001F 001F 001F 001F 001F 001F 001F 0040 001F 001F 001F 001F 001F 04B0,,
,,AUX3(Additional Source),16,00,08,16 00 08,X,---,---,---,---,---,---,---,---,---,---,---,---,---,---,---,---,---,---,---,---,---,---,---,---,---,---,---,---,---,---,---,---,---,---,---,---,---,---,---,---,---,---,---,---,---,---,---,---,---,---,---,---,---,---,---,---,---,---,---,---,---,---,---,---,---,---,Select  AUX3 (Additional Source),,,
,,AUX4(Additional Source),16,02,00,16 02 00,X,---,---,---,---,---,---,---,---,---,---,---,---,---,---,---,---,---,---,---,---,---,---,---,---,---,---,---,---,---,---,---,---,---,---,---,---,---,---,---,---,---,---,---,---,---,---,---,---,---,---,---,---,---,---,---,---,---,---,---,---,---,---,---,---,---,---,Select  AUX4(Additional Source),,,
,,AUX5(Additional Source),16,02,01,16 02 01,X,---,---,---,---,---,---,---,---,---,---,---,---,---,---,---,---,---,---,---,---,---,---,---,---,---,---,---,---,---,---,---,---,---,---,---,---,---,---,---,---,---,---,---,---,---,---,---,---,---,---,---,---,---,---,---,---,---,---,---,---,---,---,---,---,---,---,Select  AUX5(Additional Source),,,
,,AUX6(Additional Source),16,02,02,16 02 02,X,---,---,---,---,---,---,---,---,---,---,---,---,---,---,---,---,---,---,---,---,---,---,---,---,---,---,---,---,---,---,---,---,---,---,---,---,---,---,---,---,---,---,---,---,---,---,---,---,---,---,---,---,---,---,---,---,---,---,---,---,---,---,---,---,---,---,Select  AUX6(Additional Source),,,
,,AUX7(Additional Source),16,02,03,16 02 03,X,---,---,---,---,---,---,---,---,---,---,---,---,---,---,---,---,---,---,---,---,---,---,---,---,---,---,---,---,---,---,---,---,---,---,---,---,---,---,---,---,---,---,---,---,---,---,---,---,---,---,---,---,---,---,---,---,---,---,---,---,---,---,---,---,---,---,Select  AUX7(Additional Source),,,
Main,,GAME,16,00,62,16 00 62,X,---,X,X,---,---,---,---,---,---,---,---,---,---,---,---,---,X,X,X,---,---,---,---,X,X,X,X,---,---,---,---,---,---,X,X,X,---,---,---,---,---,---,---,---,---,---,X,X,X,X,X,X,X,X,---,---,---,---,---,---,---,---,---,---,---,---,Select Game input,0000 0071 0000 0011 001F 001F 0040 0040 0040 001F 001F 001F 001F 001F 001F 00A0 001F 001F 001F 001F 001F 001F 001F 001F 001F 001F 001F 0040 001F 001F 001F 001F 001F 001F 001F 001F 0040 0AA1,,
Zone,,,16,00,08,16 00 08,---,---,---,---,---,---,---,---,---,---,---,---,---,---,---,---,---,---,---,---,---,---,---,---,---,---,---,---,---,---,---,---,---,---,---,---,---,X,---,---,---,---,---,---,---,---,---,---,---,---,X,---,---,---,---,---,---,---,---,---,---,---,---,---,---,---,---,Select Game input,0000 0071 0000 0011 001F 001F 0040 0040 0040 001F 001F 001F 001F 001F 001F 00A1 001F 001F 001F 001F 001F 001F 001F 001F 001F 001F 001F 001F 001F 001F 001F 0040 0040 001F 001F 001F 001F 0AA4,,
,,PHONO,21,63,---,21 63,X,---,X,X,---,---,---,---,---,---,---,---,---,---,---,---,---,X,X,X,---,---,---,---,X,X,X,---,---,---,---,---,---,---,---,---,---,---,---,---,---,---,---,---,---,---,---,---,---,---,---,---,---,---,---,---,---,---,---,---,---,---,---,---,X,X,X,Select PHONO input,0000 0071 0000 0022 0020 0020 0020 0020 0020 0020 0040 0040 0040 0040 0020 00A1 0020 0020 0020 0020 0020 0020 0020 0020 0020 0020 0040 0020 0020 0020 0020 0020 0020 0020 0020 0020 0020 0AAB 0020 0020 0020 0020 0020 0020 0040 0040 0040 0040 0020 00A1 0020 0020 0020 0020 0020 0020 0020 0020 0020 0020 0040 0020 0020 0020 0020 0020 0020 0020 0020 0020 0020 04B0,,
,,USB(iPod/USB),24,63,01,24 63 01,---,---,---,---,---,---,---,---,---,---,---,---,---,---,---,---,---,---,---,---,---,---,---,---,---,---,---,---,X,---,---,---,---,---,---,---,---,---,---,---,---,---,---,---,---,---,---,---,---,---,---,---,---,---,---,---,---,---,---,---,---,---,---,---,---,---,---,Select USB(iPod/USB) input,0000 0071 0000 0022 0020 0020 0040 0040 0020 0020 0040 0020 0020 0020 0020 00C1 0020 0020 0020 0020 0020 0020 0020 0020 0020 0020 0040 0020 0020 0020 0020 0020 0020 0020 0020 0040 0020 0AAB 0020 0020 0040 0040 0020 0020 0040 0020 0020 0020 0020 00C1 0020 0020 0020 0020 0020 0020 0020 0020 0020 0020 0040 0020 0020 0020 0020 0020 0020 0020 0020 0040 0020 04B0,,
,,,24,63,11,24 63 11,X (iPod/USB),---,X (iPod/USB),X (NET/USB),---,---,---,---,---,---,---,---,---,---,---,---,---,X (iPod/USB),X (iPod/USB),X (NET/USB),---,---,---,---,X (iPod/USB),X (iPod/USB),X (NET/USB),---,---,---,---,---,---,---,X (iPod/USB),X (iPod/USB),X (NET/USB),---,---,---,---,---,---,---,---,---,---,X (iPod/USB),X (iPod/USB),X (NET/USB),---,X (iPod/USB),---,---,---,---,---,---,---,---,---,---,---,---,---,---,---,Jump to USB(iPod/USB) input directly,0000 0071 0000 0024 0020 0020 0040 0040 0020 0020 0040 0020 0020 0020 0020 00C0 0020 0020 0020 0020 0020 0020 0020 0020 0020 0020 0040 0020 0020 0040 0040 0040 0020 0020 0020 0AA1 0020 0020 0040 0040 0020 0020 0040 0020 0020 0020 0020 00C0 0020 0020 0020 0020 0020 0020 0020 0020 0020 0020 0040 0020 0020 0040 0040 0040 0020 0020 0020 0AA1 0020 0020 0040 0040 0020 0020 0040 04A6,,
,,NET/USB(NETWORK),24,63,10,24 63 10,X (NETWORK),---,X (NETWORK),X (NET/USB),---,---,---,---,---,---,---,---,---,---,---,---,---,X (NETWORK),X (NETWORK),X (NET/USB),---,---,---,---,X (NETWORK),X (NETWORK),X (NET/USB),X (USB/iPod),---,---,---,---,---,---,X (NETWORK),X (NETWORK),X (NET/USB),---,---,---,---,---,---,---,---,---,---,X (NETWORK),X (NETWORK),X (NET/USB),---,X (NETWORK),---,---,---,---,---,---,---,---,---,---,---,---,---,---,---,Select  Net/USB(NETWORK) function,0000 0071 0000 002D 0020 0020 0040 0040 0020 0020 0040 0020 0020 0020 0020 00C1 0020 0020 0020 0020 0020 0020 0020 0020 0020 0020 0040 0020 0020 0040 0040 0040 0040 0AA1 0020 0020 0040 0040 0020 0020 0040 0020 0020 0020 0020 00C1 0020 0020 0020 0020 0020 0020 0020 0020 0020 0020 0040 0020 0020 0040 0040 0040 0040 0AA1 0020 0020 0040 0040 0020 0020 0040 0020 0020 0020 0020 00C1 0020 0020 0020 0020 0020 0020 0020 0020 0020 0020 0040 0020 0020 0040 0040 0040 0040 04A6,,
,,Internet Radio Select,27,63,20,27 63 20,X,---,X,X,---,---,---,---,---,---,---,---,---,---,---,---,---,X,X,X,---,---,---,---,X,X,X,---,---,---,---,---,---,---,X,X,X,---,---,---,---,---,---,---,---,---,---,X,X,X,---,X,---,---,---,---,---,---,---,---,---,---,---,---,---,---,---,Select Net/USB(NETWORK) input and Internet Radio directly,0000 0071 0000 002D 0020 0020 0040 0040 0020 0020 0040 0040 0020 0020 0020 00A0 0020 0020 0020 0020 0020 0020 0020 0020 0020 0020 0040 0040 0040 0040 0040 0020 0020 0AA3 0020 0020 0040 0040 0020 0020 0040 0040 0020 0020 0020 00A0 0020 0020 0020 0020 0020 0020 0020 0020 0020 0020 0040 0040 0040 0040 0040 0020 0020 0AA3 0020 0020 0040 0040 0020 0020 0040 0040 0020 0020 0020 00A0 0020 0020 0020 0020 0020 0020 0020 0020 0020 0020 0040 0040 0040 0040 0040 0020 0020 04A7,,
,,Spotify (*6),27,63,28,27 63 28,X,---,X,---,---,---,---,---,---,---,---,---,---,---,---,---,---,X,X,---,---,---,---,---,X,X,---,---,---,---,---,---,---,---,X,X,---,---,---,---,---,---,---,---,---,---,---,X,X,---,---,X,---,---,---,---,---,---,---,---,---,---,---,---,---,---,---,Select Net/USB(NETWORK) input and Sirius XM directly,,,
,,SIRIUSXM (*4),27,63,29,27 63 29,X,---,X,---,---,---,---,---,---,---,---,---,---,---,---,---,---,X,X,---,---,---,---,---,X,X,---,---,---,---,---,---,---,---,X,X,---,---,---,---,---,---,---,---,---,---,---,X,X,---,---,X,---,---,---,---,---,---,---,---,---,---,---,---,---,---,---,Select Net/USB(NETWORK) input and Sirius XM directly,,,
,,Rhapsody Select  (*4),27,63,21,27 63 21,---,---,---,X,---,---,---,---,---,---,---,---,---,---,---,---,---,---,---,X,---,---,---,---,---,---,X,---,---,---,---,---,---,---,---,---,X,---,---,---,---,---,---,---,---,---,---,---,---,X,---,---,---,---,---,---,---,---,---,---,---,---,---,---,---,---,---,Select Net/USB(NETWORK) input and Rhapsody directly,0000 0071 0000 002D 0020 0020 0040 0040 0020 0020 0040 0040 0020 0020 0020 00A1 0020 0020 0020 0020 0020 0020 0020 0020 0020 0020 0040 0040 0040 0040 0040 0040 0020 0AA3 0020 0020 0040 0040 0020 0020 0040 0040 0020 0020 0020 00A1 0020 0020 0020 0020 0020 0020 0020 0020 0020 0020 0040 0040 0040 0040 0040 0040 0020 0AA3 0020 0020 0040 0040 0020 0020 0040 0040 0020 0020 0020 00A1 0020 0020 0020 0020 0020 0020 0020 0020 0020 0020 0040 0040 0040 0040 0040 0040 0020 04A7,,
,,Napstar Select  (*6),27,63,22,27 63 22,---,---,---,X,---,---,---,---,---,---,---,---,---,---,---,---,---,---,---,X,---,---,---,---,---,---,X,---,---,---,---,---,---,---,---,---,X,---,---,---,---,---,---,---,---,---,---,---,---,X,---,---,---,---,---,---,---,---,---,---,---,---,---,---,---,---,---,Select Net/USB(NETWORK) input and Napstar directly,0000 0071 0000 0022 0020 0020 0040 0040 0020 0020 0040 0040 0020 0020 0020 00A1 0020 0020 0020 0020 0020 0020 0020 0020 0020 0020 0040 0040 0040 0040 0020 0020 0040 0AA1 0020 0020 0040 0040 0020 0020 0040 0040 0020 0020 0020 00A1 0020 0020 0020 0020 0020 0020 0020 0020 0020 0020 0040 0040 0040 0040 0020 0020 0040 0AA1 0020 0020 0040 0040 0020 0020 0040 04A6,,
,,Flickr Select,27,63,23,27 63 23,X,---,X,X,---,---,---,---,---,---,---,---,---,---,---,---,---,X,X,X,---,---,---,---,X,X,X,---,---,---,---,---,---,---,X,X,X,---,---,---,---,---,---,---,---,---,---,X,X,X,---,X,---,---,---,---,---,---,---,---,---,---,---,---,---,---,---,Select Net/USB(NETWORK) input and Flickr directly,0000 0071 0000 0024 0020 0020 0040 0040 0020 0020 0040 0040 0020 0020 0020 00A0 0020 0020 0020 0020 0020 0020 0020 0020 0020 0020 0040 0040 0040 0040 0020 0020 0020 0020 0020 0AA1 0020 0020 0040 0040 0020 0020 0040 0040 0020 0020 0020 00A0 0020 0020 0020 0020 0020 0020 0020 0020 0020 0020 0040 0040 0040 0040 0020 0020 0020 0020 0020 0AA1 0020 0020 0040 0040 0020 0020 0040 04A6,,
,,Media Server Select,27,63,24,27 63 24,X,---,X,X,---,---,---,---,---,---,---,---,---,---,---,---,---,X,X,X,---,---,---,---,X,X,X,---,---,---,---,---,---,---,X,X,X,---,---,---,---,---,---,---,---,---,---,X,X,X,---,X,---,---,---,---,---,---,---,---,---,---,---,---,---,---,---,Select Net/USB(NETWORK) input and Media Server directly,0000 0071 0000 0020 0020 0020 0040 0040 0020 0020 0040 0040 0020 0020 0020 00A1 0020 0020 0020 0020 0020 0020 0020 0020 0020 0020 0040 0040 0020 0020 0040 0020 0020 0020 0020 0AA1 0020 0020 0040 0040 0020 0020 0040 0040 0020 0020 0020 00A1 0020 0020 0020 0020 0020 0020 0020 0020 0020 0020 0040 0040 0020 0020 0040 0020 0020 0020 0020 04A6,,
,,Pandora Select  (*4),27,63,26,27 63 26,X,---,X,X,---,---,---,---,---,---,---,---,---,---,---,---,---,X,X,X,---,---,---,---,X,X,X,---,---,---,---,---,---,---,X,X,X,---,---,---,---,---,---,---,---,---,---,X,X,X,---,X,---,---,---,---,---,---,---,---,---,---,---,---,---,---,---,Select Net/USB(NETWORK) input and Pandora directly,0000 0071 0000 0023 0020 0020 0040 0040 0020 0020 0040 0040 0020 0020 0020 00A0 0020 0020 0020 0020 0020 0020 0020 0020 0020 0020 0040 0040 0020 0020 0040 0040 0040 0AA1 0020 0020 0040 0040 0020 0020 0040 0040 0020 0020 0020 00A0 0020 0020 0020 0020 0020 0020 0020 0020 0020 0020 0040 0040 0020 0020 0040 0040 0040 0AA1 0020 0020 0040 0040 0020 0020 0040 0040 0020 04A6,,
,,Last.fm Select (*5),27,63,27,27 63 27,X,---,X,X,---,---,---,---,---,---,---,---,---,---,---,---,---,X,X,X,---,---,---,---,X,X,X,---,---,---,---,---,---,---,X,X,X,---,---,---,---,---,---,---,---,---,---,X,X,X,---,X,---,---,---,---,---,---,---,---,---,---,---,---,---,---,---,Select Net/USB(NETWORK) input and Last.fm directly,0000 0071 0000 0030 001F 001F 0040 0040 001F 001F 0040 0040 001F 001F 001F 00A1 001F 001F 001F 001F 001F 001F 001F 001F 001F 001F 0040 0040 001F 001F 0040 0040 001F 001F 001F 0AA1 001F 001F 0040 0040 001F 001F 0040 0040 001F 001F 001F 00A1 001F 001F 001F 001F 001F 001F 001F 001F 001F 001F 0040 0040 001F 001F 0040 0040 001F 001F 001F 0AA1 001F 001F 0040 0040 001F 001F 0040 0040 001F 001F 001F 00A1 001F 001F 001F 001F 001F 001F 001F 001F 001F 001F 0040 0040 001F 001F 0040 0040 001F 001F 001F 04A6,,
,,USB(iPod),27,63,10,27 63 10,X (NETWORK),X (Network),X (NETWORK),X,---,---,---,---,---,---,---,---,---,---,---,---,---,X (NETWORK),X (NETWORK),X,---,---,---,---,X (NETWORK),X (NETWORK),X (NET/USB),X (USB(iPod)),---,X (USB),---,---,---,---,X (NETWORK),X (NETWORK),X (NET/USB),X (USB(iPod)),---,---,---,---,---,---,---,---,---,X (NETWORK),X (NETWORK),X (NET/USB),X (USB(iPod)),X (NETWORK),---,---,---,---,---,---,---,---,---,---,---,---,---,---,---,"Jump to USB(iPod) input directly, AV8003 only: Network(Digital Media Player)",0000 0071 0000 0024 0020 0020 0040 0040 0020 0020 0040 0040 0020 0020 0020 00A0 0020 0020 0020 0020 0020 0020 0020 0020 0020 0020 0040 0020 0020 0040 0040 0040 0040 0AA1 0020 0020 0040 0040 0020 0020 0040 0040 0020 0020 0020 00A0 0020 0020 0020 0020 0020 0020 0020 0020 0020 0020 0040 0020 0020 0040 0040 0040 0040 0AA1 0020 0020 0040 0040 0020 0020 0040 0040 0020 0020 0005 04A6,,
,,NET,27,63,11,27 63 11,X (NETWORK),---,X (NETWORK),X,---,---,---,---,---,---,---,---,---,---,---,---,---,X (NETWORK),X (NETWORK),X,---,---,---,---,X (NETWORK),X (NETWORK),X (NET/USB),X,---,---,---,---,---,---,X (NETWORK),X (NETWORK),X (NET/USB),---,---,---,---,---,---,---,---,---,---,X (NETWORK),X (NETWORK),X (NET/USB),---,X (NETWORK),---,---,---,---,---,---,---,---,---,---,---,---,---,---,---,Jump to Net function directly,0000 0071 0000 0024 0020 0020 0040 0040 0020 0020 0040 0040 0020 0020 0020 00A0 0020 0020 0020 0020 0020 0020 0020 0020 0020 0020 0040 0020 0020 0040 0040 0040 0020 0020 0020 0AA1 0020 0020 0040 0040 0020 0020 0040 0040 0020 0020 0020 00A0 0020 0020 0020 0020 0020 0020 0020 0020 0020 0020 0040 0020 0020 0040 0040 0040 0020 0020 0020 0AA1 0020 0020 0040 0040 0020 0020 0040 04A6,,
,,M-XPort,29,63,01,29 63 01,X,---,X,X,---,---,---,---,---,---,---,---,---,---,---,---,---,X,X,X,---,---,---,---,X,X,X,X,---,---,---,---,---,---,X,X,X,---,---,---,---,---,---,---,---,---,---,X,X,X,X,X,X,X,---,---,---,---,---,---,---,---,---,---,---,---,---,Select M-Xport input,0000 0071 0000 0026 0020 0020 0040 0040 0020 0020 0020 0020 0040 0040 0020 00A0 0020 0020 0020 0020 0020 0020 0020 0020 0020 0020 0040 0020 0020 0020 0020 0020 0020 0020 0020 0040 0020 0AA1 0020 0020 0040 0040 0020 0020 0020 0020 0040 0040 0020 00A0 0020 0020 0020 0020 0020 0020 0020 0020 0020 0020 0040 0020 0020 0020 0020 0020 0020 0020 0020 0040 0020 0AA1 0020 0020 0040 0040 0020 0020 0008 04A6,,
,,BALANCED,16,00,20,16 00 20,---,---,---,---,---,---,---,---,---,---,---,---,---,---,---,---,---,---,---,---,---,---,---,---,---,---,---,---,---,---,---,---,---,---,---,---,---,---,---,---,---,---,---,---,---,---,---,---,---,---,---,---,---,---,---,---,---,---,---,---,---,---,---,---,---,---,---,Select BALANCED input,0000 0071 0000 0020 0020 0020 0040 0040 0040 0020 0020 0020 0020 0020 0020 00A1 0020 0020 0020 0020 0020 0020 0020 0020 0020 0020 0020 0020 0020 0040 0040 0040 0040 0020 0020 0AAB 0020 0020 0040 0040 0040 0020 0020 0020 0020 0020 0020 00A1 0020 0020 0020 0020 0020 0020 0020 0020 0020 0020 0020 0020 0020 0040 0040 0040 0040 0020 0020 04B0,,
,,7.1 (6.1) CH. Input ON/OFF,16,01,03,16 01 03,---,X,---,---,X,X,---,---,X,X,X,X,---,---,X (6ch),X (6ch),X (6ch),---,---,---,X,X,X,X,---,---,---,---,X,X,X,X,X,X,---,---,---,---,X,X,X,X,X,X,X,X,X,---,---,---,---,---,---,---,---,X,X,X,X,X,X,X,---,X,---,---,---,Switch 7.1ch-In On/Off (Toggle),0000 0071 0000 0024 0020 0020 0020 0020 0020 0020 0040 0020 0020 0020 0020 0020 0020 00A1 0020 0020 0020 0020 0020 0020 0020 0020 0020 0040 0040 0020 0020 0020 0020 0020 0020 0040 0020 0020 0020 0AAB 0020 0020 0020 0020 0020 0020 0040 0020 0020 0020 0020 0020 0020 00A1 0020 0020 0020 0020 0020 0020 0020 0020 0020 0040 0040 0020 0020 0020 0020 0020 0020 0040 0020 0020 0020 04B0,,
,,7.1 (6.1)CH. Input ON,16,01,12,16 01 12,X,X,X,---,X,X,X,X,X,X,X,X,X,X,---,---,---,X,X,---,X,X,X,---,X,X,X,---,X,X,X,X,X,---,X,X,X,X,X,X,X,X,X,X,X,X,---,---,---,---,---,---,---,---,---,X,X,X,X,X,X,X,---,X,---,---,---,7.1 channel input  On,0000 0071 0000 0020 0020 0020 0040 0040 0040 0020 0020 0020 0020 0020 0020 00A1 0020 0020 0020 0020 0020 0020 0020 0020 0020 0040 0040 0020 0020 0040 0020 0020 0040 0020 0020 0AAB 0020 0020 0040 0040 0040 0020 0020 0020 0020 0020 0020 00A1 0020 0020 0020 0020 0020 0020 0020 0020 0020 0040 0040 0020 0020 0040 0020 0020 0040 0020 0020 04B0,,
,,7.1 (6.1) CH. Input OFF,16,01,13,16 01 13,---,X,---,---,X,X,X,X,X,X,X,X,X,X,---,---,---,---,---,---,X,X,X,---,---,---,---,---,X,X,X,X,X,---,---,---,---,---,X,X,X,X,X,X,X,X,---,---,---,---,---,---,---,---,---,X,X,X,X,X,X,X,---,X,---,---,---,7.1 channel input  Off,0000 0071 0000 0022 0020 0020 0020 0020 0020 0020 0040 0020 0020 0020 0020 0020 0020 00A1 0020 0020 0020 0020 0020 0020 0020 0020 0020 0040 0040 0020 0020 0040 0020 0020 0040 0040 0020 0AAB 0020 0020 0020 0020 0020 0020 0040 0020 0020 0020 0020 0020 0020 00A1 0020 0020 0020 0020 0020 0020 0020 0020 0020 0040 0040 0020 0020 0040 0020 0020 0040 0040 0020 04B0,,
,I/O,Input Mode Select,16,01,01,16 01 01,X,---,X,X,---,---,---,---,---,---,---,---,---,---,---,---,---,X,X,X,---,---,---,---,X,X,X,X,---,---,---,---,---,---,X,X,X,X,---,---,---,---,---,---,---,---,---,X,X,X,X,X,X,X,---,---,---,---,---,---,---,---,---,---,---,---,---,Change the input mode (Auto-HDMI-Digital-Analog-Ext.In-Auto),0000 0071 0000 0022 0020 0020 0040 0040 0040 0020 0020 0020 0020 0020 0020 00A0 0020 0020 0020 0020 0020 0020 0020 0020 0020 0040 0040 0020 0020 0020 0020 0020 0020 0020 0020 0040 0020 0AA1 0020 0020 0040 0040 0040 0020 0020 0020 0020 0020 0020 00A0 0020 0020 0020 0020 0020 0020 0020 0020 0020 0040 0040 0020 0020 0020 0020 0020 0020 0020 0020 0040 0020 04A6,,
,Setting,A/D (Input Analog/Digital Selection),,,,16 01 01,---,X,---,---,X,X,X,X,X,X,X,X,X,X,X,X,X,---,---,---,X,X,X,X,---,---,---,---,X,X,X,X,X,X,---,---,---,---,X,X,X,X,X,X,X,X,X,---,---,---,---,---,---,---,X,X,X,X,X,X,X,X,X,X,---,---,---,Analog input> auto Digital input > fixed Digital input,0000 0071 0000 0022 0020 0020 0040 0040 0040 0020 0020 0020 0020 0020 0020 00A0 0020 0020 0020 0020 0020 0020 0020 0020 0020 0040 0040 0020 0020 0020 0020 0020 0020 0020 0020 0040 0020 0AA1 0020 0020 0040 0040 0040 0020 0020 0020 0020 0020 0020 00A0 0020 0020 0020 0020 0020 0020 0020 0020 0020 0040 0040 0020 0020 0020 0020 0020 0020 0020 0020 0040 0020 04A6,,
,,INPUT MODE:AUTO,16,01,15,16 01 15,X,---,X,---,,,,,,,,,,,,,,X,X,,,,,,X,X,---,---,---,---,---,---,---,---,X,X,---,---,---,---,---,---,---,---,---,---,---,X,X,---,,X,X,---,---,---,---,---,---,---,---,---,---,---,---,---,---,Input Mode：Auto,,,
,,INPUT MODE:HDMI,16,01,16,16 01 16,X,---,X,---,,,,,,,,,,,,,,X,X,,,,,,X,X,---,---,---,---,---,---,---,---,X,X,---,---,---,---,---,---,---,---,---,---,---,X,X,---,,X,X,---,---,---,---,---,---,---,---,---,---,---,---,---,---,Input Mode：fixed HDMI,,,
,,INPUT MODE:DIGITAL,16,01,17,16 01 17,X,---,X,---,,,,,,,,,,,,,,X,X,,,,,,X,X,---,---,---,---,---,---,---,---,X,X,---,---,---,---,---,---,---,---,---,---,---,X,X,---,,X,X,---,---,---,---,---,---,---,---,---,---,---,---,---,---,Input Mode：fixed Digital,,,
,,INPUT MODE:ANALOG,16,01,18,16 01 18,X,---,X,---,,,,,,,,,,,,,,X,X,,,,,,X,X,---,---,---,---,---,---,---,---,X,X,---,---,---,---,---,---,---,---,---,---,---,X,X,---,,X,X,---,---,---,---,---,---,---,---,---,---,---,---,---,---,Input Mode：fixed Analog,,,
,,Bilingual (Audio Channel),16,01,14,16 01 14,X,---,---,---,---,---,---,---,---,---,---,---,---,---,---,---,---,---,---,---,---,---,---,---,X,X,X,---,X,---,---,---,---,---,---,---,X,---,X,---,---,---,---,---,---,---,---,X,X,X,X,---,X,X,---,---,---,---,---,---,---,---,---,---,---,---,---,Select AAC Bilingual (Main > Sub > Main+Sub),0000 0071 0000 0022 0020 0020 0020 0020 0020 0020 0040 0020 0020 0020 0020 0020 0020 00A1 0020 0020 0020 0020 0020 0020 0020 0020 0020 0040 0040 0020 0020 0040 0020 0020 0020 0020 0040 0AA4 0020 0020 0020 0020 0020 0020 0040 0020 0020 0020 0020 0020 0020 00A1 0020 0020 0020 0020 0020 0020 0020 0020 0020 0040 0040 0020 0020 0040 0020 0020 0020 0020 0040 04A8,,
,,LIP SYNC.(Audio Delay),16,10,01,16 10 01,X,X,X,X,X,X,---,---,X,X,X,---,---,---,---,---,---,X,X,X,X,X,---,---,X,X,X,X,X,X,X,---,---,---,X,X,X,X,X,X,X,X,X,X,---,---,---,X,X,X,X,X,X,X,X,X,X,X,---,---,---,---,---,---,---,---,---,Lip Sync. Mode,0000 0071 0000 0016 0021 0021 0041 0041 0041 0021 0021 0021 0021 0021 0021 0021 0021 0021 0021 0041 0021 0021 0041 0041 0021 0C9B 0021 0021 0041 0041 0041 0021 0021 0021 0021 0021 0021 0021 0021 0021 0021 0041 0021 0021 0041 0041 0021 04B0,,
,,Resolution(Analog),16,15,10,16 15 10,X,---,X,X,---,---,---,---,---,---,---,---,---,---,---,---,---,X,X,X,---,---,---,---,X,X,X,X,---,---,---,---,---,---,X,---,---,---,---,---,---,---,---,---,---,---,---,X,X,---,---,---,---,---,---,---,---,---,---,---,---,---,---,---,---,---,---,Resolution for HDMI out(Auto-480p-1080i-720p-1080p-1080p/24-auto),0000 0071 0000 0025 0020 0020 0020 0020 0020 0020 0040 0020 0020 0020 0020 0020 0020 00A1 0020 0020 0020 0040 0020 0020 0020 0020 0020 0020 0040 0020 0020 0040 0040 0040 0040 0AA5 0020 0020 0020 0020 0020 0020 0040 0020 0020 0020 0020 0020 0020 00A1 0020 0020 0020 0040 0020 0020 0020 0020 0020 0020 0040 0020 0020 0040 0040 0040 0040 0AA5 0020 0020 0020 0020 0020 0020 0040 0020 0020 04A8,,
,,Resolution(HDMI),16,15,11,16 15 11,X,---,X,X,---,---,---,---,---,---,---,---,---,---,---,---,---,X,X,X,---,---,---,---,X,X,X,X,---,---,---,---,---,---,X,---,---,X,---,---,---,---,---,---,---,---,---,X,X,---,X,---,---,---,---,---,---,---,---,---,---,---,---,---,---,---,---,Resolution for HDMI out(Auto-480p-1080i-720p-1080p-1080p/24-auto),0000 0071 0000 0024 0020 0020 0040 0040 0040 0020 0020 0020 0020 0020 0020 00A1 0020 0020 0020 0040 0020 0020 0020 0020 0020 0020 0040 0020 0020 0040 0040 0040 0020 0020 0020 0AA3 0020 0020 0040 0040 0040 0020 0020 0020 0020 0020 0020 00A1 0020 0020 0020 0040 0020 0020 0020 0020 0020 0020 0040 0020 0020 0040 0040 0040 0020 0020 0020 0AA3 0020 0020 0040 0040 0040 0020 0020 04A7,,
,,Vertical Stretch ON,16,15,12,16 15 12,X,---,---,---,---,---,---,---,---,---,---,---,---,---,---,---,---,---,---,---,---,---,---,---,---,---,---,---,---,---,---,---,---,---,---,---,---,---,---,---,---,---,---,---,---,---,---,---,---,---,---,---,---,---,---,---,---,---,---,---,---,---,---,---,---,---,---,Vertical Stretch On,,,
,,Vertical Stretch OFF,16,15,13,16 15 13,X,---,---,---,---,---,---,---,---,---,---,---,---,---,---,---,---,---,---,---,---,---,---,---,---,---,---,---,---,---,---,---,---,---,---,---,---,---,---,---,---,---,---,---,---,---,---,---,---,---,---,---,---,---,---,---,---,---,---,---,---,---,---,---,---,---,---,Vertical Stretch Off,,,
,,HDMI Audio Decode Select (Toggle),16,84,00,16 84 00,X,---,X,---,---,---,---,---,---,---,---,---,---,---,---,---,---,X,X,---,,,,,X,X,X,---,,,,,,,X,X,X,---,---,---,---,---,---,---,---,---,---,X,X,X,---,X,X,X,---,---,---,---,---,---,---,---,---,---,---,---,---,To select AVR decode/pass through the audio signal of HDMI,,,
,,HDMI Audio Decode: Enable (Decode by AVR),16,84,01,16 84 01,X,X,X,X (*3),---,---,---,---,X,---,---,---,---,---,---,---,---,X,X,X (*3),X,---,---,---,X,X,X,X (*3),X,X,---,---,---,---,X,X,X,X,X,X,X,---,---,---,---,---,---,X,X,X,---,X,X,X,X,---,---,---,---,---,---,---,---,---,---,---,---,AVR decode the audio signal of HDMI,0000 0071 0000 0020 0040 0040 0020 0020 0040 0020 0020 0020 0020 0020 0020 00A1 0020 0040 0040 0040 0040 0020 0020 0020 0020 0020 0020 0020 0020 0020 0020 0020 0020 0040 0020 0AA5 0040 0040 0020 0020 0040 0020 0020 0020 0020 0020 0020 00A1 0020 0040 0040 0040 0040 0020 0020 0020 0020 0020 0020 0020 0020 0020 0020 0020 0020 0040 0020 04A9,,
,,HDMI Audio Decode: Through (Decode by TV),16,84,02,16 84 02,X,X,X,X (*3),---,---,---,---,X,---,---,---,---,---,---,---,---,X,X,X (*3),X,---,---,---,X,X,X,X (*3),X,X,---,---,---,---,X,X,X,X,X,X,X,---,---,---,---,---,---,X,X,X,---,X,X,X,X,---,---,---,---,---,---,---,---,---,---,---,---,AVR pass through the audio signal of HDMI to TV,0000 0071 0000 001E 0040 0020 0020 0040 0040 0020 0020 0020 0020 0020 0020 00A1 0020 0040 0040 0040 0040 0020 0020 0020 0020 0020 0020 0020 0020 0020 0020 0040 0040 0AA5 0040 0020 0020 0040 0040 0020 0020 0020 0020 0020 0020 00A1 0020 0040 0040 0040 0040 0020 0020 0020 0020 0020 0020 0020 0020 0020 0020 0040 0040 04A9,,
,,HDMI AUTO LIP SYNC.: ENABLE,16,84,11,16 84 11,---,X,---,---,---,---,---,---,X,---,---,---,---,---,---,---,---,---,---,---,X,---,---,---,---,---,---,---,X,X,---,---,---,---,---,---,---,X,X,X,---,---,---,---,---,---,---,---,---,---,X,---,---,---,---,---,---,---,---,---,---,---,---,---,---,---,---,HDMI auto lip sync. Mode: Enable,0000 0071 0000 001E 0040 0040 0020 0020 0040 0020 0020 0020 0020 0020 0020 00A1 0020 0040 0040 0040 0040 0020 0020 0020 0020 0020 0020 0040 0040 0040 0020 0020 0020 0AAB 0040 0040 0020 0020 0040 0020 0020 0020 0020 0020 0020 00A1 0020 0040 0040 0040 0040 0020 0020 0020 0020 0020 0020 0040 0040 0040 0020 0020 0020 04B0,,
,,HDMI AUTO LIP SYNC.: DISABLE,16,84,12,16 84 12,---,X,---,---,---,---,---,---,X,---,---,---,---,---,---,---,---,---,---,---,X,---,---,---,---,---,---,---,X,X,---,---,---,---,---,---,---,X,X,X,---,---,---,---,---,---,---,---,---,---,X,---,---,---,---,---,---,---,---,---,---,---,---,---,---,---,---,HDMI auto lip sync. Mode: Disable,0000 0071 0000 001E 0040 0020 0020 0040 0040 0020 0020 0020 0020 0020 0020 00A1 0020 0040 0040 0040 0040 0020 0020 0020 0020 0020 0020 0040 0020 0020 0040 0020 0020 0AAB 0040 0020 0020 0040 0040 0020 0020 0020 0020 0020 0020 00A1 0020 0040 0040 0040 0040 0020 0020 0020 0020 0020 0020 0040 0020 0020 0040 0020 0020 04B0,,
,,I/P CONVERT: ENABLE,16,84,21,16 84 21,---,X,---,---,---,---,---,---,X,---,---,---,---,---,---,---,---,---,---,---,X,---,---,---,---,---,---,---,X,X,---,---,---,---,---,---,---,---,X,X,---,---,---,---,---,---,---,---,---,---,---,---,---,---,---,---,---,---,---,---,---,---,---,---,---,---,---,I/P conversion: Enable,0000 0071 0000 001C 0040 0020 0020 0040 0040 0020 0020 0020 0020 0020 0020 00A1 0020 0040 0040 0040 0040 0020 0020 0020 0020 0040 0040 0040 0040 0040 0020 0AAB 0040 0020 0020 0040 0040 0020 0020 0020 0020 0020 0020 00A1 0020 0040 0040 0040 0040 0020 0020 0020 0020 0040 0040 0040 0040 0040 0020 04B0,,
,,I/P CONVERT: DISABLE,16,84,22,16 84 22,---,X,---,---,---,---,---,---,X,---,---,---,---,---,---,---,---,---,---,---,X,---,---,---,---,---,---,---,X,X,---,---,---,---,---,---,---,---,X,X,---,---,---,---,---,---,---,---,---,---,---,---,---,---,---,---,---,---,---,---,---,---,---,---,---,---,---,I/P conversion: Disable,0000 0071 0000 001C 0040 0040 0020 0020 0040 0020 0020 0020 0020 0020 0020 00A1 0020 0040 0040 0040 0040 0020 0020 0020 0020 0040 0040 0040 0020 0020 0040 0AAB 0040 0040 0020 0020 0040 0020 0020 0020 0020 0020 0020 00A1 0020 0040 0040 0040 0040 0020 0020 0020 0020 0040 0040 0040 0020 0020 0040 04B0,,
,,COMPONENT-2 for MAIN,16,84,31,16 84 31,---,X,X,X,---,---,---,---,X,---,---,---,---,---,---,---,---,X,X,X,---,---,---,---,---,---,---,---,---,---,---,---,---,---,---,---,---,---,---,---,---,---,---,---,---,---,---,---,---,---,---,---,---,---,---,---,---,---,---,---,---,---,---,---,---,---,---,Component-2 out switch to Main zone,0000 0071 0000 0020 0040 0020 0020 0040 0040 0020 0020 0020 0020 0020 0020 00A1 0020 0040 0040 0040 0040 0020 0020 0020 0020 0040 0020 0020 0020 0020 0020 0020 0020 0020 0020 0AAB 0040 0020 0020 0040 0040 0020 0020 0020 0020 0020 0020 00A1 0020 0040 0040 0040 0040 0020 0020 0020 0020 0040 0020 0020 0020 0020 0020 0020 0020 0020 0020 04B0,,
,,COMPONENT-2 for MULTI-A,16,84,32,16 84 32,---,X,X,X,---,---,---,---,X,---,---,---,---,---,---,---,---,X,X,X,---,---,---,---,---,---,---,---,---,---,---,---,---,---,---,---,---,---,---,---,---,---,---,---,---,---,---,---,---,---,---,---,---,---,---,---,---,---,---,---,---,---,---,---,---,---,---,Component-2 out switch to ZONE2,0000 0071 0000 001E 0040 0040 0020 0020 0040 0020 0020 0020 0020 0020 0020 00A1 0020 0040 0040 0040 0040 0020 0020 0040 0040 0020 0020 0020 0020 0020 0020 0020 0020 0AAB 0040 0040 0020 0020 0040 0020 0020 0020 0020 0020 0020 00A1 0020 0040 0040 0040 0040 0020 0020 0040 0040 0020 0020 0020 0020 0020 0020 0020 0020 04B0,,
,,Video Mode (Toggle),16,84,50,16 84 50,X,---,X,---,---,---,---,---,---,---,---,---,---,---,---,---,---,X,X,---,---,---,---,---,X,X,X,---,---,---,---,---,---,---,X,X,X,---,---,---,---,---,---,---,---,---,---,X,X,X,---,---,---,X,---,---,---,---,---,---,---,---,---,---,---,---,---,To select Video Mode (Auto/Game/Movie),,,
,,Video Mode: Auto,16,84,51,16 84 51,X,---,X,---,---,---,---,---,---,---,---,---,---,---,---,---,---,X,X,---,---,---,---,---,X,X,X,---,---,---,---,---,---,---,X,X,X,---,---,---,---,---,---,---,---,---,---,X,X,X,---,---,---,X,---,---,---,---,---,---,---,---,---,---,---,---,---,Select Video Mode = Auto,,,
,,Video Mode: Movie,16,84,52,16 84 52,X,---,X,---,---,---,---,---,---,---,---,---,---,---,---,---,---,X,X,---,---,---,---,---,X,X,X,---,---,---,---,---,---,---,X,X,X,---,---,---,---,---,---,---,---,---,---,X,X,X,---,---,---,X,---,---,---,---,---,---,---,---,---,---,---,---,---,Select Video Mode = Movie,,,
,,Video Mode: Game,16,84,53,16 84 53,X,---,X,---,---,---,---,---,---,---,---,---,---,---,---,---,---,X,X,---,---,---,---,---,X,X,X,---,---,---,---,---,---,---,X,X,X,---,---,---,---,---,---,---,---,---,---,X,X,X,---,---,---,X,---,---,---,---,---,---,---,---,---,---,---,---,---,Select Video Mode = Game,,,
,,HDMI In-1,16,84,41,16 84 41,---,X,---,---,---,---,---,---,X,---,---,---,---,---,---,---,---,---,---,---,X,---,---,---,---,---,---,---,X,X,---,---,---,---,---,---,---,X,X,X,X,---,---,---,---,---,---,---,---,---,X,---,---,---,---,X,X,---,---,---,---,---,---,---,---,---,---,Select assigned HDMI Input-1,0000 0071 0000 001C 0040 0040 0020 0020 0040 0020 0020 0020 0020 0020 0020 00A1 0020 0040 0040 0040 0040 0020 0020 0040 0040 0040 0040 0020 0020 0040 0020 0AAB 0040 0040 0020 0020 0040 0020 0020 0020 0020 0020 0020 00A1 0020 0040 0040 0040 0040 0020 0020 0040 0040 0040 0040 0020 0020 0040 0020 04B0,,
,,HDMI In-2,16,84,42,16 84 42,---,X,---,---,---,---,---,---,X,---,---,---,---,---,---,---,---,---,---,---,X,---,---,---,---,---,---,---,X,X,---,---,---,---,---,---,---,X,X,X,X,---,---,---,---,---,---,---,---,---,X,---,---,---,---,X,X,---,---,---,---,---,---,---,---,---,---,Select assigned HDMI Input-2,0000 0071 0000 001A 0040 0020 0020 0040 0040 0020 0020 0020 0020 0020 0020 00A1 0020 0040 0040 0040 0040 0020 0020 0040 0040 0040 0040 0040 0040 0AAB 0040 0020 0020 0040 0040 0020 0020 0020 0020 0020 0020 00A1 0020 0040 0040 0040 0040 0020 0020 0040 0040 0040 0040 0040 0040 04B0,,
,,HDMI In-3,16,84,43,16 84 43,---,X,---,---,---,---,---,---,X,---,---,---,---,---,---,---,---,---,---,---,X,---,---,---,---,---,---,---,X,X,---,---,---,---,---,---,---,X,X,X,X,---,---,---,---,---,---,---,---,---,X,---,---,---,---,X,X,---,---,---,---,---,---,---,---,---,---,Select assigned HDMI Input-3,0000 0071 0000 001C 0040 0040 0020 0020 0040 0020 0020 0020 0020 0020 0020 00A1 0020 0040 0040 0040 0040 0020 0020 0040 0040 0040 0040 0040 0020 0020 0020 0AAB 0040 0040 0020 0020 0040 0020 0020 0020 0020 0020 0020 00A1 0020 0040 0040 0040 0040 0020 0020 0040 0040 0040 0040 0040 0020 0020 0020 04B0,,
,,HDMI In-4,16,84,44,16 84 44,---,X,---,---,---,---,---,---,X,---,---,---,---,---,---,---,---,---,---,---,X,---,---,---,---,---,---,---,X,---,---,---,---,---,---,---,---,X,---,---,---,---,---,---,---,---,---,---,---,---,X,---,---,---,---,---,---,---,---,---,---,---,---,---,---,---,---,Select assigned HDMI Input-4,0000 0071 0000 001C 0040 0020 0020 0040 0040 0020 0020 0020 0020 0020 0020 00A1 0020 0040 0040 0040 0040 0020 0020 0040 0040 0040 0020 0020 0040 0020 0020 0AAB 0040 0020 0020 0040 0040 0020 0020 0020 0020 0020 0020 00A1 0020 0040 0040 0040 0040 0020 0020 0040 0040 0040 0020 0020 0040 0020 0020 04B0,,
,,HDMI Output Select (Toggle),16,120,00,16 120 00,X,X,X,X,---,---,---,---,X,X,---,---,---,---,---,---,---,X,X,X,X,---,---,---,---,X,X,---,X,X,---,---,---,---,---,---,---,---,---,---,---,---,---,---,---,---,---,---,---,---,---,---,---,---,---,---,---,---,---,---,---,---,---,---,---,---,---,HDMI Output select 1↔2 (Toggle): SR8001 from MZ02xxxxxxxxxx,0000 0071 0000 0022 0040 0040 0020 0020 0040 0020 0020 0020 0020 0020 0020 00C1 0020 0020 0020 0020 0040 0020 0020 0020 0020 0020 0020 0020 0020 0020 0020 0020 0020 0020 0020 0020 0020 0AAB 0040 0040 0020 0020 0040 0020 0020 0020 0020 0020 0020 00C1 0020 0020 0020 0020 0040 0020 0020 0020 0020 0020 0020 0020 0020 0020 0020 0020 0020 0020 0020 0020 0020 04B0,,
,,HDMI Out-1,16,120,01,16 120 01,X,X,X,X (*3),---,---,---,---,X,X,---,---,---,---,---,---,---,X,X,X (*3),X,---,---,---,---,X,X,---,X,X,---,---,---,---,---,---,---,---,---,---,---,---,---,---,---,---,---,---,---,---,---,---,---,---,---,---,---,---,---,---,---,---,---,---,---,---,---,HDMI Output-1 select: (SR8001 later S/N=MZ02xxxxxxxxxx),0000 0071 0000 0022 0040 0020 0020 0040 0040 0020 0020 0020 0020 0020 0020 00C1 0020 0020 0020 0020 0040 0020 0020 0020 0020 0020 0020 0020 0020 0020 0020 0020 0020 0020 0020 0040 0020 0AAB 0040 0020 0020 0040 0040 0020 0020 0020 0020 0020 0020 00C1 0020 0020 0020 0020 0040 0020 0020 0020 0020 0020 0020 0020 0020 0020 0020 0020 0020 0020 0020 0040 0020 04B0,,
,,HDMI Out-2,16,120,02,16 120 02,X,X,X,X (*3),---,---,---,---,X,X,---,---,---,---,---,---,---,X,X,X (*3),X,---,---,---,---,X,X,---,X,X,---,---,---,---,---,---,---,---,---,---,---,---,---,---,---,---,---,---,---,---,---,---,---,---,---,---,---,---,---,---,---,---,---,---,---,---,---,HDMI Output-2 select: (SR8001 later S/N=MZ02xxxxxxxxxx),0000 0071 0000 0020 0040 0040 0020 0020 0040 0020 0020 0020 0020 0020 0020 00C1 0020 0020 0020 0020 0040 0020 0020 0020 0020 0020 0020 0020 0020 0020 0020 0020 0020 0040 0040 0AAB 0040 0040 0020 0020 0040 0020 0020 0020 0020 0020 0020 00C1 0020 0020 0020 0020 0040 0020 0020 0020 0020 0020 0020 0020 0020 0020 0020 0020 0020 0040 0040 04B0,,
,,HDMI Out-Auto(Dual),16,120,03,16 120 03,X,---,X,---,---,---,---,---,---,---,---,---,---,---,---,---,---,X,X,---,,,,,---,X,X,---,,,,,,,---,---,---,---,---,---,---,---,---,---,---,---,---,---,---,---,---,---,---,---,---,,,,,,,,,,---,,,HDMI Output-Audi Select,,,
,Surround,SURROUND MODE (Toggle/NEXT),16,37,---,16 37,X,X,X,X,X,X,X,X,X,X,X,X,X,X,X,X,X,X,X,X,X,X,X,---,X,X,X,X,X,X,X,X,X,---,X,X,X,X,X,X,X,X,X,X,X,X,---,X,X,X,X,X,X,X,X,X,X,X,X,X,X,X,X,X,---,---,---,Change Surround mode (Toggle/go to next mode),0000 0071 0000 0016 0020 0020 0020 0020 0020 0020 0041 0020 0020 0020 0020 0020 0020 0041 0041 0020 0020 0041 0041 0041 0020 0C9B 0020 0020 0020 0020 0020 0020 0041 0020 0020 0020 0020 0020 0020 0041 0041 0020 0020 0041 0041 0041 0020 04B0,,
,Mode,SURROUND MODE (Back),16,64,15,16 64 15,X,---,X,X,---,---,---,---,---,---,---,---,---,---,---,---,---,X,X,X,---,---,---,---,X,X,X,X,---,---,---,---,---,---,X,X,X,X,---,---,---,---,---,---,---,---,---,X,X,X,X,X,X,X,---,---,---,---,---,---,---,---,---,---,---,---,---,Change Surround mode (Back to previous mode),0000 0071 0000 0024 0020 0020 0040 0040 0040 0020 0020 0020 0020 0020 0020 00C1 0020 0020 0040 0040 0020 0020 0040 0020 0020 0040 0040 0020 0020 0020 0020 0020 0020 0AA3 0020 0020 0040 0040 0040 0020 0020 0020 0020 0020 0020 00C1 0020 0020 0040 0040 0020 0020 0040 0020 0020 0040 0040 0020 0020 0020 0020 0020 0020 0AA3 0020 0020 0040 0040 0040 0020 0020 0020 0020 0020 0000 04A7,,
,,MOVIE SURROUND,16,37,29,16 37 29,X,---,X,---,---,---,---,---,---,---,---,---,---,---,---,---,---,X,X,---,---,---,---,---,X,X,---,---,X,X,---,---,---,---,X,X,---,---,X,X,---,---,---,---,---,---,---,X,X,---,---,X,X,---,---,---,---,---,---,---,---,---,---,---,---,---,---,Change Surround mode (MOVIE),,,
,,MUSIC SURROUND,16,37,53,16 37 53,X,---,X,---,---,---,---,---,---,---,---,---,---,---,---,---,---,X,X,---,---,---,---,---,X,X,---,---,X,X,---,---,---,---,X,X,---,---,X,X,---,---,---,---,---,---,---,X,X,---,---,X,X,---,---,---,---,---,---,---,---,---,---,---,---,---,---,Change Surround mode (MUSIC),,,
,,GAME SURROUND,16,64,18,16 64 18,X,---,X,---,---,---,---,---,---,---,---,---,---,---,---,---,---,X,X,---,---,---,---,---,X,X,---,---,X,X,---,---,---,---,X,X,---,---,X,X,---,---,---,---,---,---,---,X,X,---,---,X,X,---,---,---,---,---,---,---,---,---,---,---,---,---,---,Change Surround mode (GAME),,,
,,AUTO,16,37,45,16 37 45,X,X,X,X,X,X,X,X,X,X,X,X,X,X,X,X,X,X,X,X,X,X,X,X,X,X,X,X,X,X,X,X,X,X,X,X,X,X,X,X,X,X,X,X,X,X,X,X,X,X,X,X,X,X,X,X,X,X,X,X,X,X,X,X,---,---,---,Select AUTO Surround,0000 0071 0000 001C 0020 0020 0040 0040 0040 0020 0020 0020 0020 0020 0020 00C1 0040 0020 0020 0040 0040 0040 0020 0020 0040 0040 0020 0020 0040 0040 0020 0AAB 0020 0020 0040 0040 0040 0020 0020 0020 0020 0020 0020 00C1 0040 0020 0020 0040 0040 0040 0020 0020 0040 0040 0020 0020 0040 0040 0020 04B0,,
,,STEREO,16,37,30,16 37 30,X,X,X,X,X,X,X,X,X,X,X,X,X,X,X,X,X,X,X,X,X,X,X,X,X,X,X,X,X,X,X,X,X,X,X,X,X,X,X,X,X,X,X,X,X,X,X,X,X,X,X,X,X,X,X,X,X,X,X,X,X,X,X,X,---,---,---,Select STEREO mode,0000 0071 0000 001C 0020 0020 0040 0040 0040 0020 0020 0020 0020 0020 0020 00C1 0040 0020 0020 0040 0040 0040 0040 0040 0020 0020 0020 0020 0020 0020 0040 0AAB 0020 0020 0040 0040 0040 0020 0020 0020 0020 0020 0020 00C1 0040 0020 0020 0040 0040 0040 0040 0040 0020 0020 0020 0020 0020 0020 0040 04B0,,
,,MONO,16,37,37,16 37 37,---,---,---,---,---,---,---,---,---,---,---,---,---,---,X,X,X,---,---,---,---,---,---,---,---,---,---,---,---,---,---,---,---,---,---,---,---,---,---,---,---,---,---,---,---,---,---,---,---,---,---,---,---,---,---,---,---,---,---,---,---,---,---,---,---,---,---,Select MONO mode,0000 0071 0000 001F 0020 0020 0020 0020 0020 0020 0040 0020 0020 0020 0020 0020 0020 00C1 0040 0020 0020 0040 0040 0040 0020 0020 0040 0020 0020 0040 0040 0040 0020 0AA5 0020 0020 0020 0020 0020 0020 0040 0020 0020 0020 0020 0020 0020 00C1 0040 0020 0020 0040 0040 0040 0020 0020 0040 0020 0020 0040 0040 0040 0020 0AA5 0020 04A9,,
,,MULTI-CH Stereo/ Select,16,37,57,16 37 57,X,X,X,X,X,X,X,X,X,X,X,X,X,X,X (5ch St.),X (5ch St.),X (5ch St.),X,X,X,X,X,X,X,X,X,X,X,---,X,X,X,X,X,X,X,X,X,---,X,X,X,X,X,X,X,X,X,X,X,X,X,X,X,X,X,X,X,X,X,X,X,X,X,---,---,---,Select 7.1 Stereo mode On/Off or Multi-ch Music/Movie toggle,0000 0071 0000 0025 0020 0020 0020 0020 0020 0020 0040 0020 0020 0020 0020 0020 0020 00C1 0040 0020 0020 0040 0040 0040 0020 0020 0020 0020 0020 0020 0040 0020 0020 0040 0020 0AA9 0020 0020 0020 0020 0020 0020 0040 0020 0020 0020 0020 0020 0020 00C1 0040 0020 0020 0040 0040 0040 0020 0020 0020 0020 0020 0020 0040 0020 0020 0040 0020 0AA9 0020 0020 0020 0020 0020 0020 0040 0020 001A 04AA,,
,,MULTI-CH MOVIE,16,64,20,16 64 20,---,---,---,---,---,---,---,---,---,---,---,---,---,---,---,---,---,---,---,---,---,---,---,---,---,---,---,---,X,X,---,---,---,---,---,---,---,---,X,X,---,---,---,---,---,---,---,---,---,---,---,---,---,---,---,---,---,---,---,---,---,---,---,---,---,---,---,Select Multi-ch Movie,0000 0071 0000 002C 0040 0040 0040 0020 0020 0040 0020 0020 0020 0020 0020 0083 0020 0040 0040 0020 0020 0020 0020 0040 0040 0020 0020 0020 0020 0020 0020 0020 0020 0020 0020 0A7B 0040 0040 0040 0020 0020 0040 0020 0020 0020 0020 0020 0083 0020 0040 0040 0020 0020 0020 0020 0040 0040 0020 0020 0020 0020 0020 0020 0020 0020 0020 0020 04AA 0040 0040 0040 0020 0020 0040 0020 0020 0020 0020 0020 0083 0020 0040 0040 0020 0020 0020 0020 0040 0040 0020 0020 04AA,,
,,MULTI-CH MUSIC (Stereo),16,64,21,16 64 21,---,---,---,---,---,---,---,---,---,---,---,---,---,---,---,---,---,---,---,---,---,---,---,---,---,---,---,---,X,X,---,---,---,---,---,---,---,X (Stereo),X,X,---,---,---,---,---,---,---,---,---,---,X (Stereo),---,---,---,---,---,---,---,---,---,---,---,---,---,---,---,---,Select Multi-ch Music (Stereo),0000 0071 0000 0022 0040 0020 0020 0040 0040 0020 0020 0020 0020 0020 0020 00A1 0020 0020 0020 0020 0020 0020 0020 0020 0020 0020 0020 0020 0020 0040 0040 0040 0040 0040 0020 0AA8 0040 0020 0020 0040 0040 0020 0020 0020 0020 0020 0020 00A1 0020 0020 0020 0020 0020 0020 0020 0020 0020 0020 0020 0020 0020 0040 0040 0040 0040 0040 0020 0AA8 0040 0020 0020 04AA,,
,THX,THX,16,64,13,16 64 13,---,X,---,---,X,X,---,---,X,X,X,---,---,---,---,---,---,---,---,---,X,X,---,---,---,---,---,---,---,---,X,---,---,---,---,---,---,---,---,---,---,---,---,---,---,---,---,---,---,---,---,---,---,---,---,---,---,---,---,---,---,---,---,---,---,---,---,Select THX mode,0000 0071 0000 0022 0040 0040 0020 0020 0040 0020 0020 0020 0020 0020 0020 00A1 0020 0020 0020 0020 0020 0020 0020 0020 0020 0020 0020 0020 0020 0020 0020 0040 0020 0020 0040 0040 0020 0AAB 0040 0040 0020 0020 0040 0020 0020 0020 0020 0020 0020 00A1 0020 0020 0020 0020 0020 0020 0020 0020 0020 0020 0020 0020 0020 0020 0020 0040 0020 0020 0040 0040 0020 04B0,,
,,THX CINEMA,16,37,36,16 37 36,---,X,---,---,X,X,X,X,X,X,---,---,X,X,X (THX),X (THX),X (THX),---,---,---,X,X,---,---,---,---,---,---,---,---,X,---,---,---,---,---,---,---,---,---,---,---,---,---,---,---,---,---,---,---,---,---,---,---,---,---,---,---,---,---,---,---,---,---,---,---,---,Select normal THX mode (THX Surround EX Off),0000 0071 0000 001E 0020 0020 0020 0020 0020 0020 0040 0020 0020 0020 0020 0020 0020 00C1 0040 0020 0020 0040 0040 0040 0020 0020 0040 0020 0020 0040 0040 0020 0020 0AAB 0020 0020 0020 0020 0020 0020 0040 0020 0020 0020 0020 0020 0020 00C1 0040 0020 0020 0040 0040 0040 0020 0020 0040 0020 0020 0040 0040 0020 0020 04B0,,
,,THX SURRUND EX,16,37,58,16 37 58,---,X,---,---,X,X,X,X,X,X,---,---,X,X,X,X,X,---,---,---,X,X,---,---,---,---,---,---,---,---,X,---,---,---,---,---,---,---,---,---,---,---,---,---,---,---,---,---,---,---,---,---,---,---,---,---,---,---,---,---,---,---,---,---,---,---,---,Select THX Surround EX mode,0000 0071 0000 001C 0020 0020 0040 0040 0040 0020 0020 0020 0020 0020 0020 00C1 0040 0020 0020 0040 0040 0040 0020 0020 0020 0020 0020 0020 0040 0040 0040 0AAB 0020 0020 0040 0040 0040 0020 0020 0020 0020 0020 0020 00C1 0040 0020 0020 0040 0040 0040 0020 0020 0020 0020 0020 0020 0040 0040 0040 04B0,,
,,THX ULTRA 2,16,64,07,16 64 07,---,X,---,---,X,X,X,---,---,---,---,---,---,---,---,---,---,---,---,---,---,---,---,---,---,---,---,---,---,---,---,---,---,---,---,---,---,---,---,---,---,---,---,---,---,---,---,---,---,---,---,---,---,---,---,---,---,---,---,---,---,---,---,---,---,---,---,Select THX Ultra 2 mode,0000 0071 0000 0024 0040 0040 0020 0020 0040 0020 0020 0020 0020 0020 0020 00A1 0020 0020 0020 0020 0020 0020 0020 0020 0020 0020 0020 0020 0020 0020 0020 0020 0020 0040 0020 0020 0020 0020 0020 0AAB 0040 0040 0020 0020 0040 0020 0020 0020 0020 0020 0020 00A1 0020 0020 0020 0020 0020 0020 0020 0020 0020 0020 0020 0020 0020 0020 0020 0020 0020 0040 0020 0020 0020 0020 0020 04B0,,
,,THX SELECT 2,,,,16 64 07,---,---,---,---,---,---,---,---,X,X,---,---,---,---,---,---,---,---,---,---,X,X,---,---,---,---,---,---,---,---,X,---,---,---,---,---,---,---,---,---,---,---,---,---,---,---,---,---,---,---,---,---,---,---,---,---,---,---,---,---,---,---,---,---,---,---,---,Select THX Select 2 mode,0000 0071 0000 0024 0040 0040 0020 0020 0040 0020 0020 0020 0020 0020 0020 00A1 0020 0020 0020 0020 0020 0020 0020 0020 0020 0020 0020 0020 0020 0020 0020 0020 0020 0040 0020 0020 0020 0020 0020 0AAB 0040 0040 0020 0020 0040 0020 0020 0020 0020 0020 0020 00A1 0020 0020 0020 0020 0020 0020 0020 0020 0020 0020 0020 0020 0020 0020 0020 0020 0020 0040 0020 0020 0020 0020 0020 04B0,,
,,THX 5.1 MUSIC,16,64,04,16 64 04,---,X,---,---,X,X,X,X,X,X,---,---,X,X,---,---,---,---,---,---,X,X,---,---,---,---,---,---,---,---,X,---,---,---,---,---,---,---,---,---,---,---,---,---,---,---,---,---,---,---,---,---,---,---,---,---,---,---,---,---,---,---,---,---,---,---,---,Select normal THX 5.1 Music mode,0000 0071 0000 0022 0040 0040 0020 0020 0040 0020 0020 0020 0020 0020 0020 00A1 0020 0020 0020 0020 0020 0020 0020 0020 0020 0020 0020 0020 0020 0020 0020 0020 0020 0040 0040 0020 0020 0AAB 0040 0040 0020 0020 0040 0020 0020 0020 0020 0020 0020 00A1 0020 0020 0020 0020 0020 0020 0020 0020 0020 0020 0020 0020 0020 0020 0020 0020 0020 0040 0040 0020 0020 04B0,,
,,THX GAMES,16,64,14,16 64 14,---,X,---,---,X,X,---,---,X,X,---,---,---,---,---,---,---,---,---,---,X,X,---,---,---,---,---,---,---,---,X,---,---,---,---,---,---,---,---,---,---,---,---,---,---,---,---,---,---,---,---,---,---,---,---,---,---,---,---,---,---,---,---,---,---,---,---,Select THX  Game mode,0000 0071 0000 0022 0040 0020 0020 0040 0040 0020 0020 0020 0020 0020 0020 00A1 0020 0020 0020 0020 0020 0020 0020 0020 0020 0020 0020 0020 0020 0020 0020 0040 0020 0020 0020 0020 0040 0AAB 0040 0020 0020 0040 0040 0020 0020 0020 0020 0020 0020 00A1 0020 0020 0020 0020 0020 0020 0020 0020 0020 0020 0020 0020 0020 0020 0020 0040 0020 0020 0020 0020 0040 04B0,,
,,NEURAL,16,64,16,16 64 16,---,X,---,X,---,---,---,---,X,---,---,---,---,---,---,---,---,---,---,X,X,---,---,---,---,---,---,X,X,X,---,---,---,---,---,---,---,X,X,X,X,---,---,---,---,---,---,---,---,---,X,---,---,---,---,---,---,---,---,---,---,---,---,---,---,---,---,Select Neural Surround,0000 0071 0000 0022 0040 0020 0020 0040 0040 0020 0020 0020 0020 0020 0020 00A1 0020 0020 0020 0020 0020 0020 0020 0020 0020 0020 0020 0020 0020 0040 0040 0020 0020 0020 0020 0020 0020 0AAC 0040 0020 0020 0040 0040 0020 0020 0020 0020 0020 0020 00A1 0020 0020 0020 0020 0020 0020 0020 0020 0020 0020 0020 0020 0020 0040 0040 0020 0020 0020 0020 0020 0020 04AB,,
,Dolby,DOLBY,16,37,41,16 37 41,---,X,---,---,X,X,X,X,X,X,X,X,X,X,X,X,X,---,---,---,X,X,X,X,---,---,---,---,X,X,X,X,X,X,---,---,---,X,X,X,X,X,X,X,X,X,X,---,---,---,X,---,---,---,X,X,X,X,X,X,X,X,X,X,---,---,---,Select Dolby mode (PL2 movie>music>PL>),0000 0071 0000 001C 0020 0020 0040 0040 0040 0020 0020 0020 0020 0020 0020 00C1 0040 0020 0020 0040 0040 0040 0020 0020 0040 0040 0040 0020 0020 0040 0020 0AAB 0020 0020 0040 0040 0040 0020 0020 0020 0020 0020 0020 00C1 0040 0020 0020 0040 0040 0040 0020 0020 0040 0040 0040 0020 0020 0040 0020 04B0,,
,,PRO LOGIC,16,37,00,16 37 00,---,---,---,X,X,X,X,X,---,---,---,X,X,X,X,X,X,---,---,X,---,---,X,---,---,---,---,X,---,---,,X,X,---,---,---,---,X,---,---,---,---,X,X,X,X,---,---,---,---,X,---,---,---,---,---,---,---,X,X,X,X,---,X,---,---,---,Select Pro Logic,0000 0071 0000 0020 0020 0020 0020 0020 0020 0020 0040 0020 0020 0020 0020 0020 0020 00C1 0040 0020 0020 0040 0040 0040 0040 0020 0020 0020 0020 0020 0020 0020 0020 0020 0020 0AAB 0020 0020 0020 0020 0020 0020 0040 0020 0020 0020 0020 0020 0020 00C1 0040 0020 0020 0040 0040 0040 0040 0020 0020 0020 0020 0020 0020 0020 0020 0020 0020 04B0,,
,,PL IIx(z) Movie / PL II Movie,16,64,00,16 64 00,X,X,X,X,X,X,X,X,X,X,X,X,X,X,---,---,---,X,X,X,X,X,X,---,X,X,X,X,X,X,X,X,X,---,X,X,X,X,X,X,X,X,X,X,X,X,---,X,X,X,X,X,X,X,X,X,X,X,X,X,X,X,---,X,---,---,---,Select Pro Logic IIx movie mode,0000 0071 0000 0024 0040 0040 0020 0020 0040 0020 0020 0020 0020 0020 0020 00A1 0020 0020 0020 0020 0020 0020 0020 0020 0020 0020 0020 0020 0020 0020 0020 0020 0020 0020 0020 0020 0020 0020 0020 0AAB 0040 0040 0020 0020 0040 0020 0020 0020 0020 0020 0020 00A1 0020 0020 0020 0020 0020 0020 0020 0020 0020 0020 0020 0020 0020 0020 0020 0020 0020 0020 0020 0020 0020 0020 0020 04B0,,
,,PL IIx(z) Music / PL II Music,16,64,01,16 64 01,X,X,X,X,X,X,X,X,X,X,X,X,X,X,---,---,---,X,X,X,X,X,X,---,X,X,X,X,X,X,X,X,X,---,X,X,X,X,X,X,X,X,X,X,X,X,---,X,X,X,X,X,X,X,X,X,X,X,X,X,X,X,---,X,---,---,---,Select Pro Logic IIx music mode,0000 0071 0000 0024 0040 0040 0020 0020 0040 0020 0020 0020 0020 0020 0020 00A1 0020 0020 0020 0020 0020 0020 0020 0020 0020 0020 0020 0020 0020 0020 0020 0020 0020 0020 0020 0020 0020 0040 0020 0AAB 0040 0040 0020 0020 0040 0020 0020 0020 0020 0020 0020 00A1 0020 0020 0020 0020 0020 0020 0020 0020 0020 0020 0020 0020 0020 0020 0020 0020 0020 0020 0020 0020 0020 0040 0020 04B0,,
,,PL IIx Game,16,64,12,16 64 12,---,X,---,---,X,X,---,---,X,X,X,---,---,---,---,---,---,---,---,---,X,X,---,---,---,---,---,---,X,X,X,---,---,---,---,---,---,X,X,X,X,X,X,X,---,---,---,---,---,---,X,---,---,---,X,---,X,X,X,X,---,---,---,X,---,---,---,Select Pro Logic IIx game mode,0000 0071 0000 0022 0040 0020 0020 0040 0040 0020 0020 0020 0020 0020 0020 00A1 0020 0020 0020 0020 0020 0020 0020 0020 0020 0020 0020 0020 0020 0020 0020 0040 0020 0020 0040 0020 0020 0AAB 0040 0020 0020 0040 0040 0020 0020 0020 0020 0020 0020 00A1 0020 0020 0020 0020 0020 0020 0020 0020 0020 0020 0020 0020 0020 0020 0020 0040 0020 0020 0040 0020 0020 04B0,,
,,PL IIz,16,64,17,16 64 17,---,---,---,---,---,---,---,---,---,---,---,---,---,---,---,---,---,---,---,---,---,---,---,---,---,---,---,---,X,---,---,---,---,---,---,---,---,X,X,---,---,---,---,---,---,---,---,---,---,---,X,---,---,---,---,---,---,---,---,---,---,---,---,---,---,---,---,Select Pro Logic IIz mode,0000 0071 0000 0027 0040 0020 0020 0040 0040 0020 0020 0020 0020 0020 0020 00A1 0020 0020 0020 0020 0020 0020 0020 0020 0020 0020 0020 0020 0020 0040 0040 0020 0020 0020 0020 0040 0020 0AA9 0040 0020 0020 0040 0040 0020 0020 0020 0020 0020 0020 00A1 0020 0020 0020 0020 0020 0020 0020 0020 0020 0020 0020 0020 0020 0040 0040 0020 0020 0020 0020 0040 0020 0AA9 0040 0020 0020 0040 0040 0020 0020 0020 0020 04AA,,
,,DOLBY HEADPHONE,16,37,60,16 37 60,---,---,---,---,X,X,---,---,---,---,---,---,---,---,---,---,---,---,---,---,---,---,---,---,---,---,---,---,---,---,---,---,---,---,---,---,---,---,---,---,---,---,---,---,---,---,---,---,---,---,---,---,---,---,---,---,---,---,---,---,---,---,---,---,---,---,---,Select Dolby headphone On/Off,0000 0071 0000 001E 0020 0020 0040 0040 0040 0020 0020 0020 0020 0020 0020 00C1 0040 0020 0020 0040 0040 0040 0020 0020 0020 0020 0020 0020 0020 0020 0040 0020 0020 0AAB 0020 0020 0040 0040 0040 0020 0020 0020 0020 0020 0020 00C1 0040 0020 0020 0040 0040 0040 0020 0020 0020 0020 0020 0020 0020 0020 0040 0020 0020 04B0,,
,,EX/ES,16,37,61,16 37 61,---,X,---,---,X,X,---,---,X,X,X,X,---,---,---,---,---,---,---,---,X,X,X,---,---,---,---,---,X,X,X,X,X,---,---,---,---,X,X,X,X,X,X,X,X,X,---,---,---,---,X,---,---,---,X,X,X,X,X,X,X,X,---,X,---,---,---,Select Dolby EX or DTS-ES,0000 0071 0000 001E 0020 0020 0040 0040 0040 0020 0020 0020 0020 0020 0020 00C1 0040 0020 0020 0040 0040 0040 0020 0020 0020 0020 0020 0020 0020 0020 0040 0040 0020 0AAB 0020 0020 0040 0040 0040 0020 0020 0020 0020 0020 0020 00C1 0040 0020 0020 0040 0040 0040 0020 0020 0020 0020 0020 0020 0020 0020 0040 0040 0020 04B0,,
Main,dts,DTS Mode,16,64,08,16 64 08,---,X,---,---,X,X,---,---,X,X,X,X,---,---,---,---,---,---,---,---,X,X,X,---,---,---,---,---,X,X,X,X,X,---,---,---,---,X,X,X,X,X,X,X,X,X,---,---,---,---,X,---,---,---,X,X,X,X,X,X,X,X,---,X,---,---,---,Select  DTS mode(DTS>Neo6 cinema>Neo6music),0000 0071 0000 0022 0040 0020 0020 0040 0040 0020 0020 0020 0020 0020 0020 00A1 0020 0020 0020 0020 0020 0020 0020 0020 0020 0020 0020 0020 0020 0020 0020 0040 0040 0020 0020 0020 0020 0AAB 0040 0020 0020 0040 0040 0020 0020 0020 0020 0020 0020 00A1 0020 0020 0020 0020 0020 0020 0020 0020 0020 0020 0020 0020 0020 0020 0020 0040 0040 0020 0020 0020 0020 04B0,,
Zone,,DTS,16,37,46,16 37 46,X,X,X,---,X,X,X,X,X,X,X,X,X,X,X,X,X,X,X,---,X,X,X,X,X,X,X,---,X,X,X,X,X,X,X,X,X,---,X,X,X,X,X,X,X,X,X,X,X,X,X,X,X,X,X,X,X,X,X,X,X,X,X,X,---,---,---,Select DTS,0000 0071 0000 0024 0020 0020 0040 0040 0040 0020 0020 0020 0020 0020 0020 00C1 0040 0020 0020 0040 0040 0040 0020 0020 0040 0040 0020 0020 0020 0020 0040 0AA9 0020 0020 0040 0040 0040 0020 0020 0020 0020 0020 0020 00C1 0040 0020 0020 0040 0040 0040 0020 0020 0040 0040 0020 0020 0020 0020 0040 0AA9 0020 0020 0040 0040 0040 0020 0020 0020 0020 0020 0020 00C1 0040 0020 0003 04AA,,
,,DTS ES,16,64,03,16 64 03,---,X,---,---,X,X,X,X,X,X,X,X,X,X,---,---,---,---,---,---,X,X,X,---,---,---,---,---,X,X,X,X,X,---,---,---,---,X,X,X,X,X,X,X,X,X,---,---,---,---,X,---,---,---,X,X,X,X,X,X,X,X,---,X,---,---,---,Select DTS-ES,0000 0071 0000 0024 0040 0020 0020 0040 0040 0020 0020 0020 0020 0020 0020 00A1 0020 0020 0020 0020 0020 0020 0020 0020 0020 0020 0020 0020 0020 0020 0020 0020 0020 0020 0020 0040 0020 0020 0020 0AAB 0040 0020 0020 0040 0040 0020 0020 0020 0020 0020 0020 00A1 0020 0020 0020 0020 0020 0020 0020 0020 0020 0020 0020 0020 0020 0020 0020 0020 0020 0020 0020 0040 0020 0020 0020 04B0,,
,,DTS Neo6 Cinema,16,64,05,16 64 05,X,X,X,X,X,X,X,X,X,X,X,X,X,X,---,---,---,X,X,X,X,X,X,---,X,X,X,X,X,X,X,X,X,---,X,X,X,X,X,X,X,X,X,X,X,X,---,X,X,X,X,X,X,X,X,X,X,X,X,X,X,X,---,X,---,---,---,Select  Neo 6 cinema,0000 0071 0000 0022 0040 0040 0020 0020 0040 0020 0020 0020 0020 0020 0020 00A1 0020 0020 0020 0020 0020 0020 0020 0020 0020 0020 0020 0020 0020 0020 0020 0020 0020 0040 0040 0040 0020 0AAB 0040 0040 0020 0020 0040 0020 0020 0020 0020 0020 0020 00A1 0020 0020 0020 0020 0020 0020 0020 0020 0020 0020 0020 0020 0020 0020 0020 0020 0020 0040 0040 0040 0020 04B0,,
,,DTS Neo6 Music,16,64,06,16 64 06,X,X,X,X,X,X,X,X,X,X,X,X,X,X,---,---,---,X,X,X,X,X,X,---,X,X,X,X,X,X,X,X,X,---,X,X,X,X,X,X,X,X,X,X,X,X,---,X,X,X,X,X,X,X,X,X,X,X,X,X,X,X,---,X,---,---,---,Select  Neo 6 music,0000 0071 0000 0022 0040 0040 0020 0020 0040 0020 0020 0020 0020 0020 0020 00A1 0020 0020 0020 0020 0020 0020 0020 0020 0020 0020 0020 0020 0020 0020 0020 0020 0020 0040 0020 0020 0040 0AAB 0040 0040 0020 0020 0040 0020 0020 0020 0020 0020 0020 00A1 0020 0020 0020 0020 0020 0020 0020 0020 0020 0020 0020 0020 0020 0020 0020 0020 0020 0040 0020 0020 0040 04B0,,
,,DTS NEO:X ON/OFF,16,64,22,16 64 22,X,---,---,---,---,---,---,---,---,---,---,---,---,---,---,---,---,X,---,---,---,---,---,---,X,---,---,---,---,---,---,---,---,---,---,---,---,---,---,---,---,---,---,---,---,---,---,---,---,---,---,---,---,---,---,---,---,---,---,---,---,---,---,---,---,---,---,DTS Neo X On/Off,,,
,SRS,CS-II (SRS) (Toggle),16,64,09,16 64 09,---,X,---,---,X,X,---,---,X,X,X,X,---,---,---,---,---,---,---,---,X,X,X,X,---,---,---,---,X,X,X,X,X,X,---,---,---,---,X,X,X,X,X,X,X,X,---,---,---,---,---,---,---,---,---,X,X,X,X,X,X,X,---,X,---,---,---,Select CS mode music>movie>mono>,,,
,(CS-II),CS-II (SRS) Mono,16,64,10,16 64 10,---,X,---,---,X,X,X,---,X,X,X,X,X,---,---,---,---,---,---,---,X,X,X,---,---,---,---,---,X,X,X,X,X,---,---,---,---,---,X,X,X,X,X,X,X,X,---,---,---,---,---,---,---,---,---,X,X,X,X,X,X,X,---,X,---,---,---,Select CS-II mono,0000 0071 0000 0020 0040 0040 0020 0020 0040 0020 0020 0020 0020 0020 0020 00A1 0020 0020 0020 0020 0020 0020 0020 0020 0020 0020 0020 0020 0020 0020 0020 0040 0040 0040 0040 0AAB 0040 0040 0020 0020 0040 0020 0020 0020 0020 0020 0020 00A1 0020 0020 0020 0020 0020 0020 0020 0020 0020 0020 0020 0020 0020 0020 0020 0040 0040 0040 0040 04B0,,
,,CS-II Cinema (CS 5.1 Cinema),16,64,02,16 64 02,---,X,---,---,X,X,X,X (5.1),X,X,X,X,X,X (5.1),---,---,---,---,---,---,X,X,X,---,---,---,---,---,X,X,X,X,X,---,---,---,---,---,X,X,X,X,X,X,X,X,---,---,---,---,---,---,---,---,---,X,X,X,X,X,X,X,---,X,---,---,---,Select CS-II Cinema (CS Cinema),0000 0071 0000 0022 0040 0020 0020 0040 0040 0020 0020 0020 0020 0020 0020 00A1 0020 0020 0020 0020 0020 0020 0020 0020 0020 0020 0020 0020 0020 0020 0020 0020 0020 0020 0020 0040 0040 0AAB 0040 0020 0020 0040 0040 0020 0020 0020 0020 0020 0020 00A1 0020 0020 0020 0020 0020 0020 0020 0020 0020 0020 0020 0020 0020 0020 0020 0020 0020 0020 0020 0040 0040 04B0,,
,,CS-II Music (CS 5.1 Music),16,37,62,16 37 62,---,X,---,---,X,X,X,X (5.1),X,X,X,X,X,X (5.1),---,---,---,---,---,---,X,X,X,---,---,---,---,---,X,X,X,X,X,---,---,---,---,---,X,X,X,X,X,X,X,X,---,---,---,---,---,---,---,---,---,X,X,X,X,X,X,X,---,X,---,---,---,Select CS-II Music (5.1 Music),0000 0071 0000 001E 0020 0020 0040 0040 0040 0020 0020 0020 0020 0020 0020 00C1 0040 0020 0020 0040 0040 0040 0020 0020 0020 0020 0020 0020 0020 0020 0020 0020 0040 0AAB 0020 0020 0040 0040 0040 0020 0020 0020 0020 0020 0020 00C1 0040 0020 0020 0040 0040 0040 0020 0020 0020 0020 0020 0020 0020 0020 0020 0020 0040 04B0,,
,,HALL,16,37,01,16 37 01,---,---,---,---,---,---,X,X,---,---,---,---,X,X,X,X,X,---,---,---,---,---,---,X,---,---,---,---,---,---,---,---,X,X,---,---,---,---,---,---,---,---,---,---,---,X,X,---,---,---,---,---,---,---,---,---,---,---,---,---,X,X,X,---,---,---,---,Select HALL mode,0000 0071 0000 0020 0020 0020 0020 0020 0020 0020 0040 0020 0020 0020 0020 0020 0020 00C1 0040 0020 0020 0040 0040 0040 0040 0020 0020 0020 0020 0020 0020 0020 0020 0040 0020 0AAB 0020 0020 0020 0020 0020 0020 0040 0020 0020 0020 0020 0020 0020 00C1 0040 0020 0020 0040 0040 0040 0040 0020 0020 0020 0020 0020 0020 0020 0020 0040 0020 04B0,,
,,STADIUM,16,37,02,16 37 02,---,---,---,---,---,---,---,---,---,---,---,---,---,---,---,---,---,---,---,---,---,---,---,X,---,---,---,---,---,---,---,---,X,X,---,---,---,---,---,---,---,---,---,---,---,X,X,---,---,---,---,---,---,---,---,---,---,---,---,---,X,X,X,---,---,---,---,Select STADIUM mode,0000 0071 0000 001E 0020 0020 0020 0020 0020 0020 0040 0020 0020 0020 0020 0020 0020 00C1 0040 0020 0020 0040 0040 0040 0040 0020 0020 0020 0020 0020 0020 0040 0040 0AAB 0020 0020 0020 0020 0020 0020 0040 0020 0020 0020 0020 0020 0020 00C1 0040 0020 0020 0040 0040 0040 0040 0020 0020 0020 0020 0020 0020 0040 0040 04B0,,
,,MATRIX,16,37,09,16 37 09,---,---,---,---,---,---,X,X,---,---,---,---,X,X,X,X,X,---,---,---,---,---,---,X,---,---,---,---,---,---,---,---,X,X,---,---,---,---,---,---,---,---,---,---,---,X,X,---,---,---,---,---,---,---,---,---,---,---,---,---,X,X,X,---,---,---,---,Select MATRIX mode,0000 0071 0000 001C 0020 0020 0040 0040 0040 0020 0020 0020 0020 0020 0020 00C1 0040 0020 0020 0040 0040 0040 0040 0020 0020 0040 0040 0020 0020 0040 0020 0AAB 0020 0020 0040 0040 0040 0020 0020 0020 0020 0020 0020 00C1 0040 0020 0020 0040 0040 0040 0040 0020 0020 0040 0040 0020 0020 0040 0020 04B0,,
,,MOVIE,16,37,29,16 37 29,---,---,---,---,---,---,X,X,---,---,---,---,X,X,X,X,X,---,---,---,---,---,---,X,---,---,---,---,---,---,---,---,X,X,---,---,---,---,---,---,---,---,---,---,---,X,X,---,---,---,---,---,---,---,---,---,---,---,---,---,X,X,X,---,---,---,---,Select MOVIE mode,0000 0071 0000 001C 0020 0020 0040 0040 0040 0020 0020 0020 0020 0020 0020 00C1 0040 0020 0020 0040 0040 0040 0040 0040 0020 0020 0020 0020 0040 0040 0020 0AAA 0020 0020 0040 0040 0040 0020 0020 0020 0020 0020 0020 00C1 0040 0020 0020 0040 0040 0040 0040 0040 0020 0020 0020 0020 0040 0040 0020 04AB,,
,,VIRTUAL,16,37,51,16 37 51,X,X,X,X,X,X,X,X,X,X,X,X,X,X,---,---,---,X,X,X,X,X,X,X,X,X,X,X,X,X,X,X,X,X,X,X,X,X,X,X,X,X,X,X,X,X,X,X,X,X,X,X,X,X,X,X,X,X,X,X,X,X,X,X,---,---,---,Select VIRTUAL (Trusurround) On,0000 0071 0000 0020 0020 0020 0020 0020 0020 0020 0040 0020 0020 0020 0020 0020 0020 00C1 0040 0020 0020 0040 0040 0040 0020 0020 0020 0020 0040 0020 0020 0040 0020 0020 0020 0AAB 0020 0020 0020 0020 0020 0020 0040 0020 0020 0020 0020 0020 0020 00C1 0040 0020 0020 0040 0040 0040 0020 0020 0020 0020 0040 0020 0020 0040 0020 0020 0020 04B0,,
,,Decoder Mode,16,01,20,16 01 20,X,---,X,X,---,---,---,---,---,---,---,---,---,---,---,---,---,X,X,X,---,---,---,---,X,X,X,X,---,---,---,---,---,---,X,X,X,X,---,---,---,---,---,---,---,---,---,X,X,X,X,X,X,X,---,---,---,---,---,---,---,---,---,---,---,---,---,Select a decoder mode (Auto-PCM-DTS),0000 0071 0000 000F 001F 001F 0040 0040 0040 001F 001F 001F 001F 001F 001F 00A1 001F 001F 001F 001F 001F 001F 001F 001F 001F 0040 0040 0040 0040 0040 0040 001F 001F 0AA3,,
,,DSP MODE,16,37,63,16 37 63,---,---,---,---,---,---,---,---,---,---,---,---,---,---,---,---,---,---,---,---,---,---,---,X,---,---,---,---,---,---,---,---,X,X,---,---,---,---,---,---,---,---,---,---,---,X,X,---,---,---,---,---,---,---,---,---,---,---,---,---,X,X,X,---,---,---,---,Toggle the DSP Surround mode Select Pure Direct mode,0000 0071 0000 0024 0020 0020 0040 0040 0040 0020 0020 0020 0020 0020 0020 00C1 0040 0020 0020 0040 0040 0040 0020 0020 0020 0020 0020 0020 0020 0020 0020 0020 0020 0020 0020 0AAD 0020 0020 0040 0040 0040 0020 0020 0020 0020 0020 0020 00C1 0040 0020 0020 0040 0040 0040 0020 0020 0020 0020 0020 0020 0020 0020 0020 0020 0020 0020 0020 0AAD 0020 0020 0040 0040 0040 0020 0020 04AC,,
,,SOURCE(Pure) DIRECT (Toggle),16,34,---,16 34,X,X,X,X,X,X,X,X,X,X,X (Pure),X,X,X,X,X,X,X,X,X,X,X,X,X,X,X,X,X,X,X,X,X,X,X,X,X,X,X,X,X,X,X,X (Pure),X (Pure),X,X,X,X,X,X,X,X,X,X,X,X,X,X,X (Pure),X (Pure),X,X,X,X (Pure),X,X,X,Source Direct (Pure Direct) mode On/Off,0000 0071 0000 0022 0020 0020 0020 0020 0020 0020 0040 0020 0020 0020 0020 0020 0020 00C1 0040 0020 0020 0020 0020 0040 0040 0020 0020 0020 0020 0020 0020 0020 0020 0020 0020 0040 0020 0AAB 0020 0020 0020 0020 0020 0020 0040 0020 0020 0020 0020 0020 0020 00C1 0040 0020 0020 0020 0020 0040 0040 0020 0020 0020 0020 0020 0020 0020 0020 0020 0020 0040 0020 04B0,,
,,PURE DIRECT (Toggle),16,34,01,16 34 01,---,X,---,X,X,X,---,---,X,X,---,---,---,---,---,---,---,---,---,X,X,X,---,---,---,---,---,X,X,X,X,---,---,---,---,---,---,X,X,X,X,X,---,---,---,---,---,---,---,---,X,---,---,---,---,X,X,X,---,---,---,---,---,---,---,---,---,Pure Direct mode On/Off,0000 0071 0000 0022 0020 0020 0020 0020 0020 0020 0040 0020 0020 0020 0020 0020 0020 00C1 0040 0020 0020 0020 0020 0040 0040 0020 0020 0020 0020 0020 0020 0020 0020 0020 0020 0040 0020 0AAB 0020 0020 0020 0020 0020 0020 0040 0020 0020 0020 0020 0020 0020 00C1 0040 0020 0020 0020 0020 0040 0040 0020 0020 0020 0020 0020 0020 0020 0020 0020 0020 0040 0020 04B0,,
,,Direct Mode,16,34,02,16 34 02,X,---,X,---,---,---,---,---,---,---,---,---,---,---,---,---,---,X,X,---,---,---,---,---,X,X,X,---,,,,,,,X,X,X,---,---,---,---,---,---,---,---,---,---,X,X,X,---,X,X,X,---,---,---,---,---,---,---,---,---,---,---,---,---,Select Direct mode,,,
,,Pure Direct,16,34,03,16 34 03,X,---,X,---,---,---,---,---,---,---,---,---,---,---,---,---,---,X,X,---,---,---,---,---,X,X,X,---,,,,,,,X,X,X,---,---,---,---,---,---,---,---,---,---,X,X,X,---,X,X,X,---,---,---,---,---,---,---,---,---,---,---,---,---,Select Pure Direct mode,,,
,,All Zone Stereo ON/OFF,16,100,02,16 100 00,X,---,---,---,---,---,---,---,---,---,---,---,---,---,---,---,---,X,---,---,---,---,---,---,X,---,---,---,---,---,---,---,---,---,X,---,---,---,---,---,---,---,---,---,---,---,---,X,---,---,---,---,---,---,---,---,---,---,---,---,---,---,---,---,---,---,---,All Zone Stereo On/Off,0000 0073 000F 0000 0040 0020 0020 0040 0040 0020 0020 0020 0020 0020 0020 00C0 0040 0020 0020 0040 0040 0020 0020 0020 0020 0020 0020 0020 0020 0020 0020 0040 0040 09B7,,
,,All Zone Stereo ON,16,100,00,16 100 01,X,---,---,---,---,---,---,---,---,---,---,---,---,---,---,---,---,X,---,---,---,---,---,---,X,---,---,---,---,---,---,---,---,---,X,---,---,---,---,---,---,---,---,---,---,---,---,X,---,---,---,---,---,---,---,---,---,---,---,---,---,---,---,---,---,---,---,All Zone Stereo On,0000 0073 0010 0000 0040 0020 0020 0040 0040 0020 0020 0020 0020 0020 0020 00C0 0040 0020 0020 0040 0040 0020 0020 0020 0020 0020 0020 0020 0020 0020 0020 0020 0020 0020 0020 09B7,,
,,All Zone Stereo OFF,16,100,01,16 100 02,X,---,---,---,---,---,---,---,---,---,---,---,---,---,---,---,---,X,---,---,---,---,---,---,X,---,---,---,---,---,---,---,---,---,X,---,---,---,---,---,---,---,---,---,---,---,---,X,---,---,---,---,---,---,---,---,---,---,---,---,---,---,---,---,---,---,---,All Zone Stereo Off,0000 0073 0010 0000 0040 0020 0020 0040 0040 0020 0020 0020 0020 0020 0020 00C0 0040 0020 0020 0040 0040 0020 0020 0020 0020 0020 0020 0020 0020 0020 0020 0020 0020 0040 0020 09B7,,
,Sound,NIGHT (Toggle),16,37,42,16 37 42,---,X,---,---,X,X,X,X,X,X,X,X,X,X,X,X,X,---,---,---,X,X,X,X,---,---,---,---,X,X,X,X,X,X,---,---,---,---,X,X,X,X,X,X,X,X,X,---,---,---,---,---,---,---,X,X,X,X,X,X,X,X,X,X,---,---,---,Night mode(compression )On/Off,0000 0071 0000 001A 0020 0020 0040 0040 0040 0020 0020 0020 0020 0020 0020 00C1 0040 0020 0020 0040 0040 0040 0020 0020 0040 0040 0040 0040 0040 0AAB 0020 0020 0040 0040 0040 0020 0020 0020 0020 0020 0020 00C1 0040 0020 0020 0040 0040 0040 0020 0020 0040 0040 0040 0040 0040 04B0,,
,Effect,Re-EQ (Toggle),16,37,44,16 37 44,---,X,---,---,X,X,X,X,X,X,---,---,X,X,---,---,---,---,---,---,X,X,---,---,---,---,---,---,X,X,X,---,---,---,---,---,---,X,X,X,---,---,---,---,---,---,---,---,---,---,X,---,---,---,---,X,---,---,---,---,---,---,---,---,---,---,---,Re-EQ On/Off,0000 0071 0000 001C 0020 0020 0040 0040 0040 0020 0020 0020 0020 0020 0020 00C1 0040 0020 0020 0040 0040 0040 0020 0020 0040 0040 0020 0020 0040 0020 0020 0AAB 0020 0020 0040 0040 0040 0020 0020 0020 0020 0020 0020 00C1 0040 0020 0020 0040 0040 0040 0020 0020 0040 0040 0020 0020 0040 0020 0020 04B0,,
,,HT-EQ (Toggle),16,64,11,16 64 11,X,---,X,---,---,---,---,---,---,---,---,X,---,---,---,---,---,X,X,---,---,---,X,---,X,X,X,---,X,X,---,X,X,---,X,X,X,X,---,---,X,X,X,X,X,X,---,X,X,X,X,X,X,X,X,---,X,X,X,X,X,X,---,X,---,---,---,HT-EQ On/Off,0000 0071 0000 0024 0040 0020 0020 0040 0040 0020 0020 0020 0020 0020 0020 00A1 0020 0020 0020 0020 0020 0020 0020 0020 0020 0020 0020 0020 0020 0020 0020 0040 0040 0040 0020 0020 0020 0AAA 0040 0020 0020 0040 0040 0020 0020 0020 0020 0020 0020 00A1 0020 0020 0020 0020 0020 0020 0020 0020 0020 0020 0020 0020 0020 0020 0020 0040 0040 0040 0020 0020 0020 0AAA 0040 0020 0020 04AB,,
,,Loudness Management ON/OFF(Toggle),16,64,19,16 64 19,X,---,X,---,---,---,---,---,---,---,---,X,---,---,---,---,---,X,X,---,---,---,---,---,X,X,---,---,---,---,---,---,---,---,X,X,---,---,---,---,---,---,---,---,---,---,---,X,X,---,---,X,X,---,---,---,---,---,---,---,---,---,---,---,---,---,---,Loudness Management On/Off,,,
,,M-DAX,16,22,04,16 22 04,X,X,X,X,---,---,---,---,X,---,---,---,---,---,---,---,---,X,X,X,X,---,---,---,X,X,X,X,X,X,---,---,---,---,X,X,X,X,X,X,---,---,---,---,---,---,---,X,X,X,X,X,X,X,---,---,---,---,---,---,---,---,---,---,---,---,---,M-DAX Mode toggle,0000 0071 0000 0020 0020 0020 0020 0020 0020 0020 0040 0020 0020 0020 0020 0020 0020 00A1 0020 0040 0040 0040 0020 0020 0040 0020 0020 0020 0020 0020 0020 0040 0040 0020 0020 0AAB 0020 0020 0020 0020 0020 0020 0040 0020 0020 0020 0020 0020 0020 00A1 0020 0040 0040 0040 0020 0020 0040 0020 0020 0020 0020 0020 0020 0040 0040 0020 0020 04B0,,
,,M-DAX OFF,16,22,06,16 22 06,X,X,X,X,---,---,---,---,X,---,---,---,---,---,---,---,---,X,X,X,X,---,---,---,X,X,X,X,X,X,---,---,---,---,X,X,X,X,X,X,---,---,---,---,---,---,---,X,X,X,X,X,X,X,---,---,---,---,---,---,---,---,---,---,---,---,---,M-DAX Mode: Off,0000 0071 0000 001E 0020 0020 0040 0040 0040 0020 0020 0020 0020 0020 0020 00A1 0020 0040 0040 0040 0020 0020 0040 0020 0020 0020 0020 0020 0020 0040 0020 0020 0040 0AAB 0020 0020 0040 0040 0040 0020 0020 0020 0020 0020 0020 00A1 0020 0040 0040 0040 0020 0020 0040 0020 0020 0020 0020 0020 0020 0040 0020 0020 0040 04B0,,
,,M-DAX HIGH,16,22,07,16 22 07,X,X,X,X,---,---,---,---,X,---,---,---,---,---,---,---,---,X,X,X,X,---,---,---,X,X,X,X,X,X,---,---,---,---,X,X,X,X,X,X,---,---,---,---,---,---,---,X,X,X,X,X,X,X,---,---,---,---,---,---,---,---,---,---,---,---,---,M-DAX Mode: High,0000 0071 0000 0022 0020 0020 0020 0020 0020 0020 0040 0020 0020 0020 0020 0020 0020 00A1 0020 0040 0040 0040 0020 0020 0040 0020 0020 0020 0020 0020 0020 0040 0020 0020 0020 0020 0020 0AAB 0020 0020 0020 0020 0020 0020 0040 0020 0020 0020 0020 0020 0020 00A1 0020 0040 0040 0040 0020 0020 0040 0020 0020 0020 0020 0020 0020 0040 0020 0020 0020 0020 0020 04B0,,
,,M-DAX LOW,16,22,08,16 22 08,X,X,X,X,---,---,---,---,X,---,---,---,---,---,---,---,---,X,X,X,X,---,---,---,X,X,X,X,X,X,---,---,---,---,X,X,X,X,X,X,---,---,---,---,---,---,---,X,X,X,X,X,X,X,---,---,---,---,---,---,---,---,---,---,---,---,---,M-DAX Mode: Low,0000 0071 0000 001E 0020 0020 0040 0040 0040 0020 0020 0020 0020 0020 0020 00A1 0020 0040 0040 0040 0020 0020 0040 0020 0020 0020 0020 0040 0040 0020 0020 0020 0020 0AAB 0020 0020 0040 0040 0040 0020 0020 0020 0020 0020 0020 00A1 0020 0040 0040 0040 0020 0020 0040 0020 0020 0020 0020 0040 0040 0020 0020 0020 0020 04B0,,
,,M-DAX MID,16,22,09,16 22 09,X,---,X,X,---,---,---,---,---,---,---,---,---,---,---,---,---,X,X,X,---,---,---,---,X,X,X,X,---,,,,,,X,X,X,X,---,,---,---,---,---,---,---,---,X,X,X,X,X,X,X,---,---,---,---,---,---,---,---,---,---,---,---,---,M-DAX Mode: Mid,0000 0071 0000 0023 0020 0020 0040 0040 0040 0020 0020 0020 0020 0020 0020 00A1 0020 0040 0040 0040 0020 0020 0040 0020 0020 0020 0020 0040 0040 0020 0020 0040 0020 0AA3 0020 0020 0040 0040 0040 0020 0020 0020 0020 0020 0020 00A1 0020 0040 0040 0040 0020 0020 0040 0020 0020 0020 0020 0040 0040 0020 0020 0040 0020 0AA3 0020 0020 0040 0040 0040 0020 0020 0020 0020 04A7,,
,,Bass Sync UP,16,22,12,16 22 12,X,---,---,---,---,---,---,---,---,---,---,---,---,---,---,---,---,---,---,---,---,---,---,---,---,---,---,---,---,---,---,---,---,---,---,---,---,---,---,---,---,---,---,---,---,---,---,---,---,---,---,---,---,---,---,---,---,---,---,---,---,---,---,---,---,---,---,Bass Sync Up,,,
,,Bass Sync DOWN,16,22,22,16 22 22,X,---,---,---,---,---,---,---,---,---,---,---,---,---,---,---,---,---,---,---,---,---,---,---,---,---,---,---,---,---,---,---,---,---,---,---,---,---,---,---,---,---,---,---,---,---,---,---,---,---,---,---,---,---,---,---,---,---,---,---,---,---,---,---,---,---,---,Bass Sync Down,,,
,Tone /,TONE CONTROL ON/OFF (Toggle),16,22,01,16 22 01,X,---,X,---,---,---,---,---,---,---,---,---,---,---,---,---,---,X,X,---,---,---,---,---,X,X,X,---,---,---,---,---,---,---,X,X,X,---,---,---,---,---,---,---,---,---,---,X,X,X,---,X,X,X,---,---,---,---,---,---,---,---,---,---,---,---,---,Tone On/Off toggle,0000 0071 0000 0022 0020 0020 0020 0020 0020 0020 0040 0020 0020 0020 0020 0020 0020 00A1 0020 0040 0040 0040 0020 0020 0040 0020 0020 0020 0020 0020 0020 0020 0020 0020 0020 0040 0020 0AAC 0020 0020 0020 0020 0020 0020 0040 0020 0020 0020 0020 0020 0020 00A1 0020 0040 0040 0040 0020 0020 0040 0020 0020 0020 0020 0020 0020 0020 0020 0020 0020 0040 0020 04AC,,
,,TONE CONTROL OFF,16,22,10,16 22 10,X,---,X,---,---,---,---,---,---,---,---,---,---,---,---,---,---,X,X,---,---,---,---,---,X,X,X,---,---,---,---,---,---,---,X,X,X,---,---,---,---,---,---,---,---,---,---,X,X,X,---,X,X,X,---,---,---,---,---,---,---,---,---,---,---,---,---,Tone Control Off,,,
,,TONE CONTROL ON,16,22,11,16 22 11,X,---,X,---,---,---,---,---,---,---,---,---,---,---,---,---,---,X,X,---,---,---,---,---,X,X,X,---,---,---,---,---,---,---,X,X,X,---,---,---,---,---,---,---,---,---,---,X,X,X,---,X,X,X,---,---,---,---,---,---,---,---,---,---,---,---,---,Tone Control On,,,
,Balance /,BASS +,16,22,---,16 22,X,X,X,X,X,X,X,X,X,X,X,X,X,X,X,X,X,X,X,X,X,X,X,X,X,X,X,X,X,X,X,X,X,X,X,X,X,X,X,X,X,X,X,X,X,X,X,X,X,X,X,X,X,X,X,X,X,X,X,X,X,X,X,X,X,X,X,Tone Control Bass Up,0000 0073 0000 001A 0020 0020 0020 0020 0020 0020 0040 0020 0020 0020 0020 0020 0020 0020 0020 0040 0040 0040 0020 0020 0040 0C78 0020 0020 0020 0020 0020 0020 0040 0020 0020 0020 0020 0020 0020 0020 0020 0040 0040 0040 0020 0020 0040 0C78 0020 0020 0020 0020 0020 0020 0040 0493,,
,Trim,BASS -,16,23,---,16 23,X,X,X,X,X,X,X,X,X,X,X,X,X,X,X,X,X,X,X,X,X,X,X,X,X,X,X,X,X,X,X,X,X,X,X,X,X,X,X,X,X,X,X,X,X,X,X,X,X,X,X,X,X,X,X,X,X,X,X,X,X,X,X,X,X,X,X,Tone Control Bass Down,0000 0071 0000 0018 0020 0020 0020 0020 0020 0020 0041 0020 0020 0020 0020 0020 0020 0020 0020 0041 0041 0041 0020 0020 0020 0020 0020 0CEE 0020 0020 0020 0020 0020 0020 0041 0020 0020 0020 0020 0020 0020 0020 0020 0041 0041 0041 0020 0020 0020 0020 0020 04B0,,
,,TREBLE +,16,24,---,16 24,X,X,X,X,X,X,X,X,X,X,X,X,X,X,X,X,X,X,X,X,X,X,X,X,X,X,X,X,X,X,X,X,X,X,X,X,X,X,X,X,X,X,X,X,X,X,X,X,X,X,X,X,X,X,X,X,X,X,X,X,X,X,X,X,X,X,X,Tone Control Treble  Up,0000 0071 0000 0016 0021 0021 0041 0041 0041 0021 0021 0021 0021 0021 0021 0021 0021 0041 0021 0021 0041 0021 0021 0021 0021 0CEE 0021 0021 0041 0041 0041 0021 0021 0021 0021 0021 0021 0021 0021 0041 0021 0021 0041 0021 0021 0021 0021 04B0,,
,,TREBLE -,16,25,---,16 25,X,X,X,X,X,X,X,X,X,X,X,X,X,X,X,X,X,X,X,X,X,X,X,X,X,X,X,X,X,X,X,X,X,X,X,X,X,X,X,X,X,X,X,X,X,X,X,X,X,X,X,X,X,X,X,X,X,X,X,X,X,X,X,X,X,X,X,Tone Control Treble Down,0000 0071 0000 0018 0020 0020 0020 0020 0020 0020 0041 0020 0020 0020 0020 0020 0020 0020 0020 0041 0020 0020 0041 0020 0020 0041 0020 0CEE 0020 0020 0020 0020 0020 0020 0041 0020 0020 0020 0020 0020 0020 0020 0020 0041 0020 0020 0041 0020 0020 0041 0020 04B0,,
,,TEST TONE,16,37,21,16 37 21,X,X,X,X,X,X,X,X,X,X,X,X,X,X,---,---,---,X,X,X,X,X,X,X,X,X,X,X,X,X,X,X,X,X,X,X,X,X,X,X,X,X,X,X,X,X,X,X,X,X,X,X,X,X,X,X,X,X,X,X,X,X,X,X,---,---,---,Jump to Test tone menu,,,
,,Volume Reset,16,37,31,16 37 31,---,---,---,---,---,---,---,---,---,---,---,---,---,---,X,X,X,---,---,---,---,---,---,---,---,---,---,---,---,---,---,---,---,---,---,---,---,---,---,---,---,---,---,---,---,---,---,---,---,---,---,---,---,---,---,---,---,---,---,---,---,---,---,---,---,---,---,Reset the main volume by holding over 3sec. This button,,,
,,CH. SELECT,16,37,33,16 37 33,---,X,---,X,X,X,X,X,X,X,X,X,X,X,X,X,X,---,---,X,X,X,X,---,---,---,X,X,X,X,X,X,X,---,---,---,X,X,X,X,X,X,X,X,X,X,---,---,---,X,X,---,---,X,X,X,X,X,X,X,X,X,X,X,---,---,---,Channel select  Jump to Surr Menu or Jump to 7.1 level menu,,,
,,CH. LEVEL +,16,37,34,16 37 34,---,X,---,---,X,X,X,X,X,X,X,X,X,X,X,X,X,---,---,---,X,X,X,---,---,---,X,---,X,X,X,X,---,---,---,---,X,---,X,X,X,X,X,X,X,---,---,---,---,X,---,---,---,X,X,X,X,X,X,X,---,---,X,X,---,---,---,Channel Level control up,,,
,,CH. LEVEL -,16,37,35,16 37 35,---,X,---,---,X,X,X,X,X,X,X,X,X,X,X,X,X,---,---,---,X,X,X,---,---,---,X,---,X,X,X,X,---,---,---,---,X,---,X,X,X,X,X,X,X,---,---,---,---,X,---,---,---,X,X,X,X,X,X,X,---,---,X,X,---,---,---,Channel Level control down,,,
,,BALANCE RIGHT,16,26,---,16 26,---,---,---,---,---,---,---,---,---,---,---,---,---,---,---,---,---,---,---,---,---,---,---,---,---,---,---,---,---,---,---,---,---,---,---,---,---,---,---,---,---,---,---,---,---,---,---,---,---,---,---,---,---,---,---,---,---,---,---,---,---,---,---,---,---,X,X,Balance Control (Right Up),,,
,,BALANCE LEFT,16,27,---,16 27,---,---,---,---,---,---,---,---,---,---,---,---,---,---,---,---,---,---,---,---,---,---,---,---,---,---,---,---,---,---,---,---,---,---,---,---,---,---,---,---,---,---,---,---,---,---,---,---,---,---,---,---,---,---,---,---,---,---,---,---,---,---,---,---,---,X,X,Balance Control (Left Up),,,
,,Front L (A-TRIM) + (Up),16,26,01,16 26 01,X,---,X,---,---,---,---,---,---,---,---,---,---,---,---,---,---,X,X,---,---,---,---,---,X,X,X,---,---,---,---,---,---,---,X,X,X,---,---,---,---,---,---,---,---,---,---,X,X,X,---,X,X,X,---,---,---,---,---,---,---,---,---,---,---,---,---,Front L channel Volume up,,,
,,Front L (A-TRIM) - (Down),16,26,02,16 26 02,X,---,X,---,---,---,---,---,---,---,---,---,---,---,---,---,---,X,X,---,---,---,---,---,X,X,X,---,---,---,---,---,---,---,X,X,X,---,---,---,---,---,---,---,---,---,---,X,X,X,---,X,X,X,---,---,---,---,---,---,---,---,---,---,---,---,---,Front L channel Volume down,,,
,,Front R (B-TRIM) + (Up),16,26,03,16 26 03,X,---,X,---,---,---,---,---,---,---,---,---,---,---,---,---,---,X,X,---,---,---,---,---,X,X,X,---,---,---,---,---,---,---,X,X,X,---,---,---,---,---,---,---,---,---,---,X,X,X,---,X,X,X,---,---,---,---,---,---,---,---,---,---,---,---,---,Front R channel Volume up,,,
,,Front R (B-TRIM) - (Down),16,26,04,16 26 04,X,---,X,---,---,---,---,---,---,---,---,---,---,---,---,---,---,X,X,---,---,---,---,---,X,X,X,---,---,---,---,---,---,---,X,X,X,---,---,---,---,---,---,---,---,---,---,X,X,X,---,X,X,X,---,---,---,---,---,---,---,---,---,---,---,---,---,Front R channel Volume down,,,
,,Surround L + (Up),16,26,05,16 26 05,X,---,X,---,---,---,---,---,---,---,---,---,---,---,---,---,---,X,X,---,---,---,---,---,X,X,X,---,---,---,---,---,---,---,X,X,X,---,---,---,---,---,---,---,---,---,---,X,X,X,---,X,X,X,---,---,---,---,---,---,---,---,---,---,---,---,---,Surround L channel Volume up,,,
,,Surround L - (Down),16,26,06,16 26 06,X,---,X,---,---,---,---,---,---,---,---,---,---,---,---,---,---,X,X,---,---,---,---,---,X,X,X,---,---,---,---,---,---,---,X,X,X,---,---,---,---,---,---,---,---,---,---,X,X,X,---,X,X,X,---,---,---,---,---,---,---,---,---,---,---,---,---,Surround L channel Volume down,,,
,,Surround R + (Up),16,26,07,16 26 07,X,---,X,---,---,---,---,---,---,---,---,---,---,---,---,---,---,X,X,---,---,---,---,---,X,X,X,---,---,---,---,---,---,---,X,X,X,---,---,---,---,---,---,---,---,---,---,X,X,X,---,X,X,X,---,---,---,---,---,---,---,---,---,---,---,---,---,Surround R channel Volume up,,,
,,Surround R - (Down),16,26,08,16 26 08,X,---,X,---,---,---,---,---,---,---,---,---,---,---,---,---,---,X,X,---,---,---,---,---,X,X,X,---,---,---,---,---,---,---,X,X,X,---,---,---,---,---,---,---,---,---,---,X,X,X,---,X,X,X,---,---,---,---,---,---,---,---,---,---,---,---,---,Surround R channel Volume down,,,
,,Surround Back L + (Up),16,26,09,16 26 09,X,---,X,---,---,---,---,---,---,---,---,---,---,---,---,---,---,X,X,---,---,---,---,---,X,X,X,---,---,---,---,---,---,---,X,X,X,---,---,---,---,---,---,---,---,---,---,X,X,X,---,X,X,X,---,---,---,---,---,---,---,---,---,---,---,---,---,Surround Back L channel Volume up,,,
,,Surround Back L - (Down),16,26,10,16 26 10,X,---,X,---,---,---,---,---,---,---,---,---,---,---,---,---,---,X,X,---,---,---,---,---,X,X,X,---,---,---,---,---,---,---,X,X,X,---,---,---,---,---,---,---,---,---,---,X,X,X,---,X,X,X,---,---,---,---,---,---,---,---,---,---,---,---,---,Surround  Back L channel Volume down,,,
,,Surround Back R + (Up),16,26,11,16 26 11,X,---,X,---,---,---,---,---,---,---,---,---,---,---,---,---,---,X,X,---,---,---,---,---,X,X,X,---,---,---,---,---,---,---,X,X,X,---,---,---,---,---,---,---,---,---,---,X,X,X,---,X,X,X,---,---,---,---,---,---,---,---,---,---,---,---,---,Surround  Back R channel Volume up,,,
,,Surround Back R - (Down),16,26,12,16 26 12,X,---,X,---,---,---,---,---,---,---,---,---,---,---,---,---,---,X,X,---,---,---,---,---,X,X,X,---,---,---,---,---,---,---,X,X,X,---,---,---,---,---,---,---,---,---,---,X,X,X,---,X,X,X,---,---,---,---,---,---,---,---,---,---,---,---,---,Surround  Back R channel Volume down,,,
,,Front Wide L + (Up),16,26,13,17 26 13,X,---,X,---,---,---,---,---,---,---,---,---,---,---,---,---,---,X,X,---,---,---,---,---,X,X,X,---,---,---,---,---,---,---,---,---,---,---,---,---,---,---,---,---,---,---,---,---,---,---,---,---,---,---,---,---,---,---,---,---,---,---,---,---,---,---,---,Front Wide L channel Volume up,,,
,,Front Wide L - (Down),16,26,14,18 26 14,X,---,X,---,---,---,---,---,---,---,---,---,---,---,---,---,---,X,X,---,---,---,---,---,X,X,X,---,---,---,---,---,---,---,---,---,---,---,---,---,---,---,---,---,---,---,---,---,---,---,---,---,---,---,---,---,---,---,---,---,---,---,---,---,---,---,---,Front Wide L channel Volume down,,,
,,Front Wide R + (Up),16,26,15,19 26 15,X,---,X,---,---,---,---,---,---,---,---,---,---,---,---,---,---,X,X,---,---,---,---,---,X,X,X,---,---,---,---,---,---,---,---,---,---,---,---,---,---,---,---,---,---,---,---,---,---,---,---,---,---,---,---,---,---,---,---,---,---,---,---,---,---,---,---,Front Wide R channel Volume up,,,
,,Front Wide R - (Down),16,26,16,20 26 16,X,---,X,---,---,---,---,---,---,---,---,---,---,---,---,---,---,X,X,---,---,---,---,---,X,X,X,---,---,---,---,---,---,---,---,---,---,---,---,---,---,---,---,---,---,---,---,---,---,---,---,---,---,---,---,---,---,---,---,---,---,---,---,---,---,---,---,Front Wide R channel Volume down,,,
,,Front Height L + (Up),16,26,17,16 26 17,X,---,X,---,---,---,---,---,---,---,---,---,---,---,---,---,---,X,X,---,---,---,---,---,X,X,X,---,---,---,---,---,---,---,X,X,X,---,---,---,---,---,---,---,---,---,---,X,X,X,---,---,---,---,---,---,---,---,---,---,---,---,---,---,---,---,---,Front Height L channel Volume up,,,
,,Front Height L - (Down),16,26,18,16 26 18,X,---,X,---,---,---,---,---,---,---,---,---,---,---,---,---,---,X,X,---,---,---,---,---,X,X,X,---,---,---,---,---,---,---,X,X,X,---,---,---,---,---,---,---,---,---,---,X,X,X,---,---,---,---,---,---,---,---,---,---,---,---,---,---,---,---,---,Front Height L channel Volume down,,,
,,Front Height R + (Up),16,26,19,16 26 19,X,---,X,---,---,---,---,---,---,---,---,---,---,---,---,---,---,X,X,---,---,---,---,---,X,X,X,---,---,---,---,---,---,---,X,X,X,---,---,---,---,---,---,---,---,---,---,X,X,X,---,---,---,---,---,---,---,---,---,---,---,---,---,---,---,---,---,Front Height R channel Volume up,,,
,,Front Height R - (Down),16,26,20,16 26 20,X,---,X,---,---,---,---,---,---,---,---,---,---,---,---,---,---,X,X,---,---,---,---,---,X,X,X,---,---,---,---,---,---,---,X,X,X,---,---,---,---,---,---,---,---,---,---,X,X,X,---,---,---,---,---,---,---,---,---,---,---,---,---,---,---,---,---,Front Height R channel Volume down,,,
,,Center + (Up),16,37,11,16 37 11,X,---,X,---,---,---,---,---,---,---,---,---,---,---,---,---,---,X,X,---,---,---,---,---,X,X,X,---,---,---,---,---,---,---,X,X,X,---,---,---,---,---,---,---,---,---,---,X,X,X,X,X,X,X,---,---,---,---,---,---,---,---,---,---,---,---,---,Center Channel Volume up,,,
,,Center - (Down),16,37,12,16 37 12,X,---,X,---,---,---,---,---,---,---,---,---,---,---,---,---,---,X,X,---,---,---,---,---,X,X,X,---,---,---,---,---,---,---,X,X,X,---,---,---,---,---,---,---,---,---,---,X,X,X,X,X,X,X,---,---,---,---,---,---,---,---,---,---,---,---,---,Center Channel Volume down,,,
,,Subwoofer + (Up),16,37,49,16 37 49,X,---,X,---,---,---,---,---,---,---,---,---,---,---,---,---,---,X,X,---,---,---,---,---,X,X,X,---,---,---,---,---,---,---,X,X,X,---,---,---,---,---,---,---,---,---,---,X,X,X,X,X,X,X,---,---,---,---,---,---,---,---,---,---,---,---,---,Subwoofer channel Volume up,,,
,,Subwoofer - (Down),16,37,50,16 37 50,X,---,X,---,---,---,---,---,---,---,---,---,---,---,---,---,---,X,X,---,---,---,---,---,X,X,X,---,---,---,---,---,---,---,X,X,X,---,---,---,---,---,---,---,---,---,---,X,X,X,X,X,X,X,---,---,---,---,---,---,---,---,---,---,---,---,---,Subwoofer channel Volume down,,,
,,Subwoofer 2 + (Up),16,64,23,16 64 23,X,---,---,---,---,---,---,---,---,---,---,---,---,---,---,---,---,X,---,---,---,---,---,---,---,---,---,---,---,---,---,---,---,---,---,---,---,---,---,---,---,---,---,---,---,---,---,---,---,---,---,---,---,---,---,---,---,---,---,---,---,---,---,---,---,---,---,Subwoofer 2 channel Volume up,,,
,,Subwoofer 2 - (Down),16,64,24,16 64 24,X,---,---,---,---,---,---,---,---,---,---,---,---,---,---,---,---,X,---,---,---,---,---,---,---,---,---,---,---,---,---,---,---,---,---,---,---,---,---,---,---,---,---,---,---,---,---,---,---,---,---,---,---,---,---,---,---,---,---,---,---,---,---,---,---,---,---,Subwoofer 2 channel Volume down,,,
Main,Audyssey,Audyssey MultEQ: OFF,16,28,00,16 28 00,---,X,---,---,---,---,---,---,X,---,---,---,---,---,---,---,---,---,---,---,X,---,---,---,---,---,---,---,X,X,---,---,---,---,---,---,---,---,X,X,---,---,---,---,---,---,---,---,---,---,---,---,---,---,---,---,---,---,---,---,---,---,---,---,---,---,---,Select Audyssey MultEQ mode: Off,0000 0071 0000 0022 0020 0020 0040 0040 0040 0020 0020 0020 0020 0020 0020 00A1 0020 0040 0020 0020 0020 0020 0040 0020 0020 0020 0020 0020 0020 0020 0020 0020 0020 0020 0020 0020 0020 0AAB 0020 0020 0040 0040 0040 0020 0020 0020 0020 0020 0020 00A1 0020 0040 0020 0020 0020 0020 0040 0020 0020 0020 0020 0020 0020 0020 0020 0020 0020 0020 0020 0020 0020 04B0,,
Zone,,Audyssey MultEQ MODE (Toggle),16,28,02,16 28 02,X,X,X,X,---,---,---,---,X,---,---,---,---,---,---,---,---,X,X,X,X,---,---,---,X,X,X,X,X,X,---,---,---,---,X,X,X,X,X,X,---,---,---,---,---,---,---,X,X,X,X,X,X,X,X (Room EQ),---,---,---,---,---,---,---,---,---,---,---,---,Select Audyssey MultEQ mode toggle or Room EQ On/Off,0000 0071 0000 0022 0020 0020 0020 0020 0020 0020 0040 0020 0020 0020 0020 0020 0020 00A1 0020 0040 0020 0020 0020 0020 0040 0020 0020 0020 0020 0020 0020 0020 0020 0020 0020 0040 0040 0AAB 0020 0020 0020 0020 0020 0020 0040 0020 0020 0020 0020 0020 0020 00A1 0020 0040 0020 0020 0020 0020 0040 0020 0020 0020 0020 0020 0020 0020 0020 0020 0020 0040 0040 04B0,,
,,Audyssey MultEQ MODE: UP,16,28,03,16 28 03,---,X,---,---,---,---,---,---,X,---,---,---,---,---,---,---,---,---,---,---,X,---,---,---,---,---,---,---,X,X,---,---,---,---,---,---,---,---,X,X,---,---,---,---,---,---,---,---,---,---,---,---,---,---,---,---,---,---,---,---,---,---,---,---,---,---,---,Select Audyssey MultEQ mode to up direction,0000 0071 0000 0024 0020 0020 0020 0020 0020 0020 0040 0020 0020 0020 0020 0020 0020 00A1 0020 0040 0020 0020 0020 0020 0040 0020 0020 0020 0020 0020 0020 0020 0020 0020 0020 0040 0020 0020 0020 0AAB 0020 0020 0020 0020 0020 0020 0040 0020 0020 0020 0020 0020 0020 00A1 0020 0040 0020 0020 0020 0020 0040 0020 0020 0020 0020 0020 0020 0020 0020 0020 0020 0040 0020 0020 0020 04B0,,
,,Audyssey MultEQ MODE: DOWN,16,28,04,16 28 04,---,X,---,---,---,---,---,---,X,---,---,---,---,---,---,---,---,---,---,---,X,---,---,---,---,---,---,---,X,X,---,---,---,---,---,---,---,---,X,X,---,---,---,---,---,---,---,---,---,---,---,---,---,---,---,---,---,---,---,---,---,---,---,---,---,---,---,Select Audyssey MultEQ mode to down direction,0000 0071 0000 0020 0020 0020 0040 0040 0040 0020 0020 0020 0020 0020 0020 00A1 0020 0040 0020 0020 0020 0020 0040 0020 0020 0020 0020 0020 0020 0020 0020 0040 0040 0020 0020 0AAB 0020 0020 0040 0040 0040 0020 0020 0020 0020 0020 0020 00A1 0020 0040 0020 0020 0020 0020 0040 0020 0020 0020 0020 0020 0020 0020 0020 0040 0040 0020 0020 04B0,,
,,Audyssey MultEQ: MODE-1,16,28,05,16 28 05,---,X,---,---,---,---,---,---,X,---,---,---,---,---,---,---,---,---,---,---,X,---,---,---,---,---,---,---,X,X,---,---,---,---,---,---,---,---,X,X,---,---,---,---,---,---,---,---,---,---,---,---,---,---,---,---,---,---,---,---,---,---,---,---,---,---,---,Select Audyssey MultEQ mode: Preset,0000 0071 0000 0022 0020 0020 0020 0020 0020 0020 0040 0020 0020 0020 0020 0020 0020 00A1 0020 0040 0020 0020 0020 0020 0040 0020 0020 0020 0020 0020 0020 0020 0020 0040 0040 0040 0020 0AAB 0020 0020 0020 0020 0020 0020 0040 0020 0020 0020 0020 0020 0020 00A1 0020 0040 0020 0020 0020 0020 0040 0020 0020 0020 0020 0020 0020 0020 0020 0040 0040 0040 0020 04B0,,
,,Audyssey MultEQ: MODE-3,16,28,07,16 28 07,---,X,---,---,---,---,---,---,X,---,---,---,---,---,---,---,---,---,---,---,X,---,---,---,---,---,---,---,X,X,---,---,---,---,---,---,---,---,X,X,---,---,---,---,---,---,---,---,---,---,---,---,---,---,---,---,---,---,---,---,---,---,---,---,---,---,---,Select Audyssey MultEQ mode: Front Curve,0000 0071 0000 0024 0020 0020 0020 0020 0020 0020 0040 0020 0020 0020 0020 0020 0020 00A1 0020 0040 0020 0020 0020 0020 0040 0020 0020 0020 0020 0020 0020 0020 0020 0040 0020 0020 0020 0020 0020 0AAB 0020 0020 0020 0020 0020 0020 0040 0020 0020 0020 0020 0020 0020 00A1 0020 0040 0020 0020 0020 0020 0040 0020 0020 0020 0020 0020 0020 0020 0020 0040 0020 0020 0020 0020 0020 04B0,,
,,Audyssey MultEQ: MODE-4,16,28,08,16 28 08,---,X,---,---,---,---,---,---,X,---,---,---,---,---,---,---,---,---,---,---,X,---,---,---,---,---,---,---,X,X,---,---,---,---,---,---,---,---,X,X,---,---,---,---,---,---,---,---,---,---,---,---,---,---,---,---,---,---,---,---,---,---,---,---,---,---,---,Select Audyssey MultEQ mode: Flat Curve,0000 0071 0000 0020 0020 0020 0040 0040 0040 0020 0020 0020 0020 0020 0020 00A1 0020 0040 0020 0020 0020 0020 0040 0020 0020 0020 0020 0020 0020 0040 0040 0020 0020 0020 0020 0AAB 0020 0020 0040 0040 0040 0020 0020 0020 0020 0020 0020 00A1 0020 0040 0020 0020 0020 0020 0040 0020 0020 0020 0020 0020 0020 0040 0040 0020 0020 0020 0020 04B0,,
,,Audyssey MultEQ: MODE-5,16,28,09,16 28 09,---,X,---,---,---,---,---,---,X,---,---,---,---,---,---,---,---,---,---,---,X,---,---,---,---,---,---,---,X,X,---,---,---,---,---,---,---,---,X,X,---,---,---,---,---,---,---,---,---,---,---,---,---,---,---,---,---,---,---,---,---,---,---,---,---,---,---,Select Audyssey MultEQ mode: Audyssey Curve,0000 0071 0000 0022 0020 0020 0020 0020 0020 0020 0040 0020 0020 0020 0020 0020 0020 00A1 0020 0040 0020 0020 0020 0020 0040 0020 0020 0020 0020 0020 0020 0040 0040 0020 0020 0040 0020 0AAB 0020 0020 0020 0020 0020 0020 0040 0020 0020 0020 0020 0020 0020 00A1 0020 0040 0020 0020 0020 0020 0040 0020 0020 0020 0020 0020 0020 0040 0040 0020 0020 0040 0020 04B0,,
,,Audyssey Dynamic EQ/VOL,16,28,40,16 28 40,X,---,X,X,---,---,---,---,---,---,---,---,---,---,---,---,---,X,X,X,---,---,---,---,X,X,X,X,X,---,---,---,---,---,X,X,X,X,X,---,---,---,---,---,---,---,---,X,X,X,X,X,X,X,---,---,---,---,---,---,---,---,---,---,---,---,---,Select Audyssey Dynamic EQ or Volume mode,,,
,,Audyssey Dynamic EQ Mode,16,28,20,16 28 20,X,---,X,X,---,---,---,---,---,---,---,---,---,---,---,---,---,X,X,X,---,---,---,---,X,X,X,X,X,---,---,---,---,---,X,X,X,X,X,---,---,---,---,---,---,---,---,X,X,X,X,X,X,X,---,---,---,---,---,---,---,---,---,---,---,---,---,Audyssey Dynamic EQ turn On/Off,0000 0071 0000 0020 0020 0020 0020 0020 0020 0020 0040 0020 0020 0020 0020 0020 0020 00A1 0020 0040 0020 0020 0020 0020 0040 0020 0020 0020 0020 0040 0040 0040 0040 0020 0020 0AAB 0020 0020 0020 0020 0020 0020 0040 0020 0020 0020 0020 0020 0020 00A1 0020 0040 0020 0020 0020 0020 0040 0020 0020 0020 0020 0040 0040 0040 0040 0020 0020 04B0,,
,,Audyssey Dynamic EQ Mode Off,16,28,21,16 28 21,X,---,X,X,---,---,---,---,---,---,---,---,---,---,---,---,---,X,X,X,---,---,---,---,X,X,X,X,X,---,---,---,---,---,X,X,X,X,X,---,---,---,---,---,---,---,---,X,X,X,X,X,X,X,---,---,---,---,---,---,---,---,---,---,---,---,---,Audyssey Dynamic EQ turn Off,0000 0071 0000 001E 0020 0020 0040 0040 0040 0020 0020 0020 0020 0020 0020 00A1 0020 0040 0020 0020 0020 0020 0040 0020 0020 0020 0020 0040 0040 0040 0040 0040 0020 0AAB 0020 0020 0040 0040 0040 0020 0020 0020 0020 0020 0020 00A1 0020 0040 0020 0020 0020 0020 0040 0020 0020 0020 0020 0040 0040 0040 0040 0040 0020 04B0,,
,,Audyssey Dynamic EQ Mode On,16,28,22,16 28 22,X,---,X,X,---,---,---,---,---,---,---,---,---,---,---,---,---,X,X,X,---,---,---,---,X,X,X,X,X,---,---,---,---,---,X,X,X,X,X,---,---,---,---,---,---,---,---,X,X,X,X,X,X,X,---,---,---,---,---,---,---,---,---,---,---,---,---,Audyssey Dynamic EQ turn On,0000 0071 0000 0020 0020 0020 0020 0020 0020 0020 0040 0020 0020 0020 0020 0020 0020 00A1 0020 0040 0020 0020 0020 0020 0040 0020 0020 0020 0020 0040 0040 0040 0020 0020 0040 0AAB 0020 0020 0020 0020 0020 0020 0040 0020 0020 0020 0020 0020 0020 00A1 0020 0040 0020 0020 0020 0020 0040 0020 0020 0020 0020 0040 0040 0040 0020 0020 0040 04B0,,
,,Audyssey Dynamic Volume Mode,16,28,30,16 28 30,X,---,X,X,---,---,---,---,---,---,---,---,---,---,---,---,---,X,X,X,---,---,---,---,X,X,X,X,X,---,---,---,---,---,X,X,X,X,X,---,---,---,---,---,---,---,---,X,X,X,X,X,X,X,---,---,---,---,---,---,---,---,---,---,---,---,---,Turn On/Off Audyssey Dynamic Volume mode,0000 0071 0000 0020 0020 0020 0040 0040 0040 0020 0020 0020 0020 0020 0020 00A1 0020 0040 0020 0020 0020 0020 0040 0020 0020 0020 0020 0040 0020 0020 0020 0020 0020 0020 0040 0AAB 0020 0020 0040 0040 0040 0020 0020 0020 0020 0020 0020 00A1 0020 0040 0020 0020 0020 0020 0040 0020 0020 0020 0020 0040 0020 0020 0020 0020 0020 0020 0040 04B0,,
,,Audyssey Dynamic Volume Mode Off,16,28,31,16 28 31,X,---,X,X,---,---,---,---,---,---,---,---,---,---,---,---,---,X,X,X,---,---,---,---,X,X,X,X,X,---,---,---,---,---,X,X,X,X,X,---,---,---,---,---,---,---,---,X,X,X,X,X,X,X,---,---,---,---,---,---,---,---,---,---,---,---,---,Turn off Audyssey Dynamic Volume mode,0000 0071 0000 0024 0020 0020 0020 0020 0020 0020 0040 0020 0020 0020 0020 0020 0020 00A1 0020 0040 0020 0020 0020 0020 0040 0020 0020 0020 0020 0040 0020 0020 0020 0020 0020 0020 0020 0020 0020 0AAB 0020 0020 0020 0020 0020 0020 0040 0020 0020 0020 0020 0020 0020 00A1 0020 0040 0020 0020 0020 0020 0040 0020 0020 0020 0020 0040 0020 0020 0020 0020 0020 0020 0020 0020 0020 04B0,,
,,Audyssey Dynamic Volume Mode L,16,28,32,16 28 32,X,---,X,X,---,---,---,---,---,---,---,---,---,---,---,---,---,X,X,X,---,---,---,---,X,X,X,X,X,---,---,---,---,---,X,X,X,X,X,---,---,---,---,---,---,---,---,X,X,X,X,X,X,X,---,---,---,---,---,---,---,---,---,---,---,---,---,Select Audyssey Dynamic Volume mode: Light,0000 0071 0000 0022 0020 0020 0020 0020 0020 0020 0040 0020 0020 0020 0020 0020 0020 00A1 0020 0040 0020 0020 0020 0020 0040 0020 0020 0040 0040 0020 0020 0020 0020 0020 0020 0020 0020 0AAB 0020 0020 0020 0020 0020 0020 0040 0020 0020 0020 0020 0020 0020 00A1 0020 0040 0020 0020 0020 0020 0040 0020 0020 0040 0040 0020 0020 0020 0020 0020 0020 0020 0020 04B0,,
,,Audyssey Dynamic Volume Mode M,16,28,33,16 28 33,X,---,X,X,---,---,---,---,---,---,---,---,---,---,---,---,---,X,X,X,---,---,---,---,X,X,X,X,X,---,---,---,---,---,X,X,X,X,X,---,---,---,---,---,---,---,---,X,X,X,X,X,X,X,---,---,---,---,---,---,---,---,---,---,---,---,---,Select Audyssey Dynamic Volume mode: Medium,0000 0071 0000 0020 0020 0020 0040 0040 0040 0020 0020 0020 0020 0020 0020 00A1 0020 0040 0020 0020 0020 0020 0040 0020 0020 0040 0040 0020 0020 0020 0020 0020 0020 0040 0020 0AAB 0020 0020 0040 0040 0040 0020 0020 0020 0020 0020 0020 00A1 0020 0040 0020 0020 0020 0020 0040 0020 0020 0040 0040 0020 0020 0020 0020 0020 0020 0040 0020 04B0,,
,,Audyssey Dynamic Volume Mode H,16,28,34,16 28 34,X,---,X,X,---,---,---,---,---,---,---,---,---,---,---,---,---,X,X,X,---,---,---,---,X,X,X,X,X,---,---,---,---,---,X,X,X,X,X,---,---,---,---,---,---,---,---,X,X,X,X,X,X,X,---,---,---,---,---,---,---,---,---,---,---,---,---,Select Audyssey Dynamic Volume mode: Heavy,0000 0071 0000 001E 0020 0020 0040 0040 0040 0020 0020 0020 0020 0020 0020 00A1 0020 0040 0020 0020 0020 0020 0040 0020 0020 0040 0040 0020 0020 0020 0020 0040 0040 0AAB 0020 0020 0040 0040 0040 0020 0020 0020 0020 0020 0020 00A1 0020 0040 0020 0020 0020 0020 0040 0020 0020 0040 0040 0020 0020 0020 0020 0040 0040 04B0,,
,,Audyssey Dynamic EQ Offset,16,28,50,16 28 50,---,---,---,---,---,---,---,---,---,---,---,---,---,---,---,---,---,---,---,---,---,---,---,---,---,---,---,---,X,---,---,---,---,---,---,---,---,X,X,---,---,---,---,---,---,---,---,---,---,---,X,---,---,---,---,---,---,---,---,---,---,---,---,---,---,---,---,Turn On/Off Audyssey Dynamic EQ Offset function,0000 0071 0000 0020 0020 0020 0020 0020 0020 0020 0040 0020 0020 0020 0020 0020 0020 00A1 0020 0040 0020 0020 0020 0020 0040 0020 0020 0040 0020 0020 0040 0020 0020 0040 0040 0AAB 0020 0020 0020 0020 0020 0020 0040 0020 0020 0020 0020 0020 0020 00A1 0020 0040 0020 0020 0020 0020 0040 0020 0020 0040 0020 0020 0040 0020 0020 0040 0040 04B0,,
,,Audyssey Dynamic EQ Offset Off,16,28,51,16 28 51,X,---,X,X,---,---,---,---,---,---,---,---,---,---,---,---,---,X,X,X,---,---,---,---,X,X,X,X,X,---,---,---,---,---,X,X,X,X,X,---,---,---,---,---,---,---,---,X,X,X,X,X,X,X,---,---,---,---,---,---,---,---,---,---,---,---,---,Turn Off Audyssey Dynamic EQ Offset function,0000 0071 0000 0020 0020 0020 0040 0040 0040 0020 0020 0020 0020 0020 0020 00A1 0020 0040 0020 0020 0020 0020 0040 0020 0020 0040 0020 0020 0040 0020 0020 0040 0020 0020 0020 0AAB 0020 0020 0040 0040 0040 0020 0020 0020 0020 0020 0020 00A1 0020 0040 0020 0020 0020 0020 0040 0020 0020 0040 0020 0020 0040 0020 0020 0040 0020 0020 0020 04B0,,
,,Audyssey Dynamic EQ Offset -5dB,16,28,52,16 28 52,X,---,X,X,---,---,---,---,---,---,---,---,---,---,---,---,---,X,X,X,---,---,---,---,X,X,X,X,X,---,---,---,---,---,X,X,X,X,X,---,---,---,---,---,---,---,---,X,X,X,X,X,X,X,---,---,---,---,---,---,---,---,---,---,---,---,---,Select Audyssey Dynamic EQ Offset mode: -5dB,0000 0071 0000 0020 0020 0020 0020 0020 0020 0020 0040 0020 0020 0020 0020 0020 0020 00A1 0020 0040 0020 0020 0020 0020 0040 0020 0020 0040 0020 0020 0040 0040 0040 0020 0020 0AAB 0020 0020 0020 0020 0020 0020 0040 0020 0020 0020 0020 0020 0020 00A1 0020 0040 0020 0020 0020 0020 0040 0020 0020 0040 0020 0020 0040 0040 0040 0020 0020 04B0,,
,,Audyssey Dynamic EQ Offset -10dB,16,28,53,16 28 53,X,---,X,X,---,---,---,---,---,---,---,---,---,---,---,---,---,X,X,X,---,---,---,---,X,X,X,X,X,---,---,---,---,---,X,X,X,X,X,---,---,---,---,---,---,---,---,X,X,X,X,X,X,X,---,---,---,---,---,---,---,---,---,---,---,---,---,Select Audyssey Dynamic EQ Offset mode: -10dB,0000 0071 0000 0020 0020 0020 0020 0020 0020 0020 0040 0020 0020 0020 0020 0020 0020 00A1 0020 0040 0020 0020 0020 0020 0040 0020 0020 0040 0020 0020 0040 0040 0040 0040 0020 0AAB 0020 0020 0020 0020 0020 0020 0040 0020 0020 0020 0020 0020 0020 00A1 0020 0040 0020 0020 0020 0020 0040 0020 0020 0040 0020 0020 0040 0040 0040 0040 0020 04B0,,
,,Audyssey Dynamic EQ Offset -15dB,16,28,54,16 28 54,X,---,X,X,---,---,---,---,---,---,---,---,---,---,---,---,---,X,X,X,---,---,---,---,X,X,X,X,X,---,---,---,---,---,X,X,X,X,X,---,---,---,---,---,---,---,---,X,X,X,X,X,X,X,---,---,---,---,---,---,---,---,---,---,---,---,---,Select Audyssey Dynamic EQ Offset mode: -15dB,0000 0071 0000 001E 0020 0020 0040 0040 0040 0020 0020 0020 0020 0020 0020 00A1 0020 0040 0020 0020 0020 0020 0040 0020 0020 0040 0020 0020 0040 0040 0020 0020 0040 0AAB 0020 0020 0040 0040 0040 0020 0020 0020 0020 0020 0020 00A1 0020 0040 0020 0020 0020 0020 0040 0020 0020 0040 0020 0020 0040 0040 0020 0020 0040 04B0,,
,,Audyssey LFC ON/OFF,16,64,40,16 64 40,X,---,---,---,---,---,---,---,---,---,---,---,---,---,---,---,---,X,---,---,---,---,---,---,---,---,---,---,---,---,---,---,---,---,---,---,---,---,---,---,---,---,---,---,---,---,---,---,---,---,---,---,---,---,---,---,---,---,---,---,---,---,---,---,---,---,---,Audyssey LFC  turn On/Off,,,
,,Audyssey LFC ON,16,64,41,16 64 41,X,---,---,---,---,---,---,---,---,---,---,---,---,---,---,---,---,X,---,---,---,---,---,---,---,---,---,---,---,---,---,---,---,---,---,---,---,---,---,---,---,---,---,---,---,---,---,---,---,---,---,---,---,---,---,---,---,---,---,---,---,---,---,---,---,---,---,Audyssey LFC turn On,,,
,,Audyssey LFC OFF,16,64,42,16 64 42,X,---,---,---,---,---,---,---,---,---,---,---,---,---,---,---,---,X,---,---,---,---,---,---,---,---,---,---,---,---,---,---,---,---,---,---,---,---,---,---,---,---,---,---,---,---,---,---,---,---,---,---,---,---,---,---,---,---,---,---,---,---,---,---,---,---,---,Audyssey LFC turn Off,,,
,,Audyssey DSX ON/OFF,16,64,50,16 64 50,X,---,X,X,---,---,---,---,---,---,---,---,---,---,---,---,---,X,X,X,---,---,---,---,X,X,X,---,---,---,---,---,---,---,---,---,---,---,---,---,---,---,---,---,---,---,---,---,---,---,---,---,---,---,---,---,---,---,---,---,---,---,---,---,---,---,---,Select Audyssey DSX ON/OFF (Toggle),0000 0071 0000 0024 0040 0020 0020 0040 0040 0020 0020 0020 0020 0020 0020 00A1 0020 0020 0020 0020 0020 0020 0020 0020 0020 0020 0020 0040 0020 0020 0040 0020 0020 0040 0040 0AA3 0040 0020 0020 0040 0040 0020 0020 0020 0020 0020 0020 00A1 0020 0020 0020 0020 0020 0020 0020 0020 0020 0020 0020 0040 0020 0020 0040 0020 0020 0040 0040 0AA3 0040 0020 0020 0040 0040 0020 000D 04A7,,
,,Audyssey DSX OFF,16,64,51,16 64 51,X,---,X,X,---,---,---,---,---,---,---,---,---,---,---,---,---,X,X,X,---,---,---,---,X,X,X,---,---,---,---,---,---,---,---,---,---,---,---,---,---,---,---,---,---,---,---,---,---,---,---,---,---,---,---,---,---,---,---,---,---,---,---,---,---,---,---,Select Audyssey DSX OFF,0000 0071 0000 0025 0040 0040 0020 0020 0040 0020 0020 0020 0020 0020 0020 00A0 0020 0020 0020 0020 0020 0020 0020 0020 0020 0020 0020 0040 0020 0020 0040 0020 0020 0040 0020 0020 0020 0AA2 0040 0040 0020 0020 0040 0020 0020 0020 0020 0020 0020 00A0 0020 0020 0020 0020 0020 0020 0020 0020 0020 0020 0020 0040 0020 0020 0040 0020 0020 0040 0020 0020 0020 0AA2 0040 0040 0020 0020 0036 04A7,,
,,Audyssey DSX ON(Height),16,64,52,16 64 52,X,---,X,X,---,---,---,---,---,---,---,---,---,---,---,---,---,X,X,X,---,---,---,---,X,X,X,---,---,---,---,---,---,---,---,---,---,---,---,---,---,---,---,---,---,---,---,---,---,---,---,---,---,---,---,---,---,---,---,---,---,---,---,---,---,---,---,Select Audyssey DSX ON(Height),0000 0071 0000 0025 0040 0020 0020 0040 0040 0020 0020 0020 0020 0020 0020 00A1 0020 0020 0020 0020 0020 0020 0020 0020 0020 0020 0020 0040 0020 0020 0040 0040 0040 0020 0020 0AA3 0040 0020 0020 0040 0040 0020 0020 0020 0020 0020 0020 00A1 0020 0020 0020 0020 0020 0020 0020 0020 0020 0020 0020 0040 0020 0020 0040 0040 0040 0020 0020 0AA3 0040 0020 0020 0040 0040 0020 0020 0020 0020 04A7,,
,,Audyssey DSX ON(Wide),16,64,53,16 64 53,X,---,X,X,---,---,---,---,---,---,---,---,---,---,---,---,---,X,X,X,---,---,---,---,X,X,X,---,---,---,---,---,---,---,---,---,---,---,---,---,---,---,---,---,---,---,---,---,---,---,---,---,---,---,---,---,---,---,---,---,---,---,---,---,---,---,---,Select Audyssey DSX ON(Wide),0000 0071 0000 0024 0040 0020 0020 0040 0040 0020 0020 0020 0020 0020 0020 00A0 0020 0020 0020 0020 0020 0020 0020 0020 0020 0020 0020 0040 0020 0020 0040 0040 0040 0040 0020 0AA2 0040 0020 0020 0040 0040 0020 0020 0020 0020 0020 0020 00A0 0020 0020 0020 0020 0020 0020 0020 0020 0020 0020 0020 0040 0020 0020 0040 0040 0040 0040 0020 0AA2 0040 0020 0020 0040 0040 0020 0018 04A7,,
,,Audyssey DSX ON(Wide/Height),16,64,54,16 64 54,X,---,---,---,---,---,---,---,---,---,---,---,---,---,---,---,---,X,---,---,---,---,---,---,---,---,---,---,---,---,---,---,---,---,---,---,---,---,---,---,---,---,---,---,---,---,---,---,---,---,---,---,---,---,---,---,---,---,---,---,---,---,---,---,---,---,---,Select Audyssey DSX ON(Wide/Height),,,
,Sleep,SLEEP,16,38,---,16 38,X,X,X,X,X,X,X,X,X,X,X,X,X,X,@ *1,@ *1,@ *1,X,X,X,X,X,X,X,X,X,X,X,X,X,X,X,X,X,X,X,X,X,X,X,X,X,X,X,X,X,X,X,X,X,X,X,X,X,X,X,X,X,X,X,X,X,X,X,X,X,X,Sleep Timer set toggle,0000 0071 0000 0016 0021 0021 0021 0021 0021 0021 0041 0021 0021 0021 0021 0021 0021 0041 0041 0021 0021 0041 0021 0021 0041 0C9B 0021 0021 0021 0021 0021 0021 0041 0021 0021 0021 0021 0021 0021 0041 0041 0021 0021 0041 0021 0021 0041 04B0,,
,,SLEEP OFF,16,38,00,16 38 00,X,X,X,X (*3),---,---,---,---,X,---,---,---,---,---,---,---,---,X,X,X,X,---,---,---,X,X,X,X (*3),X,X,---,---,---,---,X,X,X,X,X,X,X,---,---,---,---,---,---,X,X,X,X,X,X,X,X,X,X,---,---,---,---,---,---,---,X,---,---,Sleep Timer set: Off,0000 0071 0000 0022 0020 0020 0020 0020 0020 0020 0040 0020 0020 0020 0020 0020 0020 00C1 0040 0020 0020 0040 0020 0020 0040 0020 0020 0020 0020 0020 0020 0020 0020 0020 0020 0020 0020 0AA7 0020 0020 0020 0020 0020 0020 0040 0020 0020 0020 0020 0020 0020 00C1 0040 0020 0020 0040 0020 0020 0040 0020 0020 0020 0020 0020 0020 0020 0020 0020 0020 0020 0020 04A9,,
,,SLEEP 30,16,38,01,16 38 01,---,X,---,---,---,---,---,---,X,---,---,---,---,---,---,---,---,---,---,---,X,---,---,---,---,---,---,---,X,X,---,---,---,---,---,---,---,---,X,X,X,---,---,---,---,---,---,---,---,---,---,---,---,---,X,X,X,---,---,---,---,---,---,---,X,---,---,Sleep Timer set: 30 min.,0000 0071 0000 0020 0020 0020 0040 0040 0040 0020 0020 0020 0020 0020 0020 00C1 0040 0020 0020 0040 0020 0020 0040 0020 0020 0020 0020 0020 0020 0020 0020 0020 0020 0040 0020 0AA5 0020 0020 0040 0040 0040 0020 0020 0020 0020 0020 0020 00C1 0040 0020 0020 0040 0020 0020 0040 0020 0020 0020 0020 0020 0020 0020 0020 0020 0020 0040 0020 04A8,,
,,SLEEP 60,16,38,02,16 38 02,---,X,---,---,---,---,---,---,X,---,---,---,---,---,---,---,---,---,---,---,X,---,---,---,---,---,---,---,X,X,---,---,---,---,---,---,---,---,X,X,X,---,---,---,---,---,---,---,---,---,---,---,---,---,X,X,X,---,---,---,---,---,---,---,X,---,---,Sleep Timer set: 60  min.,0000 0071 0000 0020 0020 0020 0020 0020 0020 0020 0040 0020 0020 0020 0020 0020 0020 00C1 0040 0020 0020 0040 0020 0020 0040 0020 0020 0020 0020 0020 0020 0020 0020 0040 0040 0AA5 0020 0020 0020 0020 0020 0020 0040 0020 0020 0020 0020 0020 0020 00C1 0040 0020 0020 0040 0020 0020 0040 0020 0020 0020 0020 0020 0020 0020 0020 0040 0040 04A8,,
,,SLEEP 90,16,38,03,16 38 03,---,X,---,---,---,---,---,---,X,---,---,---,---,---,---,---,---,---,---,---,X,---,---,---,---,---,---,---,X,X,---,---,---,---,---,---,---,---,X,X,X,---,---,---,---,---,---,---,---,---,---,---,---,---,X,X,X,---,---,---,---,---,---,---,X,---,---,Sleep Timer set: 90 min.,0000 0071 0000 0022 0020 0020 0040 0040 0040 0020 0020 0020 0020 0020 0020 00C1 0040 0020 0020 0040 0020 0020 0040 0020 0020 0020 0020 0020 0020 0020 0020 0040 0020 0020 0020 0AA5 0020 0020 0040 0040 0040 0020 0020 0020 0020 0020 0020 00C1 0040 0020 0020 0040 0020 0020 0040 0020 0020 0020 0020 0020 0020 0020 0020 0040 0020 0020 0020 0AA5 0020 0020 002E 04A8,,
,,SLEEP 120,16,38,04,16 38 04,---,X,---,---,---,---,---,---,X,---,---,---,---,---,---,---,---,---,---,---,X,---,---,---,---,---,---,---,X,X,---,---,---,---,---,---,---,---,X,X,X,---,---,---,---,---,---,---,---,---,---,---,---,---,X,X,X,---,---,---,---,---,---,---,X,---,---,Sleep Timer set: 120 min.,0000 0071 0000 0022 0020 0020 0020 0020 0020 0020 0040 0020 0020 0020 0020 0020 0020 00C1 0040 0020 0020 0040 0020 0020 0040 0020 0020 0020 0020 0020 0020 0040 0040 0020 0020 0AA5 0020 0020 0020 0020 0020 0020 0040 0020 0020 0020 0020 0020 0020 00C1 0040 0020 0020 0040 0020 0020 0040 0020 0020 0020 0020 0020 0020 0040 0040 0020 0020 0AA5 0020 0020 0012 04A8,,
,Trigger,DC Trgger-1 ON,16,125,01,16 125 01,X,X,X,---,X,X,---,---,X,X,X,X,---,---,---,---,---,X,X,---,X,X,---,---,X,X,X,---,X,X,X,---,---,---,---,---,---,---,X,X,X,X,---,---,---,---,---,X,---,---,---,---,---,---,---,---,---,---,---,---,---,---,---,---,---,---,---,DC Trigger-1 remote output On,0000 0071 0000 0020 0040 0020 0020 0040 0040 0020 0020 0020 0020 0020 0020 00C1 0020 0020 0020 0020 0020 0020 0040 0040 0040 0020 0020 0020 0020 0020 0020 0020 0020 0040 0020 0AAB 0040 0020 0020 0040 0040 0020 0020 0020 0020 0020 0020 00C1 0020 0020 0020 0020 0020 0020 0040 0040 0040 0020 0020 0020 0020 0020 0020 0020 0020 0040 0020 04B0,,
,,DC Trgger-1 OFF,16,125,02,16 125 02,X,X,X,---,X,X,---,---,X,X,X,X,---,---,---,---,---,X,X,---,X,X,---,---,X,X,X,---,X,X,X,---,---,---,---,---,---,---,X,X,X,X,---,---,---,---,---,X,---,---,---,---,---,---,---,---,---,---,---,---,---,---,---,---,---,---,---,DC Trigger-1 remote output OFF,0000 0071 0000 001E 0040 0040 0020 0020 0040 0020 0020 0020 0020 0020 0020 00C1 0020 0020 0020 0020 0020 0020 0040 0040 0040 0020 0020 0020 0020 0020 0020 0040 0040 0AAB 0040 0040 0020 0020 0040 0020 0020 0020 0020 0020 0020 00C1 0020 0020 0020 0020 0020 0020 0040 0040 0040 0020 0020 0020 0020 0020 0020 0040 0040 04B0,,
,,DC-Trgger-2 ON,16,125,03,16 125 03,X,X,X,---,X,X,---,---,X,X,X,---,---,---,---,---,---,X,X,---,X,X,---,---,---,---,X,---,---,---,---,---,---,---,---,---,---,---,---,---,---,---,---,---,---,---,---,---,---,---,---,---,---,---,---,---,---,---,---,---,---,---,---,---,---,---,---,DC Trigger-2 remote output On,0000 0071 0000 0020 0040 0020 0020 0040 0040 0020 0020 0020 0020 0020 0020 00C1 0020 0020 0020 0020 0020 0020 0040 0040 0040 0020 0020 0020 0020 0020 0020 0040 0020 0020 0020 0AAB 0040 0020 0020 0040 0040 0020 0020 0020 0020 0020 0020 00C1 0020 0020 0020 0020 0020 0020 0040 0040 0040 0020 0020 0020 0020 0020 0020 0040 0020 0020 0020 04B0,,
,,DC-Trgger-2 OFF,16,125,04,16 125 04,X,X,X,---,X,X,---,---,X,X,X,---,---,---,---,---,---,X,X,---,X,X,---,---,---,---,X,---,---,---,---,---,---,---,---,---,---,---,---,---,---,---,---,---,---,---,---,---,---,---,---,---,---,---,---,---,---,---,---,---,---,---,---,---,---,---,---,DC Trigger-2 remote output OFF,0000 0071 0000 001E 0040 0040 0020 0020 0040 0020 0020 0020 0020 0020 0020 00C1 0020 0020 0020 0020 0020 0020 0040 0040 0040 0020 0020 0020 0020 0040 0040 0020 0020 0AAB 0040 0040 0020 0020 0040 0020 0020 0020 0020 0020 0020 00C1 0020 0020 0020 0020 0020 0020 0040 0040 0040 0020 0020 0020 0020 0040 0040 0020 0020 04B0,,
,,DC Trgger-3 ON,16,125,05,16 125 05,---,---,---,---,X,X,---,---,---,---,---,---,---,---,---,---,---,---,---,---,---,---,---,---,---,---,---,---,---,---,---,---,---,---,---,---,---,---,---,---,---,---,---,---,---,---,---,---,---,---,---,---,---,---,---,---,---,---,---,---,---,---,---,---,---,---,---,DC Trigger-3 remote output On,0000 0071 0000 001E 0040 0020 0020 0040 0040 0020 0020 0020 0020 0020 0020 00C1 0020 0020 0020 0020 0020 0020 0040 0040 0040 0020 0020 0020 0020 0040 0040 0040 0020 0AAB 0040 0020 0020 0040 0040 0020 0020 0020 0020 0020 0020 00C1 0020 0020 0020 0020 0020 0020 0040 0040 0040 0020 0020 0020 0020 0040 0040 0040 0020 04B0,,
,,DC Trgger-3 OFF,16,125,06,16 125 06,---,---,---,---,X,X,---,---,---,---,---,---,---,---,---,---,---,---,---,---,---,---,---,---,---,---,---,---,---,---,---,---,---,---,---,---,---,---,---,---,---,---,---,---,---,---,---,---,---,---,---,---,---,---,---,---,---,---,---,---,---,---,---,---,---,---,---,DC Trigger-3 remote output OFF,0000 0071 0000 001E 0040 0040 0020 0020 0040 0020 0020 0020 0020 0020 0020 00C1 0020 0020 0020 0020 0020 0020 0040 0040 0040 0020 0020 0020 0020 0040 0020 0020 0040 0AAB 0040 0040 0020 0020 0040 0020 0020 0020 0020 0020 0020 00C1 0020 0020 0020 0020 0020 0020 0040 0040 0040 0020 0020 0020 0020 0040 0020 0020 0040 04B0,,
,,DC-Trgger-4 ON,16,125,07,16 125 07,---,---,---,---,X,X,---,---,---,---,---,---,---,---,---,---,---,---,---,---,---,---,---,---,---,---,---,---,---,---,---,---,---,---,---,---,---,---,---,---,---,---,---,---,---,---,---,---,---,---,---,---,---,---,---,---,---,---,---,---,---,---,---,---,---,---,---,DC Trigger-4 remote output On,0000 0071 0000 0020 0040 0020 0020 0040 0040 0020 0020 0020 0020 0020 0020 00C1 0020 0020 0020 0020 0020 0020 0040 0040 0040 0020 0020 0020 0020 0040 0020 0020 0020 0020 0020 0AAB 0040 0020 0020 0040 0040 0020 0020 0020 0020 0020 0020 00C1 0020 0020 0020 0020 0020 0020 0040 0040 0040 0020 0020 0020 0020 0040 0020 0020 0020 0020 0020 04B0,,
,,DC-Trgger-4 OFF,16,125,08,16 125 08,---,---,---,---,X,X,---,---,---,---,---,---,---,---,---,---,---,---,---,---,---,---,---,---,---,---,---,---,---,---,---,---,---,---,---,---,---,---,---,---,---,---,---,---,---,---,---,---,---,---,---,---,---,---,---,---,---,---,---,---,---,---,---,---,---,---,---,DC Trigger-4 remote output OFF,0000 0071 0000 001E 0040 0040 0020 0020 0040 0020 0020 0020 0020 0020 0020 00C1 0020 0020 0020 0020 0020 0020 0040 0040 0040 0020 0020 0040 0040 0020 0020 0020 0020 0AAB 0040 0040 0020 0020 0040 0020 0020 0020 0020 0020 0020 00C1 0020 0020 0020 0020 0020 0020 0040 0040 0040 0020 0020 0040 0040 0020 0020 0020 0020 04B0,,
,Tuner,BAND,17,63,---,17 63,---,---,---,---,X,X,X,X,---,---,X,X,X,X,---,---,---,---,---,---,---,---,X,X,---,---,---,---,---,---,---,X,X,X,---,---,---,---,---,---,---,---,X,X,X,X,X,---,---,---,---,---,---,---,---,---,---,---,X,X,X,X,X,X,---,---,X,Select FM and AM (Toggle),0000 0071 0000 0028 0020 0020 0020 0020 0020 0020 0040 0020 0020 0020 0020 0040 0020 00A1 0040 0040 0020 0020 0020 0020 0020 0020 0040 0020 0020 0020 0020 0020 0020 0020 0020 0040 0020 0AAD 0020 0020 0020 0020 0020 0020 0040 0020 0020 0020 0020 0040 0020 00A1 0040 0040 0020 0020 0020 0020 0020 0020 0040 0020 0020 0020 0020 0020 0020 0020 0020 0040 0020 0AAD 0020 0020 0020 0020 0020 0020 0040 0020 0020 0020 0020 04AC,,
,,,17,47,01,17 47 01,X（HD Radio,X,X（HD Radio,X,---,---,---,---,X,X,---,---,---,---,---,---,---,X（HD Radio,X（HD Radio,X,X,X,---,---,X(*4),---,X,X,X,X,X,---,---,---,X(*4),---,X,X,X,X,X,X,---,---,---,---,---,X(*4),---,X,X,X(*4),X,X,X,X,X,X,---,---,---,---,---,---,X,X,---,"Select FM,AM (and XM) (Toggle)",0000 0071 0000 0028 0020 0020 0020 0020 0020 0020 0040 0020 0020 0020 0020 0040 0020 00A1 0040 0040 0020 0020 0020 0020 0020 0020 0040 0020 0020 0020 0020 0020 0020 0020 0020 0040 0020 0AAD 0020 0020 0020 0020 0020 0020 0040 0020 0020 0020 0020 0040 0020 00A1 0040 0040 0020 0020 0020 0020 0020 0020 0040 0020 0020 0020 0020 0020 0020 0020 0020 0040 0020 0AAD 0020 0020 0020 0020 0020 0020 0040 0020 0020 0020 0020 04AC,,
,,FM,17,45,---,17 45,X（HD Radio,X,X（HD Radio,X,X,X,X,X,X,X,X,X,X,X,@ *1,@ *1,@ *1,X（HD Radio,X（HD Radio,X,X,X,X,X,X(*4),---(FM only),X,X,X,X,X,X,X,X,X(*4),---(FM only),X,X,X,X,X,X,X,X,X,X,X,X(*4),---(FM only),X,X,X(*4),X,X,X,X,X,X,X,X,X,X,X,X,X,X,X,Select FM for Tuner-1,0000 0073 0000 001D 0020 0020 0040 0040 0040 0020 0020 0020 0020 0040 0020 0020 0040 0040 0020 0020 0040 0040 0020 0C70 0020 0020 0040 0040 0040 0020 0020 0020 0020 0040 0020 0020 0040 0040 0020 0020 0040 0040 0020 0C70 0020 0020 0040 0040 0040 0020 0020 0020 0020 0040 0020 0020 0040 0040 0020 0020 0040 0490,,
,,AM,17,46,---,17 46,X（HD Radio,X,X（HD Radio,X,X,X,X,X,X,X,X,X,X,X,@ *1,@ *1,@ *1,X（HD Radio,X（HD Radio,X,X,X,X,X,X(*4),---,X,X,X,X,X,X,X,X,X(*4),---,X,X,X,X,X,X,X,X,X,X,X,X(*4),---,X,X,X(*4),X,X,X,X,X,X,X,X,X,X,X,X,X,X,X,Select AM for Tuner-1,0000 0071 0000 0020 0020 0020 0020 0020 0020 0020 0040 0020 0020 0020 0020 0040 0020 0081 0020 0040 0020 0020 0020 0020 0040 0040 0040 0020 0020 0040 0040 0040 0020 0020 0020 0AA5 0020 0020 0020 0020 0020 0020 0040 0020 0020 0020 0020 0040 0020 0081 0020 0040 0020 0020 0020 0020 0040 0040 0040 0020 0020 0040 0040 0040 0020 0020 0020 04A9,,
,,DISPLAY MODE,17,15,---,17 15,---,X,---,---,X,X,X,X,X,X,X,X,X,X,X,X,X,---,---,---,X,X,X,X,---,---,---,---,X,X,X,X,X,X,---,---,---,---,X,X,X,X,---,---,---,---,---,---,---,---,---,---,---,---,X,---,---,---,---,---,---,---,---,X,---,X,X,Toggle Display mode for RDS/XM/SIRIUS Radio,0000 0073 0000 0016 0020 0020 0040 0040 0040 0020 0020 0020 0020 0040 0040 0020 0020 0040 0020 0020 0020 0020 0020 0020 0020 0C5B 0020 0020 0040 0040 0040 0020 0020 0020 0020 0040 0040 0020 0020 0040 0020 0020 0020 0020 0020 0020 0020 0498,,
,,T-MODE,17,37,---,17 37,X,X,X,X,X,X,X,X,X,X,X,X,X,X,@ *1,@ *1,@ *1,X,X,X,X,X,X,X,X,X,X,X,X,X,X,X,X,X,X,X,X,X,X,X,X,X,X,X,X,X,X,X,X,X,X,X,X,X,X,X,X,X,X,X,X,X,X,X,X,X,X,Tuning mode(Auto  or Manual) for Tuner-1,0000 0073 0000 0016 0020 0020 0020 0020 0020 0020 0040 0020 0020 0020 0020 0040 0020 0020 0040 0020 0020 0040 0040 0040 0020 0C5B 0020 0020 0020 0020 0020 0020 0040 0020 0020 0020 0020 0040 0020 0020 0040 0020 0020 0040 0040 0040 0020 0498,,
,,MEMO (MEMORY),17,41,---,17 41,X,X,X,X,X,X,X,X,X,X,X,X,X,X,X,X,X,X,X,X,X,X,X,X,X,X,X,X,X,X,X,X,X,X,X,X,X,X,X,X,X,X,X,X,X,X,X,X,X,X,X,X,X,X,X,X,X,X,X,X,X,X,X,X,X,X,X,Memory for Tuner-1(HD Radio/Tuner/Sirius/iPod/NETWORK),0000 0073 0000 0016 0020 0020 0020 0020 0020 0020 0040 0020 0020 0020 0020 0040 0020 0020 0040 0040 0040 0020 0020 0040 0020 0C5B 0020 0020 0020 0020 0020 0020 0040 0020 0020 0020 0020 0040 0020 0020 0040 0040 0040 0020 0020 0040 0020 0498,,
,,CLEAR,17,58,---,17 58,---,X,---,---,X,X,X,X,X,X,X,X,X,X,X,X,X,---,---,---,X,X,X,X,---,---,---,---,X,X,X,X,X,X,---,---,---,---,X,X,X,X,X,X,X,X,X,---,---,---,---,---,---,---,---,X,X,X,X,X,X,X,X,X,X,X,X,Clear for Tuner-1,0000 0071 0000 001C 0020 0020 0040 0040 0040 0020 0020 0020 0020 0040 0020 0081 0020 0040 0020 0020 0020 0020 0040 0040 0040 0040 0040 0020 0020 0040 0040 0AA5 0020 0020 0040 0040 0040 0020 0020 0020 0020 0040 0020 0081 0020 0040 0020 0020 0020 0020 0040 0040 0040 0040 0040 0020 0020 0040 0040 04A9,,
,,FREQ. Direct,17,11,---,17 11,---,X,---,---,X,X,X,X,X,X,X,X,X,X,@ *1,@ *1,@ *1,---,---,---,X,X,X,X,---,---,---,---,X,X,X,X,X,X,---,---,---,---,X,X,X,X,X,X,X,X,X,---,---,---,---,---,---,---,---,X,X,X,X,X,X,X,X,X,X,X,X,Change to Direct Frequency input mode for Tuner-1,0000 0071 0000 001E 0020 0020 0040 0040 0040 0020 0020 0020 0020 0040 0020 0081 0020 0040 0020 0020 0020 0020 0040 0040 0040 0040 0040 0020 0020 0040 0020 0020 0020 0AA5 0020 0020 0040 0040 0040 0020 0020 0020 0020 0040 0020 0081 0020 0040 0020 0020 0020 0020 0040 0040 0040 0040 0040 0020 0020 0040 0020 0020 0020 04A9,,
,,FREQ.(tuning) Up +,17,30,---,17 30,X,X,X,X,X,X,X,X,X,X,X,X,X,X,@ *1,@ *1,@ *1,X,X,X,X,X,X,X,X,X,X,X,X,X,X,X,X,X,X,X,X,X,X,X,X,X,X,X,X,X,X,X,X,X,X,X,X,X,X,X,X,X,X,X,X,X,X,X,X,X,X,Frequency(Scan) up for Tuner-1,0000 0071 0000 0022 0020 0020 0020 0020 0020 0020 0040 0020 0020 0020 0020 0040 0020 0081 0020 0040 0020 0020 0020 0020 0040 0040 0040 0020 0020 0040 0020 0020 0020 0020 0020 0020 0020 0AA5 0020 0020 0020 0020 0020 0020 0040 0020 0020 0020 0020 0040 0020 0081 0020 0040 0020 0020 0020 0020 0040 0040 0040 0020 0020 0040 0020 0020 0020 0020 0020 0020 0020 04A9,,
,,FREQ.(tuning) Down -,17,31,---,17 31,X,X,X,X,X,X,X,X,X,X,X,X,X,X,@ *1,@ *1,@ *1,X,X,X,X,X,X,X,X,X,X,X,X,X,X,X,X,X,X,X,X,X,X,X,X,X,X,X,X,X,X,X,X,X,X,X,X,X,X,X,X,X,X,X,X,X,X,X,X,X,X,Frequency(Scan) down for Tuner-1,0000 0071 0000 001E 0020 0020 0040 0040 0040 0020 0020 0020 0020 0040 0020 0081 0020 0040 0020 0020 0020 0020 0040 0040 0040 0040 0040 0020 0020 0020 0020 0020 0020 0AA5 0020 0020 0040 0040 0040 0020 0020 0020 0020 0040 0020 0081 0020 0040 0020 0020 0020 0020 0040 0040 0040 0040 0040 0020 0020 0020 0020 0020 0020 04A9,,
,,PRESET Up +,17,32,---,17 32,X,X,X,X,X,X,X,X,X,X,X,X,X,X,@ *1,@ *1,@ *1,X,X,X,X,X,X,X,X,X,X,X,X,X,X,X,X,X,X,X,X,X,X,X,X,X,X,X,X,X,X,X,X,X,X,X,X,X,X,X,X,X,X,X,X,X,X,X,X,X,X,Preset(Skip) up for Tuner-1,0000 0071 0000 001E 0020 0020 0040 0040 0040 0020 0020 0020 0020 0040 0020 0081 0020 0040 0020 0020 0020 0020 0040 0040 0040 0020 0020 0040 0020 0020 0040 0040 0020 0AA5 0020 0020 0040 0040 0040 0020 0020 0020 0020 0040 0020 0081 0020 0040 0020 0020 0020 0020 0040 0040 0040 0020 0020 0040 0020 0020 0040 0040 0020 04A9,,
,,PRESET Down -,17,33,---,17 33,X,X,X,X,X,X,X,X,X,X,X,X,X,X,@ *1,@ *1,@ *1,X,X,X,X,X,X,X,X,X,X,X,X,X,X,X,X,X,X,X,X,X,X,X,X,X,X,X,X,X,X,X,X,X,X,X,X,X,X,X,X,X,X,X,X,X,X,X,X,X,X,Preset(Skip) down for Tuner-1,0000 0071 0000 001E 0020 0020 0040 0040 0040 0020 0020 0020 0020 0040 0020 0081 0020 0040 0020 0020 0020 0020 0040 0040 0040 0020 0020 0040 0020 0020 0020 0020 0040 0AA5 0020 0020 0040 0040 0040 0020 0020 0020 0020 0040 0020 0081 0020 0040 0020 0020 0020 0020 0040 0040 0040 0020 0020 0040 0020 0020 0020 0020 0040 04A9,,
,,PRESET SCAN,17,43,---,17 43,---,X,---,---,X,X,X,X,X,X,X,X,X,X,@ *1,@ *1,@ *1,---,---,---,X,X,X,X,---,---,---,---,X,X,X,X,X,X,---,---,---,---,X,X,X,X,X,X,X,X,X,---,---,---,---,---,---,---,---,X,X,X,X,X,X,X,X,X,X,X,X,Start Preset Scan for Tuner-1,0000 0071 0000 0020 0020 0020 0020 0020 0020 0020 0040 0020 0020 0020 0020 0040 0020 0081 0020 0040 0020 0020 0020 0020 0040 0040 0040 0020 0020 0040 0020 0020 0040 0020 0020 0AA5 0020 0020 0020 0020 0020 0020 0040 0020 0020 0020 0020 0040 0020 0081 0020 0040 0020 0020 0020 0020 0040 0040 0040 0020 0020 0040 0020 0020 0040 0020 0020 04A9,,
,,PRESET INFO,17,82,---,17 82,---,X,---,---,X,X,X,X,X,X,X,X,X,X,---,---,---,---,---,---,X,X,X,---,---,---,---,---,X,X,X,X,---,---,---,---,---,---,X,X,X,X,X,X,X,---,---,---,---,---,---,---,---,---,---,X,X,X,X,X,---,---,---,X,---,---,---,Display the preset station OSD,,,
,,PRESET Direct,17,64,01-60,17 64 [01-60],---,X,---,---,---,---,---,---,X,---,---,---,---,---,---,---,---,---,---,---,X,---,---,---,---,---,--- (*7),---,X,X,---,---,---,---,---,---,--- (*7),---,X,X,X,---,---,---,---,---,---,---,---,--- (*7),---,---,---,---,X,X,X,---,---,---,---,---,---,---,---,---,---,Discrete Preset # select for Tuner-1,,,
,,0 (PRESET 0),17,00,---,17 00,X,X,X,X,X,X,X,X,X,X,X,X,X,X,@ *1,@ *1,@ *1,X,X,X,X,X,X,X,X,X,X,X,X,X,X,X,X,X,X,X,X,X,X,X,X,X,X,X,X,X,X,X,X,X,X,X,X,X,---,X,X,X,X,X,X,X,X,X,X,X,X,Ten Key 0 ( Pre set No. or Frequency) for Tuner-1,0000 0071 0000 0020 0020 0020 0040 0040 0040 0020 0020 0020 0020 0040 0020 0081 0020 0040 0020 0020 0020 0020 0040 0040 0040 0020 0020 0020 0020 0020 0020 0020 0020 0020 0020 0AA5 0020 0020 0040 0040 0040 0020 0020 0020 0020 0040 0020 0081 0020 0040 0020 0020 0020 0020 0040 0040 0040 0020 0020 0020 0020 0020 0020 0020 0020 0020 0020 04A9,,
,,1 (PRESET 1),17,01,---,17 01,X,X,X,X,X,X,X,X,X,X,X,X,X,X,@ *1,@ *1,@ *1,X,X,X,X,X,X,X,X,X,X,X,X,X,X,X,X,X,X,X,X,X,X,X,X,X,X,X,X,X,X,X,X,X,X,X,X,X,---,X,X,X,X,X,X,X,X,X,X,X,X,Ten Key 1 ( Pre set No. or Frequency) for Tuner-1,0000 0073 0000 0016 0020 0020 0040 0040 0040 0020 0020 0020 0020 0040 0040 0020 0020 0020 0020 0020 0020 0020 0020 0040 0020 0C5B 0020 0020 0040 0040 0040 0020 0020 0020 0020 0040 0040 0020 0020 0020 0020 0020 0020 0020 0020 0040 0020 0498,,
,,2 (PRESET 2),17,02,---,17 02,X,X,X,X,X,X,X,X,X,X,X,X,X,X,@ *1,@ *1,@ *1,X,X,X,X,X,X,X,X,X,X,X,X,X,X,X,X,X,X,X,X,X,X,X,X,X,X,X,X,X,X,X,X,X,X,X,X,X,---,X,X,X,X,X,X,X,X,X,X,X,X,Ten Key 2 ( Pre set No. or Frequency) for Tuner-1,0000 0073 0000 0016 0020 0020 0020 0020 0020 0020 0040 0020 0020 0020 0020 0040 0040 0020 0020 0020 0020 0020 0020 0040 0040 0C5B 0020 0020 0020 0020 0020 0020 0040 0020 0020 0020 0020 0040 0040 0020 0020 0020 0020 0020 0020 0040 0040 0498,,
,,3 (PRESET 3),17,03,---,17 03,X,X,X,X,X,X,X,X,X,X,X,X,X,X,@ *1,@ *1,@ *1,X,X,X,X,X,X,X,X,X,X,X,X,X,X,X,X,X,X,X,X,X,X,X,X,X,X,X,X,X,X,X,X,X,X,X,X,X,---,X,X,X,X,X,X,X,X,X,X,X,X,Ten Key 3 ( Pre set No. or Frequency) for Tuner-1,0000 0073 0000 0016 0020 0020 0040 0040 0040 0020 0020 0020 0020 0040 0040 0020 0020 0020 0020 0020 0020 0040 0020 0020 0020 0C5B 0020 0020 0040 0040 0040 0020 0020 0020 0020 0040 0040 0020 0020 0020 0020 0020 0020 0040 0020 0020 0020 0498,,
,,4 (PRESET 4),17,04,---,17 04,X,X,X,X,X,X,X,X,X,X,X,X,X,X,@ *1,@ *1,@ *1,X,X,X,X,X,X,X,X,X,X,X,X,X,X,X,X,X,X,X,X,X,X,X,X,X,X,X,X,X,X,X,X,X,X,X,X,X,---,X,X,X,X,X,X,X,X,X,X,X,X,Ten Key 4 ( Pre set No. or Frequency) for Tuner-1,0000 0073 0000 0016 0020 0020 0020 0020 0020 0020 0040 0020 0020 0020 0020 0040 0040 0020 0020 0020 0020 0040 0040 0020 0020 0C5B 0020 0020 0020 0020 0020 0020 0040 0020 0020 0020 0020 0040 0040 0020 0020 0020 0020 0040 0040 0020 0020 0498,,
,,5 (PRESET 5),17,05,---,17 05,X,X,X,X,X,X,X,X,X,X,X,X,X,X,@ *1,@ *1,@ *1,X,X,X,X,X,X,X,X,X,X,X,X,X,X,X,X,X,X,X,X,X,X,X,X,X,X,X,X,X,X,X,X,X,X,X,X,X,---,X,X,X,X,X,X,X,X,X,X,X,X,Ten Key 5 ( Pre set No. or Frequency) for Tuner-1,0000 0071 0000 0020 0020 0020 0020 0020 0020 0020 0040 0020 0020 0020 0020 0040 0020 0081 0020 0040 0020 0020 0020 0020 0040 0040 0040 0020 0020 0020 0020 0040 0040 0040 0020 0AA5 0020 0020 0020 0020 0020 0020 0040 0020 0020 0020 0020 0040 0020 0081 0020 0040 0020 0020 0020 0020 0040 0040 0040 0020 0020 0020 0020 0040 0040 0040 0020 04A9,,
,,6 (PRESET 6),17,06,---,17 06,X,X,X,X,X,X,X,X,X,X,X,X,X,X,@ *1,@ *1,@ *1,X,X,X,X,X,X,X,X,X,X,X,X,X,X,X,X,X,X,X,X,X,X,X,X,X,X,X,X,X,X,X,X,X,X,X,X,X,---,X,X,X,X,X,X,X,X,X,X,X,X,Ten Key 6 ( Pre set No. or Frequency) for Tuner-1,0000 0073 0000 0016 0020 0020 0020 0020 0020 0020 0040 0020 0020 0020 0020 0040 0040 0020 0020 0020 0020 0040 0020 0020 0040 0C5B 0020 0020 0020 0020 0020 0020 0040 0020 0020 0020 0020 0040 0040 0020 0020 0020 0020 0040 0020 0020 0040 0498,,
,,7 (PRESET 7),17,07,---,17 07,X,X,X,X,X,X,X,X,X,X,X,X,X,X,@ *1,@ *1,@ *1,X,X,X,X,X,X,X,X,X,X,X,X,X,X,X,X,X,X,X,X,X,X,X,X,X,X,X,X,X,X,X,X,X,X,X,X,X,---,X,X,X,X,X,X,X,X,X,X,X,X,Ten Key 7 ( Pre set No. or Frequency) for Tuner-1,0000 0073 0000 0016 0020 0020 0040 0040 0040 0020 0020 0020 0020 0040 0040 0020 0020 0020 0020 0040 0020 0020 0020 0020 0020 0C5B 0020 0020 0040 0040 0040 0020 0020 0020 0020 0040 0040 0020 0020 0020 0020 0040 0020 0020 0020 0020 0020 0498,,
,,8 (PRESET 8),17,08,---,17 08,X,X,X,X,X,X,X,X,X,X,X,X,X,X,@ *1,@ *1,@ *1,X,X,X,X,X,X,X,X,X,X,X,X,X,X,X,X,X,X,X,X,X,X,X,X,X,X,X,X,X,X,X,X,X,X,X,X,X,---,X,X,X,X,X,X,X,X,X,X,X,X,Ten Key 8 ( Pre set No. or Frequency) for Tuner-1,0000 0073 0000 0016 0020 0020 0020 0020 0020 0020 0040 0020 0020 0020 0020 0040 0040 0020 0020 0040 0040 0020 0020 0020 0020 0C5B 0020 0020 0020 0020 0020 0020 0040 0020 0020 0020 0020 0040 0040 0020 0020 0040 0040 0020 0020 0020 0020 0498,,
,,9 (PRESET 9),17,09,---,17 09,X,X,X,X,X,X,X,X,X,X,X,X,X,X,@ *1,@ *1,@ *1,X,X,X,X,X,X,X,X,X,X,X,X,X,X,X,X,X,X,X,X,X,---,X,X,X,X,X,X,X,X,X,X,X,X,X,X,X,---,X,X,X,X,X,X,X,X,X,X,X,X,Ten Key 9 ( Pre set No. or Frequency) for Tuner-1,0000 0071 0000 0020 0020 0020 0020 0020 0020 0020 0040 0020 0020 0020 0020 0040 0020 0081 0020 0040 0020 0020 0020 0020 0040 0040 0040 0020 0020 0040 0040 0020 0020 0040 0020 0AA5 0020 0020 0020 0020 0020 0020 0040 0020 0020 0020 0020 0040 0020 0081 0020 0040 0020 0020 0020 0020 0040 0040 0040 0020 0020 0040 0040 0020 0020 0040 0020 04A9,,
,,PRESET SHIFT,17,32,00,17 32 00,---,---,---,X,---,---,---,---,---,---,---,---,---,---,---,---,---,---,---,X,---,---,---,---,---,---,X,X,---,---,---,---,---,---,---,---,X,X,---,---,---,---,---,---,---,---,---,---,---,X,X,---,---,X,---,---,---,---,---,---,---,---,---,---,---,---,---,Select Preset Group A->B->C->D->E->->F->G->A->…,0000 0071 0000 0028 0020 0020 0020 0020 0020 0020 0040 0020 0020 0020 0020 0040 0020 00A0 0040 0020 0020 0020 0020 0020 0020 0020 0020 0020 0020 0020 0020 0020 0020 0020 0020 0020 0020 0020 0020 0AA2 0020 0020 0020 0020 0020 0020 0040 0020 0020 0020 0020 0040 0020 00A0 0040 0020 0020 0020 0020 0020 0020 0020 0020 0020 0020 0020 0020 0020 0020 0020 0020 0020 0020 0020 0020 0AA2 0020 0020 0020 0020 0020 0020 0010 04A7,,
,,SHIFT A,17,32,30,17 32 30,---,---,---,X,---,---,---,---,---,---,---,---,---,---,---,---,---,---,---,X,---,---,---,---,---,---,X,X,---,---,---,---,---,---,---,---,X,X,---,---,---,---,---,---,---,---,---,---,---,X,X,---,---,X,---,---,---,---,---,---,---,---,---,---,---,---,---,Switch Preset Block  to A,0000 0071 0000 0033 0020 0020 0020 0020 0020 0020 0040 0020 0020 0020 0020 0040 0020 00A1 0040 0020 0020 0020 0020 0020 0020 0020 0020 0020 0020 0040 0020 0020 0020 0020 0020 0020 0040 0AA4 0020 0020 0020 0020 0020 0020 0040 0020 0020 0020 0020 0040 0020 00A1 0040 0020 0020 0020 0020 0020 0020 0020 0020 0020 0020 0040 0020 0020 0020 0020 0020 0020 0040 0AA4 0020 0020 0020 0020 0020 0020 0040 0020 0020 0020 0020 0040 0020 00A1 0040 0020 0020 0020 0020 0020 0020 0020 0020 0020 0020 0040 0020 0020 0020 0020 0020 0020 0040 04A8,,
,,SHIFT B,17,32,31,17 32 31,---,---,---,X,---,---,---,---,---,---,---,---,---,---,---,---,---,---,---,X,---,---,---,---,---,---,X,X,---,---,---,---,---,---,---,---,X,X,---,---,---,---,---,---,---,---,---,---,---,X,X,---,---,X,---,---,---,---,---,---,---,---,---,---,---,---,---,Switch Preset Block  to B,0000 0071 0000 0025 0020 0020 0040 0040 0040 0020 0020 0020 0020 0040 0020 00A1 0040 0020 0020 0020 0020 0020 0020 0020 0020 0020 0020 0040 0020 0020 0020 0020 0020 0020 0020 0020 0020 0AA4 0020 0020 0040 0040 0040 0020 0020 0020 0020 0040 0020 00A1 0040 0020 0020 0020 0020 0020 0020 0020 0020 0020 0020 0040 0020 0020 0020 0020 0020 0020 0020 0020 0020 0AA4 0020 0020 0040 0040 0040 04A8,,
,,SHIFT C,17,32,32,17 32 32,---,---,---,X,---,---,---,---,---,---,---,---,---,---,---,---,---,---,---,X,---,---,---,---,---,---,X,X,---,---,---,---,---,---,---,---,X,X,---,---,---,---,---,---,---,---,---,---,---,X,X,---,---,X,---,---,---,---,---,---,---,---,---,---,---,---,---,Switch Preset Block  to C,0000 0071 0000 0029 0020 0020 0020 0020 0020 0020 0040 0020 0020 0020 0020 0040 0020 00A1 0040 0020 0020 0020 0020 0020 0020 0020 0020 0040 0040 0020 0020 0020 0020 0020 0020 0020 0020 0AA4 0020 0020 0020 0020 0020 0020 0040 0020 0020 0020 0020 0040 0020 00A1 0040 0020 0020 0020 0020 0020 0020 0020 0020 0040 0040 0020 0020 0020 0020 0020 0020 0020 0020 0AA4 0020 0020 0020 0020 0020 0020 0040 0020 0020 0020 0020 0040 0020 04A8,,
,,SHIFT D,17,32,33,17 32 33,---,---,---,X,---,---,---,---,---,---,---,---,---,---,---,---,---,---,---,X,---,---,---,---,---,---,X,X,---,---,---,---,---,---,---,---,X,X,---,---,---,---,---,---,---,---,---,---,---,X,X,---,---,X,---,---,---,---,---,---,---,---,---,---,---,---,---,Switch Preset Block  to D,0000 0071 0000 0024 0020 0020 0040 0040 0040 0020 0020 0020 0020 0040 0020 00A1 0040 0020 0020 0020 0020 0020 0020 0020 0020 0040 0040 0020 0020 0020 0020 0020 0020 0040 0020 0AA4 0020 0020 0040 0040 0040 0020 0020 0020 0020 0040 0020 00A1 0040 0020 0020 0020 0020 0020 0020 0020 0020 0040 0040 0020 0020 0020 0020 0020 0020 0040 0020 0AA4 0020 0020 0040 0040 0040 0020 0020 04A8,,
,,SHIFT E,17,32,34,17 32 34,---,---,---,X,---,---,---,---,---,---,---,---,---,---,---,---,---,---,---,X,---,---,---,---,---,---,X,X,---,---,---,---,---,---,---,---,X,X,---,---,---,---,---,---,---,---,---,---,---,X,X,---,---,X,---,---,---,---,---,---,---,---,---,---,---,---,---,Switch Preset Block  to F,0000 0071 0000 0022 0020 0020 0020 0020 0020 0020 0040 0020 0020 0020 0020 0040 0020 00A1 0040 0020 0020 0020 0020 0020 0020 0020 0020 0040 0040 0020 0020 0020 0020 0040 0040 0AA4 0020 0020 0020 0020 0020 0020 0040 0020 0020 0020 0020 0040 0020 00A1 0040 0020 0020 0020 0020 0020 0020 0020 0020 0040 0040 0020 0020 0020 0020 0040 0040 0AA4 0020 0020 0013 04A8,,
,,SHIFT F,17,32,35,17 32 35,---,---,---,X,---,---,---,---,---,---,---,---,---,---,---,---,---,---,---,X,---,---,---,---,---,---,X,X,---,---,---,---,---,---,---,---,X,X,---,---,---,---,---,---,---,---,---,---,---,X,X,---,---,X,---,---,---,---,---,---,---,---,---,---,---,---,---,Switch Preset Block  to F,0000 0071 0000 0025 0020 0020 0040 0040 0040 0020 0020 0020 0020 0040 0020 00A1 0040 0020 0020 0020 0020 0020 0020 0020 0020 0040 0040 0020 0020 0020 0020 0040 0020 0020 0020 0AA4 0020 0020 0040 0040 0040 0020 0020 0020 0020 0040 0020 00A1 0040 0020 0020 0020 0020 0020 0020 0020 0020 0040 0040 0020 0020 0020 0020 0040 0020 0020 0020 0AA4 0020 0020 0040 0040 0040 0020 0020 0020 000D 04A8,,
,,SHIFT G,17,32,36,17 32 36,---,---,---,X,---,---,---,---,---,---,---,---,---,---,---,---,---,---,---,X,---,---,---,---,---,---,X,X,---,---,---,---,---,---,---,---,X,X,---,---,---,---,---,---,---,---,---,---,---,X,X,---,---,X,---,---,---,---,---,---,---,---,---,---,---,---,---,Switch Preset Block  to G,0000 0071 0000 0026 0020 0020 0020 0020 0020 0020 0040 0020 0020 0020 0020 0040 0020 00A1 0040 0020 0020 0020 0020 0020 0020 0020 0020 0040 0040 0020 0020 0040 0040 0020 0020 0AA4 0020 0020 0020 0020 0020 0020 0040 0020 0020 0020 0020 0040 0020 00A1 0040 0020 0020 0020 0020 0020 0020 0020 0020 0040 0040 0020 0020 0040 0040 0020 0020 0AA4 0020 0020 0020 0020 0020 0020 0040 0020 0020 0020 0020 04A8,,
,,Cursor Up,17,80,01,17 80 01,X,---,X,X,---,---,---,---,---,---,---,---,---,---,---,---,---,X,X,X,---,---,---,---,X,X,X,X,---,---,---,---,---,---,X,X,X,X,---,---,---,---,---,---,---,---,---,X,X,X,X,X,X,X,---,---,---,---,---,---,---,---,---,---,---,---,---,Cursor up,0000 0071 0000 0025 0040 0020 0020 0040 0040 0020 0020 0020 0020 0040 0020 0081 0020 0040 0040 0020 0020 0020 0020 0020 0020 0020 0020 0020 0020 0020 0020 0020 0020 0020 0020 0040 0020 0AA4 0040 0020 0020 0040 0040 0020 0020 0020 0020 0040 0020 0081 0020 0040 0040 0020 0020 0020 0020 0020 0020 0020 0020 0020 0020 0020 0020 0020 0020 0020 0020 0040 0020 0AA4 0040 0020 0020 0040 0040 04A8,,
Main,,Cursor Down,17,81,01,17 81 01,X,---,X,X,---,---,---,---,---,---,---,---,---,---,---,---,---,X,X,X,---,---,---,---,X,X,X,X,---,---,---,---,---,---,X,X,X,X,---,---,---,---,---,---,---,---,---,X,X,X,X,X,X,X,---,---,---,---,---,---,---,---,---,---,---,---,---,Cursor down,0000 0071 0000 0021 0040 0040 0020 0020 0040 0020 0020 0020 0020 0040 0020 0081 0020 0040 0040 0020 0020 0020 0020 0040 0040 0020 0020 0020 0020 0020 0020 0020 0020 0040 0020 0AA4 0040 0040 0020 0020 0040 0020 0020 0020 0020 0040 0020 0081 0020 0040 0040 0020 0020 0020 0020 0040 0040 0020 0020 0020 0020 0020 0020 0020 0020 0040 0020 0AA4 0013 04A8,,
Zone,,Cursor Left,17,85,01,17 85 01,X,---,X,X,---,---,---,---,---,---,---,---,---,---,---,---,---,X,X,X,---,---,---,---,X,X,X,X,---,---,---,---,---,---,X,X,X,X,---,---,---,---,---,---,---,---,---,X,X,X,X,X,X,X,---,---,---,---,---,---,---,---,---,---,---,---,---,Cursor left,0000 0071 0000 0023 0040 0020 0020 0040 0040 0020 0020 0020 0020 0040 0020 0081 0020 0040 0040 0040 0040 0040 0040 0020 0020 0020 0020 0020 0020 0020 0020 0040 0020 0AA4 0040 0020 0020 0040 0040 0020 0020 0020 0020 0040 0020 0081 0020 0040 0040 0040 0040 0040 0040 0020 0020 0020 0020 0020 0020 0020 0020 0040 0020 0AA4 0040 0020 0020 0040 0040 0020 0020 0020 0020 04A8,,
,,Cursor Right,17,86,01,17 86 01,X,---,X,X,---,---,---,---,---,---,---,---,---,---,---,---,---,X,X,X,---,---,---,---,X,X,X,X,---,---,---,---,---,---,X,X,X,X,---,---,---,---,---,---,---,---,---,X,X,X,X,X,X,X,---,---,---,---,---,---,---,---,---,---,---,---,---,Cursor right,0000 0071 0000 0025 0040 0040 0020 0020 0040 0020 0020 0020 0020 0040 0020 0081 0020 0040 0040 0040 0020 0020 0040 0020 0020 0020 0020 0020 0020 0020 0020 0020 0020 0040 0020 0AA4 0040 0040 0020 0020 0040 0020 0020 0020 0020 0040 0020 0081 0020 0040 0040 0040 0020 0020 0040 0020 0020 0020 0020 0020 0020 0020 0020 0020 0020 0040 0020 0AA4 0040 0040 0020 0020 0040 0020 0020 0020 0020 04A8,,
,,Cursor Enter,17,87,01,17 87 01,X,---,X,X,---,---,---,---,---,---,---,---,---,---,---,---,---,X,X,X,---,---,---,---,X,X,X,X,---,---,---,---,---,---,X,X,X,X,---,---,---,---,---,---,---,---,---,X,X,X,X,X,X,X,---,---,---,---,---,---,---,---,---,---,---,---,---,Enter fucntion,0000 0071 0000 0020 0040 0020 0020 0040 0040 0020 0020 0020 0020 0040 0020 0081 0020 0040 0040 0040 0020 0020 0020 0020 0040 0020 0020 0020 0020 0020 0020 0020 0020 0040 0020 0AA4 0040 0020 0020 0040 0040 0020 0020 0020 0020 0040 0020 0081 0020 0040 0040 0040 0020 0020 0020 0020 0040 0020 0020 0020 0020 0020 0020 0020 0020 0040 0020 04A8,,
,,RETURN,17,83,01,17 83 01,X,---,X,X,---,---,---,---,---,---,---,---,---,---,---,---,---,X,X,X,---,---,---,---,X,X,X,X,---,---,---,---,---,---,X,X,X,X,---,---,---,---,---,---,---,---,---,X,X,X,X,X,X,X,---,---,---,---,---,---,---,---,---,---,---,---,---,Return function on Analog Tuner,0000 0071 0000 001E 0040 0040 0020 0020 0040 0020 0020 0020 0020 0020 0020 00A0 0020 0040 0040 0040 0020 0020 0020 0020 0040 0020 0020 0020 0020 0040 0040 0020 0020 0AA1 0040 0040 0020 0020 0040 0020 0020 0020 0020 0020 0020 00A0 0020 0040 0040 0040 0020 0020 0020 0020 0040 0020 0020 0020 0020 0040 0040 0020 0020 04A6,,
,HD Radio,HD-RADIO SEEK UP,17,30,10,17 30 10,---,X,---,---,---,---,---,---,X,---,---,---,---,---,---,---,---,---,---,---,---,---,---,---,---,---,---,---,---,---,---,---,---,---,---,---,---,---,---,---,---,---,---,---,---,---,---,---,---,---,---,---,---,---,---,---,---,---,---,---,---,---,---,---,---,---,---,HD-radio station scan up for Tuner-1,0000 0071 0000 0023 0020 0020 0020 0020 0020 0020 0040 0020 0020 0020 0020 0040 0020 0080 0020 0040 0020 0020 0020 0020 0020 0020 0040 0020 0020 0020 0020 0040 0040 0040 0040 0AA2 0020 0020 0020 0020 0020 0020 0040 0020 0020 0020 0020 0040 0020 0080 0020 0040 0020 0020 0020 0020 0020 0020 0040 0020 0020 0020 0020 0040 0040 0040 0040 0AA2 0020 0020 0020 0020 0020 04A7,,
,,HD-RADIO SEEK DOWN,17,31,10,17 31 10,---,X,---,---,---,---,---,---,X,---,---,---,---,---,---,---,---,---,---,---,---,---,---,---,---,---,---,---,---,---,---,---,---,---,---,---,---,---,---,---,---,---,---,---,---,---,---,---,---,---,---,---,---,---,---,---,---,---,---,---,---,---,---,---,---,---,---,HD-radio station scan down for Tuner-1,0000 0071 0000 0020 0040 0040 0020 0020 0040 0020 0020 0020 0020 0020 0020 00A1 0020 0040 0040 0020 0020 0040 0040 0020 0020 0020 0020 0020 0020 0040 0040 0020 0020 0AA3 0040 0040 0020 0020 0040 0020 0020 0020 0020 0020 0020 00A1 0020 0040 0040 0020 0020 0040 0040 0020 0020 0020 0020 0020 0020 0040 0040 0020 0020 0AA3 0040 0040 0020 04A8,,
,,PTY　(For Europe Model),17,120,---,17 120,X (*5),---,X (*5),---,---,---,---,---,---,---,---,---,---,---,---,---,---,X (*5),X (*5),X (*5),---,---,---,---,X (*5),X (*5),X (*5),X,---,---,---,---,---,---,X (*5),X (*5),X (*5),X (*5),---,---,---,---,---,---,---,---,---,X (*5),X (*5),X (*5),X,X (*5),X (*5),X (*5),X (*5),---,---,---,---,---,---,---,---,X,---,X,X,Select Program Type for RDS,,,
,,RT　(For Europe Model),17,120,40,17 120 40,X (*5),---,X (*5),---,---,---,---,---,---,---,---,---,---,---,---,---,---,X (*5),X (*5),---,---,---,---,---,X (*5),X (*5),X (*5),---,---,---,---,---,---,---,X (*5),X (*5),X (*5),X (*5),---,---,---,---,---,---,---,---,---,X (*5),X (*5),X (*5),---,X (*5),X (*5),X (*5),---,---,---,---,---,---,---,---,---,---,---,---,---,,,,
,,RDS/SEARCH,17,120,60,17 120 60,X,---,X,X,---,---,---,---,---,---,---,---,---,---,---,---,---,X,X,X,---,---,---,---,X,X,X,X,---,---,---,---,---,---,X,X,X,X,---,---,---,---,---,---,---,---,---,X,X,X,X,X,X,X,---,---,---,---,---,---,---,---,---,---,---,---,---,Direct Tuning/RDS Search,0000 0071 0000 0025 0040 0040 0020 0020 0040 0020 0020 0020 0020 0040 0020 00A1 0020 0020 0020 0020 0040 0020 0020 0020 0020 0040 0020 0020 0020 0020 0020 0020 0040 0020 0020 0AA6 0040 0040 0020 0020 0040 0020 0020 0020 0020 0040 0020 00A1 0020 0020 0020 0020 0040 0020 0020 0020 0020 0040 0020 0020 0020 0020 0020 0020 0040 0020 0020 0AA6 0040 0040 0020 0020 0040 0020 0020 0020 0020 04A9,,---
,Tuner2,[Tuner-2] 0,17,00,02,17 00 02,---,---,---,---,X,---,---,---,---,---,---,---,---,---,---,---,---,---,---,---,---,---,---,---,---,---,---,---,---,---,---,---,---,---,---,---,---,---,---,---,---,---,---,---,---,---,---,---,---,---,---,---,---,---,---,---,---,---,---,---,---,---,---,---,---,---,---,Ten Key 0 ( Pre set No. or Frequency) for Tuner-2,,,
,,[Tuner-2] 1,17,01,02,17 01 02,---,---,---,---,X,---,---,---,---,---,---,---,---,---,---,---,---,---,---,---,---,---,---,---,---,---,---,---,---,---,---,---,---,---,---,---,---,---,---,---,---,---,---,---,---,---,---,---,---,---,---,---,---,---,---,---,---,---,---,---,---,---,---,---,---,---,---,Ten Key 1 ( Pre set No. or Frequency) for Tuner-2,,,
,,[Tuner-2] 2,17,02,02,17 02 02,---,---,---,---,X,---,---,---,---,---,---,---,---,---,---,---,---,---,---,---,---,---,---,---,---,---,---,---,---,---,---,---,---,---,---,---,---,---,---,---,---,---,---,---,---,---,---,---,---,---,---,---,---,---,---,---,---,---,---,---,---,---,---,---,---,---,---,Ten Key 2 ( Pre set No. or Frequency) for Tuner-2,,,
,,[Tuner-2] 3,17,03,02,17 03 02,---,---,---,---,X,---,---,---,---,---,---,---,---,---,---,---,---,---,---,---,---,---,---,---,---,---,---,---,---,---,---,---,---,---,---,---,---,---,---,---,---,---,---,---,---,---,---,---,---,---,---,---,---,---,---,---,---,---,---,---,---,---,---,---,---,---,---,Ten Key 3 ( Pre set No. or Frequency) for Tuner-2,,,
,,[Tuner-2] 4,17,04,02,17 04 02,---,---,---,---,X,---,---,---,---,---,---,---,---,---,---,---,---,---,---,---,---,---,---,---,---,---,---,---,---,---,---,---,---,---,---,---,---,---,---,---,---,---,---,---,---,---,---,---,---,---,---,---,---,---,---,---,---,---,---,---,---,---,---,---,---,---,---,Ten Key 4 ( Pre set No. or Frequency) for Tuner-2,,,
,,[Tuner-2] 5,17,05,02,17 05 02,---,---,---,---,X,---,---,---,---,---,---,---,---,---,---,---,---,---,---,---,---,---,---,---,---,---,---,---,---,---,---,---,---,---,---,---,---,---,---,---,---,---,---,---,---,---,---,---,---,---,---,---,---,---,---,---,---,---,---,---,---,---,---,---,---,---,---,Ten Key 5 ( Pre set No. or Frequency) for Tuner-2,,,
,,[Tuner-2] 6,17,06,02,17 06 02,---,---,---,---,X,---,---,---,---,---,---,---,---,---,---,---,---,---,---,---,---,---,---,---,---,---,---,---,---,---,---,---,---,---,---,---,---,---,---,---,---,---,---,---,---,---,---,---,---,---,---,---,---,---,---,---,---,---,---,---,---,---,---,---,---,---,---,Ten Key 6 ( Pre set No. or Frequency) for Tuner-2,,,
,,[Tuner-2] 7,17,07,02,17 07 02,---,---,---,---,X,---,---,---,---,---,---,---,---,---,---,---,---,---,---,---,---,---,---,---,---,---,---,---,---,---,---,---,---,---,---,---,---,---,---,---,---,---,---,---,---,---,---,---,---,---,---,---,---,---,---,---,---,---,---,---,---,---,---,---,---,---,---,Ten Key 7 ( Pre set No. or Frequency) for Tuner-2,,,
,,[Tuner-2] 8,17,08,02,17 08 02,---,---,---,---,X,---,---,---,---,---,---,---,---,---,---,---,---,---,---,---,---,---,---,---,---,---,---,---,---,---,---,---,---,---,---,---,---,---,---,---,---,---,---,---,---,---,---,---,---,---,---,---,---,---,---,---,---,---,---,---,---,---,---,---,---,---,---,Ten Key 8 ( Pre set No. or Frequency) for Tuner-2,,,
,,[Tuner-2] 9,17,09,02,17 09 02,---,---,---,---,X,---,---,---,---,---,---,---,---,---,---,---,---,---,---,---,---,---,---,---,---,---,---,---,---,---,---,---,---,---,---,---,---,---,---,---,---,---,---,---,---,---,---,---,---,---,---,---,---,---,---,---,---,---,---,---,---,---,---,---,---,---,---,Ten Key 9 ( Pre set No. or Frequency) for Tuner-2,,,
,,[Tuner-2] FREQ.-DIRECT,17,11,02,17 11 02,---,---,---,---,X,---,---,---,---,---,---,---,---,---,---,---,---,---,---,---,---,---,---,---,---,---,---,---,---,---,---,---,---,---,---,---,---,---,---,---,---,---,---,---,---,---,---,---,---,---,---,---,---,---,---,---,---,---,---,---,---,---,---,---,---,---,---,Change to Direct Frequency input mode for Tuner-2,,,
,,[Tuner-2] FREQ.(tuning) Up +,17,30,02,17 30 02,---,---,---,---,X,---,---,---,---,---,---,---,---,---,---,---,---,---,---,---,---,---,---,---,---,---,---,---,---,---,---,---,---,---,---,---,---,---,---,---,---,---,---,---,---,---,---,---,---,---,---,---,---,---,---,---,---,---,---,---,---,---,---,---,---,---,---,Frequency(Scan) up for Tuner-2,,,
,,[Tuner-2] FREQ.(tuning) Down -,17,31,02,17 31 02,---,---,---,---,X,---,---,---,---,---,---,---,---,---,---,---,---,---,---,---,---,---,---,---,---,---,---,---,---,---,---,---,---,---,---,---,---,---,---,---,---,---,---,---,---,---,---,---,---,---,---,---,---,---,---,---,---,---,---,---,---,---,---,---,---,---,---,Frequency(Scan) down for Tuner-2,,,
,,[Tuner-2] PRESET Up +,17,32,02,17 32 02,---,---,---,---,X,---,---,---,---,---,---,---,---,---,---,---,---,---,---,---,---,---,---,---,---,---,---,---,---,---,---,---,---,---,---,---,---,---,---,---,---,---,---,---,---,---,---,---,---,---,---,---,---,---,---,---,---,---,---,---,---,---,---,---,---,---,---,Preset(Skip) up for Tuner-2,,,
,,[Tuner-2] PRESET Down -,17,33,02,17 33 02,---,---,---,---,X,---,---,---,---,---,---,---,---,---,---,---,---,---,---,---,---,---,---,---,---,---,---,---,---,---,---,---,---,---,---,---,---,---,---,---,---,---,---,---,---,---,---,---,---,---,---,---,---,---,---,---,---,---,---,---,---,---,---,---,---,---,---,Preset(Skip) down for Tuner-2,,,
,,[Tuner-2] T-MODE,17,37,02,17 37 02,---,---,---,---,X,---,---,---,---,---,---,---,---,---,---,---,---,---,---,---,---,---,---,---,---,---,---,---,---,---,---,---,---,---,---,---,---,---,---,---,---,---,---,---,---,---,---,---,---,---,---,---,---,---,---,---,---,---,---,---,---,---,---,---,---,---,---,FM MODE (Auto Stereo / Mono) for Tuner-2,,,
,,[Tuner-2] MEMO,17,41,02,17 41 02,---,---,---,---,X,---,---,---,---,---,---,---,---,---,---,---,---,---,---,---,---,---,---,---,---,---,---,---,---,---,---,---,---,---,---,---,---,---,---,---,---,---,---,---,---,---,---,---,---,---,---,---,---,---,---,---,---,---,---,---,---,---,---,---,---,---,---,Memory for Tuner-2,,,
,,[Tuner-2] PRESET SCAN,17,43,02,17 43 02,---,---,---,---,X,---,---,---,---,---,---,---,---,---,---,---,---,---,---,---,---,---,---,---,---,---,---,---,---,---,---,---,---,---,---,---,---,---,---,---,---,---,---,---,---,---,---,---,---,---,---,---,---,---,---,---,---,---,---,---,---,---,---,---,---,---,---,Start Preset Scan for Tuner-2,,,
,,[Tuner-2] FM,17,45,02,17 45 02,---,---,---,---,X,---,---,---,---,---,---,---,---,---,---,---,---,---,---,---,---,---,---,---,---,---,---,---,---,---,---,---,---,---,---,---,---,---,---,---,---,---,---,---,---,---,---,---,---,---,---,---,---,---,---,---,---,---,---,---,---,---,---,---,---,---,---,Select FM for Tuner-2,,,
,,[Tuner-2] AM,17,46,02,17 46 02,---,---,---,---,X,---,---,---,---,---,---,---,---,---,---,---,---,---,---,---,---,---,---,---,---,---,---,---,---,---,---,---,---,---,---,---,---,---,---,---,---,---,---,---,---,---,---,---,---,---,---,---,---,---,---,---,---,---,---,---,---,---,---,---,---,---,---,Select AM for Tuner-2,,,
,,[Tuner-2] CLEAR,17,58,02,17 58 02,---,---,---,---,X,---,---,---,---,---,---,---,---,---,---,---,---,---,---,---,---,---,---,---,---,---,---,---,---,---,---,---,---,---,---,---,---,---,---,---,---,---,---,---,---,---,---,---,---,---,---,---,---,---,---,---,---,---,---,---,---,---,---,---,---,---,---,Clear for Tuner-2,,,
,Satellite,XM,17,44,01,17 44 01,---,X,---,---,---,X,---,---,X,X,---,---,---,---,---,---,---,---,---,---,X,X,---,---,---,---,---,---,X,X,X,---,---,---,---,---,---,---,X,X,X,X,---,---,---,---,---,---,---,---,---,---,---,---,---,---,---,---,---,---,---,---,---,---,---,---,---,Select XM,0000 0071 0000 0020 0020 0020 0040 0040 0040 0020 0020 0020 0020 0040 0020 00A1 0040 0040 0020 0020 0040 0020 0020 0020 0020 0020 0020 0020 0020 0020 0020 0020 0020 0040 0020 0AAB 0020 0020 0040 0040 0040 0020 0020 0020 0020 0040 0020 00A1 0040 0040 0020 0020 0040 0020 0020 0020 0020 0020 0020 0020 0020 0020 0020 0020 0020 0040 0020 04B0,,
,,SIRIUS,17,44,21,17 44 21,---,X,---,X,---,---,---,---,---,---,---,---,---,---,---,---,---,---,---,X,---,---,---,---,---,---,---,X,X,X,---,---,---,---,---,---,---,X,X,X,---,---,---,---,---,---,---,---,---,---,X,---,---,---,---,---,---,---,---,---,---,---,---,---,---,---,---,Select SIRIUS,0000 0071 0000 001E 0020 0020 0020 0020 0020 0020 0040 0020 0020 0020 0020 0040 0020 00A1 0040 0040 0020 0020 0040 0020 0020 0020 0020 0040 0040 0040 0040 0040 0020 0AAB 0020 0020 0020 0020 0020 0020 0040 0020 0020 0020 0020 0040 0020 00A1 0040 0040 0020 0020 0040 0020 0020 0020 0020 0040 0040 0040 0040 0040 0020 04B0,,
,,SIRIUS Parental Lock,17,11,50,17 11 50,---,X,---,---,---,---,---,---,---,---,---,---,---,---,---,---,---,---,---,---,---,---,---,---,---,---,---,---,X,X,---,---,---,---,---,---,---,X,---,---,---,---,---,---,---,---,---,---,---,---,X,---,---,---,---,---,---,---,---,---,---,---,---,---,---,---,---,Select SIRIUS Parental Lock,,,
,,XM/SIRIUS Channel Direct,"17

17","50
 |
55","00

05",17 50 00,---,X,---,---,---,X,---,---,X,X,---,---,---,---,---,---,---,---,---,---,X,X,---,---,---,---,---,---,X,X,X,---,---,---,---,---,---,---,X,X,X,X,---,---,---,---,---,---,---,---,---,---,---,---,---,---,---,---,---,---,---,---,---,---,---,---,---,XM Direct Channel select,,,
,,XM/SIRIUS Preset Direct,17,67,01-60,17 67 [01-60],---,X,---,---,---,---,---,---,X,---,---,---,---,---,---,---,---,---,---,---,X,---,---,---,---,---,---,---,X (01-50),X (01-50),---,---,---,---,---,---,---,---,X (01-50),X (01-50),X (01-50),---,---,---,---,---,---,---,---,---,---,---,---,---,---,---,---,---,---,---,---,---,---,---,---,---,---,Discrete XM Preset # select,,,
,,XM/SIRIUS Category Search,17,120,11,17 120 11,---,X,---,---,---,X,---,---,X,X,---,---,---,---,---,---,---,---,---,---,X,X,---,---,---,---,---,---,X,X,X,---,---,---,---,---,---,---,X,X,X,X,---,---,---,---,---,---,---,---,---,---,---,---,---,---,---,---,---,---,---,---,---,---,---,---,---,Start and Stop XM/SIRIUS Category search,0000 0071 0000 0024 0040 0040 0020 0020 0040 0020 0020 0020 0020 0040 0020 00A1 0020 0020 0020 0020 0040 0020 0020 0020 0020 0020 0020 0020 0020 0040 0040 0040 0020 0020 0020 0AAA 0040 0040 0020 0020 0040 0020 0020 0020 0020 0040 0020 00A1 0020 0020 0020 0020 0040 0020 0020 0020 0020 0020 0020 0020 0020 0040 0040 0040 0020 0020 0020 0AAA 0040 0040 0020 0020 0040 0020 0020 04AB,,
,,XM/SIRIUS Category Up,17,120,21,17 120 21,---,X,---,---,---,X,---,---,X,X,---,---,---,---,---,---,---,---,---,---,X,X,---,---,---,---,---,---,X,X,X,---,---,---,---,---,---,---,X,X,X,X,---,---,---,---,---,---,---,---,---,---,---,---,---,---,---,---,---,---,---,---,---,---,---,---,---,XM/SIRIUS Category up,0000 0071 0000 0016 0021 0021 0021 0021 0021 0021 0041 0021 0021 0021 0021 0041 0041 0041 0021 0021 0021 0021 0021 0021 0041 0CB5 0021 0021 0021 0021 0021 0021 0041 0021 0021 0021 0021 0041 0041 0041 0021 0021 0021 0021 0021 0021 0041 04AA,,
,,XM/SIRIUS Category Down,17,120,31,17 120 31,---,X,---,---,---,X,---,---,X,X,---,---,---,---,---,---,---,---,---,---,X,X,---,---,---,---,---,---,X,X,X,---,---,---,---,---,---,---,X,X,X,X,---,---,---,---,---,---,---,---,---,---,---,---,---,---,---,---,---,---,---,---,---,---,---,---,---,XM/SIRIUS Category down,0000 0071 0000 0022 0040 0040 0020 0020 0040 0020 0020 0020 0020 0040 0020 00A1 0020 0020 0020 0020 0040 0020 0020 0020 0020 0020 0020 0040 0020 0020 0020 0020 0020 0020 0020 0020 0020 0AA8 0040 0040 0020 0020 0040 0020 0020 0020 0020 0040 0020 00A1 0020 0020 0020 0020 0040 0020 0020 0020 0020 0020 0020 0040 0020 0020 0020 0020 0020 0020 0020 0020 0020 04AA,,
,USB/iPod,iPod Mode Select (Toggle),16,82,07,16 82 07,---,---,---,X,---,---,---,---,---,---,---,---,---,---,---,---,---,---,---,X,---,---,---,---,---,---,---,X,X,---,---,---,---,---,---,---,---,X,---,---,---,---,---,---,---,---,---,---,---,---,X,---,---,---,---,---,---,---,---,---,---,---,---,---,---,---,---,Select iPod mode On/Off,,,
,,Cursor Up,24,80,01,24 80 01,X,---,X,X,---,---,---,---,---,---,---,---,---,---,---,---,---,X,X,X,---,---,---,---,X,X,X,X,X,---,---,---,---,---,X,X,X,X,---,---,---,---,---,---,---,---,---,X,X,X,X,X,---,---,---,---,---,---,---,---,---,---,---,---,---,---,---,Cursor up in iPod mode,0000 0073 0011 0000 0040 0020 0020 0040 0020 0020 0040 0020 0020 0020 0020 00A0 0020 0040 0040 0020 0020 0020 0020 0020 0020 0020 0020 0020 0020 0020 0020 0020 0020 0020 0020 0040 0020 09B7,,
,,Cursor Down,24,81,01,24 81 01,X,---,X,X,---,---,---,---,---,---,---,---,---,---,---,---,---,X,X,X,---,---,---,---,X,X,X,X,X,---,---,---,---,---,X,X,X,X,---,---,---,---,---,---,---,---,---,X,X,X,X,X,---,---,---,---,---,---,---,---,---,---,---,---,---,---,---,Cursor down in iPod Mode,0000 0073 0010 0000 0040 0020 0020 0040 0020 0020 0040 0020 0020 0020 0020 00A0 0020 0040 0040 0020 0020 0020 0020 0040 0040 0020 0020 0020 0020 0020 0020 0020 0020 0040 0020 09B7,,
,,Back,24,83,01,24 83 01,---,---,---,---,---,---,---,---,---,---,---,---,---,---,---,---,---,---,---,---,---,---,---,---,---,---,---,---,X,---,---,---,---,---,---,---,---,---,---,---,---,---,---,---,---,---,---,---,---,---,---,---,---,---,---,---,---,---,---,---,---,---,---,---,---,---,---,Return to a previous menu in iPod mode,0000 0073 0010 0000 0040 0020 0020 0040 0020 0020 0040 0020 0020 0020 0020 00A0 0020 0040 0040 0020 0020 0040 0020 0020 0040 0020 0020 0020 0020 0020 0020 0020 0020 0040 0020 09B7,,
,,Cursor Left,24,85,01,24 85 01,X,---,X,X,---,---,---,---,---,---,---,---,---,---,---,---,---,X,X,X,---,---,---,---,X,X,X,X,X,---,---,---,---,---,X,X,X,X,---,---,---,---,---,---,---,---,---,X,X,X,X,X,---,---,---,---,---,---,---,---,---,---,---,---,---,---,---,Cursor left in iPod mode,0000 0073 000F 0000 0040 0020 0020 0040 0020 0020 0040 0020 0020 0020 0020 00A0 0020 0040 0040 0040 0040 0040 0040 0020 0020 0020 0020 0020 0020 0020 0020 0040 0020 09B7,,
,,Cursor Right,24,86,01,24 86 01,X,---,X,X,---,---,---,---,---,---,---,---,---,---,---,---,---,X,X,X,---,---,---,---,X,X,X,X,X,---,---,---,---,---,X,X,X,X,---,---,---,---,---,---,---,---,---,X,X,X,X,X,---,---,---,---,---,---,---,---,---,---,---,---,---,---,---,Cursor Right in iPod mode,0000 0073 0010 0000 0040 0020 0020 0040 0020 0020 0040 0020 0020 0020 0020 00A0 0020 0040 0040 0040 0020 0020 0040 0020 0020 0020 0020 0020 0020 0020 0020 0020 0020 0040 0020 09B7,,
,,Enter,24,87,01,24 87 01,X,---,X,X,---,---,---,---,---,---,---,---,---,---,---,---,---,X,X,X,---,---,---,---,X,X,X,X,X,---,---,---,---,---,X,X,X,X,---,---,---,---,---,---,---,---,---,X,X,X,X,X,---,---,---,---,---,---,---,---,---,---,---,---,---,---,---,Enter in iPod mode,0000 0073 0010 0000 0040 0020 0020 0040 0020 0020 0040 0020 0020 0020 0020 00A0 0020 0040 0040 0040 0020 0020 0020 0020 0040 0020 0020 0020 0020 0020 0020 0020 0020 0040 0020 09B7,,
,,Return,24,87,21,24 87 21,X,---,X,X,---,---,---,---,---,---,---,---,---,---,---,---,---,X,X,X,---,---,---,---,X,X,X,X,---,---,---,---,---,---,X,X,X,X,---,---,---,---,---,---,---,---,---,X,X,X,X,X,---,---,---,---,---,---,---,---,---,---,---,---,---,---,---,Go back to previous folder,0000 0071 0000 001F 0040 0020 0020 0040 0020 0020 0040 0020 0020 0020 0020 00A1 0020 0040 0040 0040 0020 0020 0020 0020 0040 0040 0040 0040 0040 0040 0020 0AA4 0040 0020 0020 0040 0020 0020 0040 0020 0020 0020 0020 00A1 0020 0040 0040 0040 0020 0020 0020 0020 0040 0040 0040 0040 0040 0040 0020 0AA4 0040 0020 0020 0040 001B 04A8,,
,,Page Search/Character Search,24,80,04,24 80 04,---,---,---,X,---,---,---,---,---,---,---,---,---,---,---,---,---,---,---,X,---,---,---,---,---,---,X,X,---,---,---,---,---,---,---,---,X,X,---,---,---,---,---,---,---,---,---,---,---,X,X,---,---,---,---,---,---,---,---,---,---,---,---,---,---,---,---,Go to a page browsing mode or Go to a character search mode under a page browsing mode,0000 0071 0000 0020 0040 0040 0020 0020 0020 0020 0040 0020 0020 0020 0020 00A1 0020 0040 0040 0020 0020 0020 0020 0020 0020 0020 0020 0020 0020 0020 0020 0040 0040 0020 0020 0AA4 0040 0040 0020 0020 0020 0020 0040 0020 0020 0020 0020 00A1 0020 0040 0040 0020 0020 0020 0020 0020 0020 0020 0020 0020 0020 0020 0020 0040 0040 0020 0020 04A8,,
,,Page Previous,24,32,20,24 32 20,X,---,X,---,---,---,---,---,---,---,---,---,---,---,---,---,---,X,X,X,---,---,---,---,X,X,---,X,X,---,---,---,---,---,X,X,---,---,---,---,---,---,---,---,---,---,---,X,X,---,---,X,---,---,---,---,---,---,---,---,---,---,---,---,---,---,---,Go to next page,,,
,,Page Next,24,33,20,24 33 20,X,---,X,---,---,---,---,---,---,---,---,---,---,---,---,---,---,X,X,X,---,---,---,---,X,X,---,X,X,---,---,---,---,---,X,X,---,---,---,---,---,---,---,---,---,---,---,X,X,---,---,X,---,---,---,---,---,---,---,---,---,---,---,---,---,---,---,Back to previous page,,,
,,Top,24,82,02,24 82 02,---,---,---,---,---,---,---,---,---,---,---,---,---,---,---,---,---,---,---,---,---,---,---,---,---,---,---,---,X,---,---,---,---,---,---,---,---,---,---,---,---,---,---,---,---,---,---,---,---,---,---,---,---,---,---,---,---,---,---,---,---,---,---,---,---,---,---,Go to Top menu,,,
,,Info.,24,82,05,24 82 05,---,---,---,---,---,---,---,---,---,---,---,---,---,---,---,---,---,---,---,---,---,---,---,---,---,---,---,---,X,---,---,---,---,---,---,---,---,---,---,---,---,---,---,---,---,---,---,---,---,---,---,---,---,---,---,---,---,---,---,---,---,---,---,---,---,---,---,Display the information,,,
,,Play/Pause,24,53,00,24 53 00,X,---,X,X,---,---,---,---,---,---,---,---,---,---,---,---,---,X,X,X,---,---,---,---,X,X,X,X,X,---,---,---,---,---,X,X,X,---,---,---,---,---,---,---,---,---,---,X,X,X,---,X,---,---,---,---,---,---,---,---,---,---,---,---,---,---,---,Play/Pause(Toggle),0000 0071 0000 0024 0020 0020 0040 0040 0020 0020 0040 0020 0020 0020 0020 00C1 0020 0020 0040 0040 0040 0040 0040 0020 0020 0020 0020 0020 0020 0020 0020 0020 0020 0AA4 0020 0020 0040 0040 0020 0020 0040 0020 0020 0020 0020 00C1 0020 0020 0040 0040 0040 0040 0040 0020 0020 0020 0020 0020 0020 0020 0020 0020 0020 0AA4 0020 0020 0040 0040 0020 0020 0040 0020 0020 0020 0020 04A8,,
,,Play,24,53,01,24 53 01,X,---,X,X,---,---,---,---,---,---,---,---,---,---,---,---,---,X,X,X,---,---,---,---,X,X,X,X,X,---,---,---,---,---,X,X,X,X,X,---,---,---,---,---,---,---,---,X,X,X,X,X,---,---,---,---,---,---,---,---,---,---,---,---,---,---,---,Start the playback,,,
,,iPod Play,24,53,31,24 53 31,X,---,X,---,---,---,---,---,---,---,---,---,---,---,---,---,---,X,X,---,,,,,X,X,X,---,---,,,,,,X,X,X,---,,---,---,---,---,---,---,---,---,X,X,X,---,X,---,---,---,,,,,,,,,,---,,,iPod Direct play command,,,
,,Pause,24,48,01,24 48 01,X,---,X,X,---,---,---,---,---,---,---,---,---,---,---,---,---,X,X,X,---,---,---,---,X,X,X,X,X,---,---,---,---,---,X,X,X,X,X,---,---,---,---,---,---,---,---,X,X,X,X,X,---,---,---,---,---,---,---,---,---,---,---,---,---,---,---,Pause the playback,,,
,,Stop,24,54,01,24 54 01,X,---,X,X,---,---,---,---,---,---,---,---,---,---,---,---,---,X,X,X,---,---,---,---,X,X,X,X,X,---,---,---,---,---,X,X,X,X,X,---,---,---,---,---,---,---,---,X,X,X,X,X,---,---,---,---,---,---,---,---,---,---,---,---,---,---,---,Stop the playback,,,
,,Next,24,32,01,24 32 01,X,---,X,X,---,---,---,---,---,---,---,---,---,---,---,---,---,X,X,X,---,---,---,---,X,X,X,X,X,---,---,---,---,---,X,X,X,X,X,---,---,---,---,---,---,---,---,X,X,X,X,X,---,---,---,---,---,---,---,---,---,---,---,---,---,---,---,Go to next song,,,
,,Previous,24,33,01,24 33 01,X,---,X,X,---,---,---,---,---,---,---,---,---,---,---,---,---,X,X,X,---,---,---,---,X,X,X,X,X,---,---,---,---,---,X,X,X,X,X,---,---,---,---,---,---,---,---,X,X,X,X,X,---,---,---,---,---,---,---,---,---,---,---,---,---,---,---,Back to previous song,,,
,,REW (Toggle),24,50,01,24 50 01,X,---,X,---,---,---,---,---,---,---,---,---,---,---,---,---,---,X,X,---,---,---,---,---,X,X,X,X,X,---,---,---,---,---,X,X,X,X,---,---,---,---,---,---,---,---,---,X,X,X,X,X,---,---,---,---,---,---,---,---,---,---,---,---,---,---,---,Change REW mode (Toggle),,,
,,REW 1 (x2 speed),24,50,05,24 50 05,---,---,---,---,---,---,---,---,---,---,---,---,---,---,---,---,---,---,---,---,---,---,---,---,---,---,---,---,---,---,---,---,---,---,---,---,---,X,---,---,---,---,---,---,---,---,---,---,---,---,X,---,---,---,---,---,---,---,---,---,---,---,---,---,---,---,---,Rew 1 mode,0000 0071 0000 0024 0020 0020 0040 0040 0020 0020 0040 0020 0020 0020 0020 00C1 0020 0020 0040 0040 0040 0040 0040 0020 0020 0020 0020 0020 0020 0020 0020 0020 0020 0AA4 0020 0020 0040 0040 0020 0020 0040 0020 0020 0020 0020 00C1 0020 0020 0040 0040 0040 0040 0040 0020 0020 0020 0020 0020 0020 0020 0020 0020 0020 0AA4 0020 0020 0040 0040 0020 0020 0040 0020 0020 0020 0020 04A8,,
,,REW 2 (x4 speed),24,50,06,24 50 06,---,---,---,---,---,---,---,---,---,---,---,---,---,---,---,---,---,---,---,---,---,---,---,---,---,---,---,---,---,---,---,---,---,---,---,---,---,X,---,---,---,---,---,---,---,---,---,---,---,---,X,---,---,---,---,---,---,---,---,---,---,---,---,---,---,---,---,Rew 2 mode,0000 0071 0000 0025 0020 0020 0020 0020 0020 0020 0020 0020 0040 0020 0020 0020 0020 00C1 0020 0020 0040 0020 0020 0040 0040 0020 0020 0020 0020 0020 0020 0040 0040 0040 0020 0AA4 0020 0020 0020 0020 0020 0020 0020 0020 0040 0020 0020 0020 0020 00C1 0020 0020 0040 0020 0020 0040 0040 0020 0020 0020 0020 0020 0020 0040 0040 0040 0020 0AA4 0020 0020 0020 0020 0020 0020 0020 0020 0015 04A8,,
,,REW 3 (x8 speed),24,50,07,24 50 07,---,---,---,---,---,---,---,---,---,---,---,---,---,---,---,---,---,---,---,---,---,---,---,---,---,---,---,---,---,---,---,---,---,---,---,---,---,X,---,---,---,---,---,---,---,---,---,---,---,---,X,---,---,---,---,---,---,---,---,---,---,---,---,---,---,---,---,Rew 3 mode,0000 0071 0000 0026 0020 0020 0020 0020 0020 0020 0020 0020 0040 0020 0020 0020 0020 00C1 0020 0020 0040 0020 0020 0040 0040 0020 0020 0020 0020 0020 0020 0040 0020 0020 0020 0020 0020 0AA4 0020 0020 0020 0020 0020 0020 0020 0020 0040 0020 0020 0020 0020 00C1 0020 0020 0040 0020 0020 0040 0040 0020 0020 0020 0020 0020 0020 0040 0020 0020 0020 0020 0020 0AA4 0020 0020 0020 0020 0020 0020 0020 04A8,,
,,FF (Toggle),24,52,01,24 52 01,X,---,X,---,---,---,---,---,---,---,---,---,---,---,---,---,---,X,X,---,---,---,---,---,X,X,X,X,X,---,---,---,---,---,X,X,X,X,---,---,---,---,---,---,---,---,---,X,X,X,X,X,---,---,---,---,---,---,---,---,---,---,---,---,---,---,---,Change FF mode (Toggle),,,
,,FF 1 (x2 speed),24,52,05,24 52 05,---,---,---,---,---,---,---,---,---,---,---,---,---,---,---,---,---,---,---,---,---,---,---,---,---,---,---,---,---,---,---,---,---,---,---,---,---,X,---,---,---,---,---,---,---,---,---,---,---,---,X,---,---,---,---,---,---,---,---,---,---,---,---,---,---,---,---,FF 1 mode,0000 0071 0000 0025 0020 0020 0020 0020 0020 0020 0020 0020 003F 0020 0020 0020 0020 00C0 0020 0020 003F 003F 003F 0020 0020 0020 0020 0020 0020 0020 0020 003F 003F 003F 0020 0AA1 0020 0020 0020 0020 0020 0020 0020 0020 003F 0020 0020 0020 0020 00C0 0020 0020 003F 003F 003F 0020 0020 0020 0020 0020 0020 0020 0020 003F 003F 003F 0020 0AA1 0020 0020 0020 0020 0020 0020 0020 0020 003F 04A6,,
,,FF 2 (x4 speed),24,52,06,24 52 06,---,---,---,---,---,---,---,---,---,---,---,---,---,---,---,---,---,---,---,---,---,---,---,---,---,---,---,---,---,---,---,---,---,---,---,---,---,X,---,---,---,---,---,---,---,---,---,---,---,---,X,---,---,---,---,---,---,---,---,---,---,---,---,---,---,---,---,FF 2 mode,0000 0071 0000 001E 0020 0020 0040 0040 0020 0020 0040 0020 0020 0020 0020 00C0 0020 0020 0040 0040 0040 0020 0020 0020 0020 0020 0020 0020 0020 0040 0020 0020 0040 0AA1 0020 0020 0040 0040 0020 0020 0040 0020 0020 0020 0020 00C0 0020 0020 0040 0040 0040 0020 0020 0020 0020 0020 0020 0020 0020 0040 0020 0020 0040 04A6,,
,,Ff 3 (x8 speed),24,52,07,24 52 07,---,---,---,---,---,---,---,---,---,---,---,---,---,---,---,---,---,---,---,---,---,---,---,---,---,---,---,---,---,---,---,---,---,---,---,---,---,X,---,---,---,---,---,---,---,---,---,---,---,---,X,---,---,---,---,---,---,---,---,---,---,---,---,---,---,---,---,FF 3 mode,0000 0071 0000 0026 0020 0020 0020 0020 0020 0020 0020 0020 0040 0020 0020 0020 0020 00C0 0020 0020 0040 0040 0040 0020 0020 0020 0020 0020 0020 0020 0020 0040 0020 0020 0020 0020 0020 0AA1 0020 0020 0020 0020 0020 0020 0020 0020 0040 0020 0020 0020 0020 00C0 0020 0020 0040 0040 0040 0020 0020 0020 0020 0020 0020 0020 0020 0040 0020 0020 0020 0020 0020 0AA1 0020 0020 0020 0020 0020 0020 0020 04A6,,
,,Random(Toggle),24,28,01,24 28 01,X,---,X,X,---,---,---,---,---,---,---,---,---,---,---,---,---,X,X,X,---,---,---,---,X,X,X,X,X,---,---,---,---,---,X,X,X,X,X,---,---,---,---,---,---,---,---,X,X,X,X,X,---,---,---,---,---,---,---,---,---,---,---,---,---,---,---,Change Random mode Off->Songs->Album->Off,,,
,,Random Off,24,28,02,24 28 02,X,---,X,X,---,---,---,---,---,---,---,---,---,---,---,---,---,X,X,X,---,---,---,---,X,X,X,X,---,---,---,---,---,---,X,X,X,X,X,---,---,---,---,---,---,---,---,X,X,X,X,X,---,---,---,---,---,---,---,---,---,---,---,---,---,---,---,Random mode off,0000 0071 0000 0026 0020 0020 0020 0020 0020 0020 0020 0020 0040 0020 0020 0020 0020 00C0 0020 0020 0040 0040 0040 0020 0020 0020 0020 0020 0020 0020 0020 0040 0020 0020 0020 0020 0020 0AA1 0020 0020 0020 0020 0020 0020 0020 0020 0040 0020 0020 0020 0020 00C0 0020 0020 0040 0040 0040 0020 0020 0020 0020 0020 0020 0020 0020 0040 0020 0020 0020 0020 0020 0AA1 0020 0020 0020 0020 0020 0020 0020 04A6,,
,,Random On(Songs),24,28,03,24 28 03,X,---,X,X,---,---,---,---,---,---,---,---,---,---,---,---,---,X,X,X,---,---,---,---,X,X,X,X,---,---,---,---,---,---,X,X,X,X,X,---,---,---,---,---,---,---,---,X,X,X,X,X,---,---,---,---,---,---,---,---,---,---,---,---,---,---,---,Song Random mode on,0000 0071 0000 0026 0020 0020 0020 0020 0020 0020 0020 0020 0040 0020 0020 0020 0020 00C0 0020 0020 0040 0040 0040 0020 0020 0020 0020 0020 0020 0020 0020 0040 0020 0020 0020 0020 0020 0AA1 0020 0020 0020 0020 0020 0020 0020 0020 0040 0020 0020 0020 0020 00C0 0020 0020 0040 0040 0040 0020 0020 0020 0020 0020 0020 0020 0020 0040 0020 0020 0020 0020 0020 0AA1 0020 0020 0020 0020 0020 0020 0020 04A6,,
,,Random (Album),24,28,04,24 28 04,---,---,---,X,---,---,---,---,---,---,---,---,---,---,---,---,---,---,---,X,---,---,---,---,---,---,---,X,X,---,---,---,---,---,---,---,---,X,X,---,---,---,---,---,---,---,---,---,---,---,X,---,---,---,---,---,---,---,---,---,---,---,---,---,---,---,---,Album Random mode on,,,
,,Repeat(Toggle),24,29,01,24 29 01,X,---,X,X,---,---,---,---,---,---,---,---,---,---,---,---,---,X,X,X,---,---,---,---,X,X,X,X,X,---,---,---,---,---,X,X,X,X,X,---,---,---,---,---,---,---,---,X,X,X,X,X,---,---,---,---,---,---,---,---,---,---,---,---,---,---,---,Change Repeat mode,,,
,,Repeat Off,24,29,02,24 29 02,X,---,X,X,---,---,---,---,---,---,---,---,---,---,---,---,---,X,X,X,---,---,---,---,X,X,X,X,---,---,---,---,---,---,X,X,X,X,X,---,---,---,---,---,---,---,---,X,X,X,X,X,---,---,---,---,---,---,---,---,---,---,---,---,---,---,---,Repeat mode off,0000 0071 0000 0024 0020 0020 0040 0040 0020 0020 0040 0020 0020 0020 0020 00A1 0020 0040 0020 0020 0020 0020 0040 0040 0040 0020 0020 0020 0020 0020 0020 0040 0040 0AA6 0020 0020 0040 0040 0020 0020 0040 0020 0020 0020 0020 00A1 0020 0040 0020 0020 0020 0020 0040 0040 0040 0020 0020 0020 0020 0020 0020 0040 0040 0AA6 0020 0020 0040 0040 0020 0020 0040 0020 0020 0020 0020 04A9,,
,,Repeat One,24,29,03,24 29 03,X,---,X,X,---,---,---,---,---,---,---,---,---,---,---,---,---,X,X,X,---,---,---,---,X,X,X,X,---,---,---,---,---,---,X,X,X,X,X,---,---,---,---,---,---,---,---,X,X,X,X,X,---,---,---,---,---,---,---,---,---,---,---,---,---,---,---,One track repeat mode on,0000 0071 0000 0026 0020 0020 0020 0020 0020 0020 0020 0020 0040 0020 0020 0020 0020 00A1 0020 0040 0020 0020 0020 0020 0040 0040 0040 0020 0020 0020 0020 0020 0020 0040 0020 0020 0020 0AA6 0020 0020 0020 0020 0020 0020 0020 0020 0040 0020 0020 0020 0020 00A1 0020 0040 0020 0020 0020 0020 0040 0040 0040 0020 0020 0020 0020 0020 0020 0040 0020 0020 0020 0AA6 0020 0020 0020 0020 0020 0020 0020 04A9,,
,,Repeat All,24,29,04,24 29 04,X,---,X,X,---,---,---,---,---,---,---,---,---,---,---,---,---,X,X,X,---,---,---,---,X,X,X,X,---,---,---,---,---,---,X,X,X,X,X,---,---,---,---,---,---,---,---,X,X,X,X,X,---,---,---,---,---,---,---,---,---,---,---,---,---,---,---,All repeat mode on,0000 0071 0000 0022 0020 0020 0040 0040 0020 0020 0040 0020 0020 0020 0020 00A1 0020 0040 0020 0020 0020 0020 0040 0040 0040 0020 0020 0020 0020 0040 0040 0020 0020 0AA6 0020 0020 0040 0040 0020 0020 0040 0020 0020 0020 0020 00A1 0020 0040 0020 0020 0020 0020 0040 0040 0040 0020 0020 0020 0020 0040 0040 0020 0020 0AA6 0020 0020 0040 0040 0020 0020 000E 04A9,,
,,Repeat Folder,24,29,05,24 29 05,---,---,---,---,---,---,---,---,---,---,---,---,---,---,---,---,---,---,---,---,---,---,---,---,---,---,---,X,---,---,---,---,---,---,---,---,---,X,---,---,---,---,---,---,---,---,---,---,---,---,X,---,---,---,---,---,---,---,---,---,---,---,---,---,---,---,---,Folder repeat mode on,0000 0071 0000 0020 0020 0020 0020 0020 0020 0020 0020 0020 0040 0020 0020 0020 0020 00A1 0020 0040 0020 0020 0020 0020 0040 0040 0040 0020 0020 0020 0020 0040 0040 0040 0020 0AA6 0020 0020 0020 0020 0020 0020 0020 0020 0040 0020 0020 0020 0020 00A1 0020 0040 0020 0020 0020 0020 0040 0040 0040 0020 0020 0020 0020 0040 0040 0040 0020 04A9,,
,,Screen Saver On/Off (Toggle),24,110,01,24 110 01,---,---,---,---,---,---,---,---,---,---,---,---,---,---,---,---,---,---,---,---,---,---,---,---,---,---,---,---,X,---,---,---,---,---,---,---,---,---,---,---,---,---,---,---,---,---,---,---,---,---,---,---,---,---,---,---,---,---,---,---,---,---,---,---,---,---,---,Change Screen saver mode Off->On->Off,,,
,,SHIFT,24,32,00,24 32 00,---,---,X,X,---,---,---,---,---,---,---,---,---,---,---,---,---,---,---,X,---,---,---,---,---,---,X,---,---,---,---,---,---,---,---,---,X,---,---,---,---,---,---,---,---,---,---,---,---,X,---,---,---,---,---,---,---,---,---,---,---,---,---,---,---,---,---,shift preset block on iPod/USB,0000 0071 0000 0022 0020 0020 0040 0040 0020 0020 0040 0020 0020 0020 0020 00C1 0040 0020 0020 0020 0020 0020 0020 0020 0020 0020 0020 0020 0020 0020 0020 0020 0020 0020 0020 0020 0020 0AA6 0020 0020 0040 0040 0020 0020 0040 0020 0020 0020 0020 00C1 0040 0020 0020 0020 0020 0020 0020 0020 0020 0020 0020 0020 0020 0020 0020 0020 0020 0020 0020 0020 0020 04A9,,
,,MEMORY,24,41,50,24 41 50,X,---,X,X,---,---,---,---,---,---,---,---,---,---,---,---,---,X,X,X,---,---,---,---,X,X,X,---,---,---,---,---,---,---,X,X,X,---,---,---,---,---,---,---,---,---,---,X,X,X,---,X,---,---,---,---,---,---,---,---,---,---,---,---,---,---,---,Enter Preset memory mode/Store,0000 0071 0000 0025 0020 0020 0020 0020 0020 0020 0020 0020 0040 0020 0020 0020 0020 00C1 0040 0040 0040 0020 0020 0040 0020 0020 0020 0020 0040 0020 0020 0040 0040 0AA2 0020 0020 0020 0020 0020 0020 0020 0020 0040 0020 0020 0020 0020 00C1 0040 0040 0040 0020 0020 0040 0020 0020 0020 0020 0040 0020 0020 0040 0040 0AA2 0020 0020 0020 0020 0020 0020 0020 0020 0040 0020 0020 0020 0015 04A7,,
Main,,PRESET CH UP,24,32,20,24 32 20,---,---,---,X,---,---,---,---,---,---,---,---,---,---,---,---,---,---,---,X,---,---,---,---,---,---,X,---,---,---,---,---,---,---,---,---,X,---,---,---,---,---,---,---,---,---,---,---,---,X,---,---,---,---,---,---,---,---,---,---,---,---,---,---,---,---,---,iPod/USB Preset up,0000 0071 0000 001E 0020 0020 0040 0040 0020 0020 0040 0020 0020 0020 0020 00C1 0040 0020 0020 0020 0020 0020 0020 0020 0020 0020 0020 0040 0040 0040 0040 0020 0020 0AA2 0020 0020 0040 0040 0020 0020 0040 0020 0020 0020 0020 00C1 0040 0020 0020 0020 0020 0020 0020 0020 0020 0020 0020 0040 0040 0040 0040 0020 0020 04A7,,
Zone,,PRESET CH DOWN,24,33,20,24 33 20,---,---,---,X,---,---,---,---,---,---,---,---,---,---,---,---,---,---,---,X,---,---,---,---,---,---,X,---,---,---,---,---,---,---,---,---,X,---,---,---,---,---,---,---,---,---,---,---,---,X,---,---,---,---,---,---,---,---,---,---,---,---,---,---,---,---,---,iPod/USB Preset down,0000 0071 0000 0025 0020 0020 0020 0020 0020 0020 0020 0020 0040 0020 0020 0020 0020 00C1 0040 0020 0020 0020 0020 0020 0020 0040 0040 0040 0040 0040 0040 0020 0020 0AA2 0020 0020 0020 0020 0020 0020 0020 0020 0040 0020 0020 0020 0020 00C1 0040 0020 0020 0020 0020 0020 0020 0040 0040 0040 0040 0040 0040 0020 0020 0AA2 0020 0020 0020 0020 0020 0020 0020 0020 0040 0020 0020 0020 0015 04A7,,
,,PRESET 1,24,01,01,24 01 01,---,---,---,X,---,---,---,---,---,---,---,---,---,---,---,---,---,---,---,X,---,---,---,---,---,---,X,---,---,---,---,---,---,---,---,---,X,---,---,---,---,---,---,---,---,---,---,---,---,X,---,---,---,---,---,X,X,X,X,X,X,X,X,X,---,X,X,Preset 1 in current Preset Block on iPod/USB,0000 0071 0000 0026 0020 0020 0040 0040 0020 0020 0040 0020 0020 0020 0020 00A0 0020 0020 0020 0020 0020 0020 0020 0020 0020 0040 0040 0020 0020 0020 0020 0020 0020 0020 0020 0040 0020 0AA2 0020 0020 0040 0040 0020 0020 0040 0020 0020 0020 0020 00A0 0020 0020 0020 0020 0020 0020 0020 0020 0020 0040 0040 0020 0020 0020 0020 0020 0020 0020 0020 0040 0020 0AA2 0020 0020 0040 0040 0020 0020 0009 04A7,,
,,PRESET 2,24,02,01,24 02 01,---,---,---,X,---,---,---,---,---,---,---,---,---,---,---,---,---,---,---,X,---,---,---,---,---,---,X,---,---,---,---,---,---,---,---,---,X,---,---,---,---,---,---,---,---,---,---,---,---,X,---,---,---,---,---,X,X,X,X,X,X,X,X,X,---,X,X,Preset 2 in current Preset Block on iPod/USB,0000 0071 0000 0027 0020 0020 0020 0020 0020 0020 0020 0020 0040 0020 0020 0020 0020 00A0 0020 0020 0020 0020 0020 0020 0020 0040 0040 0020 0020 0020 0020 0020 0020 0020 0020 0020 0020 0040 0020 0AA2 0020 0020 0020 0020 0020 0020 0020 0020 0040 0020 0020 0020 0020 00A0 0020 0020 0020 0020 0020 0020 0020 0040 0040 0020 0020 0020 0020 0020 0020 0020 0020 0020 0020 0040 0020 0AA2 0020 0020 0020 0020 0020 04A7,,
,,PRESET 3,24,03,01,24 03 01,---,---,---,X,---,---,---,---,---,---,---,---,---,---,---,---,---,---,---,X,---,---,---,---,---,---,X,---,---,---,---,---,---,---,---,---,X,---,---,---,---,---,---,---,---,---,---,---,---,X,---,---,---,---,---,X,X,X,X,X,X,X,X,X,---,X,X,Preset 3 in current Preset Block on iPod/USB,0000 0071 0000 0022 0020 0020 0040 0040 0020 0020 0040 0020 0020 0020 0020 00A0 0020 0020 0020 0020 0020 0020 0020 0040 0020 0020 0040 0020 0020 0020 0020 0020 0020 0020 0020 0040 0020 0AA2 0020 0020 0040 0040 0020 0020 0040 0020 0020 0020 0020 00A0 0020 0020 0020 0020 0020 0020 0020 0040 0020 0020 0040 0020 0020 0020 0020 0020 0020 0020 0020 0040 0020 04A7,,
,,PRESET 4,24,04,01,24 04 01,---,---,---,X,---,---,---,---,---,---,---,---,---,---,---,---,---,---,---,X,---,---,---,---,---,---,X,---,---,---,---,---,---,---,---,---,X,---,---,---,---,---,---,---,---,---,---,---,---,X,---,---,---,---,---,X,X,X,X,X,X,X,X,X,---,X,X,Preset 4 in current Preset Block on iPod/USB,0000 0071 0000 0024 0020 0020 0020 0020 0020 0020 0020 0020 0040 0020 0020 0020 0020 00A1 0020 0020 0020 0020 0020 0040 0040 0020 0020 0020 0020 0020 0020 0020 0020 0020 0020 0020 0020 0040 0020 0AA2 0020 0020 0020 0020 0020 0020 0020 0020 0040 0020 0020 0020 0020 00A1 0020 0020 0020 0020 0020 0040 0040 0020 0020 0020 0020 0020 0020 0020 0020 0020 0020 0020 0020 0040 0020 04A7,,
,,PRESET 5,24,05,01,24 05 01,---,---,---,X,---,---,---,---,---,---,---,---,---,---,---,---,---,---,---,X,---,---,---,---,---,---,X,---,---,---,---,---,---,---,---,---,X,---,---,---,---,---,---,---,---,---,---,---,---,X,---,---,---,---,---,X,X,X,X,X,X,X,X,X,---,X,X,Preset 5 in current Preset Block on iPod/USB,0000 0071 0000 0020 0020 0020 0040 0040 0020 0020 0040 0020 0020 0020 0020 00A0 0020 0020 0020 0020 0020 0040 0040 0040 0040 0020 0020 0020 0020 0020 0020 0020 0020 0040 0020 0AA2 0020 0020 0040 0040 0020 0020 0040 0020 0020 0020 0020 00A0 0020 0020 0020 0020 0020 0040 0040 0040 0040 0020 0020 0020 0020 0020 0020 0020 0020 0040 0020 04A7,,
,,PRESET 6,24,06,01,24 06 01,---,---,---,X,---,---,---,---,---,---,---,---,---,---,---,---,---,---,---,X,---,---,---,---,---,---,X,---,---,---,---,---,---,---,---,---,X,---,---,---,---,---,---,---,---,---,---,---,---,X,---,---,---,---,---,X,X,X,X,X,X,X,X,X,---,X,X,Preset 6 in current Preset Block on iPod/USB,0000 0071 0000 0027 0020 0020 0020 0020 0020 0020 0020 0020 0040 0020 0020 0020 0020 00A1 0020 0020 0020 0020 0020 0040 0020 0020 0040 0020 0020 0020 0020 0020 0020 0020 0020 0020 0020 0040 0020 0AA2 0020 0020 0020 0020 0020 0020 0020 0020 0040 0020 0020 0020 0020 00A1 0020 0020 0020 0020 0020 0040 0020 0020 0040 0020 0020 0020 0020 0020 0020 0020 0020 0020 0020 0040 0020 0AA2 0020 0020 0020 0020 0012 04A7,,
,,PRESET 7,24,07,01,24 07 01,---,---,---,X,---,---,---,---,---,---,---,---,---,---,---,---,---,---,---,X,---,---,---,---,---,---,X,---,---,---,---,---,---,---,---,---,X,---,---,---,---,---,---,---,---,---,---,---,---,X,---,---,---,---,---,X,X,X,X,X,X,X,X,X,---,X,X,Preset 7 in current Preset Block on iPod/USB,0000 0071 0000 0026 0020 0020 0040 0040 0020 0020 0040 0020 0020 0020 0020 00A1 0020 0020 0020 0020 0020 0040 0020 0020 0020 0020 0040 0020 0020 0020 0020 0020 0020 0020 0020 0040 0020 0AA2 0020 0020 0040 0040 0020 0020 0040 0020 0020 0020 0020 00A1 0020 0020 0020 0020 0020 0040 0020 0020 0020 0020 0040 0020 0020 0020 0020 0020 0020 0020 0020 0040 0020 0AA2 0020 0020 0040 0040 0020 0020 0008 04A7,,
,,PRESET 8,24,08,01,24 08 01,---,---,---,X,---,---,---,---,---,---,---,---,---,---,---,---,---,---,---,X,---,---,---,---,---,---,X,---,---,---,---,---,---,---,---,---,X,---,---,---,---,---,---,---,---,---,---,---,---,X,---,---,---,---,---,X,X,X,X,X,X,X,X,X,---,X,X,Preset 8 in current Preset Block on iPod/USB,0000 0071 0000 0024 0020 0020 0020 0020 0020 0020 0020 0020 0040 0020 0020 0020 0020 00A0 0020 0020 0020 0040 0040 0020 0020 0020 0020 0020 0020 0020 0020 0020 0020 0020 0020 0020 0020 0040 0020 0AA2 0020 0020 0020 0020 0020 0020 0020 0020 0040 0020 0020 0020 0020 00A0 0020 0020 0020 0040 0040 0020 0020 0020 0020 0020 0020 0020 0020 0020 0020 0020 0020 0020 0020 0040 0020 04A7,,
,Network,[Network(Digital Media Player)] 0,27,00,01,27 00 01,---,X,---,---,---,---,---,---,---,---,---,---,---,---,---,---,---,---,---,---,---,---,---,---,---,---,X,---,---,---,---,---,---,---,---,---,X,---,---,---,---,---,---,---,---,---,---,---,---,X,---,---,---,---,---,---,---,---,---,---,---,---,---,---,---,---,---,Ten Key 0 for DMP,,,
,(Digital,[Network(Digital Media Player)] 1,27,01,01,27 01 01,---,X,---,X,---,---,---,---,---,---,---,---,---,---,---,---,---,---,---,X,---,---,---,---,---,---,X,---,---,---,---,---,---,---,---,---,X,---,---,---,---,---,---,---,---,---,---,---,---,X,---,---,---,---,---,---,---,---,---,---,---,---,---,---,---,---,---,Preset 1 in current Preset Block on NET/USB or 1 of 10key,0000 0071 0000 0029 0020 0020 0020 0020 0020 0020 0020 0020 0040 0040 0020 0020 0020 0081 0020 0020 0020 0020 0020 0020 0020 0020 0020 0040 0040 0020 0020 0020 0020 0020 0020 0020 0020 0040 0020 0AAB 0020 0020 0020 0020 0020 0020 0020 0020 0040 0040 0020 0020 0020 0081 0020 0020 0020 0020 0020 0020 0020 0020 0020 0040 0040 0020 0020 0020 0020 0020 0020 0020 0020 0040 0020 0AAB 0020 0020 0020 0020 0020 0020 0020 0020 0026 04AB,,
,Media,[Network(Digital Media Player)] 2,27,02,01,27 02 01,---,X,---,X,---,---,---,---,---,---,---,---,---,---,---,---,---,---,---,X,---,---,---,---,---,---,X,---,---,---,---,---,---,---,---,---,X,---,---,---,---,---,---,---,---,---,---,---,---,X,---,---,---,---,---,---,---,---,---,---,---,---,---,---,---,---,---,Preset 2 in current Preset Block on NET/USB or 2 of 10key,0000 0071 0000 0026 0020 0020 0040 0040 0020 0020 0040 0040 0020 0020 0020 0081 0020 0020 0020 0020 0020 0020 0020 0040 0040 0020 0020 0020 0020 0020 0020 0020 0020 0020 0020 0040 0020 0AAB 0020 0020 0040 0040 0020 0020 0040 0040 0020 0020 0020 0081 0020 0020 0020 0020 0020 0020 0020 0040 0040 0020 0020 0020 0020 0020 0020 0020 0020 0020 0020 0040 0020 0AAB 0020 0020 0040 0040 0020 0020 0030 04AB,,
,Player) /,[Network(Digital Media Player)] 3,27,03,01,27 03 01,---,X,---,X,---,---,---,---,---,---,---,---,---,---,---,---,---,---,---,X,---,---,---,---,---,---,X,---,---,---,---,---,---,---,---,---,X,---,---,---,---,---,---,---,---,---,---,---,---,X,---,---,---,---,---,---,---,---,---,---,---,---,---,---,---,---,---,Preset 3 in current Preset Block on NET/USB or 3 of 10key,0000 0071 0000 0027 0020 0020 0020 0020 0020 0020 0020 0020 0040 0040 0020 0020 0020 0081 0020 0020 0020 0020 0020 0020 0020 0040 0020 0020 0040 0020 0020 0020 0020 0020 0020 0020 0020 0040 0020 0AAB 0020 0020 0020 0020 0020 0020 0020 0020 0040 0040 0020 0020 0020 0081 0020 0020 0020 0020 0020 0020 0020 0040 0020 0020 0040 0020 0020 0020 0020 0020 0020 0020 0020 0040 0020 0AAB 0020 0020 0020 0020 0014 04AB,,
,Control,[Network(Digital Media Player)] 4,27,04,01,27 04 01,---,X,---,X,---,---,---,---,---,---,---,---,---,---,---,---,---,---,---,X,---,---,---,---,---,---,X,---,---,---,---,---,---,---,---,---,X,---,---,---,---,---,---,---,---,---,---,---,---,X,---,---,---,---,---,---,---,---,---,---,---,---,---,---,---,---,---,Preset 4 in current Preset Block on NET/USB or 4 of 10key,0000 0071 0000 0022 0020 0020 0040 0040 0020 0020 0040 0040 0020 0020 0020 0081 0020 0020 0020 0020 0020 0040 0040 0020 0020 0020 0020 0020 0020 0020 0020 0020 0020 0020 0020 0040 0020 0AAB 0020 0020 0040 0040 0020 0020 0040 0040 0020 0020 0020 0081 0020 0020 0020 0020 0020 0040 0040 0020 0020 0020 0020 0020 0020 0020 0020 0020 0020 0020 0020 0040 0020 04AB,,
,,[Network(Digital Media Player)] 5,27,05,01,27 05 01,---,X,---,X,---,---,---,---,---,---,---,---,---,---,---,---,---,---,---,X,---,---,---,---,---,---,X,---,---,---,---,---,---,---,---,---,X,---,---,---,---,---,---,---,---,---,---,---,---,X,---,---,---,---,---,---,---,---,---,---,---,---,---,---,---,---,---,Preset 5 in current Preset Block on NET/USB or 5 of 10key,0000 0071 0000 0022 0020 0020 0020 0020 0020 0020 0020 0020 0040 0040 0020 0020 0020 0081 0020 0020 0020 0020 0020 0040 0040 0040 0040 0020 0020 0020 0020 0020 0020 0020 0020 0040 0020 0AAB 0020 0020 0020 0020 0020 0020 0020 0020 0040 0040 0020 0020 0020 0081 0020 0020 0020 0020 0020 0040 0040 0040 0040 0020 0020 0020 0020 0020 0020 0020 0020 0040 0020 04AB,,
,,[Network(Digital Media Player)] 6,27,06,01,27 06 01,---,X,---,X,---,---,---,---,---,---,---,---,---,---,---,---,---,---,---,X,---,---,---,---,---,---,X,---,---,---,---,---,---,---,---,---,X,---,---,---,---,---,---,---,---,---,---,---,---,X,---,---,---,---,---,---,---,---,---,---,---,---,---,---,---,---,---,Preset 6 in current Preset Block on NET/USB or 6 of 10key,0000 0071 0000 0028 0020 0020 0040 0040 0020 0020 0040 0040 0020 0020 0020 0081 0020 0020 0020 0020 0020 0040 0020 0020 0040 0020 0020 0020 0020 0020 0020 0020 0020 0020 0020 0040 0020 0AAB 0020 0020 0040 0040 0020 0020 0040 0040 0020 0020 0020 0081 0020 0020 0020 0020 0020 0040 0020 0020 0040 0020 0020 0020 0020 0020 0020 0020 0020 0020 0020 0040 0020 0AAB 0020 0020 0040 0040 0020 0020 0040 0040 0020 0020 0020 04AB,,
,,[Network(Digital Media Player)] 7,27,07,01,27 07 01,---,X,---,X,---,---,---,---,---,---,---,---,---,---,---,---,---,---,---,X,---,---,---,---,---,---,X,---,---,---,---,---,---,---,---,---,X,---,---,---,---,---,---,---,---,---,---,---,---,X,---,---,---,---,---,---,---,---,---,---,---,---,---,---,---,---,---,Preset 7 in current Preset Block on NET/USB or 7 of 10key,0000 0071 0000 0024 0020 0020 0020 0020 0020 0020 0020 0020 0040 0040 0020 0020 0020 0081 0020 0020 0020 0020 0020 0040 0020 0020 0020 0020 0040 0020 0020 0020 0020 0020 0020 0020 0020 0040 0020 0AAB 0020 0020 0020 0020 0020 0020 0020 0020 0040 0040 0020 0020 0020 0081 0020 0020 0020 0020 0020 0040 0020 0020 0020 0020 0040 0020 0020 0020 0020 0020 0020 0020 0020 0040 0020 04AB,,
,,[Network(Digital Media Player)] 8,27,08,01,27 08 01,---,X,---,X,---,---,---,---,---,---,---,---,---,---,---,---,---,---,---,X,---,---,---,---,---,---,X,---,---,---,---,---,---,---,---,---,X,---,---,---,---,---,---,---,---,---,---,---,---,X,---,---,---,---,---,---,---,---,---,---,---,---,---,---,---,---,---,Preset 8 in current Preset Block on NET/USB or 8 of 10key,0000 0071 0000 0022 0020 0020 0040 0040 0020 0020 0040 0040 0020 0020 0020 0081 0020 0020 0020 0040 0040 0020 0020 0020 0020 0020 0020 0020 0020 0020 0020 0020 0020 0020 0020 0040 0020 0AAB 0020 0020 0040 0040 0020 0020 0040 0040 0020 0020 0020 0081 0020 0020 0020 0040 0040 0020 0020 0020 0020 0020 0020 0020 0020 0020 0020 0020 0020 0020 0020 0040 0020 04AB,,
,,[Network(Digital Media Player)] 9,27,09,01,27 09 01,---,X,---,---,---,---,---,---,---,---,---,---,---,---,---,---,---,---,---,---,---,---,---,---,---,---,X,---,---,---,---,---,---,---,---,---,X,---,---,---,---,---,---,---,---,---,---,---,---,X,---,---,---,---,---,---,---,---,---,---,---,---,---,---,---,---,---,Ten Key 9 for DMP,,,
,,SHIFT A,27,01,60,27 01 60,---,---,---,X,---,---,---,---,---,---,---,---,---,---,---,---,---,---,---,X,---,---,---,---,---,---,X,---,---,---,---,---,---,---,---,---,X,---,---,---,---,---,---,---,---,---,---,---,---,X,---,---,---,---,---,---,---,---,---,---,---,---,---,---,---,---,---,Switch Preset Block  to A on NET/USB,0000 0071 0000 0024 0020 0020 0020 0020 0020 0020 0020 0020 0040 0040 0020 0020 0020 0081 0020 0020 0020 0020 0020 0020 0020 0020 0020 0040 0020 0020 0020 0020 0020 0020 0020 0020 0040 0020 0020 0AAB 0020 0020 0020 0020 0020 0020 0020 0020 0040 0040 0020 0020 0020 0081 0020 0020 0020 0020 0020 0020 0020 0020 0020 0040 0020 0020 0020 0020 0020 0020 0020 0020 0040 0020 0020 04AB,,
,,SHIFT B,27,02,60,27 02 60,---,---,---,X,---,---,---,---,---,---,---,---,---,---,---,---,---,---,---,X,---,---,---,---,---,---,X,---,---,---,---,---,---,---,---,---,X,---,---,---,---,---,---,---,---,---,---,---,---,X,---,---,---,---,---,---,---,---,---,---,---,---,---,---,---,---,---,Switch Preset Block  to B on NET/USB,0000 0071 0000 0020 0020 0020 0040 0040 0020 0020 0040 0040 0020 0020 0020 0081 0020 0020 0020 0020 0020 0020 0020 0040 0040 0040 0020 0020 0020 0020 0020 0020 0040 0020 0020 0AAB 0020 0020 0040 0040 0020 0020 0040 0040 0020 0020 0020 0081 0020 0020 0020 0020 0020 0020 0020 0040 0040 0040 0020 0020 0020 0020 0020 0020 0040 0020 0020 04AB,,
,,SHIFT C,27,03,60,27 03 60,---,---,---,X,---,---,---,---,---,---,---,---,---,---,---,---,---,---,---,X,---,---,---,---,---,---,X,---,---,---,---,---,---,---,---,---,X,---,---,---,---,---,---,---,---,---,---,---,---,X,---,---,---,---,---,---,---,---,---,---,---,---,---,---,---,---,---,Switch Preset Block  to C on NET/USB,0000 0071 0000 002A 0020 0020 0020 0020 0020 0020 0020 0020 0040 0040 0020 0020 0020 0081 0020 0020 0020 0020 0020 0020 0020 0040 0020 0020 0020 0020 0020 0020 0020 0020 0020 0020 0040 0020 0020 0AAB 0020 0020 0020 0020 0020 0020 0020 0020 0040 0040 0020 0020 0020 0081 0020 0020 0020 0020 0020 0020 0020 0040 0020 0020 0020 0020 0020 0020 0020 0020 0020 0020 0040 0020 0020 0AAB 0020 0020 0020 0020 0020 0020 0020 0020 0040 0040 0020 04AB,,
,,SHIFT D,27,04,60,27 04 60,---,---,---,X,---,---,---,---,---,---,---,---,---,---,---,---,---,---,---,X,---,---,---,---,---,---,X,---,---,---,---,---,---,---,---,---,X,---,---,---,---,---,---,---,---,---,---,---,---,X,---,---,---,---,---,---,---,---,---,---,---,---,---,---,---,---,---,Switch Preset Block  to D on NET/USB,0000 0071 0000 002A 0020 0020 0040 0040 0020 0020 0040 0040 0020 0020 0020 0081 0020 0020 0020 0020 0020 0040 0040 0020 0020 0040 0020 0020 0020 0020 0020 0020 0040 0020 0020 0AAB 0020 0020 0040 0040 0020 0020 0040 0040 0020 0020 0020 0081 0020 0020 0020 0020 0020 0040 0040 0020 0020 0040 0020 0020 0020 0020 0020 0020 0040 0020 0020 0AAB 0020 0020 0040 0040 0020 0020 0040 0040 0020 0020 0020 0081 0020 0020 0020 0020 0020 0040 0020 04AB,,
,,SHIFT E,27,05,60,27 05 60,---,---,---,X,---,---,---,---,---,---,---,---,---,---,---,---,---,---,---,X,---,---,---,---,---,---,X,---,---,---,---,---,---,---,---,---,X,---,---,---,---,---,---,---,---,---,---,---,---,X,---,---,---,---,---,---,---,---,---,---,---,---,---,---,---,---,---,Switch Preset Block  to F on NET/USB,0000 0071 0000 0023 0020 0020 0020 0020 0020 0020 0020 0020 0040 0040 0020 0020 0020 0081 0020 0020 0020 0020 0020 0040 0040 0040 0020 0020 0020 0020 0020 0020 0020 0020 0040 0020 0020 0AAB 0020 0020 0020 0020 0020 0020 0020 0020 0040 0040 0020 0020 0020 0081 0020 0020 0020 0020 0020 0040 0040 0040 0020 0020 0020 0020 0020 0020 0020 0020 0040 0020 0020 0AAB 0013 04AB,,
,,SHIFT F,27,06,60,27 06 60,---,---,---,X,---,---,---,---,---,---,---,---,---,---,---,---,---,---,---,X,---,---,---,---,---,---,X,---,---,---,---,---,---,---,---,---,X,---,---,---,---,---,---,---,---,---,---,---,---,X,---,---,---,---,---,---,---,---,---,---,---,---,---,---,---,---,---,Switch Preset Block  to F on NET/USB,0000 0071 0000 0020 0020 0020 0040 0040 0020 0020 0040 0040 0020 0020 0020 0081 0020 0020 0020 0020 0020 0040 0020 0020 0040 0040 0020 0020 0020 0020 0020 0020 0040 0020 0020 0AAB 0020 0020 0040 0040 0020 0020 0040 0040 0020 0020 0020 0081 0020 0020 0020 0020 0020 0040 0020 0020 0040 0040 0020 0020 0020 0020 0020 0020 0040 0020 0020 04AB,,
,,SHIFT G,27,07,60,27 07 60,---,---,---,X,---,---,---,---,---,---,---,---,---,---,---,---,---,---,---,X,---,---,---,---,---,---,X,---,---,---,---,---,---,---,---,---,X,---,---,---,---,---,---,---,---,---,---,---,---,X,---,---,---,---,---,---,---,---,---,---,---,---,---,---,---,---,---,Switch Preset Block  to G on NET/USB,0000 0071 0000 0029 0020 0020 0020 0020 0020 0020 0020 0020 0040 0040 0020 0020 0020 0081 0020 0020 0020 0020 0020 0040 0020 0020 0020 0020 0020 0020 0020 0020 0020 0020 0020 0020 0040 0020 0020 0AAB 0020 0020 0020 0020 0020 0020 0020 0020 0040 0040 0020 0020 0020 0081 0020 0020 0020 0020 0020 0040 0020 0020 0020 0020 0020 0020 0020 0020 0020 0020 0020 0020 0040 0020 0020 0AAB 0020 0020 0020 0020 0020 0020 0020 0020 0040 04AB,,
,,Network(DMP): Information,27,15,01,27 15 01,---,X,---,---,---,---,---,---,---,---,---,---,---,---,---,---,---,---,---,---,---,---,---,---,---,---,---,---,---,---,---,---,---,---,---,---,---,---,---,---,---,---,---,---,---,---,---,---,---,---,---,---,---,---,---,---,---,---,---,---,---,---,---,---,---,---,---,,,,
,,Network(DMP): Random (toggle),27,28,01,27 28 01,X,X,X,X,---,---,---,---,---,---,---,---,---,---,---,---,---,X,X,X,---,---,---,---,X,X,X,---,---,X,---,---,---,---,X,X,X,---,---,---,---,---,---,---,---,---,---,X,X,X,---,---,---,---,---,---,---,---,---,---,---,---,---,---,---,---,---,,,,
,,Network(DMP): Random Off,27,28,02,27 28 02,X,X,X,X,---,---,---,---,---,---,---,---,---,---,---,---,---,X,X,X,---,---,---,---,X,X,X,---,---,X,---,---,---,---,X,X,X,---,---,---,---,---,---,---,---,---,---,X,X,X,---,---,---,---,---,---,---,---,---,---,---,---,---,---,---,---,---,,,,
,,Network(DMP): Random On,27,28,03,27 28 03,X,X,X,X,---,---,---,---,---,---,---,---,---,---,---,---,---,X,X,X,---,---,---,---,X,X,X,---,---,X,---,---,---,---,X,X,X,---,---,---,---,---,---,---,---,---,---,X,X,X,---,---,---,---,---,---,---,---,---,---,---,---,---,---,---,---,---,,,,
,,Network(DMP): Repeat (toggle),27,29,01,27 29 01,X,X,X,X,---,---,---,---,---,---,---,---,---,---,---,---,---,X,X,X,---,---,---,---,X,X,X,---,---,X,---,---,---,---,X,X,X,---,---,---,---,---,---,---,---,---,---,X,X,X,---,---,---,---,---,---,---,---,---,---,---,---,---,---,---,---,---,,,,
,,Network(DMP): Repeat Off,27,29,02,27 29 02,X,X,X,X,---,---,---,---,---,---,---,---,---,---,---,---,---,X,X,X,---,---,---,---,X,X,X,---,---,X,---,---,---,---,X,X,X,---,---,---,---,---,---,---,---,---,---,X,X,X,---,---,---,---,---,---,---,---,---,---,---,---,---,---,---,---,---,,,,
,,Network(DMP): Repeat 1,27,29,03,27 29 03,X,X,X,X,---,---,---,---,---,---,---,---,---,---,---,---,---,X,X,X,---,---,---,---,X,X,X,---,---,X,---,---,---,---,X,X,X,---,---,---,---,---,---,---,---,---,---,X,X,X,---,,,,---,---,---,---,---,---,---,---,---,---,---,---,---,,,,
,,Network(DMP): Repeat All,27,29,04,27 29 04,X,X,X,X,---,---,---,---,---,---,---,---,---,---,---,---,---,X,X,X,---,---,---,---,X,X,X,---,---,X,---,---,---,---,X,X,X,---,---,---,---,---,---,---,---,---,---,X,X,X,---,---,---,---,---,---,---,---,---,---,---,---,---,---,---,---,---,,,,
,,USB: Repeat Folder,27,29,05,27 29 05,---,---,---,---,---,---,---,---,---,---,---,---,---,---,---,---,---,---,---,---,---,---,---,---,---,---,---,---,---,X,---,---,---,---,---,---,---,---,---,---,---,---,---,---,---,---,---,---,---,---,---,---,---,---,---,---,---,---,---,---,---,---,---,---,---,---,---,,,,
,,SHIFT,27,32,00,27 32 00,---,---,---,X,---,---,---,---,---,---,---,---,---,---,---,---,---,---,---,X,---,---,---,---,---,---,X,---,---,---,---,---,---,---,---,---,X,---,---,---,---,---,---,---,---,---,---,---,---,X,---,---,---,---,---,---,---,---,---,---,---,---,---,---,---,---,---,shift preset block on NET/USB,0000 0071 0000 0024 0020 0020 0020 0020 0020 0020 0020 0020 0040 0040 0020 0020 0020 00A1 0040 0020 0020 0020 0020 0020 0020 0020 0020 0020 0020 0020 0020 0020 0020 0020 0020 0020 0020 0020 0020 0AAB 0020 0020 0020 0020 0020 0020 0020 0020 0040 0040 0020 0020 0020 00A1 0040 0020 0020 0020 0020 0020 0020 0020 0020 0020 0020 0020 0020 0020 0020 0020 0020 0020 0020 0020 0020 04AB,,
,,PRESET CH UP,27,32,20,27 32 20,---,---,---,X,---,---,---,---,---,---,---,---,---,---,---,---,---,---,---,X,---,---,---,---,---,---,X,---,---,---,---,---,---,---,---,---,X,---,---,---,---,---,---,---,---,---,---,---,---,X,---,---,---,---,---,---,---,---,---,---,---,---,---,---,---,---,---,NET/USB Preset up,0000 0071 0000 0025 0020 0020 0020 0020 0020 0020 0020 0020 0040 0040 0020 0020 0020 00A1 0040 0020 0020 0020 0020 0020 0020 0020 0020 0020 0020 0040 0040 0040 0040 0020 0020 0AAB 0020 0020 0020 0020 0020 0020 0020 0020 0040 0040 0020 0020 0020 00A1 0040 0020 0020 0020 0020 0020 0020 0020 0020 0020 0020 0040 0040 0040 0040 0020 0020 0AAB 0020 0020 0020 0020 0020 0020 0020 0020 002F 04AB,,
,,PRESET CH DOWN,27,33,20,27 33 20,---,---,---,X,---,---,---,---,---,---,---,---,---,---,---,---,---,---,---,X,---,---,---,---,---,---,X,---,---,---,---,---,---,---,---,---,X,---,---,---,---,---,---,---,---,---,---,---,---,X,---,---,---,---,---,---,---,---,---,---,---,---,---,---,---,---,---,NET/USB Preset down,0000 0071 0000 0021 0020 0020 0040 0040 0020 0020 0040 0040 0020 0020 0020 00A1 0040 0020 0020 0020 0020 0020 0020 0040 0040 0040 0040 0040 0040 0020 0020 0AAB 0020 0020 0040 0040 0020 0020 0040 0040 0020 0020 0020 00A1 0040 0020 0020 0020 0020 0020 0020 0040 0040 0040 0040 0040 0040 0020 0020 0AAB 0020 0020 0040 0040 0020 0020 0040 0040 0015 04AB,,
,,Internet Radio Preset 1/FAVORITE STATION  1,27,34,11,27 34 11,X,---,X,---,---,---,---,---,---,---,---,---,---,---,---,---,---,X,X,---,---,---,---,---,X,X,X,---,---,---,---,---,---,---,X,X,X,---,---,---,---,---,---,---,---,---,---,X,X,X,---,X,X(Tuner),---,---,,,,,---,---,---,---,---,---,---,---,,,,
,,Internet Radio Preset 2/FAVORITE STATION  2,27,34,12,27 34 12,X,---,X,---,---,---,---,---,---,---,---,---,---,---,---,---,---,X,X,---,---,---,---,---,X,X,X,---,---,---,---,---,---,---,X,X,X,---,---,---,---,---,---,---,---,---,---,X,X,X,---,X,X(Tuner),---,---,,,,,---,---,---,---,---,---,---,---,,,,
,,Internet Radio Preset 3/FAVORITE STATION  3,27,34,13,27 34 13,X,---,X,---,---,---,---,---,---,---,---,---,---,---,---,---,---,X,X,---,---,---,---,---,X,X,X,---,---,---,---,---,---,---,X,X,X,---,---,---,---,---,---,---,---,---,---,X,X,X,---,X,X(Tuner),---,---,,,,,---,---,---,---,---,---,---,---,,,,
,,Internet Radio Preset 4/FAVORITE STATION  4,27,34,14,27 34 14,X,---,X,---,---,---,---,---,---,---,---,---,---,---,---,---,---,X,X,---,---,---,---,---,---,---,---,---,---,X,---,---,---,---,---,---,---,---,---,---,---,---,---,---,---,---,---,---,---,---,---,---,---,---,---,,,,,---,---,---,---,---,---,---,---,,,,
,,Network(DMP)/USB: Next,27,32,01,27 32 01,X,X,X,X,---,---,---,---,---,---,---,---,---,---,---,---,---,X,X,X,---,---,---,---,X,X,X,---,---,X,---,---,---,---,X,X,X,---,---,---,---,---,---,---,---,---,---,X,X,X,---,X,---,---,---,---,---,---,---,---,---,---,---,---,---,---,---,,,,
,,Network(DMP)/USB: Previous,27,33,01,27 33 01,X,X,X,X,---,---,---,---,---,---,---,---,---,---,---,---,---,X,X,X,---,---,---,---,X,X,X,---,---,X,---,---,---,---,X,X,X,---,---,---,---,---,---,---,---,---,---,X,X,X,---,X,---,---,---,---,---,---,---,---,---,---,---,---,---,---,---,,,,
,,Network(DMP)/USB: Pause,27,48,01,27 48 01,X,X,X,X,---,---,---,---,---,---,---,---,---,---,---,---,---,X,X,X,---,---,---,---,X,X,X,---,---,X,---,---,---,---,X,X,X,---,---,---,---,---,---,---,---,---,---,X,X,X,---,X,---,---,---,---,---,---,---,---,---,---,---,---,---,---,---,,,,
,,Network(DMP)/USB: REW,27,50,01,27 50 01,---,X,---,---,---,---,---,---,---,---,---,---,---,---,---,---,---,X,---,---,---,---,---,---,X,---,---,---,---,X,---,---,---,---,X,---,---,---,---,---,---,---,---,---,---,---,---,X,---,---,---,X,---,---,---,---,---,---,---,---,---,---,---,---,---,---,---,,,,
,,Network(DMP)/USB: FF,27,52,01,27 52 01,---,X,---,---,---,---,---,---,---,---,---,---,---,---,---,---,---,X,---,---,---,---,---,---,X,---,---,---,---,X,---,---,---,---,X,---,---,---,---,---,---,---,---,---,---,---,---,X,---,---,---,X,---,---,---,---,---,---,---,---,---,---,---,---,---,---,---,,,,
,,Network(DMP): Play(/Pause),27,53,01,27 53 01,X,X,X,X,---,---,---,---,---,---,---,---,---,---,---,---,---,X,X,X,---,---,---,---,X,X,X,---,---,X,---,---,---,---,X,X,X,---,---,---,---,---,---,---,---,---,---,X,X,X,---,X,---,---,---,---,---,---,---,---,---,---,---,---,---,---,---,,,,
,,One Touch Play,27,53,04,27 53 04,---,---,---,---,---,---,---,---,---,---,---,---,---,---,---,---,---,---,---,---,---,---,---,---,---,---,X,---,---,---,---,---,---,---,---,---,---,---,---,---,---,---,---,---,---,---,---,---,---,X,---,---,---,---,---,,,,,---,---,---,---,---,---,---,---,One Touch Play command,,,
,,iPod Play,27,53,31,27 53 31,X,---,X,---,---,---,---,---,---,---,---,---,---,---,---,---,---,X,X,---,---,---,---,---,X,X,X,---,---,---,---,---,---,---,X,X,X,---,---,---,---,---,---,---,---,---,---,X,X,X,---,X,---,---,---,,,,,---,---,---,---,---,---,---,---,iPod Direct Play command,,,
,,Party mode (Toggle),27,53,41,27 53 41,---,---,---,---,---,---,---,---,---,---,---,---,---,---,---,---,---,---,---,---,---,---,---,---,---,---,X,---,---,---,---,---,---,---,---,---,X,---,---,---,---,---,---,---,---,---,---,---,---,X,---,---,---,---,---,,,,,---,---,---,---,---,---,---,---,Party Mode On/Off Toggle,,,
,,Internet Radio - Recent Played Station,27,53,50,27 53 50,X,---,X,---,---,---,---,---,---,---,---,---,---,---,---,---,---,X,X,---,---,---,---,---,X,X,X,---,---,---,---,---,---,---,X,X,X,---,---,---,---,---,---,---,---,---,---,X,X,X,---,X,---,---,---,,,,,---,---,---,---,---,---,---,---,,,,
,,Favorite Direct Play,27,53,61,27 53 61,X,---,X,---,---,---,---,---,---,---,---,---,---,---,---,---,---,X,X,---,---,---,---,---,X,X,X,---,---,---,---,---,---,---,X,X,X,---,---,---,---,---,---,---,---,---,---,X,X,X,---,X,---,---,---,,,,,---,---,---,---,---,---,---,---,,,,
,,Network(DMP): Stop,27,54,01,27 54 01,X,X,X,X,---,---,---,---,---,---,---,---,---,---,---,---,---,X,X,X,---,---,---,---,X,X,X,---,---,X,---,---,---,---,X,X,X,---,---,---,---,---,---,---,---,---,---,X,X,X,---,X,---,---,---,---,---,---,---,---,---,---,---,---,---,---,---,,,,
,,JPEG Skip + (NEXT),27,32,10,27 32 10,X,---,X,X,---,---,---,---,---,---,---,---,---,---,---,---,---,X,X,X,---,---,---,---,X,X,X,---,---,---,---,---,---,---,X,X,X,---,---,---,---,---,---,---,---,---,---,X,X,X,---,X,---,---,---,,,,,---,---,---,---,---,---,---,---,Show next JPEG file,0000 0071 0000 0021 0020 0020 0020 0020 0020 0020 0020 0020 0040 0040 0020 0020 0020 00A1 0040 0020 0020 0020 0020 0020 0020 0020 0020 0020 0020 0020 0020 0040 0040 0040 0040 0AAB 0020 0020 0020 0020 0020 0020 0020 0020 0040 0040 0020 0020 0020 00A1 0040 0020 0020 0020 0020 0020 0020 0020 0020 0020 0020 0020 0020 0040 0040 0040 0040 0AAB 0020 04AB,,
,,JPEG Skip - (PREVIOUS),27,33,10,27 33 10,X,---,X,X,---,---,---,---,---,---,---,---,---,---,---,---,---,X,X,X,---,---,---,---,X,X,X,---,---,---,---,---,---,---,X,X,X,---,---,---,---,---,---,---,---,---,---,X,X,X,---,X,---,---,---,,,,,---,---,---,---,---,---,---,---,Show previous JPEG file,0000 0071 0000 001F 0020 0020 0040 0040 0020 0020 0040 0040 0020 0020 0020 00A1 0040 0020 0020 0020 0020 0020 0020 0040 0040 0020 0020 0040 0040 0040 0040 0AAB 0020 0020 0040 0040 0020 0020 0040 0040 0020 0020 0020 00A1 0040 0020 0020 0020 0020 0020 0020 0040 0040 0020 0020 0040 0040 0040 0040 0AAB 0020 0020 0040 0040 0020 04AB,,
,,MEMORY,27,41,50,27 41 50,X,---,X,X,---,---,---,---,---,---,---,---,---,---,---,---,---,X,X,X,---,---,---,---,X,X,X,---,---,---,---,---,---,---,X,X,X,---,---,---,---,---,---,---,---,---,---,X,X,X,---,X,---,---,---,---,---,---,---,---,---,---,---,---,---,---,---,Enter Preset memory mode/Store,0000 0071 0000 0020 0020 0020 0040 0040 0020 0020 0040 0040 0020 0020 0020 00A1 0040 0040 0040 0020 0020 0040 0020 0020 0020 0020 0040 0020 0020 0040 0040 0AAB 0020 0020 0040 0040 0020 0020 0040 0040 0020 0020 0020 00A1 0040 0040 0040 0020 0020 0040 0020 0020 0020 0020 0040 0020 0020 0040 0040 0AAB 0020 0020 0040 0040 0020 0020 0040 04AB,,
,,Network(DMP) Audio,27,37,01,27 37 01,---,X,---,---,---,---,---,---,---,---,---,---,---,---,---,---,---,---,---,---,---,---,---,---,---,---,---,---,---,---,---,---,---,---,---,---,---,---,---,---,---,---,---,---,---,---,---,---,---,---,---,---,---,---,---,---,---,---,---,---,---,---,---,---,---,---,---,,,,
,,Network(DMP): L+R,27,37,02,27 37 02,---,X,---,---,---,---,---,---,---,---,---,---,---,---,---,---,---,---,---,---,---,---,---,---,---,---,---,---,---,---,---,---,---,---,---,---,---,---,---,---,---,---,---,---,---,---,---,---,---,---,---,---,---,---,---,---,---,---,---,---,---,---,---,---,---,---,---,,,,
,,Network(DMP): L,27,37,03,27 37 03,---,X,---,---,---,---,---,---,---,---,---,---,---,---,---,---,---,---,---,---,---,---,---,---,---,---,---,---,---,---,---,---,---,---,---,---,---,---,---,---,---,---,---,---,---,---,---,---,---,---,---,---,---,---,---,---,---,---,---,---,---,---,---,---,---,---,---,,,,
,,Network(DMP): R,27,37,04,27 37 04,---,X,---,---,---,---,---,---,---,---,---,---,---,---,---,---,---,---,---,---,---,---,---,---,---,---,---,---,---,---,---,---,---,---,---,---,---,---,---,---,---,---,---,---,---,---,---,---,---,---,---,---,---,---,---,---,---,---,---,---,---,---,---,---,---,---,---,,,,
,,USB: Rew1,27,50,05,27 50 05,---,---,---,---,---,---,---,---,---,---,---,---,---,---,---,---,---,---,---,---,---,---,---,---,---,---,---,---,---,X,---,---,---,---,---,---,---,---,---,---,---,---,---,---,---,---,---,---,---,---,---,---,---,---,---,---,---,---,---,---,---,---,---,---,---,---,---,,,,
,,USB: Rew2,27,50,06,27 50 06,---,---,---,---,---,---,---,---,---,---,---,---,---,---,---,---,---,---,---,---,---,---,---,---,---,---,---,---,---,X,---,---,---,---,---,---,---,---,---,---,---,---,---,---,---,---,---,---,---,---,---,---,---,---,---,---,---,---,---,---,---,---,---,---,---,---,---,,,,
,,USB: Rew3,27,50,07,27 50 07,---,---,---,---,---,---,---,---,---,---,---,---,---,---,---,---,---,---,---,---,---,---,---,---,---,---,---,---,---,X,---,---,---,---,---,---,---,---,---,---,---,---,---,---,---,---,---,---,---,---,---,---,---,---,---,---,---,---,---,---,---,---,---,---,---,---,---,,,,
,,USB: FF1,27,52,05,27 52 05,---,---,---,---,---,---,---,---,---,---,---,---,---,---,---,---,---,---,---,---,---,---,---,---,---,---,---,---,---,X,---,---,---,---,---,---,---,---,---,---,---,---,---,---,---,---,---,---,---,---,---,---,---,---,---,---,---,---,---,---,---,---,---,---,---,---,---,,,,
,,USB: FF2,27,52,06,27 52 06,---,---,---,---,---,---,---,---,---,---,---,---,---,---,---,---,---,---,---,---,---,---,---,---,---,---,---,---,---,X,---,---,---,---,---,---,---,---,---,---,---,---,---,---,---,---,---,---,---,---,---,---,---,---,---,---,---,---,---,---,---,---,---,---,---,---,---,,,,
,,USB: FF3,27,52,07,27 52 07,---,---,---,---,---,---,---,---,---,---,---,---,---,---,---,---,---,---,---,---,---,---,---,---,---,---,---,---,---,X,---,---,---,---,---,---,---,---,---,---,---,---,---,---,---,---,---,---,---,---,---,---,---,---,---,---,---,---,---,---,---,---,---,---,---,---,---,,,,
,,Network(DMP): Cursor Up,27,80,01,27 80 01,X,X,X,X,---,---,---,---,---,---,---,---,---,---,---,---,---,X,X,X,---,---,---,---,X,X,X,---,---,X,---,---,---,---,X,X,X,---,---,---,---,---,---,---,---,---,---,X,X,X,---,X,---,---,---,---,---,---,---,---,---,---,---,---,---,---,---,,,,
,,Network(DMP): Cursor Down,27,81,01,27 81 01,X,X,X,X,---,---,---,---,---,---,---,---,---,---,---,---,---,X,X,X,---,---,---,---,X,X,X,---,---,X,---,---,---,---,X,X,X,---,---,---,---,---,---,---,---,---,---,X,X,X,---,X,---,---,---,---,---,---,---,---,---,---,---,---,---,---,---,,,,
,,Network(DMP): Cursor Left,27,85,01,27 85 01,X,X,X,X,---,---,---,---,---,---,---,---,---,---,---,---,---,X,X,X,---,---,---,---,X,X,X,---,---,X,---,---,---,---,X,X,X,---,---,---,---,---,---,---,---,---,---,X,X,X,---,X,---,---,---,---,---,---,---,---,---,---,---,---,---,---,---,,,,
,,Network(DMP): Cursor Right,27,86,01,27 86 01,X,X,X,X,---,---,---,---,---,---,---,---,---,---,---,---,---,X,X,X,---,---,---,---,X,X,X,---,---,X,---,---,---,---,X,X,X,---,---,---,---,---,---,---,---,---,---,X,X,X,---,X,---,---,---,---,---,---,---,---,---,---,---,---,---,---,---,,,,
,,Network(DMP): Enter,27,87,01,27 87 01,X,X,X,X,---,---,---,---,---,---,---,---,---,---,---,---,---,X,X,X,---,---,---,---,X,X,X,---,---,X,---,---,---,---,X,X,X,---,---,---,---,---,---,---,---,---,---,X,X,X,---,X,---,---,---,---,---,---,---,---,---,---,---,---,---,---,---,,,,
,,Network(DMP): Page Next,27,80,04,27 80 04,---,X,---,---,---,---,---,---,---,---,---,---,---,---,---,---,---,X,---,---,---,---,---,---,X,---,---,---,---,X,---,---,---,---,X,---,---,---,---,---,---,---,---,---,---,---,---,X,---,---,---,X,---,---,---,---,---,---,---,---,---,---,---,---,---,---,---,,,,
,,Network(DMP): Page Previous,27,81,04,27 81 04,---,X,---,---,---,---,---,---,---,---,---,---,---,---,---,---,---,X,---,---,---,---,---,---,X,---,---,---,---,X,---,---,---,---,X,---,---,---,---,---,---,---,---,---,---,---,---,X,---,---,---,X,---,---,---,---,---,---,---,---,---,---,---,---,---,---,---,,,,
,,Network(DMP): Back,27,83,01,27 83 01,---,X,---,---,---,---,---,---,---,---,---,---,---,---,---,---,---,---,---,---,---,---,---,---,---,---,---,---,---,X (USB Exit),---,---,---,---,---,---,---,---,---,---,---,---,---,---,---,---,---,---,---,---,---,---,---,---,---,---,---,---,---,---,---,---,---,---,---,---,---,,,,
,,Network(DMP): Return,27,87,21,27 87 21,X,---,X,X,---,---,---,---,---,---,---,---,---,---,---,---,---,X,X,X,---,---,---,---,X,X,X,---,---,---,---,---,---,---,X,X,X,---,---,---,---,---,---,---,---,---,---,X,X,X,---,X,---,---,---,---,---,---,---,---,---,---,---,---,---,---,---,,0000 0071 0000 0021 0040 0040 0020 0020 0020 0020 0040 0040 0020 0020 0020 0081 0020 0040 0040 0040 0020 0020 0020 0020 0040 0040 0040 0040 0040 0040 0020 0AA1 0040 0040 0020 0020 0020 0020 0040 0040 0020 0020 0020 0081 0020 0040 0040 0040 0020 0020 0020 0020 0040 0040 0040 0040 0040 0040 0020 0AA1 0040 0040 0020 0020 0020 0020 0040 0040 0020 04A6,,
,,Network(DMP):HOME,27,82,02,27 82 02,---,---,---,---,---,---,---,---,---,---,---,---,---,---,---,---,---,X,---,---,---,---,---,---,---,---,---,---,---,---,---,---,---,---,---,---,---,---,---,---,---,---,---,---,---,---,---,---,---,---,---,---,---,---,---,---,---,---,---,---,---,---,---,---,---,---,---,,,,
,,Network(DMP): Tool,27,82,03,27 82 03,---,X,---,---,---,---,---,---,---,---,---,---,---,---,---,---,---,---,---,---,---,---,---,---,---,---,---,---,---,---,---,---,---,---,---,---,---,---,---,---,---,---,---,---,---,---,---,---,---,---,---,---,---,---,---,---,---,---,---,---,---,---,---,---,---,---,---,,,,
,,Network(DMP): Network Main Menu,27,82,02,27 82 02,---,X,---,---,---,---,---,---,---,---,---,---,---,---,---,---,---,---,---,---,---,---,---,---,---,---,---,---,---,X (USB Top),---,---,---,---,---,---,---,---,---,---,---,---,---,---,---,---,---,---,---,---,---,---,---,---,---,---,---,---,---,---,---,---,---,---,---,---,---,,,,
,,Network(DMP): Server,27,82,01,27 82 01,---,X,---,---,---,---,---,---,---,---,---,---,---,---,---,---,---,---,---,---,---,---,---,---,---,---,---,---,---,---,---,---,---,---,---,---,---,---,---,---,---,---,---,---,---,---,---,---,---,---,---,---,---,---,---,---,---,---,---,---,---,---,---,---,---,---,---,,,,
,,Network(DMP): Music,27,82,04,27 82 04,---,X,---,---,---,---,---,---,---,---,---,---,---,---,---,---,---,---,---,---,---,---,---,---,---,---,---,---,---,---,---,---,---,---,---,---,---,---,---,---,---,---,---,---,---,---,---,---,---,---,---,---,---,---,---,---,---,---,---,---,---,---,---,---,---,---,---,,,,
Main,,Network(DMP): Photo,27,82,05,27 82 05,---,X,---,---,---,---,---,---,---,---,---,---,---,---,---,---,---,---,---,---,---,---,---,---,---,---,---,---,---,---,---,---,---,---,---,---,---,---,---,---,---,---,---,---,---,---,---,---,---,---,---,---,---,---,---,---,---,---,---,---,---,---,---,---,---,---,---,,,,
Zone,,Network(DMP): Video,27,82,06,27 82 06,---,X,---,---,---,---,---,---,---,---,---,---,---,---,---,---,---,---,---,---,---,---,---,---,---,---,---,---,---,---,---,---,---,---,---,---,---,---,---,---,---,---,---,---,---,---,---,---,---,---,---,---,---,---,---,---,---,---,---,---,---,---,---,---,---,---,---,,,,
,,Network(DMP): Setting Menu,27,82,00,27 82 00,---,X,---,---,---,---,---,---,---,---,---,---,---,---,---,---,---,---,---,---,---,---,---,---,---,---,---,---,---,---,---,---,---,---,---,---,---,---,---,---,---,---,---,---,---,---,---,---,---,---,---,---,---,---,---,---,---,---,---,---,---,---,---,---,---,---,---,,,,
,,Network(DMP): Music-Artist,27,82,07,27 82 07,---,X,---,---,---,---,---,---,---,---,---,---,---,---,---,---,---,---,---,---,---,---,---,---,---,---,---,---,---,---,---,---,---,---,---,---,---,---,---,---,---,---,---,---,---,---,---,---,---,---,---,---,---,---,---,---,---,---,---,---,---,---,---,---,---,---,---,,,,
,,Network(DMP): Music-Album,27,82,08,27 82 08,---,X,---,---,---,---,---,---,---,---,---,---,---,---,---,---,---,---,---,---,---,---,---,---,---,---,---,---,---,---,---,---,---,---,---,---,---,---,---,---,---,---,---,---,---,---,---,---,---,---,---,---,---,---,---,---,---,---,---,---,---,---,---,---,---,---,---,,,,
,,Network(DMP): Music-Genre,27,82,09,27 82 09,---,X,---,---,---,---,---,---,---,---,---,---,---,---,---,---,---,---,---,---,---,---,---,---,---,---,---,---,---,---,---,---,---,---,---,---,---,---,---,---,---,---,---,---,---,---,---,---,---,---,---,---,---,---,---,---,---,---,---,---,---,---,---,---,---,---,---,,,,
,,Network(DMP): Music-All Songs,27,82,10,27 82 10,---,X,---,---,---,---,---,---,---,---,---,---,---,---,---,---,---,---,---,---,---,---,---,---,---,---,---,---,---,---,---,---,---,---,---,---,---,---,---,---,---,---,---,---,---,---,---,---,---,---,---,---,---,---,---,---,---,---,---,---,---,---,---,---,---,---,---,,,,
,,Network(DMP): Music-Favorite,27,82,11,27 82 11,---,X,---,---,---,---,---,---,---,---,---,---,---,---,---,---,---,---,---,---,---,---,---,---,---,---,---,---,---,---,---,---,---,---,---,---,---,---,---,---,---,---,---,---,---,---,---,---,---,---,---,---,---,---,---,---,---,---,---,---,---,---,---,---,---,---,---,,,,
,,Network(DMP): Photo-Album,27,82,12,27 82 12,---,X,---,---,---,---,---,---,---,---,---,---,---,---,---,---,---,---,---,---,---,---,---,---,---,---,---,---,---,---,---,---,---,---,---,---,---,---,---,---,---,---,---,---,---,---,---,---,---,---,---,---,---,---,---,---,---,---,---,---,---,---,---,---,---,---,---,,,,
,,Network(DMP): Photo-All Photos,27,82,13,27 82 13,---,X,---,---,---,---,---,---,---,---,---,---,---,---,---,---,---,---,---,---,---,---,---,---,---,---,---,---,---,---,---,---,---,---,---,---,---,---,---,---,---,---,---,---,---,---,---,---,---,---,---,---,---,---,---,---,---,---,---,---,---,---,---,---,---,---,---,,,,
,,Network(DMP): Photo-Favorite,27,82,14,27 82 14,---,X,---,---,---,---,---,---,---,---,---,---,---,---,---,---,---,---,---,---,---,---,---,---,---,---,---,---,---,---,---,---,---,---,---,---,---,---,---,---,---,---,---,---,---,---,---,---,---,---,---,---,---,---,---,---,---,---,---,---,---,---,---,---,---,---,---,,,,
,,Network(DMP): Video-Album,27,82,15,27 82 15,---,X,---,---,---,---,---,---,---,---,---,---,---,---,---,---,---,---,---,---,---,---,---,---,---,---,---,---,---,---,---,---,---,---,---,---,---,---,---,---,---,---,---,---,---,---,---,---,---,---,---,---,---,---,---,---,---,---,---,---,---,---,---,---,---,---,---,,,,
,,Network(DMP): Video-Genre,27,82,16,27 82 16,---,X,---,---,---,---,---,---,---,---,---,---,---,---,---,---,---,---,---,---,---,---,---,---,---,---,---,---,---,---,---,---,---,---,---,---,---,---,---,---,---,---,---,---,---,---,---,---,---,---,---,---,---,---,---,---,---,---,---,---,---,---,---,---,---,---,---,,,,
,,Network(DMP): Video-All Videos,27,82,17,27 82 17,---,X,---,---,---,---,---,---,---,---,---,---,---,---,---,---,---,---,---,---,---,---,---,---,---,---,---,---,---,---,---,---,---,---,---,---,---,---,---,---,---,---,---,---,---,---,---,---,---,---,---,---,---,---,---,---,---,---,---,---,---,---,---,---,---,---,---,,,,
,,Network(DMP): Video-Favorite,27,82,18,27 82 18,---,X,---,---,---,---,---,---,---,---,---,---,---,---,---,---,---,---,---,---,---,---,---,---,---,---,---,---,---,---,---,---,---,---,---,---,---,---,---,---,---,---,---,---,---,---,---,---,---,---,---,---,---,---,---,---,---,---,---,---,---,---,---,---,---,---,---,,,,
,,Network(DMP): Play List,27,82,19,27 82 19,---,X,---,---,---,---,---,---,---,---,---,---,---,---,---,---,---,---,---,---,---,---,---,---,---,---,---,---,---,---,---,---,---,---,---,---,---,---,---,---,---,---,---,---,---,---,---,---,---,---,---,---,---,---,---,---,---,---,---,---,---,---,---,---,---,---,---,,,,
,,Network(DMP): Restart,27,82,60,27 82 60,---,X,---,---,---,---,---,---,---,---,---,---,---,---,---,---,---,---,---,---,---,---,---,---,---,---,---,---,---,---,---,---,---,---,---,---,---,---,---,---,---,---,---,---,---,---,---,---,---,---,---,---,---,---,---,---,---,---,---,---,---,---,---,---,---,---,---,,,,
,,Network(DMP): Screen Saver,27,110,01,27 110 01,---,X,---,---,---,---,---,---,---,---,---,---,---,---,---,---,---,---,---,---,---,---,---,---,---,---,---,---,---,---,---,---,---,---,---,---,---,---,---,---,---,---,---,---,---,---,---,---,---,---,---,---,---,---,---,---,---,---,---,---,---,---,---,---,---,---,---,,,,
,,Network(DMP): Screen Saver On,27,110,05,27 110 05,---,X,---,---,---,---,---,---,---,---,---,---,---,---,---,---,---,---,---,---,---,---,---,---,---,---,---,---,---,X,---,---,---,---,---,---,---,---,---,---,---,---,---,---,---,---,---,---,---,---,---,---,---,---,---,---,---,---,---,---,---,---,---,---,---,---,---,,,,
,,Network(DMP): Screen Saver Off,27,110,30,27 110 30,---,X,---,---,---,---,---,---,---,---,---,---,---,---,---,---,---,---,---,---,---,---,---,---,---,---,---,---,---,X,---,---,---,---,---,---,---,---,---,---,---,---,---,---,---,---,---,---,---,---,---,---,---,---,---,---,---,---,---,---,---,---,---,---,---,---,---,,,,
,,Network(DMP): Resolution Manual,27,116,01,27 116 01,---,X,---,---,---,---,---,---,---,---,---,---,---,---,---,---,---,---,---,---,---,---,---,---,---,---,---,---,---,---,---,---,---,---,---,---,---,---,---,---,---,---,---,---,---,---,---,---,---,---,---,---,---,---,---,---,---,---,---,---,---,---,---,---,---,---,---,,,,
,,Network(DMP): Resolution Auto,27,116,04,27 116 04,---,X,---,---,---,---,---,---,---,---,---,---,---,---,---,---,---,---,---,---,---,---,---,---,---,---,---,---,---,---,---,---,---,---,---,---,---,---,---,---,---,---,---,---,---,---,---,---,---,---,---,---,---,---,---,---,---,---,---,---,---,---,---,---,---,---,---,,,,
2nd,Power,POWER ON/OFF,16,29,00,16 29 00,X,X,X,---,X,X,X,X,X,X,X,X,X,X,X,X,X,X,X,---,X,X,X,X,X,X,---,---,X,X,X,---,---,---,X,X,---,---,X,X,X,X,X,X,---,---,---,X,X,---,---,---,---,---,---,---,---,---,---,---,---,---,---,---,---,---,---,Turn Power ON/OFF (Toggle),,,
Zone,Control,POWER ON,16,29,03,16 29 03,X,X,X,X,X,X,X,X,X,X,X,X,X,X,X,X,X,X,X,X,X,X,X,X,X,X,X,X,X,X,X,---,---,---,X,X,X,X,X,X,X,X,X,X,---,---,---,X,X,X,---,---,---,---,---,---,---,---,---,---,---,---,---,---,---,---,---,Power ON,0000 0071 0000 0022 0020 0020 0020 0020 0020 0020 0040 0020 0020 0020 0020 0020 0020 00A1 0020 0040 0020 0020 0020 0020 0040 0040 0040 0020 0020 0020 0020 0020 0020 0040 0020 0020 0020 0AAB 0020 0020 0020 0020 0020 0020 0040 0020 0020 0020 0020 0020 0020 00A1 0020 0040 0020 0020 0020 0020 0040 0040 0040 0020 0020 0020 0020 0020 0020 0040 0020 0020 0020 04B0,,
(Multi,,POWER OFF,16,29,04,16 29 04,X,X,X,X,X,X,X,X,X,X,X,X,X,X,X,X,X,X,X,X,X,X,X,X,X,X,X,X,X,X,X,---,---,---,X,X,X,X,X,X,X,X,X,X,---,---,---,X,X,X,---,---,---,---,---,---,---,---,---,---,---,---,---,---,---,---,---,Power OFF,0000 0071 0000 001E 0020 0020 0040 0040 0040 0020 0020 0020 0020 0020 0020 00A1 0020 0040 0020 0020 0020 0020 0040 0040 0040 0020 0020 0020 0020 0040 0040 0020 0020 0AAB 0020 0020 0040 0040 0040 0020 0020 0020 0020 0020 0020 00A1 0020 0040 0020 0020 0020 0020 0040 0040 0040 0020 0020 0020 0020 0040 0040 0020 0020 04B0,,
Zone A),Vol./Input,VOL. +,16,29,01,16 29 01,X,X,X,X,X,X,X,X,X,X,X,X,X,X,---,---,---,X,X,X,X,X,X,---,X,X,X,X,X,X,X,---,---,---,X,X,X,X,X,X,X,X,X,X,---,---,---,X,X,X,---,---,---,---,---,---,---,---,---,---,---,---,---,---,---,---,---,Volume Up,0000 0071 0000 001E 0020 0020 0040 0040 0040 0020 0020 0020 0020 0020 0020 00A1 0020 0040 0020 0020 0020 0020 0040 0040 0040 0020 0020 0020 0020 0020 0020 0040 0040 0AAB 0020 0020 0040 0040 0040 0020 0020 0020 0020 0020 0020 00A1 0020 0040 0020 0020 0020 0020 0040 0040 0040 0020 0020 0020 0020 0020 0020 0040 0040 04B0,,
,Control,VOL. -,16,29,02,16 29 02,X,X,X,X,X,X,X,X,X,X,X,X,X,X,---,---,---,X,X,X,X,X,X,---,X,X,X,X,X,X,X,---,---,---,X,X,X,X,X,X,X,X,X,X,---,---,---,X,X,X,---,---,---,---,---,---,---,---,---,---,---,---,---,---,---,---,---,Volume Down,0000 0071 0000 0022 0020 0020 0020 0020 0020 0020 0040 0020 0020 0020 0020 0020 0020 00A1 0020 0040 0020 0020 0020 0020 0040 0040 0040 0020 0020 0020 0020 0020 0020 0020 0020 0040 0020 0AAB 0020 0020 0020 0020 0020 0020 0040 0020 0020 0020 0020 0020 0020 00A1 0020 0040 0020 0020 0020 0020 0040 0040 0040 0020 0020 0020 0020 0020 0020 0020 0020 0040 0020 04B0,,
,for,Direct VOLUME,16,112,00-63,16 112 [00-63],X (*3),X,X (*3),X (*3),---,---,---,---,X,---,---,---,---,---,---,---,---,X (*3),X (*3),X (*3),X,---,---,---,X,X,X,X (*3),X,X,---,---,---,---,X,X,X,---,X,X,X,---,---,---,---,---,---,X,X,X,---,---,---,---,---,---,---,---,---,---,---,---,---,---,---,---,---,Discrete Multi-room A Volume level select,,,
,Pre-out,MUTE,16,29,08,16 29 08,X,X,X,X,X,X,X,X,X,X,X,X,X,X,---,---,---,X,X,X,X,X,X,---,X,X,X,X,X,X,X,---,---,---,X,X,X,X,X,X,X,X,X,X,---,---,---,X,X,X,---,---,---,---,---,---,---,---,---,---,---,---,---,---,---,---,---,Mute On/Off (Toggle),0000 0071 0000 0020 0020 0020 0020 0020 0020 0020 0040 0020 0020 0020 0020 0020 0020 00A1 0020 0040 0020 0020 0020 0020 0040 0040 0040 0020 0020 0040 0040 0020 0020 0020 0020 0AAB 0020 0020 0020 0020 0020 0020 0040 0020 0020 0020 0020 0020 0020 00A1 0020 0040 0020 0020 0020 0020 0040 0040 0040 0020 0020 0040 0040 0020 0020 0020 0020 04B0,,
,,OSD,16,29,09,16 29 09,---,X,---,---,X,X,X,X,X,X,X,X,X,X,---,---,---,---,---,---,X,X,X,---,---,---,---,---,---,---,X,---,---,---,---,---,---,---,---,---,X,X,X,X,---,---,---,---,---,---,---,---,---,---,---,---,---,---,---,---,---,---,---,---,---,---,---,OSD On/Off,0000 0071 0000 0020 0020 0020 0020 0020 0020 0020 0040 0020 0020 0020 0020 0020 0020 00A1 0020 0040 0020 0020 0020 0020 0040 0040 0040 0020 0020 0040 0040 0020 0020 0040 0020 0AAB 0020 0020 0020 0020 0020 0020 0040 0020 0020 0020 0020 0020 0020 00A1 0020 0040 0020 0020 0020 0020 0040 0040 0040 0020 0020 0040 0040 0020 0020 0040 0020 04B0,,
,,CD,16,29,11,16 29 11,X,X (CD/CD-R),X,X,X,X,---,---,X,X,X,X,---,---,---,---,---,X,X,X,X,X,---,---,X,X,X,X,X(CD/CD-R),---,X,---,---,---,X,X,X,X,X(CD/CD-R),---,X,X,X,X,---,---,---,X,X,X,---,---,---,---,---,---,---,---,---,---,---,---,---,---,---,---,---,Turn On and select CD,0000 0071 0000 001E 0020 0020 0040 0040 0040 0020 0020 0020 0020 0020 0020 00A1 0020 0040 0020 0020 0020 0020 0040 0040 0040 0020 0020 0040 0040 0040 0020 0020 0020 0AAB 0020 0020 0040 0040 0040 0020 0020 0020 0020 0020 0020 00A1 0020 0040 0020 0020 0020 0020 0040 0040 0040 0020 0020 0040 0040 0040 0020 0020 0020 04B0,,
,,TAPE,16,29,12,16 29 12,---,X,---,---,X,X,---,---,X,X,X,X,---,---,---,---,---,---,---,---,X,X,---,---,---,---,---,---,---,X,X,---,---,---,---,---,---,---,---,X,X,X,X,X,---,---,---,---,---,---,---,---,---,---,---,---,---,---,---,---,---,---,---,---,---,---,---,Turn On and select TAPE,0000 0071 0000 001E 0020 0020 0040 0040 0040 0020 0020 0020 0020 0020 0020 00A1 0020 0040 0020 0020 0020 0020 0040 0040 0040 0020 0020 0040 0020 0020 0040 0020 0020 0AAB 0020 0020 0040 0040 0040 0020 0020 0020 0020 0020 0020 00A1 0020 0040 0020 0020 0020 0020 0040 0040 0040 0020 0020 0040 0020 0020 0040 0020 0020 04B0,,
,,CD-R,16,29,13,16 29 13,---,X (CD/CD-R),---,X,X,X,---,---,X,X,X,X,---,---,---,---,---,---,---,X,X,X,---,---,---,---,---,---,X(CD/CD-R),X,X,---,---,---,---,---,---,---,X(CD/CD-R),X,X,X,X,X,---,---,---,---,---,---,---,---,---,---,---,---,---,---,---,---,---,---,---,---,---,---,---,Turn On and select CDR/MD,0000 0071 0000 0020 0020 0020 0020 0020 0020 0020 0040 0020 0020 0020 0020 0020 0020 00A1 0020 0040 0020 0020 0020 0020 0040 0040 0040 0020 0020 0040 0020 0020 0040 0040 0020 0AAB 0020 0020 0020 0020 0020 0020 0040 0020 0020 0020 0020 0020 0020 00A1 0020 0040 0020 0020 0020 0020 0040 0040 0040 0020 0020 0040 0020 0020 0040 0040 0020 04B0,,
,,MD,16,29,14,16 29 14,---,---,---,---,X,X,---,---,---,---,X,X,---,---,---,---,---,---,---,---,---,---,---,---,---,---,---,---,---,---,---,---,---,---,---,---,---,---,---,---,---,---,X,X,---,---,---,---,---,---,---,---,---,---,---,---,---,---,---,---,---,---,---,---,---,---,---,Turn On and select CDR/MD,0000 0071 0000 001E 0020 0020 0040 0040 0040 0020 0020 0020 0020 0020 0020 00A1 0020 0040 0020 0020 0020 0020 0040 0040 0040 0020 0020 0040 0020 0020 0020 0020 0040 0AAB 0020 0020 0040 0040 0040 0020 0020 0020 0020 0020 0020 00A1 0020 0040 0020 0020 0020 0020 0040 0040 0040 0020 0020 0040 0020 0020 0020 0020 0040 04B0,,
,,LD,16,29,22,16 29 22,---,---,---,---,X,X,---,---,---,---,---,---,---,---,---,---,---,---,---,---,---,---,---,---,---,---,---,---,---,---,---,---,---,---,---,---,---,---,---,---,---,---,---,---,---,---,---,---,---,---,---,---,---,---,---,---,---,---,---,---,---,---,---,---,---,---,---,Turn On and select LD,0000 0071 0000 001E 0020 0020 0020 0020 0020 0020 0040 0020 0020 0020 0020 0020 0020 00A1 0020 0040 0020 0020 0020 0020 0040 0040 0040 0040 0040 0040 0020 0020 0040 0AAB 0020 0020 0020 0020 0020 0020 0040 0020 0020 0020 0020 0020 0020 00A1 0020 0040 0020 0020 0020 0020 0040 0040 0040 0040 0040 0040 0020 0020 0040 04B0,,
,,TV(TV AUDIO),16,29,15,16 29 15,X,X,X,X,X,X,---,---,X,X,X,X,---,---,---,---,---,X,X,X,X,X,---,---,X,X,X,---,X,X,X,---,---,---,X,X,X,---,X,X,X,X,X,X,---,---,---,X,X,X,---,---,---,---,---,---,---,---,---,---,---,---,---,---,---,---,---,Turn On and select TV,0000 0071 0000 0022 0020 0020 0020 0020 0020 0020 0040 0020 0020 0020 0020 0020 0020 00A1 0020 0040 0020 0020 0020 0020 0040 0040 0040 0020 0020 0040 0020 0020 0020 0020 0020 0020 0020 0AAB 0020 0020 0020 0020 0020 0020 0040 0020 0020 0020 0020 0020 0020 00A1 0020 0040 0020 0020 0020 0020 0040 0040 0040 0020 0020 0040 0020 0020 0020 0020 0020 0020 0020 04B0,,
,,DVD,16,29,16,16 29 16,X,X,X,X,X,X,---,---,X,X,X,X,---,---,---,---,---,X,X,X,X,X,---,---,X,X,X,X,X,X,X,---,---,---,X,X,X,X,X,X,X,X,X,X,---,---,---,X,X,X,---,---,---,---,---,---,---,---,---,---,---,---,---,---,---,---,---,Turn On and select DVD,0000 0071 0000 0020 0020 0020 0020 0020 0020 0020 0040 0020 0020 0020 0020 0020 0020 00A1 0020 0040 0020 0020 0020 0020 0040 0040 0040 0040 0040 0020 0020 0020 0020 0020 0020 0AAB 0020 0020 0020 0020 0020 0020 0040 0020 0020 0020 0020 0020 0020 00A1 0020 0040 0020 0020 0020 0020 0040 0040 0040 0040 0040 0020 0020 0020 0020 0020 0020 04B0,,
,,VCR1(MEDIAPLAYER),16,29,17,16 29 17,X (MPLAYER),X,X (MPLAYER),X (VCR),X,X,---,---,X,X,X,X,---,---,---,---,---,X (MPLAYER),X (MPLAYER),X (VCR),X,X,---,---,X (MPLAYER),X (MPLAYER),X (VCR),X (VCR),X(VCR),X,X,---,---,---,X (MPLAYER),X (MPLAYER),X (VCR),X (VCR),X(VCR),X,X,X,X,X,---,---,---,X (MPLAYER),X (MPLAYER),---,---,---,---,---,---,---,---,---,---,---,---,---,---,---,---,---,---,Turn On and select VCR1,0000 0071 0000 001E 0020 0020 0040 0040 0040 0020 0020 0020 0020 0020 0020 00A1 0020 0040 0020 0020 0020 0020 0040 0040 0040 0040 0040 0020 0020 0020 0020 0040 0020 0AAB 0020 0020 0040 0040 0040 0020 0020 0020 0020 0020 0020 00A1 0020 0040 0020 0020 0020 0020 0040 0040 0040 0040 0040 0020 0020 0020 0020 0040 0020 04B0,,
,,VCR2,16,29,18,16 29 18,---,X (VCR2/DSS),---,---,X,X,---,---,X,X,X,X,---,---,---,---,---,---,---,---,X,X,---,---,---,---,---,---,X(DSS),---,X,---,---,---,---,---,---,---,X(DSS),---,X,X,X,X,---,---,---,---,---,---,---,---,---,---,---,---,---,---,---,---,---,---,---,---,---,---,---,Turn On and select VCR2,0000 0071 0000 001E 0020 0020 0020 0020 0020 0020 0040 0020 0020 0020 0020 0020 0020 00A1 0020 0040 0020 0020 0020 0020 0040 0040 0040 0040 0040 0020 0020 0040 0040 0AAB 0020 0020 0020 0020 0020 0020 0040 0020 0020 0020 0020 0020 0020 00A1 0020 0040 0020 0020 0020 0020 0040 0040 0040 0040 0040 0020 0020 0040 0040 04B0,,
,,DSS (CBL/SAT),16,29,19,16 29 19,X (CBL/SAT),X (VCR2/DSS),X (CBL/SAT),X (SAT),X,X,---,---,X,X,X,X,---,---,---,---,---,X (CBL/SAT),X (CBL/SAT),X (SAT),X,X,---,---,X (CBL/SAT),X (CBL/SAT),X (SAT),X (SAT),X,X,X,---,---,---,X (CBL/SAT),X (CBL/SAT),X (SAT),X (SAT),X,X,X,X,X,X,---,---,---,X (CBL/SAT),X (CBL/SAT),X (SAT),---,---,---,---,---,---,---,---,---,---,---,---,---,---,---,---,---,Turn On and select DSS,0000 0071 0000 001E 0020 0020 0040 0040 0040 0020 0020 0020 0020 0020 0020 00A1 0020 0040 0020 0020 0020 0020 0040 0040 0040 0040 0040 0020 0020 0040 0020 0020 0020 0AAB 0020 0020 0040 0040 0040 0020 0020 0020 0020 0020 0020 00A1 0020 0040 0020 0020 0020 0020 0040 0040 0040 0040 0040 0020 0020 0040 0020 0020 0020 04B0,,
,,AUX1,16,29,20,16 29 20,X (AUX1),X,X (AUX1),X (AUX1),X,X,---,---,X,X,X,X,---,---,---,---,---,X (AUX1),X (AUX1),X (AUX1),X,X,---,---,X (AUX),X (AUX),X (AUX1),X (AUX1),X(AUX),X,X,---,---,---,X (AUX),X (AUX),X (AUX),X (AUX1),X(AUX),X,X,X,X,X,---,---,---,X (AUX1),X (AUX),X (AUX),---,---,---,---,---,---,---,---,---,---,---,---,---,---,---,---,---,Turn On and select Front Aux1 input,0000 0071 0000 001C 0020 0020 0040 0040 0040 0020 0020 0020 0020 0020 0020 00A1 0020 0040 0020 0020 0020 0020 0040 0040 0040 0040 0040 0040 0040 0020 0020 0AAB 0020 0020 0040 0040 0040 0020 0020 0020 0020 0020 0020 00A1 0020 0040 0020 0020 0020 0020 0040 0040 0040 0040 0040 0040 0040 0020 0020 04B0,,
,,AUX2/Network,16,29,21,16 29 21,X (AUX2),X (Network),X (AUX2),---,X,X,---,---,X,X,X,X,---,---,---,---,---,X (AUX2),X (AUX2),---,X,X,---,---,X (AUX2),---,X (AUX2),X (AUX2),---,X(AUX2),X,---,---,---,X (AUX2),---,---,---,---,---,---,---,---,---,---,---,---,X (AUX2),---,---,---,---,---,---,---,---,---,---,---,---,---,---,---,---,---,---,---,Turn On and select AUX2,0000 0071 0000 001E 0020 0020 0020 0020 0020 0020 0040 0020 0020 0020 0020 0020 0020 00A1 0020 0040 0020 0020 0020 0020 0040 0040 0040 0040 0040 0040 0040 0040 0020 0AAB 0020 0020 0020 0020 0020 0020 0040 0020 0020 0020 0020 0020 0020 00A1 0020 0040 0020 0020 0020 0020 0040 0040 0040 0040 0040 0040 0040 0040 0020 04B0,,
,,AUX3(Additional Source),16,29,24,16 29 24,X,---,---,---,X,X,---,---,---,---,X,X,---,---,---,---,---,---,---,---,---,---,---,---,---,---,---,---,---,---,---,---,---,---,---,---,---,---,---,---,---,---,X,X,---,---,---,---,---,---,---,---,---,---,---,---,---,---,---,---,---,---,---,---,---,---,---,Turn On and select AUX3,,,
,,AUX4(Additional Source),16,29,25,16 29 25,X,---,---,---,X,X,---,---,---,---,X,X,---,---,---,---,---,---,---,---,---,---,---,---,---,---,---,---,---,---,---,---,---,---,---,---,---,---,---,---,---,---,X,X,---,---,---,---,---,---,---,---,---,---,---,---,---,---,---,---,---,---,---,---,---,---,---,Turn On and select AUX4,,,
,,AUX5(Additional Source),16,29,26,16 29 26,X,---,---,---,X,X,---,---,---,---,X,X,---,---,---,---,---,---,---,---,---,---,---,---,---,---,---,---,---,---,---,---,---,---,---,---,---,---,---,---,---,---,X,X,---,---,---,---,---,---,---,---,---,---,---,---,---,---,---,---,---,---,---,---,---,---,---,Turn On and select AUX5,,,
,,AUX6(Additional Source),16,29,27,16 29 27,X,---,---,---,X,X,---,---,---,---,X,X,---,---,---,---,---,---,---,---,---,---,---,---,---,---,---,---,---,---,---,---,---,---,---,---,---,---,---,---,---,---,X,X,---,---,---,---,---,---,---,---,---,---,---,---,---,---,---,---,---,---,---,---,---,---,---,Turn On and select AUX6,,,
,,AUX7(Additional Source),16,29,28,16 29 28,X,---,---,---,X,X,---,---,---,---,X,X,---,---,---,---,---,---,---,---,---,---,---,---,---,---,---,---,---,---,---,---,---,---,---,---,---,---,---,---,---,---,X,X,---,---,---,---,---,---,---,---,---,---,---,---,---,---,---,---,---,---,---,---,---,---,---,Turn On and select AUX7,,,
,,TUNER (or Tuner 1),16,29,30,16 29 30,X,X,X,X,X,X,---,---,X,X,X,X,---,---,---,---,---,X,X,X,X,X,---,---,X,X,X,X,X,X,X,---,---,---,X,X,X,X,X,X,X,X,X,X,---,---,---,X,X,X,---,---,---,---,---,---,---,---,---,---,---,---,---,---,---,---,---,Turn On and select Tuner-1 or Change BAND (> FM > AM >LW),0000 0071 0000 0020 0020 0020 0020 0020 0020 0020 0040 0020 0020 0020 0020 0020 0020 00A1 0020 0040 0020 0020 0020 0020 0040 0040 0040 0040 0020 0020 0020 0020 0020 0020 0040 0AAB 0020 0020 0020 0020 0020 0020 0040 0020 0020 0020 0020 0020 0020 00A1 0020 0040 0020 0020 0020 0020 0040 0040 0040 0040 0020 0020 0020 0020 0020 0020 0040 04B0,,
,,TUNER 2,16,29,31,16 29 31,---,---,---,---,X,---,---,---,---,---,---,---,---,---,---,---,---,---,---,---,---,---,---,---,---,---,---,---,---,---,---,---,---,---,---,---,---,---,---,---,---,---,---,---,---,---,---,---,---,---,---,---,---,---,---,---,---,---,---,---,---,---,---,---,---,---,---,Turn On and select Tuner-1 or Change BAND (> FM > AM >LW),0000 0071 0000 0020 0020 0020 0040 0040 0040 0020 0020 0020 0020 0020 0020 00A1 0020 0040 0020 0020 0020 0020 0040 0040 0040 0040 0020 0020 0020 0020 0020 0020 0020 0020 0020 0AAB 0020 0020 0040 0040 0040 0020 0020 0020 0020 0020 0020 00A1 0020 0040 0020 0020 0020 0020 0040 0040 0040 0040 0020 0020 0020 0020 0020 0020 0020 0020 0020 04B0,,
,,Network(NETWORK),16,29,23,16 29 23,X (NETWORK),X (DMP),X (NETWORK),X (NET/USB),---,---,---,---,---,---,---,---,---,---,---,---,---,X (NETWORK),X (NETWORK),X (NET/USB),---,---,---,---,X (NETWORK),X (NETWORK),X (NET/USB),---,---,X (USB),---,---,---,---,X (NETWORK),X (NETWORK),X (NET/USB),---,---,---,---,---,---,---,---,---,---,X (NETWORK),X (NETWORK),X (NET/USB),---,---,---,---,---,---,---,---,---,---,---,---,---,---,---,---,---,Turn On and select Network(DMP) or USB,0000 0071 0000 001E 0020 0020 0040 0040 0040 0020 0020 0020 0020 0020 0020 00A1 0020 0040 0020 0020 0020 0020 0040 0040 0040 0040 0040 0040 0020 0020 0020 0020 0020 0AAB 0020 0020 0040 0040 0040 0020 0020 0020 0020 0020 0020 00A1 0020 0040 0020 0020 0020 0020 0040 0040 0040 0040 0040 0040 0020 0020 0020 0020 0020 04B0,,
,,INPUT NEXT,16,30,03,16 30 03,X,---,X,---,---,---,---,---,---,---,---,---,---,---,---,---,---,X,X,---,,,,,X,X,X,---,---,---,---,---,---,---,X,X,X,---,,,,,,,,,,X,X,X,---,---,---,---,---,,,,,---,---,---,---,---,---,---,---,Turn On and select Network,,,
,,INPUT BACK,16,30,04,16 30 04,X,---,X,---,---,---,---,---,---,---,---,---,---,---,---,---,---,X,X,---,,,,,X,X,X,---,---,---,---,---,---,---,X,X,X,---,,,,,,,,,,X,X,X,---,---,---,---,---,,,,,---,---,---,---,---,---,---,---,,,,
,,Source call,16,30,10,16 30 10,X,---,X,---,---,---,---,---,---,---,---,---,---,---,---,---,---,X,X,---,,,,,X,X,X,---,---,---,---,---,---,---,X,X,X,---,,,,,,,,,,X,X,X,---,---,---,---,---,,,,,---,---,---,---,---,---,---,---,Turn On and select Main Zone Source Cal,,,
,,USB(iPod/USB),16,30,11,16 30 11,X (iPod/USB),---,X (iPod/USB),X,---,---,---,---,---,---,---,---,---,---,---,---,---,X (iPod/USB),X (iPod/USB),X,---,---,---,---,X (iPod/USB),X (iPod/USB),X (NET/USB),X,X,---,---,---,---,---,X (iPod/USB),X (iPod/USB),X (NET/USB),X,---,---,---,---,---,---,---,---,---,X (iPod/USB),X (iPod/USB),X (NET/USB),---,---,---,---,---,---,---,---,---,---,---,---,---,---,---,---,---,Turn On and select USB,0000 0071 0000 0022 0020 0020 0020 0020 0020 0020 0040 0020 0020 0020 0020 0020 0020 00A1 0020 0040 0020 0020 0020 0020 0020 0020 0040 0020 0020 0020 0020 0040 0040 0040 0020 0020 0020 0AAB 0020 0020 0020 0020 0020 0020 0040 0020 0020 0020 0020 0020 0020 00A1 0020 0040 0020 0020 0020 0020 0020 0020 0040 0020 0020 0020 0020 0040 0040 0040 0020 0020 0020 04B0,,
,,BD(Blu-ray),16,30,12,16 30 12,X,---,X,X,---,---,---,---,---,---,---,---,---,---,---,---,---,X,X,X,---,---,---,---,X,X,X,X,X,---,---,---,---,---,X,X,X,X,X,---,---,---,---,---,---,---,---,X,X,X,---,---,---,---,---,---,---,---,---,---,---,---,---,---,---,---,---,Turn On and select BD,0000 0071 0000 0020 0020 0020 0040 0040 0040 0020 0020 0020 0020 0020 0020 00A1 0020 0040 0020 0020 0020 0020 0020 0020 0040 0020 0020 0020 0020 0040 0020 0020 0040 0020 0020 0AAB 0020 0020 0040 0040 0040 0020 0020 0020 0020 0020 0020 00A1 0020 0040 0020 0020 0020 0020 0020 0020 0040 0020 0020 0020 0020 0040 0020 0020 0040 0020 0020 04B0,,
,,M-XPort,16,30,13,16 30 13,X,---,X,X,---,---,---,---,---,---,---,---,---,---,---,---,---,X,X,X,---,---,---,---,X,X,X,X,X,---,---,---,---,---,X,X,X,X,X,---,---,---,---,---,---,---,---,X,X,X,---,---,---,---,---,---,---,---,---,---,---,---,---,---,---,---,---,Turn On and select M-XPort,0000 0071 0000 0022 0020 0020 0020 0020 0020 0020 0040 0020 0020 0020 0020 0020 0020 00A1 0020 0040 0020 0020 0020 0020 0020 0020 0040 0020 0020 0020 0020 0040 0020 0020 0040 0040 0020 0AAB 0020 0020 0020 0020 0020 0020 0040 0020 0020 0020 0020 0020 0020 00A1 0020 0040 0020 0020 0020 0020 0020 0020 0040 0020 0020 0020 0020 0040 0020 0020 0040 0040 0020 04B0,,
,,Game,16,30,14,16 30 14,X,---,X,X,---,---,---,---,---,---,---,---,---,---,---,---,---,X,X,X,---,---,---,---,X,X,---,---,---,---,---,---,---,---,X,X,---,---,---,---,---,---,---,---,---,---,---,X,X,---,---,---,---,---,---,---,---,---,---,---,---,---,---,---,---,---,---,Turn On and select Game,0000 0071 0000 0022 0020 0020 0020 0020 0020 0020 0040 0020 0020 0020 0020 0020 0020 00A1 0020 0040 0020 0020 0020 0020 0020 0020 0040 0020 0020 0020 0020 0040 0020 0020 0040 0040 0020 0AAB 0020 0020 0020 0020 0020 0020 0040 0020 0020 0020 0020 0020 0020 00A1 0020 0040 0020 0020 0020 0020 0020 0020 0040 0020 0020 0020 0020 0040 0020 0020 0040 0040 0020 04B0,,
,,PHONO,16,30,15,16 30 15,X,---,X,X,---,---,---,---,---,---,---,---,---,---,---,---,---,X,X,X,---,---,---,---,X,X,X,---,---,---,---,---,---,---,---,---,---,---,---,---,---,---,---,---,---,---,---,---,---,---,---,---,---,---,---,---,---,---,---,---,---,---,---,---,---,---,---,Turn On and select Phono,0000 0071 0000 0028 0020 0020 0020 0020 0020 0020 0040 0020 0020 0020 0020 0020 0020 00A1 0020 0040 0020 0020 0020 0020 0020 0020 0040 0020 0020 0020 0020 0040 0020 0020 0020 0020 0020 0020 0020 0AA4 0020 0020 0020 0020 0020 0020 0040 0020 0020 0020 0020 0020 0020 00A1 0020 0040 0020 0020 0020 0020 0020 0020 0040 0020 0020 0020 0020 0040 0020 0020 0020 0020 0020 0020 0020 0AA4 0020 0020 0020 0020 0020 0020 001B 04A8,,
,,Cursor Up,16,31,10,16 31 10,X,---,X,X,---,---,---,---,---,---,---,---,---,---,---,---,---,X,X,X,---,---,---,---,X,X,---,X,---,---,---,---,---,---,X,X,---,---,---,---,---,---,---,---,---,---,---,X,X,---,---,---,---,---,---,---,---,---,---,---,---,---,---,---,---,---,---,Zone 2 Cursor Up,0000 0071 0000 0024 0020 0020 0040 0040 0040 0020 0020 0020 0020 0020 0020 00A1 0020 0040 0020 0020 0020 0020 0020 0020 0020 0020 0040 0020 0020 0040 0040 0040 0040 0AA4 0020 0020 0040 0040 0040 0020 0020 0020 0020 0020 0020 00A1 0020 0040 0020 0020 0020 0020 0020 0020 0020 0020 0040 0020 0020 0040 0040 0040 0040 0AA4 0020 0020 0040 0040 0040 0020 0020 0020 0020 0020 0020 04A8,,
,,Cursor Down,16,31,11,16 31 11,X,---,X,X,---,---,---,---,---,---,---,---,---,---,---,---,---,X,X,X,---,---,---,---,X,X,---,X,---,---,---,---,---,---,X,X,---,---,---,---,---,---,---,---,---,---,---,X,X,---,---,---,---,---,---,---,---,---,---,---,---,---,---,---,---,---,---,Zone 2 Cursor Down,0000 0071 0000 0022 0020 0020 0020 0020 0020 0020 0040 0020 0020 0020 0020 0020 0020 00A1 0020 0040 0020 0020 0020 0020 0020 0020 0020 0020 0040 0020 0020 0040 0040 0040 0020 0020 0020 0AA4 0020 0020 0020 0020 0020 0020 0040 0020 0020 0020 0020 0020 0020 00A1 0020 0040 0020 0020 0020 0020 0020 0020 0020 0020 0040 0020 0020 0040 0040 0040 0020 0020 0020 04A8,,
,,Cursor Left,16,31,12,16 31 12,X,---,X,X,---,---,---,---,---,---,---,---,---,---,---,---,---,X,X,X,---,---,---,---,X,X,---,X,---,---,---,---,---,---,X,X,---,---,---,---,---,---,---,---,---,---,---,X,X,---,---,---,---,---,---,---,---,---,---,---,---,---,---,---,---,---,---,Zone 2 Cursor Left,0000 0071 0000 0020 0020 0020 0040 0040 0040 0020 0020 0020 0020 0020 0020 00A1 0020 0040 0020 0020 0020 0020 0020 0020 0020 0020 0040 0020 0020 0040 0020 0020 0040 0020 0020 0AA4 0020 0020 0040 0040 0040 0020 0020 0020 0020 0020 0020 00A1 0020 0040 0020 0020 0020 0020 0020 0020 0020 0020 0040 0020 0020 0040 0020 0020 0040 0020 0020 04A8,,
,,Cursor Right,16,31,13,16 31 13,X,---,X,X,---,---,---,---,---,---,---,---,---,---,---,---,---,X,X,X,---,---,---,---,X,X,---,X,---,---,---,---,---,---,X,X,---,---,---,---,---,---,---,---,---,---,---,X,X,---,---,---,---,---,---,---,---,---,---,---,---,---,---,---,---,---,---,Zone 2 Cursor Right,0000 0071 0000 0027 0020 0020 0020 0020 0020 0020 0040 0020 0020 0020 0020 0020 0020 00A1 0020 0040 0020 0020 0020 0020 0020 0020 0020 0020 0040 0020 0020 0040 0020 0020 0040 0040 0020 0AA4 0020 0020 0020 0020 0020 0020 0040 0020 0020 0020 0020 0020 0020 00A1 0020 0040 0020 0020 0020 0020 0020 0020 0020 0020 0040 0020 0020 0040 0020 0020 0040 0040 0020 0AA4 0020 0020 0020 0020 0020 0020 0040 0020 0020 04A8,,
,,Enter,16,31,14,16 31 14,X,---,X,X,---,---,---,---,---,---,---,---,---,---,---,---,---,X,X,X,---,---,---,---,X,X,---,X,---,---,---,---,---,---,X,X,---,---,---,---,---,---,---,---,---,---,---,X,X,---,---,---,---,---,---,---,---,---,---,---,---,---,---,---,---,---,---,Zone 2 Enter,0000 0071 0000 0020 0020 0020 0040 0040 0040 0020 0020 0020 0020 0020 0020 00A1 0020 0040 0020 0020 0020 0020 0020 0020 0020 0020 0040 0020 0020 0040 0020 0020 0020 0020 0040 0AA4 0020 0020 0040 0040 0040 0020 0020 0020 0020 0020 0020 00A1 0020 0040 0020 0020 0020 0020 0020 0020 0020 0020 0040 0020 0020 0040 0020 0020 0020 0020 0040 04A8,,
,,Return,16,31,15,16 31 15,X,---,X,X,---,---,---,---,---,---,---,---,---,---,---,---,---,X,X,X,---,---,---,---,X,X,---,X,---,---,---,---,---,---,X,X,---,---,---,---,---,---,---,---,---,---,---,X,X,---,---,---,---,---,---,---,---,---,---,---,---,---,---,---,---,---,---,Zone 2 Return,0000 0071 0000 0024 0020 0020 0020 0020 0020 0020 0040 0020 0020 0020 0020 0020 0020 00A1 0020 0040 0020 0020 0020 0020 0020 0020 0020 0020 0040 0020 0020 0040 0020 0020 0020 0020 0020 0020 0020 0AA4 0020 0020 0020 0020 0020 0020 0040 0020 0020 0020 0020 0020 0020 00A1 0020 0040 0020 0020 0020 0020 0020 0020 0020 0020 0040 0020 0020 0040 0020 0020 0020 0020 0020 0020 0020 04A8,,
,,Memory,16,31,16,16 30 14,X,---,X,X,---,---,---,---,---,---,---,---,---,---,---,---,---,X,X,X,---,---,---,---,X,X,X,X,---,---,---,---,---,---,X,X,X,---,---,---,---,---,---,---,---,---,---,X,X,X,---,---,---,---,---,---,---,---,---,---,---,---,---,---,---,---,---,Zone 2 Memory,0000 0071 0000 0020 0020 0020 0040 0040 0040 0020 0020 0020 0020 0020 0020 00A1 0020 0040 0020 0020 0020 0020 0020 0020 0020 0020 0040 0040 0040 0020 0020 0020 0020 0020 0020 0AA4 0020 0020 0040 0040 0040 0020 0020 0020 0020 0020 0020 00A1 0020 0040 0020 0020 0020 0020 0020 0020 0020 0020 0040 0040 0040 0020 0020 0020 0020 0020 0020 04A8,,
,Vol./Input,Multi Zone A Speaker - ON/OFF,16,29,05,16 29 05,---,X,---,---,X,X,X,X,X,X,X,X,X,X,---,---,---,---,---,---,X,X,---,---,---,---,---,---,X,X,X,---,---,---,---,---,---,---,X,X,X,X,X,X,---,---,---,---,---,---,---,---,---,---,---,---,---,---,---,---,---,---,---,---,---,---,---,Turn Multi-Speaker ON/OFF (Toggle),0000 0071 0000 0020 0020 0020 0020 0020 0020 0020 0040 0020 0020 0020 0020 0020 0020 00A1 0020 0040 0020 0020 0020 0020 0040 0040 0040 0020 0020 0020 0020 0040 0040 0040 0020 0AAB 0020 0020 0020 0020 0020 0020 0040 0020 0020 0020 0020 0020 0020 00A1 0020 0040 0020 0020 0020 0020 0040 0040 0040 0020 0020 0020 0020 0040 0040 0040 0020 04B0,,
,Control,Multi Zone A Speaker - ON,16,29,06,16 29 06,---,X,---,---,X,X,X,X,X,X,X,X,X,X,---,---,---,---,---,---,X,X,---,---,---,---,---,---,X,X,X,---,---,---,---,---,---,---,X,X,X,X,X,X,---,---,---,---,---,---,---,---,---,---,---,---,---,---,---,---,---,---,---,---,---,---,---,Multi-speaker ON,0000 0071 0000 001E 0020 0020 0040 0040 0040 0020 0020 0020 0020 0020 0020 00A1 0020 0040 0020 0020 0020 0020 0040 0040 0040 0020 0020 0020 0020 0040 0020 0020 0040 0AAB 0020 0020 0040 0040 0040 0020 0020 0020 0020 0020 0020 00A1 0020 0040 0020 0020 0020 0020 0040 0040 0040 0020 0020 0020 0020 0040 0020 0020 0040 04B0,,
,for,Multi Zone A Speaker - OFF,16,29,07,16 29 07,---,X,---,---,X,X,X,X,X,X,X,X,X,X,---,---,---,---,---,---,X,X,---,---,---,---,---,---,X,X,X,---,---,---,---,---,---,---,X,X,X,X,X,X,---,---,---,---,---,---,---,---,---,---,---,---,---,---,---,---,---,---,---,---,---,---,---,Multi-speaker OFF,0000 0071 0000 0022 0020 0020 0020 0020 0020 0020 0040 0020 0020 0020 0020 0020 0020 00A1 0020 0040 0020 0020 0020 0020 0040 0040 0040 0020 0020 0020 0020 0040 0020 0020 0020 0020 0020 0AAB 0020 0020 0020 0020 0020 0020 0040 0020 0020 0020 0020 0020 0020 00A1 0020 0040 0020 0020 0020 0020 0040 0040 0040 0020 0020 0020 0020 0040 0020 0020 0020 0020 0020 04B0,,
,Speaker,Multi Zone A Speaker - VOL. +,16,29,40,16 29 40,---,X,---,---,---,---,---,---,X,X,X,X,---,---,---,---,---,---,---,---,X,X,---,---,---,---,---,---,X,X,X,---,---,---,---,---,---,---,X,X,X,X,X,X,---,---,---,---,---,---,---,---,---,---,---,---,---,---,---,---,---,---,---,---,---,---,---,Volume Up for Multi-speaker,0000 0071 0000 0020 0020 0020 0020 0020 0020 0020 0040 0020 0020 0020 0020 0020 0020 00A1 0020 0040 0020 0020 0020 0020 0040 0040 0020 0020 0040 0040 0040 0020 0020 0020 0020 0AAB 0020 0020 0020 0020 0020 0020 0040 0020 0020 0020 0020 0020 0020 00A1 0020 0040 0020 0020 0020 0020 0040 0040 0020 0020 0040 0040 0040 0020 0020 0020 0020 04B0,,
,Out,Multi Zone A Speaker - VOL. -,16,29,41,16 29 41,---,X,---,---,---,---,---,---,X,X,X,X,---,---,---,---,---,---,---,---,X,X,---,---,---,---,---,---,X,X,X,---,---,---,---,---,---,---,X,X,X,X,X,X,---,---,---,---,---,---,---,---,---,---,---,---,---,---,---,---,---,---,---,---,---,---,---,Volume Down for Multi-speaker,0000 0071 0000 0020 0020 0020 0020 0020 0020 0020 0040 0020 0020 0020 0020 0020 0020 00A1 0020 0040 0020 0020 0020 0020 0040 0040 0020 0020 0040 0040 0040 0020 0020 0040 0020 0AAB 0020 0020 0020 0020 0020 0020 0040 0020 0020 0020 0020 0020 0020 00A1 0020 0040 0020 0020 0020 0020 0040 0040 0020 0020 0040 0040 0040 0020 0020 0040 0020 04B0,,
,,Multi Zone A Speaker - MUTE,16,29,42,16 29 42,---,X,---,---,---,---,---,---,X,X,X,X,---,---,---,---,---,---,---,---,X,X,---,---,---,---,---,---,X,X,X,---,---,---,---,---,---,---,X,X,X,X,X,X,---,---,---,---,---,---,---,---,---,---,---,---,---,---,---,---,---,---,---,---,---,---,---,Mute On/Off for Multi-speaker (Toggle),0000 0071 0000 0020 0020 0020 0020 0020 0020 0020 0040 0020 0020 0020 0020 0020 0020 00A1 0020 0040 0020 0020 0020 0020 0040 0040 0040 0020 0020 0040 0040 0020 0020 0020 0020 0AAB 0020 0020 0020 0020 0020 0020 0040 0020 0020 0020 0020 0020 0020 00A1 0020 0040 0020 0020 0020 0020 0040 0040 0040 0020 0020 0040 0040 0020 0020 0020 0020 04B0,,
,,Multi Zone A Speaker - Direct Volume,16,115,00-63,16 115 [00-63],---,X,---,---,---,---,---,---,X,---,---,---,---,---,---,---,---,---,---,---,X,---,---,---,---,---,---,---,X,X,---,---,---,---,---,---,---,---,X,---,---,---,---,---,---,---,---,---,---,---,---,---,---,---,---,---,---,---,---,---,---,---,---,---,---,---,---,Discrete Multi-Speaker A Volume level select,,,
,,Multi Zone A Speaker - TUNER,16,29,50,16 29 50,---,X,---,---,---,---,---,---,---,---,---,---,---,---,---,---,---,---,---,---,---,---,---,---,---,---,---,---,X,X,---,---,---,---,---,---,---,---,X,X,---,---,---,---,---,---,---,---,---,---,---,---,---,---,---,---,---,---,---,---,---,---,---,---,---,---,---,Select Tuner for Multi Zone A Speaker,0000 0071 0000 001E 0020 0020 0040 0040 0040 0020 0020 0020 0020 0020 0020 00A1 0020 0040 0020 0020 0020 0020 0040 0040 0020 0020 0020 0020 0040 0020 0020 0040 0040 0AA6 0020 0020 0040 0040 0040 0020 0020 0020 0020 0020 0020 00A1 0020 0040 0020 0020 0020 0020 0040 0040 0020 0020 0020 0020 0040 0020 0020 0040 0040 04A9,,
,,Multi Zone A Speaker - TAPE,16,29,52,16 29 52,---,X,---,---,---,---,---,---,---,---,---,---,---,---,---,---,---,---,---,---,---,---,---,---,---,---,---,---,---,X,---,---,---,---,---,---,---,---,---,X,---,---,---,---,---,---,---,---,---,---,---,---,---,---,---,---,---,---,---,---,---,---,---,---,---,---,---,Select Tape for Multi Zone A Speaker,0000 0071 0000 0020 0020 0020 0020 0020 0020 0020 0040 0020 0020 0020 0020 0020 0020 00A1 0020 0040 0020 0020 0020 0020 0040 0040 0020 0020 0020 0020 0040 0040 0040 0020 0020 0AA6 0020 0020 0020 0020 0020 0020 0040 0020 0020 0020 0020 0020 0020 00A1 0020 0040 0020 0020 0020 0020 0040 0040 0020 0020 0020 0020 0040 0040 0040 0020 0020 04A9,,
,,Multi Zone A Speaker - CD-R,16,29,53,16 29 53,---,X,---,---,---,---,---,---,---,---,---,---,---,---,---,---,---,---,---,---,---,---,---,---,---,---,---,---,X(CD/CD-R),X,---,---,---,---,---,---,---,---,X(CD/CD-R),X,---,---,---,---,---,---,---,---,---,---,---,---,---,---,---,---,---,---,---,---,---,---,---,---,---,---,---,Select CD-R for Multi Zone A Speaker,0000 0071 0000 001E 0020 0020 0040 0040 0040 0020 0020 0020 0020 0020 0020 00A1 0020 0040 0020 0020 0020 0020 0040 0040 0020 0020 0020 0020 0040 0040 0040 0040 0020 0AA6 0020 0020 0040 0040 0040 0020 0020 0020 0020 0020 0020 00A1 0020 0040 0020 0020 0020 0020 0040 0040 0020 0020 0020 0020 0040 0040 0040 0040 0020 04A9,,
,,Multi Zone A Speaker - TV,16,29,55,16 29 55,---,X,---,---,---,---,---,---,---,---,---,---,---,---,---,---,---,---,---,---,---,---,---,---,---,---,---,---,X,X,---,---,---,---,---,---,---,---,X,X,---,---,---,---,---,---,---,---,---,---,---,---,---,---,---,---,---,---,---,---,---,---,---,---,---,---,---,Select TV for Multi Zone A Speaker,0000 0071 0000 0022 0020 0020 0020 0020 0020 0020 0040 0020 0020 0020 0020 0020 0020 00A1 0020 0040 0020 0020 0020 0020 0040 0040 0020 0020 0020 0020 0040 0040 0020 0020 0020 0020 0020 0AA6 0020 0020 0020 0020 0020 0020 0040 0020 0020 0020 0020 0020 0020 00A1 0020 0040 0020 0020 0020 0020 0040 0040 0020 0020 0020 0020 0040 0040 0020 0020 0020 0020 0020 04A9,,
,,Multi Zone A Speaker - DVD,16,29,56,16 29 56,---,X,---,---,---,---,---,---,---,---,---,---,---,---,---,---,---,---,---,---,---,---,---,---,---,---,---,---,X,X,---,---,---,---,---,---,---,---,X,X,---,---,---,---,---,---,---,---,---,---,---,---,---,---,---,---,---,---,---,---,---,---,---,---,---,---,---,Select DVD for Multi Zone A Speaker,0000 0071 0000 0020 0020 0020 0040 0040 0040 0020 0020 0020 0020 0020 0020 00A1 0020 0040 0020 0020 0020 0020 0040 0040 0020 0020 0020 0020 0020 0020 0040 0020 0020 0020 0020 0AA6 0020 0020 0040 0040 0040 0020 0020 0020 0020 0020 0020 00A1 0020 0040 0020 0020 0020 0020 0040 0040 0020 0020 0020 0020 0020 0020 0040 0020 0020 0020 0020 04A9,,
,,Multi Zone A Speaker - VCR1,16,29,57,16 29 57,---,X,---,---,---,---,---,---,---,---,---,---,---,---,---,---,---,---,---,---,---,---,---,---,---,---,---,---,X(VCR),X,---,---,---,---,---,---,---,---,X(VCR),X,---,---,---,---,---,---,---,---,---,---,---,---,---,---,---,---,---,---,---,---,---,---,---,---,---,---,---,Select VCR or VCR1 for Multi Zone A Speaker,0000 0071 0000 0020 0020 0020 0040 0040 0040 0020 0020 0020 0020 0020 0020 00A1 0020 0040 0020 0020 0020 0020 0040 0040 0020 0020 0020 0020 0020 0020 0040 0020 0020 0040 0020 0AA6 0020 0020 0040 0040 0040 0020 0020 0020 0020 0020 0020 00A1 0020 0040 0020 0020 0020 0020 0040 0040 0020 0020 0020 0020 0020 0020 0040 0020 0020 0040 0020 04A9,,
,,Multi Zone A Speaker - DSS,16,29,59,16 29 59,---,X,---,---,---,---,---,---,---,---,---,---,---,---,---,---,---,---,---,---,---,---,---,---,---,---,---,---,X,X,---,---,---,---,---,---,---,---,X,X,---,---,---,---,---,---,---,---,---,---,---,---,---,---,---,---,---,---,---,---,---,---,---,---,---,---,---,Select DSS for Multi Zone A Speaker,0000 0071 0000 0022 0020 0020 0020 0020 0020 0020 0040 0020 0020 0020 0020 0020 0020 00A1 0020 0040 0020 0020 0020 0020 0040 0040 0020 0020 0020 0020 0020 0020 0040 0040 0020 0020 0020 0AA6 0020 0020 0020 0020 0020 0020 0040 0020 0020 0020 0020 0020 0020 00A1 0020 0040 0020 0020 0020 0020 0040 0040 0020 0020 0020 0020 0020 0020 0040 0040 0020 0020 0020 04A9,,
,,Multi Zone A Speaker - AUX1,16,29,60,16 29 60,---,X (AUX),---,---,---,---,---,---,---,---,---,---,---,---,---,---,---,---,---,---,---,---,---,---,---,---,---,---,X (AUX),X (AUX),---,---,---,---,---,---,---,---,X (AUX),X,---,---,---,---,---,---,---,---,---,---,---,---,---,---,---,---,---,---,---,---,---,---,---,---,---,---,---,Select AUX or AUX1 for Multi Zone A Speaker,0000 0071 0000 0020 0020 0020 0040 0040 0040 0020 0020 0020 0020 0020 0020 00A1 0020 0040 0020 0020 0020 0020 0040 0040 0020 0020 0020 0020 0020 0020 0020 0020 0040 0020 0020 0AA6 0020 0020 0040 0040 0040 0020 0020 0020 0020 0020 0020 00A1 0020 0040 0020 0020 0020 0020 0040 0040 0020 0020 0020 0020 0020 0020 0020 0020 0040 0020 0020 04A9,,
,,Multi Zone A Speaker - AUX2,16,29,61,16 29 61,---,X (AUX),---,---,---,---,---,---,---,---,---,---,---,---,---,---,---,---,---,---,---,---,---,---,---,---,---,---,---,X (AUX),---,---,---,---,---,---,---,---,---,X,---,---,---,---,---,---,---,---,---,---,---,---,---,---,---,---,---,---,---,---,---,---,---,---,---,---,---,Select AUX2 for Multi Zone A Speaker,0000 0071 0000 0022 0020 0020 0020 0020 0020 0020 0040 0020 0020 0020 0020 0020 0020 00A1 0020 0040 0020 0020 0020 0020 0040 0040 0020 0020 0020 0020 0020 0020 0020 0020 0040 0040 0020 0AA6 0020 0020 0020 0020 0020 0020 0040 0020 0020 0020 0020 0020 0020 00A1 0020 0040 0020 0020 0020 0020 0040 0040 0020 0020 0020 0020 0020 0020 0020 0020 0040 0040 0020 04A9,,
,,Multi Zone A Speaker - Net(DMP) or USB,16,29,63,16 29 63,---,X (DMP),---,---,---,---,---,---,---,---,---,---,---,---,---,---,---,---,---,---,---,---,---,---,---,---,---,---,---,X (USB),---,---,---,---,---,---,---,---,---,---,---,---,---,---,---,---,---,---,---,---,---,---,---,---,---,---,---,---,---,---,---,---,---,---,---,---,---,Select DMP or USB for Multi Zone A Speaker,,,
,,Multi Zone A Speaker - USB,16,30,50,16 30 50,---,---,---,---,---,---,---,---,---,---,---,---,---,---,---,---,---,---,---,---,---,---,---,---,---,---,---,---,X,---,---,---,---,---,---,---,---,---,---,---,---,---,---,---,---,---,---,---,---,---,---,---,---,---,---,---,---,---,---,---,---,---,---,---,---,---,---,Select USB for Multi Zone A Speaker,,,
2nd,,Multi Zone A Speaker - BD,16,30,51,16 30 51,---,---,---,---,---,---,---,---,---,---,---,---,---,---,---,---,---,---,---,---,---,---,---,---,---,---,---,---,X,---,---,---,---,---,---,---,---,---,X,---,---,---,---,---,---,---,---,---,---,---,---,---,---,---,---,---,---,---,---,---,---,---,---,---,---,---,---,Select BD for Multi Zone A Speaker,,,
Zone,,Multi Zone A Speaker - M-XPort,16,30,52,16 30 52,---,---,---,---,---,---,---,---,---,---,---,---,---,---,---,---,---,---,---,---,---,---,---,---,---,---,---,---,X,---,---,---,---,---,---,---,---,---,X,---,---,---,---,---,---,---,---,---,---,---,---,---,---,---,---,---,---,---,---,---,---,---,---,---,---,---,---,Select M-XPort for Multi Zone A Speaker,,,
,,Multi Zone A Speaker - FM,17,29,40,17 29 40,---,X,---,---,---,---,---,---,---,---,---,---,---,---,---,---,---,---,---,---,---,---,---,---,---,---,---,---,X,X,---,---,---,---,---,---,---,X,X,X,---,---,---,---,---,---,---,---,---,---,---,---,---,---,---,---,---,---,---,---,---,---,---,---,---,---,---,Select FM for Multi Zone A Speaker,0000 0071 0000 0020 0020 0020 0020 0020 0020 0020 0040 0020 0020 0020 0020 0040 0020 0081 0020 0040 0020 0020 0020 0020 0040 0040 0020 0020 0040 0040 0040 0020 0020 0020 0020 0AA6 0020 0020 0020 0020 0020 0020 0040 0020 0020 0020 0020 0040 0020 0081 0020 0040 0020 0020 0020 0020 0040 0040 0020 0020 0040 0040 0040 0020 0020 0020 0020 04A9,,
,,Multi Zone A Speaker - AM,17,29,41,17 29 41,---,X,---,---,---,---,---,---,---,---,---,---,---,---,---,---,---,---,---,---,---,---,---,---,---,---,---,---,X,X,---,---,---,---,---,---,---,X,X,X,---,---,---,---,---,---,---,---,---,---,---,---,---,---,---,---,---,---,---,---,---,---,---,---,---,---,---,Select AM for Multi Zone A Speaker,0000 0071 0000 0020 0020 0020 0020 0020 0020 0020 0040 0020 0020 0020 0020 0040 0020 0081 0020 0040 0020 0020 0020 0020 0040 0040 0020 0020 0040 0040 0040 0020 0020 0040 0020 0AA6 0020 0020 0020 0020 0020 0020 0040 0020 0020 0020 0020 0040 0020 0081 0020 0040 0020 0020 0020 0020 0040 0040 0020 0020 0040 0040 0040 0020 0020 0040 0020 04A9,,
,,Multi Zone A Speaker - XM,17,29,42,17 29 42,---,X,---,---,---,---,---,---,---,---,---,---,---,---,---,---,---,---,---,---,---,---,---,---,---,---,---,---,X,X,---,---,---,---,---,---,---,---,X,X,---,---,---,---,---,---,---,---,---,---,---,---,---,---,---,---,---,---,---,---,---,---,---,---,---,---,---,Select XM for Multi Zone A Speaker,0000 0071 0000 0022 0020 0020 0040 0040 0040 0020 0020 0020 0020 0040 0020 0081 0020 0040 0020 0020 0020 0020 0040 0040 0020 0020 0040 0040 0040 0040 0040 0AA6 0020 0020 0040 0040 0040 0020 0020 0020 0020 0040 0020 0081 0020 0040 0020 0020 0020 0020 0040 0040 0020 0020 0040 0040 0040 0040 0040 0AA6 0020 0020 0040 0040 0040 0020 0020 0020 0020 0040 0002 04A9,,
,,Multi Zone A Speaker - SIRIUS,17,29,43,17 29 43,---,X,---,---,---,---,---,---,---,---,---,---,---,---,---,---,---,---,---,---,---,---,---,---,---,---,---,---,X,X,---,---,---,---,---,---,---,---,X,X,---,---,---,---,---,---,---,---,---,---,---,---,---,---,---,---,---,---,---,---,---,---,---,---,---,---,---,Select SIRIUS for Multi Zone A Speaker,0000 0071 0000 001E 0020 0020 0040 0040 0040 0020 0020 0020 0020 0040 0020 0081 0020 0040 0020 0020 0020 0020 0040 0040 0020 0020 0040 0040 0040 0040 0020 0020 0020 0AA6 0020 0020 0040 0040 0040 0020 0020 0020 0020 0040 0020 0081 0020 0040 0020 0020 0020 0020 0040 0040 0020 0020 0040 0040 0040 0040 0020 0020 0020 04A9,,
,Sleep,SLEEP,16,29,10,16 29 10,X,X,X,---,X,X,X,X,X,X,X,X,X,X,---,---,---,X,X,---,X,X,X,---,X,X,X,---,X,X,X,---,---,---,X,X,X,---,X,X,X,X,X,X,---,---,---,X,X,X,---,---,---,---,---,---,---,---,---,---,---,---,---,---,---,---,---,Sleep Timer set,,,
,,SLEEP OFF,16,38,10,16 38 10,X,X,X,---,---,---,---,---,X,---,---,---,---,---,---,---,---,X,X,---,X,---,---,---,X,X,X,---,X,X,---,---,---,---,X,X,X,---,X,X,X,---,---,---,---,---,---,X,X,X,---,---,---,---,---,---,---,---,---,---,---,---,---,---,---,---,---,Sleep Timer set: Off,,,
,,SLEEP 30,16,38,11,16 38 11,---,X,---,---,---,---,---,---,X,---,---,---,---,---,---,---,---,---,---,---,X,---,---,---,---,---,---,---,X,X,---,---,---,---,---,---,---,---,X,X,X,---,---,---,---,---,---,---,---,---,---,---,---,---,---,---,---,---,---,---,---,---,---,---,---,---,---,Sleep Timer set: 30 min.,,,
,,SLEEP 60,16,38,12,16 38 12,---,X,---,---,---,---,---,---,X,---,---,---,---,---,---,---,---,---,---,---,X,---,---,---,---,---,---,---,X,X,---,---,---,---,---,---,---,---,X,X,X,---,---,---,---,---,---,---,---,---,---,---,---,---,---,---,---,---,---,---,---,---,---,---,---,---,---,Sleep Timer set: 60  min.,,,
,,SLEEP 90,16,38,13,16 38 13,---,X,---,---,---,---,---,---,X,---,---,---,---,---,---,---,---,---,---,---,X,---,---,---,---,---,---,---,X,X,---,---,---,---,---,---,---,---,X,X,X,---,---,---,---,---,---,---,---,---,---,---,---,---,---,---,---,---,---,---,---,---,---,---,---,---,---,Sleep Timer set: 90 min.,,,
,,SLEEP 120,16,38,14,16 38 14,---,X,---,---,---,---,---,---,X,---,---,---,---,---,---,---,---,---,---,---,X,---,---,---,---,---,---,---,X,X,---,---,---,---,---,---,---,---,X,X,X,---,---,---,---,---,---,---,---,---,---,---,---,---,---,---,---,---,---,---,---,---,---,---,---,---,---,Sleep Timer set: 120 min.,,,
,Tuner,[Tuner-1] 0,17,29,00,17 29 00,X,X,X,---,X,X,---,---,X,X,X,X,---,---,---,---,---,X,X,---,X,X,---,---,X,X,X,---,X,X,X,---,---,---,X,X,X,---,X,X,X,X,X,X,---,---,---,X,X,X,---,---,---,---,---,---,---,---,---,---,---,---,---,---,---,---,---,Ten Key 0 ( Pre set No. or Frequency) for Tuner-1,0000 0071 0000 0020 0020 0020 0040 0040 0040 0020 0020 0020 0020 0040 0020 0081 0020 0040 0020 0020 0020 0020 0040 0040 0040 0020 0020 0020 0020 0020 0020 0020 0020 0020 0020 0AAB 0020 0020 0040 0040 0040 0020 0020 0020 0020 0040 0020 0081 0020 0040 0020 0020 0020 0020 0040 0040 0040 0020 0020 0020 0020 0020 0020 0020 0020 0020 0020 04B0,,
,(Tuner 1),[Tuner-1] 1,17,29,01,17 29 01,X,X,X,---,X,X,---,---,X,X,X,X,---,---,---,---,---,X,X,---,X,X,---,---,X,X,X,---,X,X,X,---,---,---,X,X,X,---,X,X,X,X,X,X,---,---,---,X,X,X,---,---,---,---,---,---,---,---,---,---,---,---,---,---,---,---,---,Ten Key 1 ( Pre set No. or Frequency) for Tuner-1,0000 0071 0000 0022 0020 0020 0020 0020 0020 0020 0040 0020 0020 0020 0020 0040 0020 0081 0020 0040 0020 0020 0020 0020 0040 0040 0040 0020 0020 0020 0020 0020 0020 0020 0020 0040 0020 0AAB 0020 0020 0020 0020 0020 0020 0040 0020 0020 0020 0020 0040 0020 0081 0020 0040 0020 0020 0020 0020 0040 0040 0040 0020 0020 0020 0020 0020 0020 0020 0020 0040 0020 04B0,,
,,[Tuner-1] 2,17,29,02,17 29 02,X,X,X,---,X,X,---,---,X,X,X,X,---,---,---,---,---,X,X,---,X,X,---,---,X,X,X,---,X,X,X,---,---,---,X,X,X,---,X,X,X,X,X,X,---,---,---,X,X,X,---,---,---,---,---,---,---,---,---,---,---,---,---,---,---,---,---,Ten Key 2 ( Pre set No. or Frequency) for Tuner-1,0000 0071 0000 001E 0020 0020 0040 0040 0040 0020 0020 0020 0020 0040 0020 0081 0020 0040 0020 0020 0020 0020 0040 0040 0040 0020 0020 0020 0020 0020 0020 0040 0040 0AAB 0020 0020 0040 0040 0040 0020 0020 0020 0020 0040 0020 0081 0020 0040 0020 0020 0020 0020 0040 0040 0040 0020 0020 0020 0020 0020 0020 0040 0040 04B0,,
,,[Tuner-1] 3,17,29,03,17 29 03,X,X,X,---,X,X,---,---,X,X,X,X,---,---,---,---,---,X,X,---,X,X,---,---,X,X,X,---,X,X,X,---,---,---,X,X,X,---,X,X,X,X,X,X,---,---,---,X,X,X,---,---,---,---,---,---,---,---,---,---,---,---,---,---,---,---,---,Ten Key 3 ( Pre set No. or Frequency) for Tuner-1,0000 0071 0000 0022 0020 0020 0020 0020 0020 0020 0040 0020 0020 0020 0020 0040 0020 0081 0020 0040 0020 0020 0020 0020 0040 0040 0040 0020 0020 0020 0020 0020 0020 0040 0020 0020 0020 0AAB 0020 0020 0020 0020 0020 0020 0040 0020 0020 0020 0020 0040 0020 0081 0020 0040 0020 0020 0020 0020 0040 0040 0040 0020 0020 0020 0020 0020 0020 0040 0020 0020 0020 04B0,,
,,[Tuner-1] 4,17,29,04,17 29 04,X,X,X,---,X,X,---,---,X,X,X,X,---,---,---,---,---,X,X,---,X,X,---,---,X,X,X,---,X,X,X,---,---,---,X,X,X,---,X,X,X,X,X,X,---,---,---,X,X,X,---,---,---,---,---,---,---,---,---,---,---,---,---,---,---,---,---,Ten Key 4 ( Pre set No. or Frequency) for Tuner-1,0000 0071 0000 001E 0020 0020 0040 0040 0040 0020 0020 0020 0020 0040 0020 0081 0020 0040 0020 0020 0020 0020 0040 0040 0040 0020 0020 0020 0020 0040 0040 0020 0020 0AAB 0020 0020 0040 0040 0040 0020 0020 0020 0020 0040 0020 0081 0020 0040 0020 0020 0020 0020 0040 0040 0040 0020 0020 0020 0020 0040 0040 0020 0020 04B0,,
,,[Tuner-1] 5,17,29,05,17 29 05,X,X,X,---,X,X,---,---,X,X,X,X,---,---,---,---,---,X,X,---,X,X,---,---,X,X,X,---,X,X,X,---,---,---,X,X,X,---,X,X,X,X,X,X,---,---,---,X,X,X,---,---,---,---,---,---,---,---,---,---,---,---,---,---,---,---,---,Ten Key 5 ( Pre set No. or Frequency) for Tuner-1,0000 0071 0000 0020 0020 0020 0020 0020 0020 0020 0040 0020 0020 0020 0020 0040 0020 0081 0020 0040 0020 0020 0020 0020 0040 0040 0040 0020 0020 0020 0020 0040 0040 0040 0020 0AAB 0020 0020 0020 0020 0020 0020 0040 0020 0020 0020 0020 0040 0020 0081 0020 0040 0020 0020 0020 0020 0040 0040 0040 0020 0020 0020 0020 0040 0040 0040 0020 04B0,,
,,[Tuner-1] 6,17,29,06,17 29 06,X,X,X,---,X,X,---,---,X,X,X,X,---,---,---,---,---,X,X,---,X,X,---,---,X,X,X,---,X,X,X,---,---,---,X,X,X,---,X,X,X,X,X,X,---,---,---,X,X,X,---,---,---,---,---,---,---,---,---,---,---,---,---,---,---,---,---,Ten Key 6 ( Pre set No. or Frequency) for Tuner-1,0000 0071 0000 001E 0020 0020 0040 0040 0040 0020 0020 0020 0020 0040 0020 0081 0020 0040 0020 0020 0020 0020 0040 0040 0040 0020 0020 0020 0020 0040 0020 0020 0040 0AAB 0020 0020 0040 0040 0040 0020 0020 0020 0020 0040 0020 0081 0020 0040 0020 0020 0020 0020 0040 0040 0040 0020 0020 0020 0020 0040 0020 0020 0040 04B0,,
,,[Tuner-1] 7,17,29,07,17 29 07,X,X,X,---,X,X,---,---,X,X,X,X,---,---,---,---,---,X,X,---,X,X,---,---,X,X,X,---,X,X,X,---,---,---,X,X,X,---,X,X,X,X,X,X,---,---,---,X,X,X,---,---,---,---,---,---,---,---,---,---,---,---,---,---,---,---,---,Ten Key 7 ( Pre set No. or Frequency) for Tuner-1,0000 0071 0000 0022 0020 0020 0020 0020 0020 0020 0040 0020 0020 0020 0020 0040 0020 0081 0020 0040 0020 0020 0020 0020 0040 0040 0040 0020 0020 0020 0020 0040 0020 0020 0020 0020 0020 0AAB 0020 0020 0020 0020 0020 0020 0040 0020 0020 0020 0020 0040 0020 0081 0020 0040 0020 0020 0020 0020 0040 0040 0040 0020 0020 0020 0020 0040 0020 0020 0020 0020 0020 04B0,,
,,[Tuner-1] 8,17,29,08,17 29 08,X,X,X,---,X,X,---,---,X,X,X,X,---,---,---,---,---,X,X,---,X,X,---,---,X,X,X,---,X,X,X,---,---,---,X,X,X,---,X,X,X,X,X,X,---,---,---,X,X,X,---,---,---,---,---,---,---,---,---,---,---,---,---,---,---,---,---,Ten Key 8 ( Pre set No. or Frequency) for Tuner-1,0000 0071 0000 001E 0020 0020 0040 0040 0040 0020 0020 0020 0020 0040 0020 0081 0020 0040 0020 0020 0020 0020 0040 0040 0040 0020 0020 0040 0040 0020 0020 0020 0020 0AAB 0020 0020 0040 0040 0040 0020 0020 0020 0020 0040 0020 0081 0020 0040 0020 0020 0020 0020 0040 0040 0040 0020 0020 0040 0040 0020 0020 0020 0020 04B0,,
,,[Tuner-1] 9,17,29,09,17 29 09,X,X,X,---,X,X,---,---,X,X,X,X,---,---,---,---,---,X,X,---,X,X,---,---,X,X,X,---,X,X,X,---,---,---,X,X,X,---,X,X,X,X,X,X,---,---,---,X,X,X,---,---,---,---,---,---,---,---,---,---,---,---,---,---,---,---,---,Ten Key 9 ( Pre set No. or Frequency) for Tuner-1,0000 0071 0000 0020 0020 0020 0020 0020 0020 0020 0040 0020 0020 0020 0020 0040 0020 0081 0020 0040 0020 0020 0020 0020 0040 0040 0040 0020 0020 0040 0040 0020 0020 0040 0020 0AAB 0020 0020 0020 0020 0020 0020 0040 0020 0020 0020 0020 0040 0020 0081 0020 0040 0020 0020 0020 0020 0040 0040 0040 0020 0020 0040 0040 0020 0020 0040 0020 04B0,,
,,[Tuner-1] FM,17,29,10,17 29 10,X（HD Radio,X（HD Radio,X（HD Radio,X,X,X,---,---,X,X,X,X,---,---,---,---,---,X（HD Radio,X（HD Radio,X,X,X,---,---,X(*4),---,X,X,X,X,X,---,---,---,X(*4),---,X,(see here),X,X,X,X,X,X,---,---,---,X(*4),---,X,---,---,---,---,---,---,---,---,---,---,---,---,---,---,---,---,---,Turn On and select FM for Tuner-1,0000 0071 0000 001E 0020 0020 0020 0020 0020 0020 0040 0020 0020 0020 0020 0040 0020 0081 0020 0040 0020 0020 0020 0020 0040 0040 0040 0020 0020 0040 0040 0040 0040 0AAB 0020 0020 0020 0020 0020 0020 0040 0020 0020 0020 0020 0040 0020 0081 0020 0040 0020 0020 0020 0020 0040 0040 0040 0020 0020 0040 0040 0040 0040 04B0,,
,,[Tuner-1] AM,17,29,11,17 29 11,X（HD Radio,X（HD Radio,X（HD Radio,X,X,X,---,---,X,X,X,X,---,---,---,---,---,X（HD Radio,X（HD Radio,X,X,X,---,---,X(*4),---,X,X,X,X,X,---,---,---,X(*4),---,X,(see here),X,X,X,X,X,X,---,---,---,X(*4),---,X,---,---,---,---,---,---,---,---,---,---,---,---,---,---,---,---,---,Turn On and select AM for Tuner-1,0000 0071 0000 0020 0020 0020 0020 0020 0020 0020 0040 0020 0020 0020 0020 0040 0020 0081 0020 0040 0020 0020 0020 0020 0040 0040 0040 0020 0020 0040 0040 0040 0020 0020 0020 0AAB 0020 0020 0020 0020 0020 0020 0040 0020 0020 0020 0020 0040 0020 0081 0020 0040 0020 0020 0020 0020 0040 0040 0040 0020 0020 0040 0040 0040 0020 0020 0020 04B0,,
,,[Tuner-1] PRESET SCAN,17,29,12,17 29 12,---,X,---,---,X,X,---,---,X,X,X,X,---,---,---,---,---,---,---,---,X,X,---,---,---,---,---,---,X,X,X,---,---,---,---,---,---,---,X,X,X,X,X,X,---,---,---,---,---,---,---,---,---,---,---,---,---,---,---,---,---,---,---,---,---,---,---,Start Preset Scan for Tuner-1,0000 0071 0000 0020 0020 0020 0020 0020 0020 0020 0040 0020 0020 0020 0020 0040 0020 0081 0020 0040 0020 0020 0020 0020 0040 0040 0040 0020 0020 0040 0020 0020 0040 0020 0020 0AAB 0020 0020 0020 0020 0020 0020 0040 0020 0020 0020 0020 0040 0020 0081 0020 0040 0020 0020 0020 0020 0040 0040 0040 0020 0020 0040 0020 0020 0040 0020 0020 04B0,,
,,[Tuner-1] PRESET Up +,17,29,13,17 29 13,X,X,X,X,X,X,---,---,X,X,X,X,---,---,---,---,---,X,X,X,X,X,---,---,X,X,X,X,X,X,X,---,---,---,X,X,X,X,X,X,X,X,X,X,---,---,---,X,X,X,---,---,---,---,---,---,---,---,---,---,---,---,---,---,---,---,---,Preset (Skip) Up for Tuner-1,0000 0071 0000 001E 0020 0020 0040 0040 0040 0020 0020 0020 0020 0040 0020 0081 0020 0040 0020 0020 0020 0020 0040 0040 0040 0020 0020 0040 0020 0020 0040 0040 0020 0AAB 0020 0020 0040 0040 0040 0020 0020 0020 0020 0040 0020 0081 0020 0040 0020 0020 0020 0020 0040 0040 0040 0020 0020 0040 0020 0020 0040 0040 0020 04B0,,
,,[Tuner-1] PRESET Down -,17,29,14,17 29 14,X,X,X,X,X,X,---,---,X,X,X,X,---,---,---,---,---,X,X,X,X,X,---,---,X,X,X,X,X,X,X,---,---,---,X,X,X,X,X,X,X,X,X,X,---,---,---,X,X,X,---,---,---,---,---,---,---,---,---,---,---,---,---,---,---,---,---,Preset (Skip) Down for Tuner-1,0000 0071 0000 001E 0020 0020 0040 0040 0040 0020 0020 0020 0020 0040 0020 0081 0020 0040 0020 0020 0020 0020 0040 0040 0040 0020 0020 0040 0020 0020 0020 0020 0040 0AAB 0020 0020 0040 0040 0040 0020 0020 0020 0020 0040 0020 0081 0020 0040 0020 0020 0020 0020 0040 0040 0040 0020 0020 0040 0020 0020 0020 0020 0040 04B0,,
,,[Tuner-1] FREQ.(tuning) Up +,17,29,15,17 29 15,X,X,X,X,X,X,---,---,X,X,X,X,---,---,---,---,---,X,X,X,X,X,---,---,X,X,X,X,X,X,X,---,---,---,X,X,X,X,X,X,X,X,X,X,---,---,---,X,X,X,---,---,---,---,---,---,---,---,---,---,---,---,---,---,---,---,---,Frequency (Scan) Up for Tuner-1,0000 0071 0000 0022 0020 0020 0020 0020 0020 0020 0040 0020 0020 0020 0020 0040 0020 0081 0020 0040 0020 0020 0020 0020 0040 0040 0040 0020 0020 0040 0020 0020 0020 0020 0020 0020 0020 0AAB 0020 0020 0020 0020 0020 0020 0040 0020 0020 0020 0020 0040 0020 0081 0020 0040 0020 0020 0020 0020 0040 0040 0040 0020 0020 0040 0020 0020 0020 0020 0020 0020 0020 04B0,,
,,[Tuner-1] FREQ.(tuning) Down -,17,29,16,17 29 16,X,X,X,X,X,X,---,---,X,X,X,X,---,---,---,---,---,X,X,X,X,X,---,---,X,X,X,X,X,X,X,---,---,---,X,X,X,X,X,X,X,X,X,X,---,---,---,X,X,X,---,---,---,---,---,---,---,---,---,---,---,---,---,---,---,---,---,Frequency (Scan) Down for Tuner-1,0000 0071 0000 001E 0020 0020 0040 0040 0040 0020 0020 0020 0020 0040 0020 0081 0020 0040 0020 0020 0020 0020 0040 0040 0040 0040 0040 0020 0020 0020 0020 0020 0020 0AAB 0020 0020 0040 0040 0040 0020 0020 0020 0020 0040 0020 0081 0020 0040 0020 0020 0020 0020 0040 0040 0040 0040 0040 0020 0020 0020 0020 0020 0020 04B0,,
,,[Tuner-1] T-MODE,17,29,17,17 29 17,X,X,X,---,X,X,---,---,X,X,X,X,---,---,---,---,---,X,X,---,X,X,---,---,X,X,X,---,X,X,X,---,---,---,X,X,X,X,X,X,X,X,X,X,---,---,---,X,X,X,---,---,---,---,---,---,---,---,---,---,---,---,---,---,---,---,---,Switch FM MODE (Auto Stereo / Mono) for Tuner-1,0000 0071 0000 0020 0020 0020 0020 0020 0020 0020 0040 0020 0020 0020 0020 0040 0020 0081 0020 0040 0020 0020 0020 0020 0040 0040 0040 0040 0040 0020 0020 0020 0020 0040 0020 0AAB 0020 0020 0020 0020 0020 0020 0040 0020 0020 0020 0020 0040 0020 0081 0020 0040 0020 0020 0020 0020 0040 0040 0040 0040 0040 0020 0020 0020 0020 0040 0020 04B0,,
,,[Tuner-1] CLEAR,17,29,18,17 29 18,---,X,---,---,X,X,---,---,X,X,X,X,---,---,---,---,---,---,---,---,X,X,---,---,---,---,---,---,X,X,X,---,---,---,---,---,---,---,X,X,X,X,X,X,---,---,---,---,---,---,---,---,---,---,---,---,---,---,---,---,---,---,---,---,---,---,---,Clear for Tuner-1,0000 0071 0000 001C 0020 0020 0040 0040 0040 0020 0020 0020 0020 0040 0020 0081 0020 0040 0020 0020 0020 0020 0040 0040 0040 0040 0040 0020 0020 0040 0040 0AAB 0020 0020 0040 0040 0040 0020 0020 0020 0020 0040 0020 0081 0020 0040 0020 0020 0020 0020 0040 0040 0040 0040 0040 0020 0020 0040 0040 04B0,,
,,[Tuner-1] FREQ.-DIRECT,17,29,19,17 29 19,---,X,---,---,X,X,---,---,X,X,X,X,---,---,---,---,---,---,---,---,X,X,---,---,---,---,X,---,X,X,X,---,---,---,---,---,X,---,X,X,X,X,X,X,---,---,---,---,---,X,---,---,---,---,---,---,---,---,---,---,---,---,---,---,---,---,---,Change to Direct Frequency input mode for Tuner-1,0000 0071 0000 001E 0020 0020 0040 0040 0040 0020 0020 0020 0020 0040 0020 0081 0020 0040 0020 0020 0020 0020 0040 0040 0040 0040 0040 0020 0020 0040 0020 0020 0020 0AAB 0020 0020 0040 0040 0040 0020 0020 0020 0020 0040 0020 0081 0020 0040 0020 0020 0020 0020 0040 0040 0040 0040 0040 0020 0020 0040 0020 0020 0020 04B0,,
,,SHIFT A,17,29,52,17 29 52,---,---,---,---,---,---,---,---,---,---,---,---,---,---,---,---,---,---,---,---,---,---,---,---,---,---,X,---,---,---,---,---,---,---,---,---,X,---,---,---,---,---,---,---,---,---,---,---,---,X,---,---,---,---,---,---,---,---,---,---,---,---,---,---,---,---,---,,,,
,,SHIFT B,17,29,53,17 29 53,---,---,---,---,---,---,---,---,---,---,---,---,---,---,---,---,---,---,---,---,---,---,---,---,---,---,X,---,---,---,---,---,---,---,---,---,X,---,---,---,---,---,---,---,---,---,---,---,---,X,---,---,---,---,---,---,---,---,---,---,---,---,---,---,---,---,---,,,,
,,SHIFT C,17,29,54,17 29 54,---,---,---,---,---,---,---,---,---,---,---,---,---,---,---,---,---,---,---,---,---,---,---,---,---,---,X,---,---,---,---,---,---,---,---,---,X,---,---,---,---,---,---,---,---,---,---,---,---,X,---,---,---,---,---,---,---,---,---,---,---,---,---,---,---,---,---,,,,
,,SHIFT D,17,29,55,17 29 55,---,---,---,---,---,---,---,---,---,---,---,---,---,---,---,---,---,---,---,---,---,---,---,---,---,---,X,---,---,---,---,---,---,---,---,---,X,---,---,---,---,---,---,---,---,---,---,---,---,X,---,---,---,---,---,---,---,---,---,---,---,---,---,---,---,---,---,,,,
,,SHIFT E,17,29,56,17 29 56,---,---,---,---,---,---,---,---,---,---,---,---,---,---,---,---,---,---,---,---,---,---,---,---,---,---,X,---,---,---,---,---,---,---,---,---,X,---,---,---,---,---,---,---,---,---,---,---,---,X,---,---,---,---,---,---,---,---,---,---,---,---,---,---,---,---,---,,,,
,,SHIFT F,17,29,57,17 29 57,---,---,---,---,---,---,---,---,---,---,---,---,---,---,---,---,---,---,---,---,---,---,---,---,---,---,X,---,---,---,---,---,---,---,---,---,X,---,---,---,---,---,---,---,---,---,---,---,---,X,---,---,---,---,---,---,---,---,---,---,---,---,---,---,---,---,---,,,,
,,SHIFT G,17,29,58,17 29 58,---,---,---,---,---,---,---,---,---,---,---,---,---,---,---,---,---,---,---,---,---,---,---,---,---,---,X,---,---,---,---,---,---,---,---,---,X,---,---,---,---,---,---,---,---,---,---,---,---,X,---,---,---,---,---,---,---,---,---,---,---,---,---,---,---,---,---,,,,
,,BAND (FM/AM),17,29,61,17 29 61,X（HD Radio,---,X（HD Radio,---,---,---,---,---,---,---,---,---,---,---,---,---,---,X（HD Radio,X（HD Radio,---,---,---,---,---,X(*4),---,X,---,---,---,---,---,---,---,X(*4),---,X,---,---,---,---,---,---,---,---,---,---,X(*4),---,X,---,---,---,---,---,---,---,---,---,---,---,---,---,---,---,---,---,,,,
,,RDS/SEARCH,17,29,62,17 29 62,X,---,X,---,---,---,---,---,---,---,---,---,---,---,---,---,---,X,X,---,---,---,---,---,X,X,X,---,---,---,---,---,---,---,X,X,X,---,---,---,---,---,---,---,---,---,---,X,X,X,---,---,---,---,---,---,---,---,---,---,---,---,---,---,---,---,---,,,,
,,[Tuner-1] Preset Group Shift,17,32,60,17 93 37,---,---,---,X,---,---,---,---,---,---,---,---,---,---,---,---,---,---,---,X,---,---,---,---,---,---,X,---,---,---,---,---,---,---,---,---,X,---,---,---,---,---,---,---,---,---,---,---,---,X,---,---,---,---,---,---,---,---,---,---,---,---,---,---,---,---,---,Change Preset Group A -> B -> C -> D -> E -> F -> G -> A,,,
,,[Tuner-1] Direct PRESET,17,65,01-60,17 65 [01-60],---,X,---,---,---,---,---,---,X,---,---,---,---,---,---,---,---,---,---,---,X,---,---,---,---,---,--- (*7),---,X,X,---,---,---,---,---,---,--- (*7),---,X,X,X,---,---,---,---,---,---,---,---,--- (*7),---,---,---,---,---,---,---,---,---,---,---,---,---,---,---,---,---,Discrete Preset # select,,,
,Tuner 2,[Tuner-2] 0,17,29,20,17 29 20,---,---,---,---,X,---,---,---,---,---,---,---,---,---,---,---,---,---,---,---,---,---,---,---,---,---,---,---,---,---,---,---,---,---,---,---,---,---,---,---,---,---,---,---,---,---,---,---,---,---,---,---,---,---,---,---,---,---,---,---,---,---,---,---,---,---,---,Ten Key 0 ( Pre set No. or Frequency) for Tuner-2,,,
,,[Tuner-2] 1,17,29,21,17 29 21,---,---,---,---,X,---,---,---,---,---,---,---,---,---,---,---,---,---,---,---,---,---,---,---,---,---,---,---,---,---,---,---,---,---,---,---,---,---,---,---,---,---,---,---,---,---,---,---,---,---,---,---,---,---,---,---,---,---,---,---,---,---,---,---,---,---,---,Ten Key 1 ( Pre set No. or Frequency) for Tuner-2,,,
,,[Tuner-2] 2,17,29,22,17 29 22,---,---,---,---,X,---,---,---,---,---,---,---,---,---,---,---,---,---,---,---,---,---,---,---,---,---,---,---,---,---,---,---,---,---,---,---,---,---,---,---,---,---,---,---,---,---,---,---,---,---,---,---,---,---,---,---,---,---,---,---,---,---,---,---,---,---,---,Ten Key 2 ( Pre set No. or Frequency) for Tuner-2,,,
,,[Tuner-2] 3,17,29,23,17 29 23,---,---,---,---,X,---,---,---,---,---,---,---,---,---,---,---,---,---,---,---,---,---,---,---,---,---,---,---,---,---,---,---,---,---,---,---,---,---,---,---,---,---,---,---,---,---,---,---,---,---,---,---,---,---,---,---,---,---,---,---,---,---,---,---,---,---,---,Ten Key 3 ( Pre set No. or Frequency) for Tuner-2,,,
,,[Tuner-2] 4,17,29,24,17 29 24,---,---,---,---,X,---,---,---,---,---,---,---,---,---,---,---,---,---,---,---,---,---,---,---,---,---,---,---,---,---,---,---,---,---,---,---,---,---,---,---,---,---,---,---,---,---,---,---,---,---,---,---,---,---,---,---,---,---,---,---,---,---,---,---,---,---,---,Ten Key 4 ( Pre set No. or Frequency) for Tuner-2,,,
,,[Tuner-2] 5,17,29,25,17 29 25,---,---,---,---,X,---,---,---,---,---,---,---,---,---,---,---,---,---,---,---,---,---,---,---,---,---,---,---,---,---,---,---,---,---,---,---,---,---,---,---,---,---,---,---,---,---,---,---,---,---,---,---,---,---,---,---,---,---,---,---,---,---,---,---,---,---,---,Ten Key 5 ( Pre set No. or Frequency) for Tuner-2,,,
,,[Tuner-2] 6,17,29,26,17 29 26,---,---,---,---,X,---,---,---,---,---,---,---,---,---,---,---,---,---,---,---,---,---,---,---,---,---,---,---,---,---,---,---,---,---,---,---,---,---,---,---,---,---,---,---,---,---,---,---,---,---,---,---,---,---,---,---,---,---,---,---,---,---,---,---,---,---,---,Ten Key 6 ( Pre set No. or Frequency) for Tuner-2,,,
,,[Tuner-2] 7,17,29,27,17 29 27,---,---,---,---,X,---,---,---,---,---,---,---,---,---,---,---,---,---,---,---,---,---,---,---,---,---,---,---,---,---,---,---,---,---,---,---,---,---,---,---,---,---,---,---,---,---,---,---,---,---,---,---,---,---,---,---,---,---,---,---,---,---,---,---,---,---,---,Ten Key 7 ( Pre set No. or Frequency) for Tuner-2,,,
,,[Tuner-2] 8,17,29,28,17 29 28,---,---,---,---,X,---,---,---,---,---,---,---,---,---,---,---,---,---,---,---,---,---,---,---,---,---,---,---,---,---,---,---,---,---,---,---,---,---,---,---,---,---,---,---,---,---,---,---,---,---,---,---,---,---,---,---,---,---,---,---,---,---,---,---,---,---,---,Ten Key 8 ( Pre set No. or Frequency) for Tuner-2,,,
,,[Tuner-2] 9,17,29,29,17 29 29,---,---,---,---,X,---,---,---,---,---,---,---,---,---,---,---,---,---,---,---,---,---,---,---,---,---,---,---,---,---,---,---,---,---,---,---,---,---,---,---,---,---,---,---,---,---,---,---,---,---,---,---,---,---,---,---,---,---,---,---,---,---,---,---,---,---,---,Ten Key 9 ( Pre set No. or Frequency) for Tuner-2,,,
,,[Tuner-2] FM,17,29,30,17 29 30,---,---,---,---,X,---,---,---,---,---,---,---,---,---,---,---,---,---,---,---,---,---,---,---,---,---,---,---,---,---,---,---,---,---,---,---,---,---,---,---,---,---,---,---,---,---,---,---,---,---,---,---,---,---,---,---,---,---,---,---,---,---,---,---,---,---,---,Turn On and select FM for Tuner-2,,,
,,[Tuner-2] AM,17,29,31,17 29 31,---,---,---,---,X,---,---,---,---,---,---,---,---,---,---,---,---,---,---,---,---,---,---,---,---,---,---,---,---,---,---,---,---,---,---,---,---,---,---,---,---,---,---,---,---,---,---,---,---,---,---,---,---,---,---,---,---,---,---,---,---,---,---,---,---,---,---,Turn On and select AM for Tuner-2,,,
,,[Tuner-2] PRESET SCAN,17,29,32,17 29 32,---,---,---,---,X,---,---,---,---,---,---,---,---,---,---,---,---,---,---,---,---,---,---,---,---,---,---,---,---,---,---,---,---,---,---,---,---,---,---,---,---,---,---,---,---,---,---,---,---,---,---,---,---,---,---,---,---,---,---,---,---,---,---,---,---,---,---,Start Preset Scan for Tuner-2,,,
,,[Tuner-2] PRESET Up +,17,29,33,17 29 33,---,---,---,---,X,---,---,---,---,---,---,---,---,---,---,---,---,---,---,---,---,---,---,---,---,---,---,---,---,---,---,---,---,---,---,---,---,---,---,---,---,---,---,---,---,---,---,---,---,---,---,---,---,---,---,---,---,---,---,---,---,---,---,---,---,---,---,Preset (Skip) Up for Tuner-2,,,
,,[Tuner-2] PRESET Down -,17,29,34,17 29 34,---,---,---,---,X,---,---,---,---,---,---,---,---,---,---,---,---,---,---,---,---,---,---,---,---,---,---,---,---,---,---,---,---,---,---,---,---,---,---,---,---,---,---,---,---,---,---,---,---,---,---,---,---,---,---,---,---,---,---,---,---,---,---,---,---,---,---,Preset (Skip) Down for Tuner-2,,,
,,[Tuner-2] FREQ.(tuning) Up +,17,29,35,17 29 35,---,---,---,---,X,---,---,---,---,---,---,---,---,---,---,---,---,---,---,---,---,---,---,---,---,---,---,---,---,---,---,---,---,---,---,---,---,---,---,---,---,---,---,---,---,---,---,---,---,---,---,---,---,---,---,---,---,---,---,---,---,---,---,---,---,---,---,Frequency (Scan) Up for Tuner-2,,,
,,[Tuner-2] FREQ.(tuning) Down -,17,29,36,17 29 36,---,---,---,---,X,---,---,---,---,---,---,---,---,---,---,---,---,---,---,---,---,---,---,---,---,---,---,---,---,---,---,---,---,---,---,---,---,---,---,---,---,---,---,---,---,---,---,---,---,---,---,---,---,---,---,---,---,---,---,---,---,---,---,---,---,---,---,Frequency (Scan) Down for Tuner-2,,,
,,[Tuner-2] T-MODE,17,29,37,17 29 37,---,---,---,---,X,---,---,---,---,---,---,---,---,---,---,---,---,---,---,---,---,---,---,---,---,---,---,---,---,---,---,---,---,---,---,---,---,---,---,---,---,---,---,---,---,---,---,---,---,---,---,---,---,---,---,---,---,---,---,---,---,---,---,---,---,---,---,Switch FM MODE (Auto Stereo / Mono) for Tuner-2,,,
,,[Tuner-2] CLEAR,17,29,38,17 29 38,---,---,---,---,X,---,---,---,---,---,---,---,---,---,---,---,---,---,---,---,---,---,---,---,---,---,---,---,---,---,---,---,---,---,---,---,---,---,---,---,---,---,---,---,---,---,---,---,---,---,---,---,---,---,---,---,---,---,---,---,---,---,---,---,---,---,---,Clear for Tuner-2,,,
,,[Tuner-2] FREQ.-DIRECT,17,29,39,17 29 39,---,---,---,---,X,---,---,---,---,---,---,---,---,---,---,---,---,---,---,---,---,---,---,---,---,---,---,---,---,---,---,---,---,---,---,---,---,---,---,---,---,---,---,---,---,---,---,---,---,---,---,---,---,---,---,---,---,---,---,---,---,---,---,---,---,---,---,Change to Direct Frequency input mode for Tuner-2,,,
,Satellite,SIRIUS,17,29,50,17 29 50,---,X,---,X (SATR),---,---,---,---,---,---,---,---,---,---,---,---,---,---,---,X (SATR),---,---,---,---,---,---,---,X (SATR),X,X,---,---,---,---,---,---,---,X (SATR),X,X,---,---,---,---,---,---,---,---,---,---,---,---,---,---,---,---,---,---,---,---,---,---,---,---,---,---,---,Select SIRIUS,0000 0071 0000 001E 0020 0020 0020 0020 0020 0020 0040 0020 0020 0020 0020 0040 0020 00A1 0040 0040 0020 0020 0040 0020 0020 0020 0020 0040 0040 0040 0040 0040 0020 0AAB 0020 0020 0020 0020 0020 0020 0040 0020 0020 0020 0020 0040 0020 00A1 0040 0040 0020 0020 0040 0020 0020 0020 0020 0040 0040 0040 0040 0040 0020 04B0,,
,Radio,XM,17,29,60,17 29 60,---,X,---,---,---,X,---,---,X,X,---,---,---,---,---,---,---,---,---,---,X,X,---,---,---,---,---,---,X,X,X,---,---,---,---,---,---,---,X,X,X,X,---,---,---,---,---,---,---,---,---,---,---,---,---,---,---,---,---,---,---,---,---,---,---,---,---,Select XM,0000 0071 0000 0020 0020 0020 0040 0040 0040 0020 0020 0020 0020 0040 0020 00A1 0040 0040 0020 0020 0040 0020 0020 0020 0020 0020 0020 0020 0020 0020 0020 0020 0020 0040 0020 0AAB 0020 0020 0040 0040 0040 0020 0020 0020 0020 0040 0020 00A1 0040 0040 0020 0020 0040 0020 0020 0020 0020 0020 0020 0020 0020 0020 0020 0020 0020 0040 0020 04B0,,
,,XM/SIRIUS PRESET Direct,17,68,01-60,17 68 [01-60],---,X,---,---,---,---,---,---,X,---,---,---,---,---,---,---,---,---,---,---,X,---,---,---,---,---,---,---,X,X,---,---,---,---,---,---,---,---,X,X,X,---,---,---,---,---,---,---,---,---,---,---,---,---,---,---,---,---,---,---,---,---,---,---,---,---,---,Discrete XM Preset # select,,,
,,XM/SIRIUS Channel Direct,"17
17","100
105","00-
05",17 100 [00-05],---,X,---,---,---,X,---,---,X,X,---,---,---,---,---,---,---,---,---,---,X,X,---,---,---,---,---,---,X,X,X,---,---,---,---,---,---,---,X,X,X,X,---,---,---,---,---,---,---,---,---,---,---,---,---,---,---,---,---,---,---,---,---,---,---,---,---,XM Direct Channel select,,,
,USB/iPod,iPod Direct Mode,16,83,01,16 83 01,---,---,---,---,---,---,---,---,---,---,---,---,---,---,---,---,---,---,---,---,---,---,---,---,---,---,---,---,X,---,---,---,---,---,---,---,---,---,---,---,---,---,---,---,---,---,---,---,---,---,---,---,---,---,---,---,---,---,---,---,---,---,---,---,---,---,---,Select iPod Direct mode,,,
,,iPod Remote Mode,16,83,02,16 83 02,---,---,---,---,---,---,---,---,---,---,---,---,---,---,---,---,---,---,---,---,---,---,---,---,---,---,---,---,X,---,---,---,---,---,---,---,---,---,---,---,---,---,---,---,---,---,---,---,---,---,---,---,---,---,---,---,---,---,---,---,---,---,---,---,---,---,---,Select iPod Remote mode,,,
,,iPod Mode Select(Toggle),16,83,00,16 83 00,---,---,---,---,---,---,---,---,---,---,---,---,---,---,---,---,---,---,---,---,---,---,---,---,---,---,---,---,---,---,---,---,---,---,---,---,---,X,---,---,---,---,---,---,---,---,---,---,---,---,---,---,---,---,---,---,---,---,---,---,---,---,---,---,---,---,---,Change iPod mode Direct->Remote->Direct,0000 0071 0000 0021 0040 0020 0020 0040 0040 0020 0020 0020 0020 0020 0020 00A1 0020 0040 0040 0020 0020 0040 0020 0020 0040 0020 0020 0020 0020 0020 0020 0020 0020 0020 0020 0AA6 0040 0020 0020 0040 0040 0020 0020 0020 0020 0020 0020 00A1 0020 0040 0040 0020 0020 0040 0020 0020 0040 0020 0020 0020 0020 0020 0020 0020 0020 0020 0020 0AA6 0008 04A9,,
,,Next,24,32,02,24 32 02,X,---,X,---,---,---,---,---,---,---,---,---,---,---,---,---,---,X,X,---,---,---,---,---,X,X,X,---,X,---,---,---,---,---,X,X,X,X,---,---,---,---,---,---,---,---,---,X,X,X,---,---,---,---,---,---,---,---,---,---,---,---,---,---,---,---,---,Go to next song,,,
,,Previous,24,33,02,24 33 02,X,---,X,---,---,---,---,---,---,---,---,---,---,---,---,---,---,X,X,---,---,---,---,---,X,X,X,---,X,---,---,---,---,---,X,X,X,X,---,---,---,---,---,---,---,---,---,X,X,X,---,---,---,---,---,---,---,---,---,---,---,---,---,---,---,---,---,Go to previous song,,,
,,Random (Toggle),24,41,01,24 41 01,X,---,X,X,---,---,---,---,---,---,---,---,---,---,---,---,---,X,X,X,---,---,---,---,X,X,X,X,---,---,---,---,---,---,X,X,X,---,---,---,---,---,---,---,---,---,---,X,X,X,---,---,---,---,---,---,---,---,---,---,---,---,---,---,---,---,---,Change Random mode (Toggle),0000 0071 0000 0020 0020 0020 0020 0020 0020 0020 0020 0020 0040 0020 0020 0020 0020 00C1 0040 0040 0040 0020 0020 0040 0040 0020 0020 0020 0020 0020 0020 0020 0020 0040 0020 0AA6 0020 0020 0020 0020 0020 0020 0020 0020 0040 0020 0020 0020 0020 00C1 0040 0040 0040 0020 0020 0040 0040 0020 0020 0020 0020 0020 0020 0020 0020 0040 0020 04A9,,
,,Random On,24,41,02,24 41 02,X,---,X,---,---,---,---,---,---,---,---,---,---,---,---,---,---,X,X,---,,,,,X,X,X,---,,,,,,,X,X,X,---,---,---,---,---,---,---,---,---,---,X,X,X,---,---,---,---,---,---,---,---,---,---,---,---,---,---,---,---,---,,,,
,,Random Off,24,41,03,24 41 03,X,---,X,---,---,---,---,---,---,---,---,---,---,---,---,---,---,X,X,---,,,,,X,X,X,---,,,,,,,X,X,X,---,---,---,---,---,---,---,---,---,---,X,X,X,---,---,---,---,---,---,---,---,---,---,---,---,---,---,---,---,---,,,,
,,Random (Album),24,41,04,24 41 04,---,---,---,---,---,---,---,---,---,---,---,---,---,---,---,---,---,---,---,---,---,---,---,---,---,---,---,---,X,---,---,---,---,---,---,---,---,X,---,---,---,---,---,---,---,---,---,---,---,---,---,---,---,---,---,---,---,---,---,---,---,---,---,---,---,---,---,Select Album Random mode,,,
,,Repeat(toggle),24,42,01,24 42 01,X,---,X,X,---,---,---,---,---,---,---,---,---,---,---,---,---,X,X,X,---,---,---,---,X,X,X,X,X,---,---,---,---,---,X,X,X,---,---,---,---,---,---,---,---,---,---,X,X,X,---,---,---,---,---,---,---,---,---,---,---,---,---,---,---,---,---,Change Repeat mode (Toggle),,,
,,Repeat Off,24,42,02,24 42 02,X,---,X,---,---,---,---,---,---,---,---,---,---,---,---,---,---,X,X,---,---,---,---,---,X,X,X,---,---,---,---,---,---,---,X,X,X,X,---,---,---,---,---,---,---,---,---,X,X,X,---,---,---,---,---,---,---,---,---,---,---,---,---,---,---,---,---,Turn Off the repeat mode,0000 0071 0000 001E 0020 0020 0040 0040 0020 0020 0040 0020 0020 0020 0020 00C1 0040 0040 0040 0040 0040 0020 0020 0020 0020 0020 0020 0020 0020 0040 0040 0AA7 0020 0020 0040 0040 0020 0020 0040 0020 0020 0020 0020 00C1 0040 0040 0040 0040 0040 0020 0020 0020 0020 0020 0020 0020 0020 0040 0040 0AA7 0020 0020 0040 04A9,,
,,Repeat One,24,42,03,24 42 03,X,---,X,---,---,---,---,---,---,---,---,---,---,---,---,---,---,X,X,---,---,---,---,---,X,X,X,---,---,---,---,---,---,---,X,X,X,X,---,---,---,---,---,---,---,---,---,X,X,X,---,---,---,---,---,---,---,---,---,---,---,---,---,---,---,---,---,One track repeat mode on,0000 0071 0000 0022 0020 0020 0020 0020 0020 0020 0020 0020 0040 0020 0020 0020 0020 00C1 0040 0040 0040 0040 0040 0020 0020 0020 0020 0020 0020 0020 0020 0040 0020 0020 0020 0AA7 0020 0020 0020 0020 0020 0020 0020 0020 0040 0020 0020 0020 0020 00C1 0040 0040 0040 0040 0040 0020 0020 0020 0020 0020 0020 0020 0020 0040 0020 0020 0020 0AA7 0020 0020 0020 04A9,,
2nd,,Repeat All,24,42,04,24 42 04,X,---,X,---,---,---,---,---,---,---,---,---,---,---,---,---,---,X,X,---,---,---,---,---,X,X,X,---,---,---,---,---,---,---,X,X,X,X,---,---,---,---,---,---,---,---,---,X,X,X,---,---,---,---,---,---,---,---,---,---,---,---,---,---,---,---,---,All track repeat mode,0000 0071 0000 0021 0020 0020 0040 0040 0020 0020 0040 0020 0020 0020 0020 00C1 0040 0040 0040 0040 0040 0020 0020 0020 0020 0020 0020 0040 0040 0020 0020 0AA3 0020 0020 0040 0040 0020 0020 0040 0020 0020 0020 0020 00C1 0040 0040 0040 0040 0040 0020 0020 0020 0020 0020 0020 0040 0040 0020 0020 0AA3 0020 0020 0040 0040 0020 0020 0040 0020 0020 04A7,,
Zone,,Repeat Folder,24,42,05,24 42 05,---,---,---,---,---,---,---,---,---,---,---,---,---,---,---,---,---,---,---,---,---,---,---,---,---,---,---,---,---,---,---,---,---,---,---,---,---,X,---,---,---,---,---,---,---,---,---,---,---,---,---,---,---,---,---,---,---,---,---,---,---,---,---,---,---,---,---,Folder repeat mode on,0000 0071 0000 001E 0020 0020 0020 0020 0020 0020 0020 0020 0040 0020 0020 0020 0020 00C1 0040 0040 0040 0040 0040 0020 0020 0020 0020 0020 0020 0040 0040 0040 0020 0AA3 0020 0020 0020 0020 0020 0020 0020 0020 0040 0020 0020 0020 0020 00C1 0040 0040 0040 0040 0040 0020 0020 0020 0020 0020 0020 0040 0040 0040 0020 04A7,,
,,Pause,24,48,02,24 48 02,X,---,X,X,---,---,---,---,---,---,---,---,---,---,---,---,---,X,X,X,---,---,---,---,X,X,X,X,X,---,---,---,---,---,X,X,X,X,---,---,---,---,---,---,---,---,---,X,X,X,---,---,---,---,---,---,---,---,---,---,---,---,---,---,---,---,---,Pause the playback,,,
,,REW (Toggle),24,50,02,24 50 02,X,---,X,---,---,---,---,---,---,---,---,---,---,---,---,---,---,X,X,---,---,---,---,---,X,X,X,---,X,---,---,---,---,---,X,X,X,X,---,---,---,---,---,---,---,---,---,X,X,X,---,---,---,---,---,---,---,---,---,---,---,---,---,---,---,---,---,Change REW mode (Toggle),,,
,,REW 1 (x2 speed),24,50,09,24 50 09,---,---,---,---,---,---,---,---,---,---,---,---,---,---,---,---,---,---,---,---,---,---,---,---,---,---,---,---,---,---,---,---,---,---,---,---,---,X,---,---,---,---,---,---,---,---,---,---,---,---,---,---,---,---,---,---,---,---,---,---,---,---,---,---,---,---,---,Rew 1 mode,0000 0071 0000 0022 0020 0020 0040 0040 0020 0020 0040 0020 0020 0020 0020 00C1 0020 0020 0040 0020 0020 0040 0040 0020 0020 0020 0020 0040 0040 0020 0020 0040 0020 0AA6 0020 0020 0040 0040 0020 0020 0040 0020 0020 0020 0020 00C1 0020 0020 0040 0020 0020 0040 0040 0020 0020 0020 0020 0040 0040 0020 0020 0040 0020 0AA6 0020 0020 0040 0040 0020 0020 0015 04A9,,
,,REW 2 (x4 speed),24,50,10,24 50 10,---,---,---,---,---,---,---,---,---,---,---,---,---,---,---,---,---,---,---,---,---,---,---,---,---,---,---,---,---,---,---,---,---,---,---,---,---,X,---,---,---,---,---,---,---,---,---,---,---,---,---,---,---,---,---,---,---,---,---,---,---,---,---,---,---,---,---,Rew 2 mode,0000 0071 0000 0021 0020 0020 0020 0020 0020 0020 0020 0020 0040 0020 0020 0020 0020 00C1 0020 0020 0040 0020 0020 0040 0040 0020 0020 0020 0020 0040 0040 0040 0040 0AA6 0020 0020 0020 0020 0020 0020 0020 0020 0040 0020 0020 0020 0020 00C1 0020 0020 0040 0020 0020 0040 0040 0020 0020 0020 0020 0040 0040 0040 0040 0AA6 0020 0020 0020 0020 0020 04A9,,
,,REW 3 (x8 speed),24,50,11,24 50 11,---,---,---,---,---,---,---,---,---,---,---,---,---,---,---,---,---,---,---,---,---,---,---,---,---,---,---,---,---,---,---,---,---,---,---,---,---,X,---,---,---,---,---,---,---,---,---,---,---,---,---,---,---,---,---,---,---,---,---,---,---,---,---,---,---,---,---,Rew 3 mode,0000 0071 0000 001E 0020 0020 0040 0040 0020 0020 0040 0020 0020 0020 0020 00C1 0020 0020 0040 0020 0020 0040 0040 0020 0020 0020 0020 0040 0040 0040 0020 0020 0020 0AA6 0020 0020 0040 0040 0020 0020 0040 0020 0020 0020 0020 00C1 0020 0020 0040 0020 0020 0040 0040 0020 0020 0020 0020 0040 0040 0040 0020 0020 0020 04A9,,
,,FF (Toggle),24,52,02,24 52 02,X,---,X,---,---,---,---,---,---,---,---,---,---,---,---,---,---,X,X,---,---,---,---,---,X,X,X,---,X,---,---,---,---,---,X,X,X,X,---,---,---,---,---,---,---,---,---,X,X,X,---,---,---,---,---,---,---,---,---,---,---,---,---,---,---,---,---,Change FF mode (Toggle),,,
,,FF 1 (x2 speed),24,52,09,24 52 09,---,---,---,---,---,---,---,---,---,---,---,---,---,---,---,---,---,---,---,---,---,---,---,---,---,---,---,---,---,---,---,---,---,---,---,---,---,X,---,---,---,---,---,---,---,---,---,---,---,---,---,---,---,---,---,---,---,---,---,---,---,---,---,---,---,---,---,FF 1 mode,0000 0071 0000 0020 0020 0020 0020 0020 0020 0020 0020 0020 0040 0020 0020 0020 0020 00C1 0020 0020 0040 0040 0040 0020 0020 0020 0020 0020 0020 0040 0040 0020 0020 0040 0020 0AA6 0020 0020 0020 0020 0020 0020 0020 0020 0040 0020 0020 0020 0020 00C1 0020 0020 0040 0040 0040 0020 0020 0020 0020 0020 0020 0040 0040 0020 0020 0040 0020 04A9,,
,,FF 2 (x4 speed),24,52,10,24 52 10,---,---,---,---,---,---,---,---,---,---,---,---,---,---,---,---,---,---,---,---,---,---,---,---,---,---,---,---,---,---,---,---,---,---,---,---,---,X,---,---,---,---,---,---,---,---,---,---,---,---,---,---,---,---,---,---,---,---,---,---,---,---,---,---,---,---,---,FF 2 mode,0000 0071 0000 0022 0020 0020 0040 0040 0020 0020 0040 0020 0020 0020 0020 00C1 0020 0020 0040 0040 0040 0020 0020 0020 0020 0020 0020 0040 0040 0040 0040 0AA6 0020 0020 0040 0040 0020 0020 0040 0020 0020 0020 0020 00C1 0020 0020 0040 0040 0040 0020 0020 0020 0020 0020 0020 0040 0040 0040 0040 0AA6 0020 0020 0040 0040 0020 0020 0040 0020 0020 0020 001C 04A9,,
,,Ff 3 (x8 speed),24,52,11,24 52 11,---,---,---,---,---,---,---,---,---,---,---,---,---,---,---,---,---,---,---,---,---,---,---,---,---,---,---,---,---,---,---,---,---,---,---,---,---,X,---,---,---,---,---,---,---,---,---,---,---,---,---,---,---,---,---,---,---,---,---,---,---,---,---,---,---,---,---,FF 3 mode,0000 0071 0000 0020 0020 0020 0020 0020 0020 0020 0020 0020 0040 0020 0020 0020 0020 00C1 0020 0020 0040 0040 0040 0020 0020 0020 0020 0020 0020 0040 0040 0040 0020 0020 0020 0AA6 0020 0020 0020 0020 0020 0020 0020 0020 0040 0020 0020 0020 0020 00C1 0020 0020 0040 0040 0040 0020 0020 0020 0020 0020 0020 0040 0040 0040 0020 0020 0020 04A9,,
,,Play,24,53,02,24 53 02,X,---,X,---,---,---,---,---,---,---,---,---,---,---,---,---,---,X,X,---,---,---,---,---,X,X,X,---,X,---,---,---,---,---,X,X,X,X,---,---,---,---,---,---,---,---,---,X,X,X,---,---,---,---,---,---,---,---,---,---,---,---,---,---,---,---,---,Start a playback,,,
,,Play/Pause,24,53,10,24 53 10,X,---,X,X,---,---,---,---,---,---,---,---,---,---,---,---,---,X,X,X,---,---,---,---,X,X,X,X,---,---,---,---,---,---,X,X,X,---,---,---,---,---,---,---,---,---,---,X,X,X,---,---,---,---,---,---,---,---,---,---,---,---,---,---,---,---,---,Play Pause Toggle,,,
,,iPod Play,24,53,32,24 53 32,X,---,X,---,---,---,---,---,---,---,---,---,---,---,---,---,---,X,X,---,---,---,---,---,X,X,X,---,,,,,,,X,X,X,---,---,---,---,---,---,---,---,---,---,X,X,X,---,---,---,---,---,---,---,---,---,---,---,---,---,---,---,---,---,,,,
,,USB Direct Play,24,53,61,24 53 61,X,---,X,X,---,---,---,---,---,---,---,---,---,---,---,---,---,X,X,X,---,---,---,---,X,X,X,X,---,---,---,---,---,---,X,X,X,---,---,---,---,---,---,---,---,---,---,X,X,X,---,---,---,---,---,---,---,---,---,---,---,---,---,---,---,---,---,Start a playback directly in a folder of USB storage (Except iPod),0000 0071 0000 0023 0020 0020 0040 0040 0020 0020 0040 0020 0020 0020 0020 00C1 0020 0020 0040 0040 0040 0040 0020 0020 0020 0020 0020 0020 0020 0020 0040 0040 0020 0AA6 0020 0020 0040 0040 0020 0020 0040 0020 0020 0020 0020 00C1 0020 0020 0040 0040 0040 0040 0020 0020 0020 0020 0020 0020 0020 0020 0040 0040 0020 0AA6 0020 0020 0040 0040 0020 0020 0040 0020 0020 04A9,,
,,Stop,24,54,02,24 54 02,X,---,X,X,---,---,---,---,---,---,---,---,---,---,---,---,---,X,X,X,---,---,---,---,X,X,X,X,X,---,---,---,---,---,X,X,X,X,---,---,---,---,---,---,---,---,---,X,X,X,---,---,---,---,---,---,---,---,---,---,---,---,---,---,---,---,---,Stop the playback,,,
,,Page,24,80,05,24 80 05,---,---,---,---,---,---,---,---,---,---,---,---,---,---,---,---,---,---,---,---,---,---,---,---,---,---,X,---,,,,,,,---,---,X,---,---,---,---,---,---,---,---,---,---,---,---,X,---,---,---,---,---,---,---,---,---,---,---,---,---,---,---,---,---,,,,
,,Back (Exit),24,83,02,24 83 02,---,---,---,---,---,---,---,---,---,---,---,---,---,---,---,---,---,---,---,---,---,---,---,---,---,---,---,---,X,---,---,---,---,---,---,---,---,---,---,---,---,---,---,---,---,---,---,---,---,---,---,---,---,---,---,---,---,---,---,---,---,---,---,---,---,---,---,Exit/Back in iPod menu,,,
,Network,Preset 1,27,29,21,27 29 21,X,---,X,---,---,---,---,---,---,---,---,---,---,---,---,---,---,X,X,---,---,---,---,---,X,X,X,---,---,---,---,---,---,---,X,X,X,---,---,---,---,---,---,---,---,---,---,X,X,X,---,---,---,---,---,---,---,---,---,---,---,---,---,---,---,---,---,,,,
,(Digital,Preset 2,27,29,22,27 29 22,X,---,X,---,---,---,---,---,---,---,---,---,---,---,---,---,---,X,X,---,---,---,---,---,X,X,X,---,---,---,---,---,---,---,X,X,X,---,---,---,---,---,---,---,---,---,---,X,X,X,---,---,---,---,---,---,---,---,---,---,---,---,---,---,---,---,---,,,,
,Media,Preset 3,27,29,23,27 29 23,X,---,X,---,---,---,---,---,---,---,---,---,---,---,---,---,---,X,X,---,---,---,---,---,X,X,X,---,---,---,---,---,---,---,X,X,X,---,---,---,---,---,---,---,---,---,---,X,X,X,---,---,---,---,---,---,---,---,---,---,---,---,---,---,---,---,---,,,,
,Player),Preset 4,27,29,24,27 29 24,X,---,X,---,---,---,---,---,---,---,---,---,---,---,---,---,---,X,X,---,---,---,---,---,X,X,X,---,---,---,---,---,---,---,X,X,X,---,---,---,---,---,---,---,---,---,---,X,X,X,---,---,---,---,---,---,---,---,---,---,---,---,---,---,---,---,---,,,,
,or,Preset 5,27,29,25,27 29 25,X,---,X,---,---,---,---,---,---,---,---,---,---,---,---,---,---,X,X,---,---,---,---,---,X,X,X,---,---,---,---,---,---,---,X,X,X,---,---,---,---,---,---,---,---,---,---,X,X,X,---,---,---,---,---,---,---,---,---,---,---,---,---,---,---,---,---,,,,
,USB for,Preset 6,27,29,26,27 29 26,X,---,X,---,---,---,---,---,---,---,---,---,---,---,---,---,---,X,X,---,---,---,---,---,X,X,X,---,---,---,---,---,---,---,X,X,X,---,---,---,---,---,---,---,---,---,---,X,X,X,---,---,---,---,---,---,---,---,---,---,---,---,---,---,---,---,---,,,,
,SR6003,Preset 7,27,29,27,27 29 27,X,---,X,---,---,---,---,---,---,---,---,---,---,---,---,---,---,X,X,---,---,---,---,---,X,X,X,---,---,---,---,---,---,---,X,X,X,---,---,---,---,---,---,---,---,---,---,X,X,X,---,---,---,---,---,---,---,---,---,---,---,---,---,---,---,---,---,,,,
,only,Preset 8,27,29,28,27 29 28,X,---,X,---,---,---,---,---,---,---,---,---,---,---,---,---,---,X,X,---,---,---,---,---,X,X,X,---,---,---,---,---,---,---,X,X,X,---,---,---,---,---,---,---,---,---,---,X,X,X,---,---,---,---,---,---,---,---,---,---,---,---,---,---,---,---,---,,,,
,,SHIFT A,27,29,31,27 29 31,---,---,---,---,---,---,---,---,---,---,---,---,---,---,---,---,---,---,---,---,---,---,---,---,---,---,X,---,---,---,---,---,---,---,---,---,X,---,---,---,---,---,---,---,---,---,---,---,---,X,---,---,---,---,---,---,---,---,---,---,---,---,---,---,---,---,---,,,,
,,SHIFT B,27,29,32,27 29 32,---,---,---,---,---,---,---,---,---,---,---,---,---,---,---,---,---,---,---,---,---,---,---,---,---,---,X,---,---,---,---,---,---,---,---,---,X,---,---,---,---,---,---,---,---,---,---,---,---,X,---,---,---,---,---,---,---,---,---,---,---,---,---,---,---,---,---,,,,
,,SHIFT C,27,29,33,27 29 33,---,---,---,---,---,---,---,---,---,---,---,---,---,---,---,---,---,---,---,---,---,---,---,---,---,---,X,---,---,---,---,---,---,---,---,---,X,---,---,---,---,---,---,---,---,---,---,---,---,X,---,---,---,---,---,---,---,---,---,---,---,---,---,---,---,---,---,,,,
,,SHIFT D,27,29,34,27 29 34,---,---,---,---,---,---,---,---,---,---,---,---,---,---,---,---,---,---,---,---,---,---,---,---,---,---,X,---,---,---,---,---,---,---,---,---,X,---,---,---,---,---,---,---,---,---,---,---,---,X,---,---,---,---,---,---,---,---,---,---,---,---,---,---,---,---,---,,,,
,,SHIFT E,27,29,35,27 29 35,---,---,---,---,---,---,---,---,---,---,---,---,---,---,---,---,---,---,---,---,---,---,---,---,---,---,X,---,---,---,---,---,---,---,---,---,X,---,---,---,---,---,---,---,---,---,---,---,---,X,---,---,---,---,---,---,---,---,---,---,---,---,---,---,---,---,---,,,,
,,SHIFT F,27,29,36,27 29 36,---,---,---,---,---,---,---,---,---,---,---,---,---,---,---,---,---,---,---,---,---,---,---,---,---,---,X,---,---,---,---,---,---,---,---,---,X,---,---,---,---,---,---,---,---,---,---,---,---,X,---,---,---,---,---,---,---,---,---,---,---,---,---,---,---,---,---,,,,
,,SHIFT G,27,29,37,27 29 37,---,---,---,---,---,---,---,---,---,---,---,---,---,---,---,---,---,---,---,---,---,---,---,---,---,---,X,---,---,---,---,---,---,---,---,---,X,---,---,---,---,---,---,---,---,---,---,---,---,X,---,---,---,---,---,---,---,---,---,---,---,---,---,---,---,---,---,,,,
,,Preset Channel Shift,27,29,60,27 29 60,---,---,---,---,---,---,---,---,---,---,---,---,---,---,---,---,---,---,---,---,---,---,---,---,---,---,X,---,---,---,---,---,---,---,---,---,X,---,---,---,---,---,---,---,---,---,---,---,---,X,---,---,---,---,---,---,---,---,---,---,---,---,---,---,---,---,---,,,,
,,Network(DMP): Next,27,32,02,27 32 02,X,X,X,---,---,---,---,---,---,---,---,---,---,---,---,---,---,X,X,---,---,---,---,---,X,X,X,---,---,X,---,---,---,---,X,X,X,---,---,---,---,---,---,---,---,---,---,X,X,X,---,---,---,---,---,---,---,---,---,---,---,---,---,---,---,---,---,,,,
,,Network(DMP): Previous,27,33,02,27 33 02,X,X,X,---,---,---,---,---,---,---,---,---,---,---,---,---,---,X,X,---,---,---,---,---,X,X,X,---,---,X,---,---,---,---,X,X,X,---,---,---,---,---,---,---,---,---,---,X,X,X,---,---,---,---,---,---,---,---,---,---,---,---,---,---,---,---,---,,,,
,,JPEG Skip + (Next),27,32,11,27 32 11,X,---,X,---,---,---,---,---,---,---,---,---,---,---,---,---,---,X,X,---,---,---,---,---,X,X,X,---,---,---,---,---,---,---,X,X,X,---,---,---,---,---,---,---,---,---,---,X,X,X,---,---,---,---,---,---,---,---,---,---,---,---,---,---,---,---,---,,,,
,,JPEG Skip - (Previous),27,33,11,27 33 11,X,---,X,---,---,---,---,---,---,---,---,---,---,---,---,---,---,X,X,---,---,---,---,---,X,X,X,---,---,---,---,---,---,---,X,X,X,---,---,---,---,---,---,---,---,---,---,X,X,X,---,---,---,---,---,---,---,---,---,---,---,---,---,---,---,---,---,,,,
,,Internet Radio Preset 1/FAVORITE STATION  1,27,34,21,27 34 21,X,---,X,---,---,---,---,---,---,---,---,---,---,---,---,---,---,X,X,---,---,---,---,---,X,X,X,---,---,---,---,---,---,---,X,X,X,---,---,---,---,---,---,---,---,---,---,X,X,X,---,---,---,---,---,---,---,---,---,---,---,---,---,---,---,---,---,,,,
,,Internet Radio Preset 2/FAVORITE STATION  2,27,34,22,27 34 22,X,---,X,---,---,---,---,---,---,---,---,---,---,---,---,---,---,X,X,---,---,---,---,---,X,X,X,---,---,---,---,---,---,---,X,X,X,---,---,---,---,---,---,---,---,---,---,X,X,X,---,---,---,---,---,---,---,---,---,---,---,---,---,---,---,---,---,,,,
,,Internet Radio Preset 3/FAVORITE STATION  3,27,34,23,27 34 23,X,---,X,---,---,---,---,---,---,---,---,---,---,---,---,---,---,X,X,---,---,---,---,---,X,X,X,---,---,---,---,---,---,---,X,X,X,---,---,---,---,---,---,---,---,---,---,X,X,X,---,---,---,---,---,---,---,---,---,---,---,---,---,---,---,---,---,,,,
,,Internet Radio Preset 4/FAVORITE STATION  4,27,34,24,27 34 24,X,---,X,---,---,---,---,---,---,---,---,---,---,---,---,---,---,X,X,---,---,---,---,---,---,---,---,---,---,---,---,---,---,---,---,---,---,---,---,---,---,---,---,---,---,---,---,---,---,---,---,---,---,---,---,---,---,---,---,---,---,---,---,---,---,---,---,,,,
,Network,Network(DMP) Audio,27,40,01,27 40 01,---,X,---,---,---,---,---,---,---,---,---,---,---,---,---,---,---,---,---,---,---,---,---,---,---,---,---,---,---,---,---,---,---,---,---,---,---,---,---,---,---,---,---,---,---,---,---,---,---,---,---,---,---,---,---,---,---,---,---,---,---,---,---,---,---,---,---,,,,
,,Network(DMP): L+R,27,40,02,27 40 02,---,X,---,---,---,---,---,---,---,---,---,---,---,---,---,---,---,---,---,---,---,---,---,---,---,---,---,---,---,---,---,---,---,---,---,---,---,---,---,---,---,---,---,---,---,---,---,---,---,---,---,---,---,---,---,---,---,---,---,---,---,---,---,---,---,---,---,,,,
,,Network(DMP): L,27,40,03,27 40 03,---,X,---,---,---,---,---,---,---,---,---,---,---,---,---,---,---,---,---,---,---,---,---,---,---,---,---,---,---,---,---,---,---,---,---,---,---,---,---,---,---,---,---,---,---,---,---,---,---,---,---,---,---,---,---,---,---,---,---,---,---,---,---,---,---,---,---,,,,
,,Network(DMP): R,27,40,04,27 40 04,---,X,---,---,---,---,---,---,---,---,---,---,---,---,---,---,---,---,---,---,---,---,---,---,---,---,---,---,---,---,---,---,---,---,---,---,---,---,---,---,---,---,---,---,---,---,---,---,---,---,---,---,---,---,---,---,---,---,---,---,---,---,---,---,---,---,---,,,,
,,Network(DMP): Random (toggle),27,41,01,27 41 01,X,X,X,X,---,---,---,---,---,---,---,---,---,---,---,---,---,X,X,X,---,---,---,---,X,X,X,---,---,X,---,---,---,---,X,X,X,---,---,---,---,---,---,---,---,---,---,X,X,X,---,---,---,---,---,---,---,---,---,---,---,---,---,---,---,---,---,,,,
,,Network(DMP): Random Off,27,41,02,27 41 02,X,X,X,---,---,---,---,---,---,---,---,---,---,---,---,---,---,X,X,---,---,---,---,---,X,X,X,---,---,X,---,---,---,---,X,X,X,---,---,---,---,---,---,---,---,---,---,X,X,X,---,---,---,---,---,---,---,---,---,---,---,---,---,---,---,---,---,,,,
,,Network(DMP): Random On,27,41,03,27 41 03,X,X,X,---,---,---,---,---,---,---,---,---,---,---,---,---,---,X,X,---,---,---,---,---,X,X,X,---,---,X,---,---,---,---,X,X,X,---,---,---,---,---,---,---,---,---,---,X,X,X,---,---,---,---,---,---,---,---,---,---,---,---,---,---,---,---,---,,,,
,,Memory,27,41,52,27 41 52,X,X,X,---,---,---,---,---,---,---,---,---,---,---,---,---,---,X,X,---,---,---,---,---,X,X,X,---,,,,,,,X,X,X,---,---,---,---,---,---,---,---,---,---,X,X,X,---,---,---,---,---,---,---,---,---,---,---,---,---,---,---,---,---,,,,
,,Network(DMP): Repeat (toggle),27,42,01,27 42 01,X,X,X,X,---,---,---,---,---,---,---,---,---,---,---,---,---,X,X,X,---,---,---,---,X,X,X,---,---,X,---,---,---,---,X,X,X,---,---,---,---,---,---,---,---,---,---,X,X,X,---,---,---,---,---,---,---,---,---,---,---,---,---,---,---,---,---,,,,
,,Network(DMP): Repeat Off,27,42,02,27 42 02,X,X,X,---,---,---,---,---,---,---,---,---,---,---,---,---,---,X,X,---,---,---,---,---,X,X,X,---,---,X,---,---,---,---,X,X,X,---,---,---,---,---,---,---,---,---,---,X,X,X,---,---,---,---,---,---,---,---,---,---,---,---,---,---,---,---,---,,,,
,,Network(DMP): Repeat 1,27,42,03,27 42 03,X,X,X,---,---,---,---,---,---,---,---,---,---,---,---,---,---,X,X,---,---,---,---,---,X,X,X,---,---,X,---,---,---,---,X,X,X,---,---,---,---,---,---,---,---,---,---,X,X,X,---,---,---,---,---,---,---,---,---,---,---,---,---,---,---,---,---,,,,
,,Network(DMP): Repeat All,27,42,04,27 42 04,X,X,X,---,---,---,---,---,---,---,---,---,---,---,---,---,---,X,X,---,---,---,---,---,X,X,X,---,---,X,---,---,---,---,X,X,X,---,---,---,---,---,---,---,---,---,---,X,X,X,---,---,---,---,---,---,---,---,---,---,---,---,---,---,---,---,---,,,,
,,USB: Repeat Folder,27,42,05,27 42 05,---,---,---,---,---,---,---,---,---,---,---,---,---,---,---,---,---,---,---,---,---,---,---,---,---,---,---,---,---,X,---,---,---,---,---,---,---,---,---,---,---,---,---,---,---,---,---,---,---,---,---,---,---,---,---,---,---,---,---,---,---,---,---,---,---,---,---,,,,
,,Network(DMP)/USB: REW,27,50,02,27 50 02,---,X,---,---,---,---,---,---,---,---,---,---,---,---,---,---,---,X,---,---,---,---,---,---,X,---,---,---,---,X,---,---,---,---,X,---,---,---,---,---,---,---,---,---,---,---,---,X,---,---,---,---,---,---,---,---,---,---,---,---,---,---,---,---,---,---,---,,,,
,,USB: Rew1,27,50,09,27 50 09,---,---,---,---,---,---,---,---,---,---,---,---,---,---,---,---,---,---,---,---,---,---,---,---,---,---,---,---,---,X,---,---,---,---,---,---,---,---,---,---,---,---,---,---,---,---,---,---,---,---,---,---,---,---,---,---,---,---,---,---,---,---,---,---,---,---,---,,,,
,,USB: Rew2,27,50,10,27 50 10,---,---,---,---,---,---,---,---,---,---,---,---,---,---,---,---,---,---,---,---,---,---,---,---,---,---,---,---,---,X,---,---,---,---,---,---,---,---,---,---,---,---,---,---,---,---,---,---,---,---,---,---,---,---,---,---,---,---,---,---,---,---,---,---,---,---,---,,,,
,,USB: Rew3,27,50,11,27 50 11,---,---,---,---,---,---,---,---,---,---,---,---,---,---,---,---,---,---,---,---,---,---,---,---,---,---,---,---,---,X,---,---,---,---,---,---,---,---,---,---,---,---,---,---,---,---,---,---,---,---,---,---,---,---,---,---,---,---,---,---,---,---,---,---,---,---,---,,,,
,,Network(DMP)/USB: FF,27,52,02,27 52 02,---,X,---,---,---,---,---,---,---,---,---,---,---,---,---,---,---,X,---,---,---,---,---,---,X,---,---,---,---,X,---,---,---,---,X,---,---,---,---,---,---,---,---,---,---,---,---,X,---,---,---,---,---,---,---,---,---,---,---,---,---,---,---,---,---,---,---,,,,
,,USB: FF1,27,52,09,27 52 09,---,---,---,---,---,---,---,---,---,---,---,---,---,---,---,---,---,---,---,---,---,---,---,---,---,---,---,---,---,X,---,---,---,---,---,---,---,---,---,---,---,---,---,---,---,---,---,---,---,---,---,---,---,---,---,---,---,---,---,---,---,---,---,---,---,---,---,,,,
,,USB: FF2,27,52,10,27 52 10,---,---,---,---,---,---,---,---,---,---,---,---,---,---,---,---,---,---,---,---,---,---,---,---,---,---,---,---,---,X,---,---,---,---,---,---,---,---,---,---,---,---,---,---,---,---,---,---,---,---,---,---,---,---,---,---,---,---,---,---,---,---,---,---,---,---,---,,,,
,,USB: FF3,27,52,11,27 52 11,---,---,---,---,---,---,---,---,---,---,---,---,---,---,---,---,---,---,---,---,---,---,---,---,---,---,---,---,---,X,---,---,---,---,---,---,---,---,---,---,---,---,---,---,---,---,---,---,---,---,---,---,---,---,---,---,---,---,---,---,---,---,---,---,---,---,---,,,,
,,Network(DMP): Play(/Pause),27,53,02,27 53 02,X,X,X,---,---,---,---,---,---,---,---,---,---,---,---,---,---,X,X,---,---,---,---,---,X,X,X,---,---,X,---,---,---,---,X,X,X,---,---,---,---,---,---,---,---,---,---,X,X,X,---,---,---,---,---,---,---,---,---,---,---,---,---,---,---,---,---,,,,
,Network,Network(DMP): Play/Pause,27,53,10,27 53 10,---,---,---,X,---,---,---,---,---,---,---,---,---,---,---,---,---,---,---,X,---,---,---,---,---,---,---,---,---,---,---,---,---,---,---,---,---,---,---,---,---,---,---,---,---,---,---,---,---,---,---,---,---,---,---,,,,,---,---,---,---,---,---,---,---,,0000 0071 0000 0023 0020 0020 0020 0020 0020 0020 0020 0020 0040 0040 0020 0020 0020 00A1 0020 0020 0040 0040 0040 0040 0040 0020 0020 0040 0040 0040 0040 0AA8 0020 0020 0020 0020 0020 0020 0020 0020 0040 0040 0020 0020 0020 00A1 0020 0020 0040 0040 0040 0040 0040 0020 0020 0040 0040 0040 0040 0AA8 0020 0020 0020 0020 0020 0020 0020 0020 0040 0040 0020 0020 0020 04A9,,
,,iPod Play,27,53,32,27 53 32,X,---,X,---,---,---,---,---,---,---,---,---,---,---,---,---,---,X,X,---,---,---,---,---,X,X,X,---,---,---,---,---,---,---,X,X,X,---,---,---,---,---,---,---,---,---,---,X,X,X,---,---,---,---,---,,,,,---,---,---,---,---,---,---,---,,,,
,,Internet Radio - Recent Played Station,27,53,51,27 53 51,X,---,X,---,---,---,---,---,---,---,---,---,---,---,---,---,---,X,X,---,---,---,---,---,X,X,X,---,---,---,---,---,---,---,X,X,X,---,---,---,---,---,---,---,---,---,---,X,X,X,---,---,---,---,---,,,,,---,---,---,---,---,---,---,---,,,,
,,Favorite Direct Play,27,53,62,27 53 62,X,---,X,---,---,---,---,---,---,---,---,---,---,---,---,---,---,X,X,---,---,---,---,---,X,X,X,---,---,---,---,---,---,---,X,X,X,---,---,---,---,---,---,---,---,---,---,X,X,X,---,---,---,---,---,,,,,---,---,---,---,---,---,---,---,,,,
,,Network(DMP): Stop,27,54,02,27 54 02,X,X,X,X,---,---,---,---,---,---,---,---,---,---,---,---,---,X,X,X,---,---,---,---,X,X,X,---,---,X,---,---,---,---,X,X,X,---,---,---,---,---,---,---,---,---,---,X,X,X,---,---,---,---,---,---,---,---,---,---,---,---,---,---,---,---,---,,,,
,,Network(DMP): Pause,27,48,02,27 48 02,X,X,X,X,---,---,---,---,---,---,---,---,---,---,---,---,---,X,X,X,---,---,---,---,X,X,X,---,---,X,---,---,---,---,X,X,X,---,---,---,---,---,---,---,---,---,---,X,X,X,---,---,---,---,---,---,---,---,---,---,---,---,---,---,---,---,---,,,,
,,Network(DMP): Cursor Up,27,80,02,27 80 02,X,X,X,---,---,---,---,---,---,---,---,---,---,---,---,---,---,X,X,---,---,---,---,---,X,X,X,---,---,---,---,---,---,---,X,X,X,---,---,---,---,---,---,---,---,---,---,X,X,X,---,---,---,---,---,---,---,---,---,---,---,---,---,---,---,---,---,,,,
,,Network(DMP): Cursor Down,27,81,02,27 81 02,X,X,X,---,---,---,---,---,---,---,---,---,---,---,---,---,---,X,X,---,---,---,---,---,X,X,X,---,---,---,---,---,---,---,X,X,X,---,---,---,---,---,---,---,---,---,---,X,X,X,---,---,---,---,---,---,---,---,---,---,---,---,---,---,---,---,---,,,,
,,Network(DMP): Cursor Left,27,85,02,27 85 02,X,X,X,---,---,---,---,---,---,---,---,---,---,---,---,---,---,X,X,---,---,---,---,---,X,X,X,---,---,---,---,---,---,---,X,X,X,---,---,---,---,---,---,---,---,---,---,X,X,X,---,---,---,---,---,---,---,---,---,---,---,---,---,---,---,---,---,,,,
,,Network(DMP): Cursor Right,27,86,02,27 86 02,X,X,X,---,---,---,---,---,---,---,---,---,---,---,---,---,---,X,X,---,---,---,---,---,X,X,X,---,---,---,---,---,---,---,X,X,X,---,---,---,---,---,---,---,---,---,---,X,X,X,---,---,---,---,---,---,---,---,---,---,---,---,---,---,---,---,---,,,,
,,Network(DMP): Enter,27,87,02,27 87 02,X,X,X,---,---,---,---,---,---,---,---,---,---,---,---,---,---,X,X,---,---,---,---,---,X,X,X,---,---,---,---,---,---,---,X,X,X,---,---,---,---,---,---,---,---,---,---,X,X,X,---,---,---,---,---,---,---,---,---,---,---,---,---,---,---,---,---,,,,
,,Network(DMP): Page Previous,27,29,13,27 29 13,X,X,X,---,---,---,---,---,---,---,---,---,---,---,---,---,---,X,X,---,---,---,---,---,X,X,---,---,---,---,---,---,---,---,X,X,---,---,---,---,---,---,---,---,---,---,---,X,X,---,---,---,---,---,---,---,---,---,---,---,---,---,---,---,---,---,---,,,,
,,Network(DMP): Page Next,27,29,14,28 29 14,X,X,X,---,---,---,---,---,---,---,---,---,---,---,---,---,---,X,X,---,---,---,---,---,X,X,---,---,---,---,---,---,---,---,X,X,---,---,---,---,---,---,---,---,---,---,---,X,X,---,---,---,---,---,---,---,---,---,---,---,---,---,---,---,---,---,---,,,,
,,Network(DMP): Back(Return),27,83,02,27 83 02,X (Return),X,X (Return),---,---,---,---,---,---,---,---,---,---,---,---,---,---,X (Return),X (Return),---,---,---,---,---,X (Return),X (Return),X (Return),---,---,---,---,---,---,---,X (Return),X (Return),X (Return),---,---,---,---,---,---,---,---,---,---,X (Return),X (Return),X (Return),---,---,---,---,---,---,---,---,---,---,---,---,---,---,---,---,---,,,,
,,Network(DMP): Information,27,15,02,27 15 02,---,X,---,---,---,---,---,---,---,---,---,---,---,---,---,---,---,---,---,---,---,---,---,---,---,---,---,---,---,---,---,---,---,---,---,---,---,---,---,---,---,---,---,---,---,---,---,---,---,---,---,---,---,---,---,---,---,---,---,---,---,---,---,---,---,---,---,,,,
,,Network(DMP): Tool,27,84,03,27 84 03,---,X,---,---,---,---,---,---,---,---,---,---,---,---,---,---,---,---,---,---,---,---,---,---,---,---,---,---,---,---,---,---,---,---,---,---,---,---,---,---,---,---,---,---,---,---,---,---,---,---,---,---,---,---,---,---,---,---,---,---,---,---,---,---,---,---,---,,,,
,,Network(DMP): Network Main Menu,27,84,02,27 84 02,---,X,---,---,---,---,---,---,---,---,---,---,---,---,---,---,---,---,---,---,---,---,---,---,---,---,---,---,---,---,---,---,---,---,---,---,---,---,---,---,---,---,---,---,---,---,---,---,---,---,---,---,---,---,---,---,---,---,---,---,---,---,---,---,---,---,---,,,,
2nd,,Network(DMP): Server,27,84,01,27 84 01,---,X,---,---,---,---,---,---,---,---,---,---,---,---,---,---,---,---,---,---,---,---,---,---,---,---,---,---,---,---,---,---,---,---,---,---,---,---,---,---,---,---,---,---,---,---,---,---,---,---,---,---,---,---,---,---,---,---,---,---,---,---,---,---,---,---,---,,,,
Zone,,Network(DMP): Music,27,84,04,27 84 04,---,X,---,---,---,---,---,---,---,---,---,---,---,---,---,---,---,---,---,---,---,---,---,---,---,---,---,---,---,---,---,---,---,---,---,---,---,---,---,---,---,---,---,---,---,---,---,---,---,---,---,---,---,---,---,---,---,---,---,---,---,---,---,---,---,---,---,,,,
,,Network(DMP): Photo,27,84,05,27 84 05,---,X,---,---,---,---,---,---,---,---,---,---,---,---,---,---,---,---,---,---,---,---,---,---,---,---,---,---,---,---,---,---,---,---,---,---,---,---,---,---,---,---,---,---,---,---,---,---,---,---,---,---,---,---,---,---,---,---,---,---,---,---,---,---,---,---,---,,,,
,,Network(DMP): Video,27,84,06,27 84 06,---,X,---,---,---,---,---,---,---,---,---,---,---,---,---,---,---,---,---,---,---,---,---,---,---,---,---,---,---,---,---,---,---,---,---,---,---,---,---,---,---,---,---,---,---,---,---,---,---,---,---,---,---,---,---,---,---,---,---,---,---,---,---,---,---,---,---,,,,
,,Network(DMP): Music-Artist,27,84,07,27 84 07,---,X,---,---,---,---,---,---,---,---,---,---,---,---,---,---,---,---,---,---,---,---,---,---,---,---,---,---,---,---,---,---,---,---,---,---,---,---,---,---,---,---,---,---,---,---,---,---,---,---,---,---,---,---,---,---,---,---,---,---,---,---,---,---,---,---,---,,,,
,,Network(DMP): Music-Album,27,84,08,27 84 08,---,X,---,---,---,---,---,---,---,---,---,---,---,---,---,---,---,---,---,---,---,---,---,---,---,---,---,---,---,---,---,---,---,---,---,---,---,---,---,---,---,---,---,---,---,---,---,---,---,---,---,---,---,---,---,---,---,---,---,---,---,---,---,---,---,---,---,,,,
,,Network(DMP): Music-Genre,27,84,09,27 84 09,---,X,---,---,---,---,---,---,---,---,---,---,---,---,---,---,---,---,---,---,---,---,---,---,---,---,---,---,---,---,---,---,---,---,---,---,---,---,---,---,---,---,---,---,---,---,---,---,---,---,---,---,---,---,---,---,---,---,---,---,---,---,---,---,---,---,---,,,,
,,Network(DMP): Music-All Songs,27,84,10,27 84 10,---,X,---,---,---,---,---,---,---,---,---,---,---,---,---,---,---,---,---,---,---,---,---,---,---,---,---,---,---,---,---,---,---,---,---,---,---,---,---,---,---,---,---,---,---,---,---,---,---,---,---,---,---,---,---,---,---,---,---,---,---,---,---,---,---,---,---,,,,
,,Network(DMP): Music-Favorite,27,84,11,27 84 11,---,X,---,---,---,---,---,---,---,---,---,---,---,---,---,---,---,---,---,---,---,---,---,---,---,---,---,---,---,---,---,---,---,---,---,---,---,---,---,---,---,---,---,---,---,---,---,---,---,---,---,---,---,---,---,---,---,---,---,---,---,---,---,---,---,---,---,,,,
,,Network(DMP): Photo-Album,27,84,12,27 84 12,---,X,---,---,---,---,---,---,---,---,---,---,---,---,---,---,---,---,---,---,---,---,---,---,---,---,---,---,---,---,---,---,---,---,---,---,---,---,---,---,---,---,---,---,---,---,---,---,---,---,---,---,---,---,---,---,---,---,---,---,---,---,---,---,---,---,---,,,,
,,Network(DMP): Photo-All Photos,27,84,13,27 84 13,---,X,---,---,---,---,---,---,---,---,---,---,---,---,---,---,---,---,---,---,---,---,---,---,---,---,---,---,---,---,---,---,---,---,---,---,---,---,---,---,---,---,---,---,---,---,---,---,---,---,---,---,---,---,---,---,---,---,---,---,---,---,---,---,---,---,---,,,,
,,Network(DMP): Photo-Favorite,27,84,14,27 84 14,---,X,---,---,---,---,---,---,---,---,---,---,---,---,---,---,---,---,---,---,---,---,---,---,---,---,---,---,---,---,---,---,---,---,---,---,---,---,---,---,---,---,---,---,---,---,---,---,---,---,---,---,---,---,---,---,---,---,---,---,---,---,---,---,---,---,---,,,,
,,Network(DMP): Video-Album,27,84,15,27 84 15,---,X,---,---,---,---,---,---,---,---,---,---,---,---,---,---,---,---,---,---,---,---,---,---,---,---,---,---,---,---,---,---,---,---,---,---,---,---,---,---,---,---,---,---,---,---,---,---,---,---,---,---,---,---,---,---,---,---,---,---,---,---,---,---,---,---,---,,,,
,,Network(DMP): Video-Genre,27,84,16,27 84 16,---,X,---,---,---,---,---,---,---,---,---,---,---,---,---,---,---,---,---,---,---,---,---,---,---,---,---,---,---,---,---,---,---,---,---,---,---,---,---,---,---,---,---,---,---,---,---,---,---,---,---,---,---,---,---,---,---,---,---,---,---,---,---,---,---,---,---,,,,
,,Network(DMP): Video-All Videos,27,84,17,27 84 17,---,X,---,---,---,---,---,---,---,---,---,---,---,---,---,---,---,---,---,---,---,---,---,---,---,---,---,---,---,---,---,---,---,---,---,---,---,---,---,---,---,---,---,---,---,---,---,---,---,---,---,---,---,---,---,---,---,---,---,---,---,---,---,---,---,---,---,,,,
,,Network(DMP): Video-Favorite,27,84,18,27 84 18,---,X,---,---,---,---,---,---,---,---,---,---,---,---,---,---,---,---,---,---,---,---,---,---,---,---,---,---,---,---,---,---,---,---,---,---,---,---,---,---,---,---,---,---,---,---,---,---,---,---,---,---,---,---,---,---,---,---,---,---,---,---,---,---,---,---,---,,,,
,,Network(DMP): Play List,27,84,19,27 84 19,---,X,---,---,---,---,---,---,---,---,---,---,---,---,---,---,---,---,---,---,---,---,---,---,---,---,---,---,---,---,---,---,---,---,---,---,---,---,---,---,---,---,---,---,---,---,---,---,---,---,---,---,---,---,---,---,---,---,---,---,---,---,---,---,---,---,---,,,,
,,Network(DMP): Restart,27,84,60,27 84 60,---,X,---,---,---,---,---,---,---,---,---,---,---,---,---,---,---,---,---,---,---,---,---,---,---,---,---,---,---,---,---,---,---,---,---,---,---,---,---,---,---,---,---,---,---,---,---,---,---,---,---,---,---,---,---,---,---,---,---,---,---,---,---,---,---,---,---,,,,
,,Internet Radio,27,92,20,27 92 20,X,---,X,X,---,---,---,---,---,---,---,---,---,---,---,---,---,X,X,X,---,---,---,---,X,X,X,---,---,---,---,---,---,---,X,X,X,---,---,---,---,---,---,---,---,---,---,X,X,X,---,---,---,---,---,---,---,---,---,---,---,---,---,---,---,---,---,Select Internet Radio as Zone 2 source,,,
,,Spotify (*6),27,92,28,27 92 29,X,---,X,---,---,---,---,---,---,---,---,---,---,---,---,---,---,X,X,X,---,---,---,---,X,X,---,---,---,---,---,---,---,---,X,X,---,---,---,---,---,---,---,---,---,---,---,X,X,---,---,---,---,---,---,---,---,---,---,---,---,---,---,---,---,---,---,Select Sirius XM as Zone 2 source,,,
,,SIRIUSXM (*4),27,92,29,27 92 29,X,---,X,---,---,---,---,---,---,---,---,---,---,---,---,---,---,X,X,X,---,---,---,---,X,X,---,---,---,---,---,---,---,---,X,X,---,---,---,---,---,---,---,---,---,---,---,X,X,---,---,---,---,---,---,---,---,---,---,---,---,---,---,---,---,---,---,Select Sirius XM as Zone 2 source,,,
,,Rhapsody (*4),27,92,21,27 92 21,---,---,---,X,---,---,---,---,---,---,---,---,---,---,---,---,---,---,---,X,---,---,---,---,---,---,X,---,---,---,---,---,---,---,---,---,X,---,---,---,---,---,---,---,---,---,---,---,---,X,---,---,---,---,---,---,---,---,---,---,---,---,---,---,---,---,---,Select Rhapsody as Zone 2 source,0000 0071 0000 0020 0040 0020 0020 0040 0020 0020 0040 0040 0020 0020 0020 0081 0020 0040 0020 0020 0020 0020 0040 0020 0020 0020 0020 0040 0040 0040 0040 0040 0020 0AA6 0040 0020 0020 0040 0020 0020 0040 0040 0020 0020 0020 0081 0020 0040 0020 0020 0020 0020 0040 0020 0020 0020 0020 0040 0040 0040 0040 0040 0020 0AA6 0040 0020 0019 04A9,,
,,Napster (*6),27,92,22,27 92 22,---,---,---,X,---,---,---,---,---,---,---,---,---,---,---,---,---,---,---,X,---,---,---,---,---,---,X,---,---,---,---,---,---,---,---,---,X,---,---,---,---,---,---,---,---,---,---,---,---,X,---,---,---,---,---,---,---,---,---,---,---,---,---,---,---,---,---,Select Napster as Zone 2 source,0000 0071 0000 001F 0040 0040 0020 0020 0020 0020 0040 0040 0020 0020 0020 0081 0020 0040 0020 0020 0020 0020 0040 0020 0020 0020 0020 0040 0040 0040 0020 0020 0040 0AA6 0040 0040 0020 0020 0020 0020 0040 0040 0020 0020 0020 0081 0020 0040 0020 0020 0020 0020 0040 0020 0020 0020 0020 0040 0040 0040 0020 0020 0040 0AA6 0040 04A9,,
,,Flickr,27,92,23,27 92 23,X,---,X,X,---,---,---,---,---,---,---,---,---,---,---,---,---,X,X,X,---,---,---,---,X,X,X,---,---,---,---,---,---,---,X,X,X,---,---,---,---,---,---,---,---,---,---,X,X,X,---,---,---,---,---,---,---,---,---,---,---,---,---,---,---,---,---,Select Flickr as Zone 2 source,0000 0071 0000 0010 0040 0020 0020 0040 0020 0020 0040 0040 0020 0020 0020 0081 0020 0040 0020 0020 0020 0020 0040 0020 0020 0020 0020 0040 0040 0040 0020 0020 0020 0020 0020 0AA6,,
,,Media Server,27,92,24,27 92 24,X,---,X,X,---,---,---,---,---,---,---,---,---,---,---,---,---,X,X,X,---,---,---,---,X,X,X,---,---,---,---,---,---,---,X,X,X,---,---,---,---,---,---,---,---,---,---,X,X,X,---,---,---,---,---,---,---,---,---,---,---,---,---,---,---,---,---,Select Media Server as Zone 2 source,0000 0071 0000 0026 0040 0040 0020 0020 0020 0020 0040 0040 0020 0020 0020 0081 0020 0040 0020 0020 0020 0020 0040 0020 0020 0020 0020 0040 0020 0020 0040 0020 0020 0020 0020 0AA6 0040 0040 0020 0020 0020 0020 0040 0040 0020 0020 0020 0081 0020 0040 0020 0020 0020 0020 0040 0020 0020 0020 0020 0040 0020 0020 0040 0020 0020 0020 0020 0AA6 0040 0040 0020 0020 0020 0020 0040 0040 0020 0020 0020 04A9,,
,,Pandora (*4),27,92,26,27 92 26,X,---,X,X,---,---,---,---,---,---,---,---,---,---,---,---,---,X,X,X,---,---,---,---,X,X,X,---,---,---,---,---,---,---,X,X,X,---,---,---,---,---,---,---,---,---,---,X,X,X,---,---,---,---,---,---,---,---,---,---,---,---,---,---,---,---,---,Select Pandora as Zone 2 source,0000 0071 0000 0021 0040 0020 0020 0040 0020 0020 0040 0040 0020 0020 0020 0081 0020 0040 0020 0020 0020 0020 0040 0020 0020 0020 0020 0040 0020 0020 0040 0040 0040 0AA6 0040 0020 0020 0040 0020 0020 0040 0040 0020 0020 0020 0081 0020 0040 0020 0020 0020 0020 0040 0020 0020 0020 0020 0040 0020 0020 0040 0040 0040 0AA6 0040 0020 0020 0040 001C 04A9,,
,,Last.fm (*5),27,92,27,27 92 27,X,---,X,X,---,---,---,---,---,---,---,---,---,---,---,---,---,X,X,X,---,---,---,---,X,X,X,---,---,---,---,---,---,---,X,X,X,---,---,---,---,---,---,---,---,---,---,X,X,X,---,---,---,---,---,---,---,---,---,---,---,---,---,---,---,---,---,Select Last.fm as Zone 2 source,0000 0071 0000 0020 0040 0040 0020 0020 0020 0020 0040 0040 0020 0020 0020 0081 0020 0040 0020 0020 0020 0020 0040 0020 0020 0020 0020 0040 0020 0020 0040 0040 0020 0020 0020 0AA6 0040 0040 0020 0020 0020 0020 0040 0040 0020 0020 0020 0081 0020 0040 0020 0020 0020 0020 0040 0020 0020 0020 0020 0040 0020 0020 0040 0040 0020 0020 0020 04A9,,
,,Network(DMP): Screen Saver,27,110,02,27 110 02,---,X,---,---,---,---,---,---,---,---,---,---,---,---,---,---,---,---,---,---,---,---,---,---,---,---,---,---,---,---,---,---,---,---,---,---,---,---,---,---,---,---,---,---,---,---,---,---,---,---,---,---,---,---,---,---,---,---,---,---,---,---,---,---,---,---,---,,,,
,,Network(DMP): Screen Saver On,27,110,06,27 110 06,---,X,---,---,---,---,---,---,---,---,---,---,---,---,---,---,---,---,---,---,---,---,---,---,---,---,---,---,---,---,---,---,---,---,---,---,---,---,---,---,---,---,---,---,---,---,---,---,---,---,---,---,---,---,---,---,---,---,---,---,---,---,---,---,---,---,---,,,,
,Network,Network(DMP): Screen Saver Off,27,110,31,27 110 31,---,X,---,---,---,---,---,---,---,---,---,---,---,---,---,---,---,---,---,---,---,---,---,---,---,---,---,---,---,X,---,---,---,---,---,---,---,---,---,---,---,---,---,---,---,---,---,---,---,---,---,---,---,---,---,---,---,---,---,---,---,---,---,---,---,---,---,,,,
,,Network(DMP): Resolution Manual,27,116,02,27 116 02,---,X,---,---,---,---,---,---,---,---,---,---,---,---,---,---,---,---,---,---,---,---,---,---,---,---,---,---,---,---,---,---,---,---,---,---,---,---,---,---,---,---,---,---,---,---,---,---,---,---,---,---,---,---,---,---,---,---,---,---,---,---,---,---,---,---,---,,,,
,,Network(DMP): Resolution Auto,27,116,05,27 116 05,---,X,---,---,---,---,---,---,---,---,---,---,---,---,---,---,---,---,---,---,---,---,---,---,---,---,---,---,---,---,---,---,---,---,---,---,---,---,---,---,---,---,---,---,---,---,---,---,---,---,---,---,---,---,---,---,---,---,---,---,---,---,---,---,---,---,---,,,,
3rd,,POWER ON/OFF (Toggle),16,93,00,16 93 00,X,X,X,X,X,X,---,---,X,X,---,---,---,---,---,---,---,X,X,X,---,---,---,---,---,---,---,---,X,X,---,---,---,---,---,---,---,---,X,X,---,---,---,---,---,---,---,---,---,---,---,---,---,---,---,---,---,---,---,---,---,---,---,---,---,---,---,Turn Power ON/OFF (Toggle),,,
Zone,,VOL. +,16,93,01,16 93 01,X,X,X,X,X,X,---,---,X,X,---,---,---,---,---,---,---,X,X,X,---,---,---,---,---,---,X,---,---,---,---,---,---,---,---,---,---,---,---,---,---,---,---,---,---,---,---,---,---,---,---,---,---,---,---,---,---,---,---,---,---,---,---,---,---,---,---,Volume Up,0000 0071 0000 0024 0040 0040 0020 0020 0040 0020 0020 0020 0020 0020 0020 00A1 0020 0040 0020 0020 0020 0020 0040 0040 0040 0020 0020 0020 0020 0020 0020 0020 0020 0040 0020 0AA3 0040 0040 0020 0020 0040 0020 0020 0020 0020 0020 0020 00A1 0020 0040 0020 0020 0020 0020 0040 0040 0040 0020 0020 0020 0020 0020 0020 0020 0020 0040 0020 0AA3 0040 0040 0020 0020 0040 0020 0012 04A7,,
(Multi,,VOL. -,16,93,02,16 93 02,X,X,X,X,X,X,---,---,X,X,---,---,---,---,---,---,---,X,X,X,---,---,---,---,---,---,X,---,---,---,---,---,---,---,---,---,---,---,---,---,---,---,---,---,---,---,---,---,---,---,---,---,---,---,---,---,---,---,---,---,---,---,---,---,---,---,---,Volume Down,0000 0071 0000 0024 0040 0020 0020 0040 0040 0020 0020 0020 0020 0020 0020 00A1 0020 0040 0020 0020 0020 0020 0040 0040 0040 0020 0020 0020 0020 0020 0020 0040 0040 0AA3 0040 0020 0020 0040 0040 0020 0020 0020 0020 0020 0020 00A1 0020 0040 0020 0020 0020 0020 0040 0040 0040 0020 0020 0020 0020 0020 0020 0040 0040 0AA3 0040 0020 0020 0040 0040 0020 0020 0020 0020 0020 0020 04A7,,
Zone B),,POWER ON,16,93,03,16 93 03,X,X,X,X,X,X,---,---,X,X,---,---,---,---,---,---,---,X,X,---,---,---,---,---,---,---,X,---,X,X,---,---,---,---,---,---,---,---,X,X,---,---,---,---,---,---,---,---,---,---,---,---,---,---,---,---,---,---,---,---,---,---,---,---,---,---,---,Power ON,0000 0071 0000 0023 0040 0040 0020 0020 0040 0020 0020 0020 0020 0020 0020 00A1 0020 0040 0020 0020 0020 0020 0040 0040 0040 0020 0020 0020 0020 0020 0020 0040 0020 0020 0020 0AA3 0040 0040 0020 0020 0040 0020 0020 0020 0020 0020 0020 00A1 0020 0040 0020 0020 0020 0020 0040 0040 0040 0020 0020 0020 0020 0020 0020 0040 0020 0020 0020 0AA3 0040 0040 0020 0020 0040 04A7,,
,,POWER OFF,16,93,04,16 93 04,X,X,X,X,X,X,---,---,X,X,---,---,---,---,---,---,---,X,X,---,---,---,---,---,---,---,X,---,X,X,---,---,---,---,---,---,---,---,X,X,---,---,---,---,---,---,---,---,---,---,---,---,---,---,---,---,---,---,---,---,---,---,---,---,---,---,---,Power OFF,0000 0071 0000 0024 0040 0020 0020 0040 0040 0020 0020 0020 0020 0020 0020 00A1 0020 0040 0020 0020 0020 0020 0040 0040 0040 0020 0020 0020 0020 0040 0040 0020 0020 0AA3 0040 0020 0020 0040 0040 0020 0020 0020 0020 0020 0020 00A1 0020 0040 0020 0020 0020 0020 0040 0040 0040 0020 0020 0020 0020 0040 0040 0020 0020 0AA3 0040 0020 0020 0040 0040 0020 0020 0020 0020 0020 0020 04A7,,
,,Multi Zone B Speaker - ON/OFF,16,93,05,16 93 05,---,X,---,---,X,X,---,---,X,X,---,---,---,---,---,---,---,---,---,---,---,---,---,---,---,---,---,---,---,---,---,---,---,---,---,---,---,---,---,---,---,---,---,---,---,---,---,---,---,---,---,---,---,---,---,---,---,---,---,---,---,---,---,---,---,---,---,Turn Multi-Speaker ON/OFF (Toggle),,,
,,Multi Zone B Speaker - ON,16,93,06,16 93 06,---,X,---,---,X,X,---,---,X,X,---,---,---,---,---,---,---,---,---,---,---,---,---,---,---,---,---,---,---,---,---,---,---,---,---,---,---,---,---,---,---,---,---,---,---,---,---,---,---,---,---,---,---,---,---,---,---,---,---,---,---,---,---,---,---,---,---,Multi-speaker ON,,,
,,Multi Zone B Speaker - OFF,16,93,07,16 93 07,---,X,---,---,X,X,---,---,X,X,---,---,---,---,---,---,---,---,---,---,---,---,---,---,---,---,---,---,---,---,---,---,---,---,---,---,---,---,---,---,---,---,---,---,---,---,---,---,---,---,---,---,---,---,---,---,---,---,---,---,---,---,---,---,---,---,---,Multi-speaker OFF,,,
,,MUTE (Toggle),16,93,08,16 93 08,X,X,X,X,X,X,---,---,X,X,---,---,---,---,---,---,---,X,X,X,---,---,---,---,---,---,X,---,X,X,---,---,---,---,---,---,---,---,X,X,---,---,---,---,---,---,---,---,---,---,---,---,---,---,---,---,---,---,---,---,---,---,---,---,---,---,---,Mute On/Off (Toggle),,,
,,Multi Zone B Speaker - VOL. +,16,93,40,16 93 40,---,X,---,---,---,---,---,---,X,X,---,---,---,---,---,---,---,---,---,---,---,---,---,---,---,---,---,---,---,---,---,---,---,---,---,---,---,---,---,---,---,---,---,---,---,---,---,---,---,---,---,---,---,---,---,---,---,---,---,---,---,---,---,---,---,---,---,Volume Up for Multi-speaker,,,
,,Multi Zone B Speaker - VOL. -,16,93,41,16 93 41,---,X,---,---,---,---,---,---,X,X,---,---,---,---,---,---,---,---,---,---,---,---,---,---,---,---,---,---,---,---,---,---,---,---,---,---,---,---,---,---,---,---,---,---,---,---,---,---,---,---,---,---,---,---,---,---,---,---,---,---,---,---,---,---,---,---,---,Volume Down for Multi-speaker,,,
,,Multi Zone B Speaker - MUTE,16,93,42,16 93 42,---,X,---,---,---,---,---,---,X,X,---,---,---,---,---,---,---,---,---,---,---,---,---,---,---,---,---,---,---,---,---,---,---,---,---,---,---,---,---,---,---,---,---,---,---,---,---,---,---,---,---,---,---,---,---,---,---,---,---,---,---,---,---,---,---,---,---,Mute On/Off for Multi-speaker (Toggle),,,
,,Direct VOLUME,16,113,00-63,16 113 [00-63],X (*3),X,X (*3),X (*3),---,---,---,---,X,---,---,---,---,---,---,---,---,X (*3),X (*3),X (*3),---,---,---,---,---,---,X,---,---,---,---,---,---,---,---,---,---,---,---,---,---,---,---,---,---,---,---,---,---,---,---,---,---,---,---,---,---,---,---,---,---,---,---,---,---,---,---,Discrete Multi-room B Volume level select,,,
,,Zone B Speaker Direct Volume,16,116,00-63,16 116 [00-63],---,X,---,---,---,---,---,---,X,---,---,---,---,---,---,---,---,---,---,---,---,---,---,---,---,---,---,---,---,---,---,---,---,---,---,---,---,---,---,---,---,---,---,---,---,---,---,---,---,---,---,---,---,---,---,---,---,---,---,---,---,---,---,---,---,---,---,Discrete Multi-Speaker B Volume level select,,,
,,OSD,16,93,09,16 93 09,---,X,---,---,X,X,---,---,X,X,---,---,---,---,---,---,---,---,---,---,---,---,---,---,---,---,---,---,---,---,---,---,---,---,---,---,---,---,---,---,---,---,---,---,---,---,---,---,---,---,---,---,---,---,---,---,---,---,---,---,---,---,---,---,---,---,---,OSD On/Off,,,
,,SLEEP (Toggle),16,93,10,16 93 10,X,X,X,---,X,X,---,---,X,X,---,---,---,---,---,---,---,X,X,---,---,---,---,---,---,---,X,---,X,X,---,---,---,---,---,---,---,---,X,X,---,---,---,---,---,---,---,---,---,---,---,---,---,---,---,---,---,---,---,---,---,---,---,---,---,---,---,Sleep Timer set,,,
,,SLEEP OFF,16,38,20,16 38 20,X,X,X,---,---,---,---,---,X,---,---,---,---,---,---,---,---,X,X,---,---,---,---,---,---,---,X,---,X,X,---,---,---,---,---,---,---,---,X,X,---,---,---,---,---,---,---,---,---,---,---,---,---,---,---,---,---,---,---,---,---,---,---,---,---,---,---,Sleep Timer set: Off,,,
,,SLEEP 30,16,38,21,16 38 21,---,X,---,---,---,---,---,---,X,---,---,---,---,---,---,---,---,---,---,---,---,---,---,---,---,---,---,---,X,---,---,---,---,---,---,---,---,---,X,---,---,---,---,---,---,---,---,---,---,---,---,---,---,---,---,---,---,---,---,---,---,---,---,---,---,---,---,Sleep Timer set: 30 min.,,,
,,SLEEP 60,16,38,22,16 38 22,---,X,---,---,---,---,---,---,X,---,---,---,---,---,---,---,---,---,---,---,---,---,---,---,---,---,---,---,X,---,---,---,---,---,---,---,---,---,X,---,---,---,---,---,---,---,---,---,---,---,---,---,---,---,---,---,---,---,---,---,---,---,---,---,---,---,---,Sleep Timer set: 60  min.,,,
,,SLEEP 90,16,38,23,16 38 23,---,X,---,---,---,---,---,---,X,---,---,---,---,---,---,---,---,---,---,---,---,---,---,---,---,---,---,---,X,---,---,---,---,---,---,---,---,---,X,---,---,---,---,---,---,---,---,---,---,---,---,---,---,---,---,---,---,---,---,---,---,---,---,---,---,---,---,Sleep Timer set: 90 min.,,,
,,SLEEP 120,16,38,24,16 38 24,---,X,---,---,---,---,---,---,X,---,---,---,---,---,---,---,---,---,---,---,---,---,---,---,---,---,---,---,X,---,---,---,---,---,---,---,---,---,X,---,---,---,---,---,---,---,---,---,---,---,---,---,---,---,---,---,---,---,---,---,---,---,---,---,---,---,---,Sleep Timer set: 120 min.,,,
,,Cursor Up,16,91,10,16 91 10,X,---,X,X,---,---,---,---,---,---,---,---,---,---,---,---,---,X,X,X,---,---,---,---,---,---,X,---,---,---,---,---,---,---,---,---,---,---,---,---,---,---,---,---,---,---,---,---,---,---,---,---,---,---,---,---,---,---,---,---,---,---,---,---,---,---,---,Zone 3 Cursor Up,0000 0071 0000 001E 0040 0040 0020 0020 0040 0020 0020 0020 0020 0020 0020 00A1 0020 0040 0020 0020 0020 0020 0040 0020 0020 0020 0020 0020 0020 0040 0040 0040 0040 0AA7 0040 0040 0020 0020 0040 0020 0020 0020 0020 0020 0020 00A1 0020 0040 0020 0020 0020 0020 0040 0020 0020 0020 0020 0020 0020 0040 0040 0040 0040 04A9,,
,,Cursor Down,16,91,11,16 91 11,X,---,X,X,---,---,---,---,---,---,---,---,---,---,---,---,---,X,X,X,---,---,---,---,---,---,X,---,---,---,---,---,---,---,---,---,---,---,---,---,---,---,---,---,---,---,---,---,---,---,---,---,---,---,---,---,---,---,---,---,---,---,---,---,---,---,---,Zone 3 Cursor Down,0000 0071 0000 0020 0040 0020 0020 0040 0040 0020 0020 0020 0020 0020 0020 00A1 0020 0040 0020 0020 0020 0020 0040 0020 0020 0020 0020 0020 0020 0040 0040 0040 0020 0020 0020 0AA7 0040 0020 0020 0040 0040 0020 0020 0020 0020 0020 0020 00A1 0020 0040 0020 0020 0020 0020 0040 0020 0020 0020 0020 0020 0020 0040 0040 0040 0020 0020 0020 04A9,,
,,Cursor Left,16,91,12,16 91 12,X,---,X,X,---,---,---,---,---,---,---,---,---,---,---,---,---,X,X,X,---,---,---,---,---,---,X,---,---,---,---,---,---,---,---,---,---,---,---,---,---,---,---,---,---,---,---,---,---,---,---,---,---,---,---,---,---,---,---,---,---,---,---,---,---,---,---,Zone 3 Cursor Left,0000 0071 0000 0025 0040 0040 0020 0020 0040 0020 0020 0020 0020 0020 0020 00A1 0020 0040 0020 0020 0020 0020 0040 0020 0020 0020 0020 0020 0020 0040 0020 0020 0040 0020 0020 0AA7 0040 0040 0020 0020 0040 0020 0020 0020 0020 0020 0020 00A1 0020 0040 0020 0020 0020 0020 0040 0020 0020 0020 0020 0020 0020 0040 0020 0020 0040 0020 0020 0AA7 0040 0040 0020 0020 0040 0020 0020 0020 0012 04A9,,
,,Cursor Right,16,91,13,16 91 13,X,---,X,X,---,---,---,---,---,---,---,---,---,---,---,---,---,X,X,X,---,---,---,---,---,---,X,---,---,---,---,---,---,---,---,---,---,---,---,---,---,---,---,---,---,---,---,---,---,---,---,---,---,---,---,---,---,---,---,---,---,---,---,---,---,---,---,Zone 3 Cursor Right,0000 0071 0000 0020 0040 0020 0020 0040 0040 0020 0020 0020 0020 0020 0020 00A1 0020 0040 0020 0020 0020 0020 0040 0020 0020 0020 0020 0020 0020 0040 0020 0020 0040 0040 0020 0AA7 0040 0020 0020 0040 0040 0020 0020 0020 0020 0020 0020 00A1 0020 0040 0020 0020 0020 0020 0040 0020 0020 0020 0020 0020 0020 0040 0020 0020 0040 0040 0020 04A9,,
,,Enter,16,91,14,16 92 14,X,---,X,X,---,---,---,---,---,---,---,---,---,---,---,---,---,X,X,X,---,---,---,---,---,---,X,---,---,---,---,---,---,---,---,---,---,---,---,---,---,---,---,---,---,---,---,---,---,---,---,---,---,---,---,---,---,---,---,---,---,---,---,---,---,---,---,Zone 3 Enter,0000 0071 0000 0021 0040 0040 0020 0020 0040 0020 0020 0020 0020 0020 0020 00A1 0020 0040 0020 0020 0020 0020 0040 0020 0020 0020 0020 0020 0020 0040 0020 0020 0020 0020 0040 0AA7 0040 0040 0020 0020 0040 0020 0020 0020 0020 0020 0020 00A1 0020 0040 0020 0020 0020 0020 0040 0020 0020 0020 0020 0020 0020 0040 0020 0020 0020 0020 0040 0AA7 0040 04A9,,
,,Return,16,91,15,16 91 15,X,---,X,X,---,---,---,---,---,---,---,---,---,---,---,---,---,X,X,X,---,---,---,---,---,---,X,---,---,---,---,---,---,---,---,---,---,---,---,---,---,---,---,---,---,---,---,---,---,---,---,---,---,---,---,---,---,---,---,---,---,---,---,---,---,---,---,Zone 3 Return,0000 0071 0000 0025 0040 0020 0020 0040 0040 0020 0020 0020 0020 0020 0020 00A1 0020 0040 0020 0020 0020 0020 0040 0020 0020 0020 0020 0020 0020 0040 0020 0020 0020 0020 0020 0020 0020 0AA7 0040 0020 0020 0040 0040 0020 0020 0020 0020 0020 0020 00A1 0020 0040 0020 0020 0020 0020 0040 0020 0020 0020 0020 0020 0020 0040 0020 0020 0020 0020 0020 0020 0020 0AA7 0040 0020 0020 0040 0013 04A9,,
,,Memory,16,91,16,16 91 16,X,---,X,X,---,---,---,---,---,---,---,---,---,---,---,---,---,X,X,X,---,---,---,---,---,---,X,---,---,---,---,---,---,---,---,---,---,---,---,---,---,---,---,---,---,---,---,---,---,---,---,---,---,---,---,---,---,---,---,---,---,---,---,---,---,---,---,Zone 3 Memory,0000 0071 0000 0021 0040 0040 0020 0020 0040 0020 0020 0020 0020 0020 0020 00A1 0020 0040 0020 0020 0020 0020 0040 0020 0020 0020 0020 0040 0040 0020 0020 0020 0020 0020 0020 0AA7 0040 0040 0020 0020 0040 0020 0020 0020 0020 0020 0020 00A1 0020 0040 0020 0020 0020 0020 0040 0020 0020 0020 0020 0040 0040 0020 0020 0020 0020 0020 0020 0AA7 002B 04A9,,
,,Input source Next,16,92,03,16 92 03,X,---,X,---,---,---,---,---,---,---,---,---,---,---,---,---,---,X,X,---,---,---,---,---,---,---,X,---,---,---,---,---,---,---,---,---,---,---,---,---,---,---,---,---,---,---,---,---,---,---,---,---,---,---,---,---,---,---,---,---,---,---,---,---,---,---,---,,,,
,,Input source Previous,16,92,04,16 92 04,X,---,X,---,---,---,---,---,---,---,---,---,---,---,---,---,---,X,X,---,---,---,---,---,---,---,X,---,---,---,---,---,---,---,---,---,---,---,---,---,---,---,---,---,---,---,---,---,---,---,---,---,---,---,---,---,---,---,---,---,---,---,---,---,---,---,---,,,,
,,Source Call,16,92,10,16 92 10,X,---,X,---,---,---,---,---,---,---,---,---,---,---,---,---,---,X,X,---,---,---,---,---,---,---,X,---,---,---,---,---,---,---,---,---,---,---,---,---,---,---,---,---,---,---,---,---,---,---,---,---,---,---,---,---,---,---,---,---,---,---,---,---,---,---,---,,,,
,,USB(iPod/USB),16,92,11,16 92 11,X(iPod/USB),---,X(iPod/USB),---,---,---,---,---,---,---,---,---,---,---,---,---,---,X(iPod/USB),X(iPod/USB),---,---,---,---,---,---,---,X (USB),---,---,---,---,---,---,---,---,---,---,---,---,---,---,---,---,---,---,---,---,---,---,---,---,---,---,---,---,---,---,---,---,---,---,---,---,---,---,---,---,Turn On and select USB,,,
,,BD(Blu-ray),16,92,12,16 92 12,X(Blu-ray),---,X(Blu-ray),X,---,---,---,---,---,---,---,---,---,---,---,---,---,X(Blu-ray),X(Blu-ray),X,---,---,---,---,---,---,X,---,---,---,---,---,---,---,---,---,---,---,---,---,---,---,---,---,---,---,---,---,---,---,---,---,---,---,---,---,---,---,---,---,---,---,---,---,---,---,---,Turn On and select BD,0000 0071 0000 0020 0040 0040 0020 0020 0040 0020 0020 0020 0020 0020 0020 00A1 0020 0040 0020 0020 0020 0020 0040 0020 0020 0020 0020 0020 0020 0040 0020 0020 0040 0020 0020 0AA7 0040 0040 0020 0020 0040 0020 0020 0020 0020 0020 0020 00A1 0020 0040 0020 0020 0020 0020 0040 0020 0020 0020 0020 0020 0020 0040 0020 0020 0040 0020 0020 04A9,,
,,M-XPort,16,92,13,16 92 13,X,---,X,X,---,---,---,---,---,---,---,---,---,---,---,---,---,X,X,X,---,---,---,---,---,---,X,---,---,---,---,---,---,---,---,---,---,---,---,---,---,---,---,---,---,---,---,---,---,---,---,---,---,---,---,---,---,---,---,---,---,---,---,---,---,---,---,Turn On and select M-Xport,0000 0071 0000 0020 0040 0020 0020 0040 0040 0020 0020 0020 0020 0020 0020 00A1 0020 0040 0020 0020 0020 0020 0040 0020 0020 0020 0020 0020 0020 0040 0020 0020 0040 0040 0020 0AA7 0040 0020 0020 0040 0040 0020 0020 0020 0020 0020 0020 00A1 0020 0040 0020 0020 0020 0020 0040 0020 0020 0020 0020 0020 0020 0040 0020 0020 0040 0040 0020 04A9,,
,,Game,16,92,14,16 92 14,X,---,X,X,---,---,---,---,---,---,---,---,---,---,---,---,---,X,X,X,---,---,---,---,---,---,X,---,---,---,---,---,---,---,---,---,---,---,---,---,---,---,---,---,---,---,---,---,---,---,---,---,---,---,---,---,---,---,---,---,---,---,---,---,---,---,---,Turn On and select Game,0000 0071 0000 0022 0040 0040 0020 0020 0040 0020 0020 0020 0020 0020 0020 00A1 0020 0040 0020 0020 0020 0020 0040 0020 0020 0020 0020 0020 0020 0040 0020 0020 0020 0020 0040 0AA7 0040 0040 0020 0020 0040 0020 0020 0020 0020 0020 0020 00A1 0020 0040 0020 0020 0020 0020 0040 0020 0020 0020 0020 0020 0020 0040 0020 0020 0020 0020 0040 0AA7 0040 0040 0019 04A9,,
,,PHONO,16,92,15,16 92 15,X,---,X,X,---,---,---,---,---,---,---,---,---,---,---,---,---,X,X,X,---,---,---,---,---,---,X,---,---,---,---,---,---,---,---,---,---,---,---,---,---,---,---,---,---,---,---,---,---,---,---,---,---,---,---,---,---,---,---,---,---,---,---,---,---,---,---,Turn On and select Phonon,0000 0071 0000 0022 0040 0020 0020 0040 0040 0020 0020 0020 0020 0020 0020 00A1 0020 0040 0020 0020 0020 0020 0040 0020 0020 0020 0020 0020 0020 0040 0020 0020 0020 0020 0020 0020 0020 0AA7 0040 0020 0020 0040 0040 0020 0020 0020 0020 0020 0020 00A1 0020 0040 0020 0020 0020 0020 0040 0020 0020 0020 0020 0020 0020 0040 0020 0020 0020 0020 0020 0020 0020 04A9,,
,,CD,16,93,11,16 93 11,X,X (CD/CD-R),X,X,X,X,---,---,X,X,---,---,---,---,---,---,---,X,X,X,---,---,---,---,---,---,X,---,X(CD/CD-R),---,---,---,---,---,---,---,---,---,X(CD/CD-R),---,---,---,---,---,---,---,---,---,---,---,---,---,---,---,---,---,---,---,---,---,---,---,---,---,---,---,---,Turn On and select CD,,,
,,TAPE,16,93,12,16 93 12,---,X,---,---,X,X,---,---,X,X,---,---,---,---,---,---,---,---,---,---,---,---,---,---,---,---,---,---,---,X,---,---,---,---,---,---,---,---,---,X,---,---,---,---,---,---,---,---,---,---,---,---,---,---,---,---,---,---,---,---,---,---,---,---,---,---,---,Turn On and select TAPE,,,
,,CD-R,16,93,13,16 93 13,---,X (CD/CD-R),---,X,X,X,---,---,X,X,---,---,---,---,---,---,---,---,---,X,---,---,---,---,---,---,---,---,X(CD/CD-R),X,---,---,---,---,---,---,---,---,X(CD/CD-R),X,---,---,---,---,---,---,---,---,---,---,---,---,---,---,---,---,---,---,---,---,---,---,---,---,---,---,---,Turn On and select CDR/MD,,,
,,MD,16,93,14,16 93 14,---,---,---,---,X,X,---,---,---,---,---,---,---,---,---,---,---,---,---,---,---,---,---,---,---,---,---,---,---,---,---,---,---,---,---,---,---,---,---,---,---,---,---,---,---,---,---,---,---,---,---,---,---,---,---,---,---,---,---,---,---,---,---,---,---,---,---,Turn On and select CDR/MD,,,
,,LD,16,93,22,16 93 22,---,---,---,---,X,X,---,---,---,---,---,---,---,---,---,---,---,---,---,---,---,---,---,---,---,---,---,---,---,---,---,---,---,---,---,---,---,---,---,---,---,---,---,---,---,---,---,---,---,---,---,---,---,---,---,---,---,---,---,---,---,---,---,---,---,---,---,Turn On and select LD,,,
,,TV(TV AUDIO),16,93,15,16 93 15,X(TV AUDIO),X,X(TV AUDIO),X,X,X,---,---,X,X,---,---,---,---,---,---,---,X(TV AUDIO),X(TV AUDIO),X,---,---,---,---,---,---,X,---,X,X,---,---,---,---,---,---,---,---,X,X,---,---,---,---,---,---,---,---,---,---,---,---,---,---,---,---,---,---,---,---,---,---,---,---,---,---,---,Turn On and select TV,,,
,,DVD,16,93,16,16 93 16,X,X,X,X,X,X,---,---,X,X,---,---,---,---,---,---,---,X,X,X,---,---,---,---,---,---,X,---,X,X,---,---,---,---,---,---,---,---,X,X,---,---,---,---,---,---,---,---,---,---,---,---,---,---,---,---,---,---,---,---,---,---,---,---,---,---,---,Turn On and select DVD,,,
,,VCR1(MEDIAPLAYER),16,93,17,16 93 17,X (MPLAYER),X,X (MPLAYER),X (VCR),X,X,---,---,X,X,---,---,---,---,---,---,---,X (MPLAYER),X (MPLAYER),X (VCR),---,---,---,---,---,---,X (VCR),---,X(VCR),X,---,---,---,---,---,---,---,---,X(VCR),X,---,---,---,---,---,---,---,---,---,---,---,---,---,---,---,---,---,---,---,---,---,---,---,---,---,---,---,Turn On and select VCR1,,,
,,VCR2,16,93,18,16 93 18,---,X (VCR2/DSS),---,---,X,X,---,---,X,X,---,---,---,---,---,---,---,---,---,---,---,---,---,---,---,---,---,---,X(DSS),---,---,---,---,---,---,---,---,---,X(DSS),---,---,---,---,---,---,---,---,---,---,---,---,---,---,---,---,---,---,---,---,---,---,---,---,---,---,---,---,Turn On and select VCR2,,,
,,DSS (CBL/SAT),16,93,19,16 93 19,X (CBL/SAT),X (VCR2/DSS),X (CBL/SAT),X (SAT),X,X,---,---,X,X,---,---,---,---,---,---,---,X (CBL/SAT),X (CBL/SAT),X (SAT),---,---,---,---,---,---,X (SAT),---,X,X,---,---,---,---,---,---,---,---,X,X,---,---,---,---,---,---,---,---,---,---,---,---,---,---,---,---,---,---,---,---,---,---,---,---,---,---,---,Turn On and select DSS (SAT),,,
,,AUX1,16,93,20,16 93 20,X,X,X,X,X,X,---,---,X,X,---,---,---,---,---,---,---,X,X,X,---,---,---,---,---,---,X,---,X(AUX),X,---,---,---,---,---,---,---,---,X(AUX),X,---,---,---,---,---,---,---,---,---,---,---,---,---,---,---,---,---,---,---,---,---,---,---,---,---,---,---,Turn On and select Front Aux1 input,,,
,,AUX2,16,93,21,16 93 21,X,X (Network),X,X,X,X,---,---,X,X,---,---,---,---,---,---,---,X,X,X,---,---,---,---,---,---,X,---,---,X,---,---,---,---,---,---,---,---,---,X,---,---,---,---,---,---,---,---,---,---,---,---,---,---,---,---,---,---,---,---,---,---,---,---,---,---,---,Turn On and select L/R channel of Multi channel direct input,,,
,,AUX3(Additional Source),16,93,24,16 93 24,X,---,---,---,X,X,---,---,---,---,X,X,---,---,---,---,---,---,---,---,---,---,---,---,---,---,---,---,---,---,---,---,---,---,---,---,---,---,---,---,---,---,X,X,---,---,---,---,---,---,---,---,---,---,---,---,---,---,---,---,---,---,---,---,---,---,---,Turn On and select AUX3,,,
3rd,,AUX4(Additional Source),16,93,25,17 93 25,X,---,---,---,X,X,---,---,---,---,X,X,---,---,---,---,---,---,---,---,---,---,---,---,---,---,---,---,---,---,---,---,---,---,---,---,---,---,---,---,---,---,X,X,---,---,---,---,---,---,---,---,---,---,---,---,---,---,---,---,---,---,---,---,---,---,---,Turn On and select AUX4,,,
Zone,,AUX5(Additional Source),16,93,26,18 93 26,X,---,---,---,X,X,---,---,---,---,X,X,---,---,---,---,---,---,---,---,---,---,---,---,---,---,---,---,---,---,---,---,---,---,---,---,---,---,---,---,---,---,X,X,---,---,---,---,---,---,---,---,---,---,---,---,---,---,---,---,---,---,---,---,---,---,---,Turn On and select AUX5,,,
,,AUX6(Additional Source),16,93,27,19 93 27,X,---,---,---,X,X,---,---,---,---,X,X,---,---,---,---,---,---,---,---,---,---,---,---,---,---,---,---,---,---,---,---,---,---,---,---,---,---,---,---,---,---,X,X,---,---,---,---,---,---,---,---,---,---,---,---,---,---,---,---,---,---,---,---,---,---,---,Turn On and select AUX6,,,
,,AUX7(Additional Source),16,93,28,20 93 28,X,---,---,---,X,X,---,---,---,---,X,X,---,---,---,---,---,---,---,---,---,---,---,---,---,---,---,---,---,---,---,---,---,---,---,---,---,---,---,---,---,---,X,X,---,---,---,---,---,---,---,---,---,---,---,---,---,---,---,---,---,---,---,---,---,---,---,Turn On and select AUX7,,,
,,Network(NETWORK),16,93,23,16 29 23,X(NETWORK),X,X(NETWORK),X,---,---,---,---,---,---,---,---,---,---,---,---,---,X(NETWORK),X(NETWORK),X,---,---,---,---,---,---,X (NET/USB),---,---,---,---,---,---,---,---,---,---,---,---,---,---,---,---,---,---,---,---,---,---,---,---,---,---,---,---,---,---,---,---,---,---,---,---,---,---,---,---,Turn On and select Digital Media Player,,,
,,TUNER-1,16,93,30,16 93 30,X,X,X,X,X,X,---,---,X,X,---,---,---,---,---,---,---,X,X,X,---,---,---,---,---,---,X,---,---,---,---,---,---,---,---,---,---,---,---,---,---,---,---,---,---,---,---,---,---,---,---,---,---,---,---,---,---,---,---,---,---,---,---,---,---,---,---,Turn On and select Tuner-1 or Change BAND (> FM > AM >LW),,,
,,TUNER-2,16,93,31,16 93 31,---,---,---,---,X,---,---,---,---,---,---,---,---,---,---,---,---,---,---,---,---,---,---,---,---,---,---,---,---,---,---,---,---,---,---,---,---,---,---,---,---,---,---,---,---,---,---,---,---,---,---,---,---,---,---,---,---,---,---,---,---,---,---,---,---,---,---,Turn On and select Tuner-1 or Change BAND (> FM > AM >LW),,,
,,[Tuner-1] 0,17,93,00,17 93 00,X,X,X,---,X,X,---,---,X,X,---,---,---,---,---,---,---,X,X,---,---,---,---,---,---,---,X,---,X,X,---,---,---,---,---,---,---,---,X,X,---,---,---,---,---,---,---,---,---,---,---,---,---,---,---,---,---,---,---,---,---,---,---,---,---,---,---,Ten Key 0 ( Pre set No. or Frequency) for Tuner-1,,,
,,[Tuner-1] 1,17,93,01,17 93 01,X,X,X,---,X,X,---,---,X,X,---,---,---,---,---,---,---,X,X,---,---,---,---,---,---,---,X,---,X,X,---,---,---,---,---,---,---,---,X,X,---,---,---,---,---,---,---,---,---,---,---,---,---,---,---,---,---,---,---,---,---,---,---,---,---,---,---,Ten Key 1 ( Pre set No. or Frequency) for Tuner-1,,,
,,[Tuner-1] 2,17,93,02,17 93 02,X,X,X,---,X,X,---,---,X,X,---,---,---,---,---,---,---,X,X,---,---,---,---,---,---,---,X,---,X,X,---,---,---,---,---,---,---,---,X,X,---,---,---,---,---,---,---,---,---,---,---,---,---,---,---,---,---,---,---,---,---,---,---,---,---,---,---,Ten Key 2 ( Pre set No. or Frequency) for Tuner-1,,,
,,[Tuner-1] 3,17,93,03,17 93 03,X,X,X,---,X,X,---,---,X,X,---,---,---,---,---,---,---,X,X,---,---,---,---,---,---,---,X,---,X,X,---,---,---,---,---,---,---,---,X,X,---,---,---,---,---,---,---,---,---,---,---,---,---,---,---,---,---,---,---,---,---,---,---,---,---,---,---,Ten Key 3 ( Pre set No. or Frequency) for Tuner-1,,,
,,[Tuner-1] 4,17,93,04,17 93 04,X,X,X,---,X,X,---,---,X,X,---,---,---,---,---,---,---,X,X,---,---,---,---,---,---,---,X,---,X,X,---,---,---,---,---,---,---,---,X,X,---,---,---,---,---,---,---,---,---,---,---,---,---,---,---,---,---,---,---,---,---,---,---,---,---,---,---,Ten Key 4 ( Pre set No. or Frequency) for Tuner-1,,,
,,[Tuner-1] 5,17,93,05,17 93 05,X,X,X,---,X,X,---,---,X,X,---,---,---,---,---,---,---,X,X,---,---,---,---,---,---,---,X,---,X,X,---,---,---,---,---,---,---,---,X,X,---,---,---,---,---,---,---,---,---,---,---,---,---,---,---,---,---,---,---,---,---,---,---,---,---,---,---,Ten Key 5 ( Pre set No. or Frequency) for Tuner-1,,,
,,[Tuner-1] 6,17,93,06,17 93 06,X,X,X,---,X,X,---,---,X,X,---,---,---,---,---,---,---,X,X,---,---,---,---,---,---,---,X,---,X,X,---,---,---,---,---,---,---,---,X,X,---,---,---,---,---,---,---,---,---,---,---,---,---,---,---,---,---,---,---,---,---,---,---,---,---,---,---,Ten Key 6 ( Pre set No. or Frequency) for Tuner-1,,,
,,[Tuner-1] 7,17,93,07,17 93 07,X,X,X,---,X,X,---,---,X,X,---,---,---,---,---,---,---,X,X,---,---,---,---,---,---,---,X,---,X,X,---,---,---,---,---,---,---,---,X,X,---,---,---,---,---,---,---,---,---,---,---,---,---,---,---,---,---,---,---,---,---,---,---,---,---,---,---,Ten Key 7 ( Pre set No. or Frequency) for Tuner-1,,,
,,[Tuner-1] 8,17,93,08,17 93 08,X,X,X,---,X,X,---,---,X,X,---,---,---,---,---,---,---,X,X,---,---,---,---,---,---,---,X,---,X,X,---,---,---,---,---,---,---,---,X,X,---,---,---,---,---,---,---,---,---,---,---,---,---,---,---,---,---,---,---,---,---,---,---,---,---,---,---,Ten Key 8 ( Pre set No. or Frequency) for Tuner-1,,,
,,[Tuner-1] 9,17,93,09,17 93 09,X,X,X,---,X,X,---,---,X,X,---,---,---,---,---,---,---,X,X,---,---,---,---,---,---,---,X,---,X,X,---,---,---,---,---,---,---,---,X,X,---,---,---,---,---,---,---,---,---,---,---,---,---,---,---,---,---,---,---,---,---,---,---,---,---,---,---,Ten Key 9 ( Pre set No. or Frequency) for Tuner-1,,,
,,[Tuner-1] FM,17,93,10,17 93 10,X（HD Radio,X,X（HD Radio,X,X,X,---,---,X,X,---,---,---,---,---,---,---,X（HD Radio,X（HD Radio,X,---,---,---,---,---,---,X,---,---,---,---,---,---,---,---,---,---,---,---,---,---,---,---,---,---,---,---,---,---,---,---,---,---,---,---,---,---,---,---,---,---,---,---,---,---,---,---,Turn On and select FM for Tuner-1,,,
,,[Tuner-1] AM,17,93,11,17 93 11,X（HD Radio,X,X（HD Radio,X,X,X,---,---,X,X,---,---,---,---,---,---,---,X（HD Radio,X（HD Radio,X,---,---,---,---,---,---,X,---,---,---,---,---,---,---,---,---,---,---,---,---,---,---,---,---,---,---,---,---,---,---,---,---,---,---,---,---,---,---,---,---,---,---,---,---,---,---,---,Turn On and select AM for Tuner-1,,,
,,[Tuner-1] PRESET SCAN,17,93,12,17 93 12,---,X,---,---,X,X,---,---,X,X,---,---,---,---,---,---,---,---,---,---,---,---,---,---,---,---,---,---,X,X,---,---,---,---,---,---,---,---,X,X,---,---,---,---,---,---,---,---,---,---,---,---,---,---,---,---,---,---,---,---,---,---,---,---,---,---,---,Start Preset Scan for Tuner-1,,,
,,[Tuner-1] PRESET Up +,17,93,13,17 93 13,X,X,X,X,X,X,---,---,X,X,---,---,---,---,---,---,---,X,X,X,---,---,---,---,---,---,X,---,X,X,---,---,---,---,---,---,---,---,X,X,---,---,---,---,---,---,---,---,---,---,---,---,---,---,---,---,---,---,---,---,---,---,---,---,---,---,---,Preset (Skip) Up for Tuner-1,,,
,,[Tuner-1] PRESET Down -,17,93,14,17 93 14,X,X,X,X,X,X,---,---,X,X,---,---,---,---,---,---,---,X,X,X,---,---,---,---,---,---,X,---,X,X,---,---,---,---,---,---,---,---,X,X,---,---,---,---,---,---,---,---,---,---,---,---,---,---,---,---,---,---,---,---,---,---,---,---,---,---,---,Preset (Skip) Down for Tuner-1,,,
,,[Tuner-1] FREQ.(tuning) Up +,17,93,15,17 93 15,X,X,X,X,X,X,---,---,X,X,---,---,---,---,---,---,---,X,X,X,---,---,---,---,---,---,X,---,X,X,---,---,---,---,---,---,---,---,X,X,---,---,---,---,---,---,---,---,---,---,---,---,---,---,---,---,---,---,---,---,---,---,---,---,---,---,---,Frequency (Scan) Up for Tuner-1,,,
,,[Tuner-1] FREQ.(tuning) Down -,17,93,16,17 93 16,X,X,X,X,X,X,---,---,X,X,---,---,---,---,---,---,---,X,X,X,---,---,---,---,---,---,X,---,X,X,---,---,---,---,---,---,---,---,X,X,---,---,---,---,---,---,---,---,---,---,---,---,---,---,---,---,---,---,---,---,---,---,---,---,---,---,---,Frequency (Scan) Down for Tuner-1,,,
,,[Tuner-1] T-MODE,17,93,17,17 93 17,X,X,X,---,X,X,---,---,X,X,---,---,---,---,---,---,---,X,X,---,---,---,---,---,---,---,X,---,---,---,---,---,---,---,---,---,---,---,---,---,---,---,---,---,---,---,---,---,---,---,---,---,---,---,---,---,---,---,---,---,---,---,---,---,---,---,---,Switch FM MODE (Auto Stereo / Mono) for Tuner-1,,,
,,[Tuner-1] CLEAR,17,93,18,17 93 18,---,X,---,---,X,X,---,---,X,X,---,---,---,---,---,---,---,---,---,---,---,---,---,---,---,---,---,---,X,X,---,---,---,---,---,---,---,---,X,X,---,---,---,---,---,---,---,---,---,---,---,---,---,---,---,---,---,---,---,---,---,---,---,---,---,---,---,Clear for Tuner-1,,,
,,[Tuner-1] FREQ.-DIRECT,17,93,19,17 93 19,---,X,---,---,X,X,---,---,X,X,---,---,---,---,---,---,---,---,---,---,---,---,---,---,---,---,---,---,X,X,---,---,---,---,---,---,---,---,X,X,---,---,---,---,---,---,---,---,---,---,---,---,---,---,---,---,---,---,---,---,---,---,---,---,---,---,---,Change to Direct Frequency input mode for Tuner-1,,,
,,SHIFT A,17,93,52,17 93 52,---,---,---,---,---,---,---,---,---,---,---,---,---,---,---,---,---,---,---,---,---,---,---,---,---,---,X,---,---,---,---,---,---,---,---,---,---,---,---,---,---,---,---,---,---,---,---,---,---,---,---,---,---,---,---,---,---,---,---,---,---,---,---,---,---,---,---,,,,
,,SHIFT B,17,93,53,17 93 53,---,---,---,---,---,---,---,---,---,---,---,---,---,---,---,---,---,---,---,---,---,---,---,---,---,---,X,---,---,---,---,---,---,---,---,---,---,---,---,---,---,---,---,---,---,---,---,---,---,---,---,---,---,---,---,---,---,---,---,---,---,---,---,---,---,---,---,,,,
,,SHIFT C,17,93,54,17 93 54,---,---,---,---,---,---,---,---,---,---,---,---,---,---,---,---,---,---,---,---,---,---,---,---,---,---,X,---,---,---,---,---,---,---,---,---,---,---,---,---,---,---,---,---,---,---,---,---,---,---,---,---,---,---,---,---,---,---,---,---,---,---,---,---,---,---,---,,,,
,,SHIFT D,17,93,55,17 93 55,---,---,---,---,---,---,---,---,---,---,---,---,---,---,---,---,---,---,---,---,---,---,---,---,---,---,X,---,---,---,---,---,---,---,---,---,---,---,---,---,---,---,---,---,---,---,---,---,---,---,---,---,---,---,---,---,---,---,---,---,---,---,---,---,---,---,---,,,,
,,SHIFT E,17,93,56,17 93 56,---,---,---,---,---,---,---,---,---,---,---,---,---,---,---,---,---,---,---,---,---,---,---,---,---,---,X,---,---,---,---,---,---,---,---,---,---,---,---,---,---,---,---,---,---,---,---,---,---,---,---,---,---,---,---,---,---,---,---,---,---,---,---,---,---,---,---,,,,
,,SHIFT F,17,93,57,17 93 57,---,---,---,---,---,---,---,---,---,---,---,---,---,---,---,---,---,---,---,---,---,---,---,---,---,---,X,---,---,---,---,---,---,---,---,---,---,---,---,---,---,---,---,---,---,---,---,---,---,---,---,---,---,---,---,---,---,---,---,---,---,---,---,---,---,---,---,,,,
,,SHIFT G,17,93,58,17 93 58,---,---,---,---,---,---,---,---,---,---,---,---,---,---,---,---,---,---,---,---,---,---,---,---,---,---,X,---,---,---,---,---,---,---,---,---,---,---,---,---,---,---,---,---,---,---,---,---,---,---,---,---,---,---,---,---,---,---,---,---,---,---,---,---,---,---,---,,,,
,,BAND (FM/AM),17,93,61,17 93 61,X（HD Radio,---,X（HD Radio,---,---,---,---,---,---,---,---,---,---,---,---,---,---,X（HD Radio,X（HD Radio,---,---,---,---,---,---,---,X,---,---,---,---,---,---,---,---,---,---,---,---,---,---,---,---,---,---,---,---,---,---,---,---,---,---,---,---,---,---,---,---,---,---,---,---,---,---,---,---,,,,
,,RDS/SEARCH,17,93,62,17 93 62,X,---,X,---,---,---,---,---,---,---,---,---,---,---,---,---,---,X,X,---,---,---,---,---,---,---,X,---,---,---,---,---,---,---,---,---,---,---,---,---,---,---,---,---,---,---,---,---,---,---,---,---,---,---,---,---,---,---,---,---,---,---,---,---,---,---,---,,,,
,,[Tuner-1] Preset Group Shift,17,32,61,17 32 61,---,---,---,X,---,---,---,---,---,---,---,---,---,---,---,---,---,---,---,X,---,---,---,---,---,---,X,---,---,---,---,---,---,---,---,---,---,---,---,---,---,---,---,---,---,---,---,---,---,---,---,---,---,---,---,---,---,---,---,---,---,---,---,---,---,---,---,Change Preset Group A -> B -> C -> D -> E -> F -> G -> A,0000 0071 0000 0028 0020 0020 0020 0020 0020 0020 0040 0020 0020 0020 0020 0040 0020 00A1 0040 0020 0020 0020 0020 0020 0020 0020 0020 0040 0020 0020 0020 0020 0020 0020 0040 0040 0020 0AA8 0020 0020 0020 0020 0020 0020 0040 0020 0020 0020 0020 0040 0020 00A1 0040 0020 0020 0020 0020 0020 0020 0020 0020 0040 0020 0020 0020 0020 0020 0020 0040 0040 0020 0AA8 0020 0020 0020 0020 0020 0020 0040 0020 0020 0020 0020 04AA,,
,,[Tuner-1] PRESET Direct,17,66,01-60,17 66 [01-60],---,X,---,---,---,---,---,---,X,---,---,---,---,---,---,---,---,---,---,---,---,---,---,---,---,---,--- (*7),---,---,---,---,---,---,---,---,---,---,---,---,---,---,---,---,---,---,---,---,---,---,---,---,---,---,---,---,---,---,---,---,---,---,---,---,---,---,---,---,Discrete Preset # select,,,
,Tuner 2,[Tuner-2] 0,17,93,20,17 93 20,---,---,---,---,X,---,---,---,---,---,---,---,---,---,---,---,---,---,---,---,---,---,---,---,---,---,---,---,---,---,---,---,---,---,---,---,---,---,---,---,---,---,---,---,---,---,---,---,---,---,---,---,---,---,---,---,---,---,---,---,---,---,---,---,---,---,---,Ten Key 0 ( Pre set No. or Frequency) for Tuner-2,,,
,,[Tuner-2] 1,17,93,21,17 93 21,---,---,---,---,X,---,---,---,---,---,---,---,---,---,---,---,---,---,---,---,---,---,---,---,---,---,---,---,---,---,---,---,---,---,---,---,---,---,---,---,---,---,---,---,---,---,---,---,---,---,---,---,---,---,---,---,---,---,---,---,---,---,---,---,---,---,---,Ten Key 1 ( Pre set No. or Frequency) for Tuner-2,,,
,,[Tuner-2] 2,17,93,22,17 93 22,---,---,---,---,X,---,---,---,---,---,---,---,---,---,---,---,---,---,---,---,---,---,---,---,---,---,---,---,---,---,---,---,---,---,---,---,---,---,---,---,---,---,---,---,---,---,---,---,---,---,---,---,---,---,---,---,---,---,---,---,---,---,---,---,---,---,---,Ten Key 2 ( Pre set No. or Frequency) for Tuner-2,,,
,,[Tuner-2] 3,17,93,23,17 93 23,---,---,---,---,X,---,---,---,---,---,---,---,---,---,---,---,---,---,---,---,---,---,---,---,---,---,---,---,---,---,---,---,---,---,---,---,---,---,---,---,---,---,---,---,---,---,---,---,---,---,---,---,---,---,---,---,---,---,---,---,---,---,---,---,---,---,---,Ten Key 3 ( Pre set No. or Frequency) for Tuner-2,,,
,,[Tuner-2] 4,17,93,24,17 93 24,---,---,---,---,X,---,---,---,---,---,---,---,---,---,---,---,---,---,---,---,---,---,---,---,---,---,---,---,---,---,---,---,---,---,---,---,---,---,---,---,---,---,---,---,---,---,---,---,---,---,---,---,---,---,---,---,---,---,---,---,---,---,---,---,---,---,---,Ten Key 4 ( Pre set No. or Frequency) for Tuner-2,,,
,,[Tuner-2] 5,17,93,25,17 93 25,---,---,---,---,X,---,---,---,---,---,---,---,---,---,---,---,---,---,---,---,---,---,---,---,---,---,---,---,---,---,---,---,---,---,---,---,---,---,---,---,---,---,---,---,---,---,---,---,---,---,---,---,---,---,---,---,---,---,---,---,---,---,---,---,---,---,---,Ten Key 5 ( Pre set No. or Frequency) for Tuner-2,,,
,,[Tuner-2] 6,17,93,26,17 93 26,---,---,---,---,X,---,---,---,---,---,---,---,---,---,---,---,---,---,---,---,---,---,---,---,---,---,---,---,---,---,---,---,---,---,---,---,---,---,---,---,---,---,---,---,---,---,---,---,---,---,---,---,---,---,---,---,---,---,---,---,---,---,---,---,---,---,---,Ten Key 6 ( Pre set No. or Frequency) for Tuner-2,,,
,,[Tuner-2] 7,17,93,27,17 93 27,---,---,---,---,X,---,---,---,---,---,---,---,---,---,---,---,---,---,---,---,---,---,---,---,---,---,---,---,---,---,---,---,---,---,---,---,---,---,---,---,---,---,---,---,---,---,---,---,---,---,---,---,---,---,---,---,---,---,---,---,---,---,---,---,---,---,---,Ten Key 7 ( Pre set No. or Frequency) for Tuner-2,,,
,,[Tuner-2] 8,17,93,28,17 93 28,---,---,---,---,X,---,---,---,---,---,---,---,---,---,---,---,---,---,---,---,---,---,---,---,---,---,---,---,---,---,---,---,---,---,---,---,---,---,---,---,---,---,---,---,---,---,---,---,---,---,---,---,---,---,---,---,---,---,---,---,---,---,---,---,---,---,---,Ten Key 8 ( Pre set No. or Frequency) for Tuner-2,,,
,,[Tuner-2] 9,17,93,29,17 93 29,---,---,---,---,X,---,---,---,---,---,---,---,---,---,---,---,---,---,---,---,---,---,---,---,---,---,---,---,---,---,---,---,---,---,---,---,---,---,---,---,---,---,---,---,---,---,---,---,---,---,---,---,---,---,---,---,---,---,---,---,---,---,---,---,---,---,---,Ten Key 9 ( Pre set No. or Frequency) for Tuner-2,,,
,,[Tuner-2] FM,17,93,30,17 93 30,---,---,---,---,X,---,---,---,---,---,---,---,---,---,---,---,---,---,---,---,---,---,---,---,---,---,---,---,---,---,---,---,---,---,---,---,---,---,---,---,---,---,---,---,---,---,---,---,---,---,---,---,---,---,---,---,---,---,---,---,---,---,---,---,---,---,---,Turn On and select FM for Tuner-2,,,
,,[Tuner-2] AM,17,93,31,17 93 31,---,---,---,---,X,---,---,---,---,---,---,---,---,---,---,---,---,---,---,---,---,---,---,---,---,---,---,---,---,---,---,---,---,---,---,---,---,---,---,---,---,---,---,---,---,---,---,---,---,---,---,---,---,---,---,---,---,---,---,---,---,---,---,---,---,---,---,Turn On and select AM for Tuner-2,,,
,,[Tuner-2] PRESET SCAN,17,93,32,17 93 32,---,---,---,---,X,---,---,---,---,---,---,---,---,---,---,---,---,---,---,---,---,---,---,---,---,---,---,---,---,---,---,---,---,---,---,---,---,---,---,---,---,---,---,---,---,---,---,---,---,---,---,---,---,---,---,---,---,---,---,---,---,---,---,---,---,---,---,Start Preset Scan for Tuner-2,,,
,,[Tuner-2] PRESET Up +,17,93,33,17 93 33,---,---,---,---,X,---,---,---,---,---,---,---,---,---,---,---,---,---,---,---,---,---,---,---,---,---,---,---,---,---,---,---,---,---,---,---,---,---,---,---,---,---,---,---,---,---,---,---,---,---,---,---,---,---,---,---,---,---,---,---,---,---,---,---,---,---,---,Preset (Skip) Up for Tuner-2,,,
,,[Tuner-2] PRESET Down -,17,93,34,17 93 34,---,---,---,---,X,---,---,---,---,---,---,---,---,---,---,---,---,---,---,---,---,---,---,---,---,---,---,---,---,---,---,---,---,---,---,---,---,---,---,---,---,---,---,---,---,---,---,---,---,---,---,---,---,---,---,---,---,---,---,---,---,---,---,---,---,---,---,Preset (Skip) Down for Tuner-2,,,
,,[Tuner-2] FREQ.(tuning) Up +,17,93,35,17 93 35,---,---,---,---,X,---,---,---,---,---,---,---,---,---,---,---,---,---,---,---,---,---,---,---,---,---,---,---,---,---,---,---,---,---,---,---,---,---,---,---,---,---,---,---,---,---,---,---,---,---,---,---,---,---,---,---,---,---,---,---,---,---,---,---,---,---,---,Frequency (Scan) Up for Tuner-2,,,
,,[Tuner-2] FREQ.(tuning) Down -,17,93,36,17 93 36,---,---,---,---,X,---,---,---,---,---,---,---,---,---,---,---,---,---,---,---,---,---,---,---,---,---,---,---,---,---,---,---,---,---,---,---,---,---,---,---,---,---,---,---,---,---,---,---,---,---,---,---,---,---,---,---,---,---,---,---,---,---,---,---,---,---,---,Frequency (Scan) Down for Tuner-2,,,
,,[Tuner-2] T-MODE,17,93,37,17 93 37,---,---,---,---,X,---,---,---,---,---,---,---,---,---,---,---,---,---,---,---,---,---,---,---,---,---,---,---,---,---,---,---,---,---,---,---,---,---,---,---,---,---,---,---,---,---,---,---,---,---,---,---,---,---,---,---,---,---,---,---,---,---,---,---,---,---,---,Switch FM MODE (Auto Stereo / Mono) for Tuner-2,,,
,,[Tuner-2] CLEAR,17,93,38,17 93 38,---,---,---,---,X,---,---,---,---,---,---,---,---,---,---,---,---,---,---,---,---,---,---,---,---,---,---,---,---,---,---,---,---,---,---,---,---,---,---,---,---,---,---,---,---,---,---,---,---,---,---,---,---,---,---,---,---,---,---,---,---,---,---,---,---,---,---,Clear for Tuner-2,,,
,,[Tuner-2] FREQ.-DIRECT,17,93,39,17 93 39,---,---,---,---,X,---,---,---,---,---,---,---,---,---,---,---,---,---,---,---,---,---,---,---,---,---,---,---,---,---,---,---,---,---,---,---,---,---,---,---,---,---,---,---,---,---,---,---,---,---,---,---,---,---,---,---,---,---,---,---,---,---,---,---,---,---,---,Change to Direct Frequency input mode for Tuner-2,,,
,Satellite,SIRIUS,17,93,50,17 93 50,---,X,---,X,---,---,---,---,---,---,---,---,---,---,---,---,---,---,---,X,---,---,---,---,---,---,---,---,X,X,---,---,---,---,---,---,---,---,X,X,---,---,---,---,---,---,---,---,---,---,---,---,---,---,---,---,---,---,---,---,---,---,---,---,---,---,---,Select Sirius,,,
,Radio,XM,17,93,60,17 93 60,---,X,---,---,---,X,---,---,X,X,---,---,---,---,---,---,---,---,---,---,---,---,---,---,---,---,---,---,---,---,---,---,---,---,---,---,---,---,---,---,---,---,---,---,---,---,---,---,---,---,---,---,---,---,---,---,---,---,---,---,---,---,---,---,---,---,---,Select XM,,,
,,XM/SIRIUS PRESET Direct,17,69,01-60,17 69 [01-60],---,X,---,---,---,---,---,---,X,---,---,---,---,---,---,---,---,---,---,---,---,---,---,---,---,---,---,---,X (SIRIUS),X (SIRIUS),---,---,---,---,---,---,---,---,X (SIRIUS),X (SIRIUS),---,---,---,---,---,---,---,---,---,---,---,---,---,---,---,---,---,---,---,---,---,---,---,---,---,---,---,Discrete XM Preset # select,,,
,,XM/SIRIUS Channel Direct,"17

17","110
 |
115","00
 
05",17 110 00,---,X,---,---,---,X,---,---,X,X,---,---,---,---,---,---,---,---,---,---,---,---,---,---,---,---,---,---,---,---,---,---,---,---,---,---,---,---,---,---,---,---,---,---,---,---,---,---,---,---,---,---,---,---,---,---,---,---,---,---,---,---,---,---,---,---,---,XM Direct Channel select,,,
,USB/iPod,Zone 3: USB: Next,24,32,03,24 32 03,---,---,---,---,---,---,---,---,---,---,---,---,---,---,---,---,---,---,---,---,---,---,---,---,---,---,X,---,---,---,---,---,---,---,---,---,---,---,---,---,---,---,---,---,---,---,---,---,---,---,---,---,---,---,---,---,---,---,---,---,---,---,---,---,---,---,---,,,,
,,Zone 3: USB: Previous,24,33,03,24 33 03,---,---,---,---,---,---,---,---,---,---,---,---,---,---,---,---,---,---,---,---,---,---,---,---,---,---,X,---,---,---,---,---,---,---,---,---,---,---,---,---,---,---,---,---,---,---,---,---,---,---,---,---,---,---,---,---,---,---,---,---,---,---,---,---,---,---,---,,,,
,,Zone 3: USB/iPod: Random Mode,24,44,01,24 44 01,X,---,X,X,---,---,---,---,---,---,---,---,---,---,---,---,---,X,X,X,---,---,---,---,---,---,X,---,---,---,---,---,---,---,---,---,---,---,---,---,---,---,---,---,---,---,---,---,---,---,---,---,---,---,---,---,---,---,---,---,---,---,---,---,---,---,---,,0000 0071 0000 0026 0040 0040 0020 0020 0020 0020 0040 0040 0020 0020 0020 0081 0020 0040 0020 0020 0020 0020 0020 0020 0020 0020 0040 0040 0040 0040 0040 0020 0020 0AA7 0040 0040 0020 0020 0020 0020 0040 0040 0020 0020 0020 0081 0020 0040 0020 0020 0020 0020 0020 0020 0020 0020 0040 0040 0040 0040 0040 0020 0020 0AA7 0040 0040 0020 0020 0020 0020 0040 0040 0020 0020 0020 0081 0020 0040 0020 04A9,,
,,Zone 3: USB/iPod: Random Off,24,44,02,24 44 02,X,---,X,---,---,---,---,---,---,---,---,---,---,---,---,---,---,X,X,---,---,---,---,---,---,---,X,---,---,---,---,---,---,---,---,---,---,---,---,---,---,---,---,---,---,---,---,---,---,---,---,---,---,---,---,---,---,---,---,---,---,---,---,---,---,---,---,,,,
,,Zone 3: USB/iPod: Random On,24,44,03,24 44 03,X,---,X,---,---,---,---,---,---,---,---,---,---,---,---,---,---,X,X,---,---,---,---,---,---,---,X,---,---,---,---,---,---,---,---,---,---,---,---,---,---,---,---,---,---,---,---,---,---,---,---,---,---,---,---,---,---,---,---,---,---,---,---,---,---,---,---,,,,
,,Zone 3: USB/iPod: Repeat Mode,24,45,01,24 45 01,X,---,X,X,---,---,---,---,---,---,---,---,---,---,---,---,---,X,X,X,---,---,---,---,---,---,X,---,---,---,---,---,---,---,---,---,---,---,---,---,---,---,---,---,---,---,---,---,---,---,---,---,---,---,---,---,---,---,---,---,---,---,---,---,---,---,---,,0000 0071 0000 001E 0020 0020 0040 0040 0020 0020 0040 0020 0020 0020 0020 00C1 0040 0040 0020 0020 0040 0040 0040 0020 0020 0020 0020 0020 0020 0020 0020 0040 0020 0AA5 0020 0020 0040 0040 0020 0020 0040 0020 0020 0020 0020 00C1 0040 0040 0020 0020 0040 0040 0040 0020 0020 0020 0020 0020 0020 0020 0020 0040 0020 04A8,,
,,Zone 3: USB/iPod: Repeat Off,24,45,02,24 45 02,X,---,X,---,---,---,---,---,---,---,---,---,---,---,---,---,---,X,X,---,---,---,---,---,---,---,X,---,---,---,---,---,---,---,---,---,---,---,---,---,---,---,---,---,---,---,---,---,---,---,---,---,---,---,---,---,---,---,---,---,---,---,---,---,---,---,---,,,,
,,Zone 3: USB/iPod: Repeat One,24,45,03,24 45 03,X,---,X,---,---,---,---,---,---,---,---,---,---,---,---,---,---,X,X,---,---,---,---,---,---,---,X,---,---,---,---,---,---,---,---,---,---,---,---,---,---,---,---,---,---,---,---,---,---,---,---,---,---,---,---,---,---,---,---,---,---,---,---,---,---,---,---,,,,
,,Zone 3: USB/iPod: Repeat All,24,45,04,24 45 04,X,---,X,---,---,---,---,---,---,---,---,---,---,---,---,---,---,X,X,---,---,---,---,---,---,---,X,---,---,---,---,---,---,---,---,---,---,---,---,---,---,---,---,---,---,---,---,---,---,---,---,---,---,---,---,---,---,---,---,---,---,---,---,---,---,---,---,,,,
,,Zone 3: USB/iPod: Pause,24,48,03,24 48 03,X,---,X,X,---,---,---,---,---,---,---,---,---,---,---,---,---,X,X,X,---,---,---,---,---,---,X,---,---,---,---,---,---,---,---,---,---,---,---,---,---,---,---,---,---,---,---,---,---,---,---,---,---,---,---,---,---,---,---,---,---,---,---,---,---,---,---,,0000 0071 0000 0027 0020 0020 0020 0020 0020 0020 0020 0020 0040 0020 0020 0020 0020 00C1 0020 0020 0040 0020 0020 0020 0020 0020 0020 0020 0020 0020 0020 0020 0020 0020 0020 0040 0020 0020 0020 0AA5 0020 0020 0020 0020 0020 0020 0020 0020 0040 0020 0020 0020 0020 00C1 0020 0020 0040 0020 0020 0020 0020 0020 0020 0020 0020 0020 0020 0020 0020 0020 0020 0040 0020 0020 0020 0AA5 0020 0020 0020 0020 0020 04A8,,
,,Zone 3: USB/iPod: REW,24,50,03,24 50 03,X,---,X,---,---,---,---,---,---,---,---,---,---,---,---,---,---,X,X,---,---,---,---,---,---,---,X,---,---,---,---,---,---,---,---,---,---,---,---,---,---,---,---,---,---,---,---,---,---,---,---,---,---,---,---,---,---,---,---,---,---,---,---,---,---,---,---,,,,
,,Zone 3: USB/iPod: FF,24,52,03,24 52 03,X,---,X,---,---,---,---,---,---,---,---,---,---,---,---,---,---,X,X,---,---,---,---,---,---,---,X,---,---,---,---,---,---,---,---,---,---,---,---,---,---,---,---,---,---,---,---,---,---,---,---,---,---,---,---,---,---,---,---,---,---,---,---,---,---,---,---,,,,
,,Zone 3: USB: Play/Pause,24,53,03,24 53 03,X,---,X,---,---,---,---,---,---,---,---,---,---,---,---,---,---,X,X,---,---,---,---,---,---,---,X,---,---,---,---,---,---,---,---,---,---,---,---,---,---,---,---,---,---,---,---,---,---,---,---,---,---,---,---,---,---,---,---,---,---,---,---,---,---,---,---,,,,
,,Zone 3: USB/iPod: Play/Pause,24,53,20,24 53 20,---,---,---,X,---,---,---,---,---,---,---,---,---,---,---,---,---,---,---,X,---,---,---,---,---,---,---,---,---,---,---,---,---,---,---,---,---,---,---,---,---,---,---,---,---,---,---,---,---,---,---,---,---,---,---,---,---,---,---,---,---,---,---,---,---,---,---,,0000 0071 0000 0020 0020 0020 0020 0020 0020 0020 0020 0020 0040 0020 0020 0020 0020 00C1 0040 0040 0020 0020 0040 0040 0040 0020 0020 0020 0020 0020 0020 0040 0020 0020 0020 0AA5 0020 0020 0020 0020 0020 0020 0020 0020 0040 0020 0020 0020 0020 00C1 0040 0040 0020 0020 0040 0040 0040 0020 0020 0020 0020 0020 0020 0040 0020 0020 0020 04A8,,
,,Zone 3: iPod Play,24,53,33,24 53 33,X,---,X,---,---,---,---,---,---,---,---,---,---,---,---,---,---,X,X,---,---,---,---,---,X,X,X,---,---,---,---,---,---,---,X,X,---,---,---,---,---,---,---,---,---,---,---,X,X,---,---,---,---,---,---,---,---,---,---,---,---,---,---,---,---,---,---,,,,
,,Zone 3: USB/iPod: Stop,24,54,03,24 54 03,X,---,X,X,---,---,---,---,---,---,---,---,---,---,---,---,---,X,X,X,---,---,---,---,---,---,X,---,---,---,---,---,---,---,---,---,---,---,---,---,---,---,---,---,---,---,---,---,---,---,---,---,---,---,---,---,---,---,---,---,---,---,---,---,---,---,---,,0000 0071 0000 0020 0020 0020 0040 0040 0020 0020 0040 0020 0020 0020 0020 00C1 0020 0020 0040 0040 0020 0020 0040 0020 0020 0020 0020 0020 0020 0020 0020 0040 0020 0020 0020 0AA5 0020 0020 0040 0040 0020 0020 0040 0020 0020 0020 0020 00C1 0020 0020 0040 0040 0020 0020 0040 0020 0020 0020 0020 0020 0020 0020 0020 0040 0020 0020 0020 04A8,,
,,Zone 3: USB Direct Play,24,53,62,24 53 62,X,---,X,X,---,---,---,---,---,---,---,---,---,---,---,---,---,X,X,X,---,---,---,---,---,---,X,---,---,---,---,---,---,---,---,---,---,---,---,---,---,---,---,---,---,---,---,---,---,---,---,---,---,---,---,---,---,---,---,---,---,---,---,---,---,---,---,,0000 0071 0000 0024 0020 0020 0040 0040 0020 0020 0040 0020 0020 0020 0020 00C1 0020 0020 0040 0040 0040 0040 0020 0020 0020 0020 0020 0020 0020 0020 0020 0020 0040 0AA5 0020 0020 0040 0040 0020 0020 0040 0020 0020 0020 0020 00C1 0020 0020 0040 0040 0040 0040 0020 0020 0020 0020 0020 0020 0020 0020 0020 0020 0040 0AA5 0020 0020 0040 0040 0020 0020 0040 0020 0020 0020 0020 04A8,,
3rd,Network,Network(DMP): Information,27,15,02,27 15 02,---,---,---,---,---,---,---,---,---,---,---,---,---,---,---,---,---,---,---,---,---,---,---,---,---,---,---,---,---,---,---,---,---,---,---,---,---,---,---,---,---,---,---,---,---,---,---,---,---,---,---,---,---,---,---,---,---,---,---,---,---,---,---,---,---,---,---,,,,
Zone,,Preset Ch: Shift,27,29,61,27 29 61,---,---,---,---,---,---,---,---,---,---,---,---,---,---,---,---,---,---,---,---,---,---,---,---,---,---,X,---,---,---,---,---,---,---,---,---,---,---,---,---,---,---,---,---,---,---,---,---,---,---,---,---,---,---,---,---,---,---,---,---,---,---,---,---,---,---,---,,,,
,,Network(DMP): Next Track(file),27,32,03,27 32 03,X,X,X,---,---,---,---,---,---,---,---,---,---,---,---,---,---,X,X,---,---,---,---,---,---,---,X,---,---,---,---,---,---,---,---,---,---,---,---,---,---,---,---,---,---,---,---,---,---,---,---,---,---,---,---,---,---,---,---,---,---,---,---,---,---,---,---,,,,
,,Network(DMP): Previous Track(file),27,33,03,27 33 03,X,X,X,---,---,---,---,---,---,---,---,---,---,---,---,---,---,X,X,---,---,---,---,---,---,---,X,---,---,---,---,---,---,---,---,---,---,---,---,---,---,---,---,---,---,---,---,---,---,---,---,---,---,---,---,---,---,---,---,---,---,---,---,---,---,---,---,,,,
,,Network: Jpeg Skip +,27,32,12,27 32 12,X (*8),---,X (*8),---,---,---,---,---,---,---,---,---,---,---,---,---,---,X (*8),X (*8),---,---,---,---,---,---,---,X (*8),---,---,---,---,---,---,---,---,---,---,---,---,---,---,---,---,---,---,---,---,---,---,---,---,---,---,---,---,---,---,---,---,---,---,---,---,---,---,---,---,,,,
,,Network: Jpeg Skip -,27,33,12,27 33 12,X (*8),---,X (*8),---,---,---,---,---,---,---,---,---,---,---,---,---,---,X (*8),X (*8),---,---,---,---,---,---,---,X (*8),---,---,---,---,---,---,---,---,---,---,---,---,---,---,---,---,---,---,---,---,---,---,---,---,---,---,---,---,---,---,---,---,---,---,---,---,---,---,---,---,,,,
,,Internet Radio Preset 1/FAVORITE STATION  1,27,34,31,27 34 31,X,---,X,---,---,---,---,---,---,---,---,---,---,---,---,---,---,X,X,---,---,---,---,---,---,---,X,---,---,---,---,---,---,---,---,---,---,---,---,---,---,---,---,---,---,---,---,---,---,---,---,---,---,---,---,---,---,---,---,---,---,---,---,---,---,---,---,,,,
,,Internet Radio Preset 2/FAVORITE STATION  2,27,34,32,27 34 32,X,---,X,---,---,---,---,---,---,---,---,---,---,---,---,---,---,X,X,---,---,---,---,---,---,---,X,---,---,---,---,---,---,---,---,---,---,---,---,---,---,---,---,---,---,---,---,---,---,---,---,---,---,---,---,---,---,---,---,---,---,---,---,---,---,---,---,,,,
,,Internet Radio Preset 3/FAVORITE STATION  3,27,34,33,27 34 33,X,---,X,---,---,---,---,---,---,---,---,---,---,---,---,---,---,X,X,---,---,---,---,---,---,---,X,---,---,---,---,---,---,---,---,---,---,---,---,---,---,---,---,---,---,---,---,---,---,---,---,---,---,---,---,---,---,---,---,---,---,---,---,---,---,---,---,,,,
,,Internet Radio Preset 4/FAVORITE STATION  4,27,34,34,27 34 34,X,---,X,---,---,---,---,---,---,---,---,---,---,---,---,---,---,X,X,---,---,---,---,---,---,---,---,---,---,---,---,---,---,---,---,---,---,---,---,---,---,---,---,---,---,---,---,---,---,---,---,---,---,---,---,---,---,---,---,---,---,---,---,---,---,---,---,,,,
,,Network(DMP): L+R,27,40,02,27 40 02,---,---,---,---,---,---,---,---,---,---,---,---,---,---,---,---,---,---,---,---,---,---,---,---,---,---,---,---,---,---,---,---,---,---,---,---,---,---,---,---,---,---,---,---,---,---,---,---,---,---,---,---,---,---,---,---,---,---,---,---,---,---,---,---,---,---,---,,,,
,,Network(DMP): L,27,40,03,27 40 03,---,---,---,---,---,---,---,---,---,---,---,---,---,---,---,---,---,---,---,---,---,---,---,---,---,---,---,---,---,---,---,---,---,---,---,---,---,---,---,---,---,---,---,---,---,---,---,---,---,---,---,---,---,---,---,---,---,---,---,---,---,---,---,---,---,---,---,,,,
,,Network(DMP): R,27,40,04,27 40 04,---,---,---,---,---,---,---,---,---,---,---,---,---,---,---,---,---,---,---,---,---,---,---,---,---,---,---,---,---,---,---,---,---,---,---,---,---,---,---,---,---,---,---,---,---,---,---,---,---,---,---,---,---,---,---,---,---,---,---,---,---,---,---,---,---,---,---,,,,
,,Memory,27,41,53,27 41 53,---,---,---,---,---,---,---,---,---,---,---,---,---,---,---,---,---,---,---,---,---,---,---,---,---,---,X,---,---,---,---,---,---,---,---,---,---,---,---,---,---,---,---,---,---,---,---,---,---,---,---,---,---,---,---,---,---,---,---,---,---,---,---,---,---,---,---,,,,
,,Network(DMP): Random (toggle),27,44,01,27 44 01,---,X,---,---,---,---,---,---,---,---,---,---,---,---,---,---,---,---,---,---,---,---,---,---,---,---,X,---,---,---,---,---,---,---,---,---,---,---,---,---,---,---,---,---,---,---,---,---,---,---,---,---,---,---,---,---,---,---,---,---,---,---,---,---,---,---,---,,,,
,,Network(DMP): Random Off,27,44,02,27 44 02,---,X,---,---,---,---,---,---,---,---,---,---,---,---,---,---,---,---,---,---,---,---,---,---,---,---,X,---,---,---,---,---,---,---,---,---,---,---,---,---,---,---,---,---,---,---,---,---,---,---,---,---,---,---,---,---,---,---,---,---,---,---,---,---,---,---,---,,,,
,,Network(DMP): Random On,27,44,03,27 44 03,---,X,---,---,---,---,---,---,---,---,---,---,---,---,---,---,---,---,---,---,---,---,---,---,---,---,X,---,---,---,---,---,---,---,---,---,---,---,---,---,---,---,---,---,---,---,---,---,---,---,---,---,---,---,---,---,---,---,---,---,---,---,---,---,---,---,---,,,,
,,Network(DMP): Repeat (toggle),27,45,01,27 45 01,X,X,X,---,---,---,---,---,---,---,---,---,---,---,---,---,---,X,X,---,---,---,---,---,---,---,X,---,---,---,---,---,---,---,---,---,---,---,---,---,---,---,---,---,---,---,---,---,---,---,---,---,---,---,---,---,---,---,---,---,---,---,---,---,---,---,---,,,,
,,Network(DMP): Repeat Off,27,45,02,27 45 02,X,X,X,---,---,---,---,---,---,---,---,---,---,---,---,---,---,X,X,---,---,---,---,---,---,---,X,---,---,---,---,---,---,---,---,---,---,---,---,---,---,---,---,---,---,---,---,---,---,---,---,---,---,---,---,---,---,---,---,---,---,---,---,---,---,---,---,,,,
,,Network(DMP): Repeat 1,27,45,03,27 45 03,X,X,X,---,---,---,---,---,---,---,---,---,---,---,---,---,---,X,X,---,---,---,---,---,---,---,X,---,---,---,---,---,---,---,---,---,---,---,---,---,---,---,---,---,---,---,---,---,---,---,---,---,---,---,---,---,---,---,---,---,---,---,---,---,---,---,---,,,,
,,Network(DMP): Repeat All,27,45,04,27 45 04,X,X,X,---,---,---,---,---,---,---,---,---,---,---,---,---,---,X,X,---,---,---,---,---,---,---,X,---,---,---,---,---,---,---,---,---,---,---,---,---,---,---,---,---,---,---,---,---,---,---,---,---,---,---,---,---,---,---,---,---,---,---,---,---,---,---,---,,,,
,,Network(DMP): Pause,27,48,03,27 48 03,X,X,X,X,---,---,---,---,---,---,---,---,---,---,---,---,---,X,X,X,---,---,---,---,---,---,X,---,---,---,---,---,---,---,---,---,---,---,---,---,---,---,---,---,---,---,---,---,---,---,---,---,---,---,---,---,---,---,---,---,---,---,---,---,---,---,---,,,,
,,Network(DMP): REW,27,50,03,27 50 03,---,X,---,---,---,---,---,---,---,---,---,---,---,---,---,---,---,X,---,---,---,---,---,---,---,---,X,---,---,---,---,---,---,---,---,---,---,---,---,---,---,---,---,---,---,---,---,---,---,---,---,---,---,---,---,---,---,---,---,---,---,---,---,---,---,---,---,,,,
,,Network(DMP): FF,27,52,03,27 52 03,---,X,---,---,---,---,---,---,---,---,---,---,---,---,---,---,---,X,---,---,---,---,---,---,---,---,X,---,---,---,---,---,---,---,---,---,---,---,---,---,---,---,---,---,---,---,---,---,---,---,---,---,---,---,---,---,---,---,---,---,---,---,---,---,---,---,---,,,,
,,Network(DMP): Play/Pause,27,53,03,27 53 03,X,X,X,---,---,---,---,---,---,---,---,---,---,---,---,---,---,X,X,---,---,---,---,---,---,---,X,---,---,---,---,---,---,---,---,---,---,---,---,---,---,---,---,---,---,---,---,---,---,---,---,---,---,---,---,---,---,---,---,---,---,---,---,---,---,---,---,,,,
,,Network(DMP):Play/Pause,27,53,20,27 53 20,---,---,---,X,---,---,---,---,---,---,---,---,---,---,---,---,---,---,---,X,---,---,---,---,---,---,---,---,---,---,---,---,---,---,---,---,---,---,---,---,---,---,---,---,---,---,---,---,---,---,---,---,---,---,---,---,---,---,---,---,---,---,---,---,---,---,---,,0000 0071 0000 0020 0020 0020 0020 0020 0020 0020 0020 0020 0040 0040 0020 0020 0020 00A1 0020 0020 0040 0040 0040 0040 0040 0040 0040 0040 0040 0020 0020 0AA5 0020 0020 0020 0020 0020 0020 0020 0020 0040 0040 0020 0020 0020 00A1 0020 0020 0040 0040 0040 0040 0040 0040 0040 0040 0040 0020 0020 0AA5 0020 0020 0020 0020 0020 0020 0020 04A8,,
,,iPod Direct Play,27,53,33,27 53 33,X,---,X,---,---,---,---,---,---,---,---,---,---,---,---,---,---,X,X,---,---,---,---,---,---,---,X,---,---,---,---,---,---,---,---,---,---,---,---,---,---,---,---,---,---,---,---,---,---,---,---,---,---,---,---,---,---,---,---,---,---,---,---,---,---,---,---,,,,
,,Internet Radio Recent Played Station,27,53,52,27 53 52,X,---,X,---,---,---,---,---,---,---,---,---,---,---,---,---,---,X,X,---,---,---,---,---,---,---,X,---,---,---,---,---,---,---,---,---,---,---,---,---,---,---,---,---,---,---,---,---,---,---,---,---,---,---,---,---,---,---,---,---,---,---,---,---,---,---,---,,,,
,,Network: Favorite Direct Play,27,53,63,27 53 63,X,---,X,---,---,---,---,---,---,---,---,---,---,---,---,---,---,X,X,---,---,---,---,---,---,---,X,---,,,,,,,---,---,---,---,---,---,---,---,---,---,---,---,---,---,---,---,---,---,---,---,---,---,---,---,---,---,---,---,---,---,---,---,---,,,,
,,Network(DMP): Stop,27,54,03,27 54 03,X,X,X,X,---,---,---,---,---,---,---,---,---,---,---,---,---,X,X,X,---,---,---,---,---,---,X,---,---,---,---,---,---,---,---,---,---,---,---,---,---,---,---,---,---,---,---,---,---,---,---,---,---,---,---,---,---,---,---,---,---,---,---,---,---,---,---,,,,
,,Network(DMP): Cursor Up,27,80,03,27 80 03,X (*8),X,X (*8),---,---,---,---,---,---,---,---,---,---,---,---,---,---,X (*8),X (*8),---,---,---,---,---,---,---,X (*8),---,---,---,---,---,---,---,---,---,---,---,---,---,---,---,---,---,---,---,---,---,---,---,---,---,---,---,---,---,---,---,---,---,---,---,---,---,---,---,---,,,,
,,Network(DMP): Cursor Down,27,81,03,27 81 03,X (*8),X,X (*8),---,---,---,---,---,---,---,---,---,---,---,---,---,---,X (*8),X (*8),---,---,---,---,---,---,---,X (*8),---,---,---,---,---,---,---,---,---,---,---,---,---,---,---,---,---,---,---,---,---,---,---,---,---,---,---,---,---,---,---,---,---,---,---,---,---,---,---,---,,,,
,,Network(DMP): Cursor Left,27,85,03,27 85 03,X (*8),X,X (*8),---,---,---,---,---,---,---,---,---,---,---,---,---,---,X (*8),X (*8),---,---,---,---,---,---,---,X (*8),---,---,---,---,---,---,---,---,---,---,---,---,---,---,---,---,---,---,---,---,---,---,---,---,---,---,---,---,---,---,---,---,---,---,---,---,---,---,---,---,,,,
,,Network(DMP): Cursor Right,27,86,03,27 86 03,X (*8),X,X (*8),---,---,---,---,---,---,---,---,---,---,---,---,---,---,X (*8),X (*8),---,---,---,---,---,---,---,X (*8),---,---,---,---,---,---,---,---,---,---,---,---,---,---,---,---,---,---,---,---,---,---,---,---,---,---,---,---,---,---,---,---,---,---,---,---,---,---,---,---,,,,
,,Network(DMP): Enter,27,87,03,27 87 03,X (*8),X,X (*8),---,---,---,---,---,---,---,---,---,---,---,---,---,---,X (*8),X (*8),---,---,---,---,---,---,---,X (*8),---,---,---,---,---,---,---,---,---,---,---,---,---,---,---,---,---,---,---,---,---,---,---,---,---,---,---,---,---,---,---,---,---,---,---,---,---,---,---,---,,,,
,,Network(DMP): Page Up,27,80,06,27 80 06,---,X,---,---,---,---,---,---,---,---,---,---,---,---,---,---,---,---,---,---,---,---,---,---,---,---,---,---,---,---,---,---,---,---,---,---,---,---,---,---,---,---,---,---,---,---,---,---,---,---,---,---,---,---,---,---,---,---,---,---,---,---,---,---,---,---,---,,,,
,,Network(DMP): Page Down,27,81,06,27 81 06,---,X,---,---,---,---,---,---,---,---,---,---,---,---,---,---,---,---,---,---,---,---,---,---,---,---,---,---,---,---,---,---,---,---,---,---,---,---,---,---,---,---,---,---,---,---,---,---,---,---,---,---,---,---,---,---,---,---,---,---,---,---,---,---,---,---,---,,,,
,,Network(DMP): Back(Return),27,83,03,27 83 03,X (*8),X,X (*8),---,---,---,---,---,---,---,---,---,---,---,---,---,---,X (*8),X (*8),---,---,---,---,---,---,---,X (*8),---,---,---,---,---,---,---,---,---,---,---,---,---,---,---,---,---,---,---,---,---,---,---,---,---,---,---,---,---,---,---,---,---,---,---,---,---,---,---,---,,,,
,,Network(DMP): Server,27,84,01,27 84 01,---,---,---,---,---,---,---,---,---,---,---,---,---,---,---,---,---,---,---,---,---,---,---,---,---,---,---,---,---,---,---,---,---,---,---,---,---,---,---,---,---,---,---,---,---,---,---,---,---,---,---,---,---,---,---,---,---,---,---,---,---,---,---,---,---,---,---,,,,
,,Network(DMP): Photo,27,84,05,27 84 05,---,---,---,---,---,---,---,---,---,---,---,---,---,---,---,---,---,---,---,---,---,---,---,---,---,---,---,---,---,---,---,---,---,---,---,---,---,---,---,---,---,---,---,---,---,---,---,---,---,---,---,---,---,---,---,---,---,---,---,---,---,---,---,---,---,---,---,,,,
,,Network(DMP): Video,27,84,06,27 84 06,---,---,---,---,---,---,---,---,---,---,---,---,---,---,---,---,---,---,---,---,---,---,---,---,---,---,---,---,---,---,---,---,---,---,---,---,---,---,---,---,---,---,---,---,---,---,---,---,---,---,---,---,---,---,---,---,---,---,---,---,---,---,---,---,---,---,---,,,,
,,Network(DMP): Photo-Album,27,84,12,27 84 12,---,---,---,---,---,---,---,---,---,---,---,---,---,---,---,---,---,---,---,---,---,---,---,---,---,---,---,---,---,---,---,---,---,---,---,---,---,---,---,---,---,---,---,---,---,---,---,---,---,---,---,---,---,---,---,---,---,---,---,---,---,---,---,---,---,---,---,,,,
,,Network(DMP): Photo-All Photos,27,84,13,27 84 13,---,---,---,---,---,---,---,---,---,---,---,---,---,---,---,---,---,---,---,---,---,---,---,---,---,---,---,---,---,---,---,---,---,---,---,---,---,---,---,---,---,---,---,---,---,---,---,---,---,---,---,---,---,---,---,---,---,---,---,---,---,---,---,---,---,---,---,,,,
,,Network(DMP): Photo-Favorite,27,84,14,27 84 14,---,---,---,---,---,---,---,---,---,---,---,---,---,---,---,---,---,---,---,---,---,---,---,---,---,---,---,---,---,---,---,---,---,---,---,---,---,---,---,---,---,---,---,---,---,---,---,---,---,---,---,---,---,---,---,---,---,---,---,---,---,---,---,---,---,---,---,,,,
,,Network(DMP): Video-Album,27,84,15,27 84 15,---,---,---,---,---,---,---,---,---,---,---,---,---,---,---,---,---,---,---,---,---,---,---,---,---,---,---,---,---,---,---,---,---,---,---,---,---,---,---,---,---,---,---,---,---,---,---,---,---,---,---,---,---,---,---,---,---,---,---,---,---,---,---,---,---,---,---,,,,
,,Network(DMP): Video-Genre,27,84,16,27 84 16,---,---,---,---,---,---,---,---,---,---,---,---,---,---,---,---,---,---,---,---,---,---,---,---,---,---,---,---,---,---,---,---,---,---,---,---,---,---,---,---,---,---,---,---,---,---,---,---,---,---,---,---,---,---,---,---,---,---,---,---,---,---,---,---,---,---,---,,,,
,,Network(DMP): Video-All Videos,27,84,17,27 84 17,---,---,---,---,---,---,---,---,---,---,---,---,---,---,---,---,---,---,---,---,---,---,---,---,---,---,---,---,---,---,---,---,---,---,---,---,---,---,---,---,---,---,---,---,---,---,---,---,---,---,---,---,---,---,---,---,---,---,---,---,---,---,---,---,---,---,---,,,,
,,Network(DMP): Video-Favorite,27,84,18,27 84 18,---,---,---,---,---,---,---,---,---,---,---,---,---,---,---,---,---,---,---,---,---,---,---,---,---,---,---,---,---,---,---,---,---,---,---,---,---,---,---,---,---,---,---,---,---,---,---,---,---,---,---,---,---,---,---,---,---,---,---,---,---,---,---,---,---,---,---,,,,
,,Network(DMP): Play List,27,84,19,27 84 19,---,---,---,---,---,---,---,---,---,---,---,---,---,---,---,---,---,---,---,---,---,---,---,---,---,---,---,---,---,---,---,---,---,---,---,---,---,---,---,---,---,---,---,---,---,---,---,---,---,---,---,---,---,---,---,---,---,---,---,---,---,---,---,---,---,---,---,,,,
,,Network(DMP): Network Main Menu,27,88,02,27 88 02,---,X,---,---,---,---,---,---,---,---,---,---,---,---,---,---,---,---,---,---,---,---,---,---,---,---,---,---,---,---,---,---,---,---,---,---,---,---,---,---,---,---,---,---,---,---,---,---,---,---,---,---,---,---,---,---,---,---,---,---,---,---,---,---,---,---,---,,,,
,,Network(DMP): Music,27,88,04,27 88 04,---,X,---,---,---,---,---,---,---,---,---,---,---,---,---,---,---,---,---,---,---,---,---,---,---,---,---,---,---,---,---,---,---,---,---,---,---,---,---,---,---,---,---,---,---,---,---,---,---,---,---,---,---,---,---,---,---,---,---,---,---,---,---,---,---,---,---,,,,
,,Network(DMP): Music-Artist,27,88,07,27 88 07,---,X,---,---,---,---,---,---,---,---,---,---,---,---,---,---,---,---,---,---,---,---,---,---,---,---,---,---,---,---,---,---,---,---,---,---,---,---,---,---,---,---,---,---,---,---,---,---,---,---,---,---,---,---,---,---,---,---,---,---,---,---,---,---,---,---,---,,,,
,,Network(DMP): Music-Album,27,88,08,27 88 08,---,X,---,---,---,---,---,---,---,---,---,---,---,---,---,---,---,---,---,---,---,---,---,---,---,---,---,---,---,---,---,---,---,---,---,---,---,---,---,---,---,---,---,---,---,---,---,---,---,---,---,---,---,---,---,---,---,---,---,---,---,---,---,---,---,---,---,,,,
,,Network(DMP): Music-Genre,27,88,09,27 88 09,---,X,---,---,---,---,---,---,---,---,---,---,---,---,---,---,---,---,---,---,---,---,---,---,---,---,---,---,---,---,---,---,---,---,---,---,---,---,---,---,---,---,---,---,---,---,---,---,---,---,---,---,---,---,---,---,---,---,---,---,---,---,---,---,---,---,---,,,,
,,Network(DMP): Music-All Songs,27,88,10,27 88 10,---,X,---,---,---,---,---,---,---,---,---,---,---,---,---,---,---,---,---,---,---,---,---,---,---,---,---,---,---,---,---,---,---,---,---,---,---,---,---,---,---,---,---,---,---,---,---,---,---,---,---,---,---,---,---,---,---,---,---,---,---,---,---,---,---,---,---,,,,
,,Network(DMP): Music-Favorite,27,88,11,27 88 11,---,X,---,---,---,---,---,---,---,---,---,---,---,---,---,---,---,---,---,---,---,---,---,---,---,---,---,---,---,---,---,---,---,---,---,---,---,---,---,---,---,---,---,---,---,---,---,---,---,---,---,---,---,---,---,---,---,---,---,---,---,---,---,---,---,---,---,,,,
,,Network(DMP): Restart,27,88,60,27 88 60,---,X,---,---,---,---,---,---,---,---,---,---,---,---,---,---,---,---,---,---,---,---,---,---,---,---,---,---,---,---,---,---,---,---,---,---,---,---,---,---,---,---,---,---,---,---,---,---,---,---,---,---,---,---,---,---,---,---,---,---,---,---,---,---,---,---,---,,,,
,,Page Previous,27,93,13,27 93 13,X,---,X,---,---,---,---,---,---,---,---,---,---,---,---,---,---,X,X,---,---,---,---,---,---,---,X(Preset-),---,---,---,---,---,---,---,---,---,---,---,---,---,---,---,---,---,---,---,---,---,---,---,---,---,---,---,---,---,---,---,---,---,---,---,---,---,---,---,---,,,,
,,Page Next,27,93,14,27 93 14,X,---,X,---,---,---,---,---,---,---,---,---,---,---,---,---,---,X,X,---,---,---,---,---,---,---,X(Preset+),---,---,---,---,---,---,---,---,---,---,---,---,---,---,---,---,---,---,---,---,---,---,---,---,---,---,---,---,---,---,---,---,---,---,---,---,---,---,---,---,,,,
,,Preset 1,27,93,21,27 93 21,---,---,---,---,---,---,---,---,---,---,---,---,---,---,---,---,---,---,---,---,---,---,---,---,---,---,X (*8),---,---,---,---,---,---,---,---,---,---,---,---,---,---,---,---,---,---,---,---,---,---,---,---,---,---,---,---,---,---,---,---,---,---,---,---,---,---,---,---,,,,
,,Preset 2,27,93,22,27 93 22,---,---,---,---,---,---,---,---,---,---,---,---,---,---,---,---,---,---,---,---,---,---,---,---,---,---,X (*8),---,---,---,---,---,---,---,---,---,---,---,---,---,---,---,---,---,---,---,---,---,---,---,---,---,---,---,---,---,---,---,---,---,---,---,---,---,---,---,---,,,,
,,Preset 3,27,93,23,27 93 23,---,---,---,---,---,---,---,---,---,---,---,---,---,---,---,---,---,---,---,---,---,---,---,---,---,---,X (*8),---,---,---,---,---,---,---,---,---,---,---,---,---,---,---,---,---,---,---,---,---,---,---,---,---,---,---,---,---,---,---,---,---,---,---,---,---,---,---,---,,,,
,,Preset 4,27,93,24,27 93 24,---,---,---,---,---,---,---,---,---,---,---,---,---,---,---,---,---,---,---,---,---,---,---,---,---,---,X (*8),---,---,---,---,---,---,---,---,---,---,---,---,---,---,---,---,---,---,---,---,---,---,---,---,---,---,---,---,---,---,---,---,---,---,---,---,---,---,---,---,,,,
,,Preset 5,27,93,25,27 93 25,---,---,---,---,---,---,---,---,---,---,---,---,---,---,---,---,---,---,---,---,---,---,---,---,---,---,X (*8),---,---,---,---,---,---,---,---,---,---,---,---,---,---,---,---,---,---,---,---,---,---,---,---,---,---,---,---,---,---,---,---,---,---,---,---,---,---,---,---,,,,
,,Preset 6,27,93,26,27 93 26,---,---,---,---,---,---,---,---,---,---,---,---,---,---,---,---,---,---,---,---,---,---,---,---,---,---,X (*8),---,---,---,---,---,---,---,---,---,---,---,---,---,---,---,---,---,---,---,---,---,---,---,---,---,---,---,---,---,---,---,---,---,---,---,---,---,---,---,---,,,,
,,Preset 7,27,93,27,27 93 27,---,---,---,---,---,---,---,---,---,---,---,---,---,---,---,---,---,---,---,---,---,---,---,---,---,---,X (*8),---,---,---,---,---,---,---,---,---,---,---,---,---,---,---,---,---,---,---,---,---,---,---,---,---,---,---,---,---,---,---,---,---,---,---,---,---,---,---,---,,,,
,,Preset 8,27,93,28,27 93 28,---,---,---,---,---,---,---,---,---,---,---,---,---,---,---,---,---,---,---,---,---,---,---,---,---,---,X (*8),---,---,---,---,---,---,---,---,---,---,---,---,---,---,---,---,---,---,---,---,---,---,---,---,---,---,---,---,---,---,---,---,---,---,---,---,---,---,---,---,,,,
,,SHIFT A,27,93,31,27 93 31,---,---,---,---,---,---,---,---,---,---,---,---,---,---,---,---,---,---,---,---,---,---,---,---,---,---,X (*8),---,---,---,---,---,---,---,---,---,---,---,---,---,---,---,---,---,---,---,---,---,---,---,---,---,---,---,---,---,---,---,---,---,---,---,---,---,---,---,---,,,,
,,SHIFT B,27,93,32,27 93 32,---,---,---,---,---,---,---,---,---,---,---,---,---,---,---,---,---,---,---,---,---,---,---,---,---,---,X (*8),---,---,---,---,---,---,---,---,---,---,---,---,---,---,---,---,---,---,---,---,---,---,---,---,---,---,---,---,---,---,---,---,---,---,---,---,---,---,---,---,,,,
,,SHIFT C,27,93,33,27 93 33,---,---,---,---,---,---,---,---,---,---,---,---,---,---,---,---,---,---,---,---,---,---,---,---,---,---,X (*8),---,---,---,---,---,---,---,---,---,---,---,---,---,---,---,---,---,---,---,---,---,---,---,---,---,---,---,---,---,---,---,---,---,---,---,---,---,---,---,---,,,,
,,SHIFT D,27,93,34,27 93 34,---,---,---,---,---,---,---,---,---,---,---,---,---,---,---,---,---,---,---,---,---,---,---,---,---,---,X (*8),---,---,---,---,---,---,---,---,---,---,---,---,---,---,---,---,---,---,---,---,---,---,---,---,---,---,---,---,---,---,---,---,---,---,---,---,---,---,---,---,,,,
,,SHIFT E,27,93,35,27 93 35,---,---,---,---,---,---,---,---,---,---,---,---,---,---,---,---,---,---,---,---,---,---,---,---,---,---,X (*8),---,---,---,---,---,---,---,---,---,---,---,---,---,---,---,---,---,---,---,---,---,---,---,---,---,---,---,---,---,---,---,---,---,---,---,---,---,---,---,---,,,,
,,SHIFT F,27,93,36,27 93 36,---,---,---,---,---,---,---,---,---,---,---,---,---,---,---,---,---,---,---,---,---,---,---,---,---,---,X (*8),---,---,---,---,---,---,---,---,---,---,---,---,---,---,---,---,---,---,---,---,---,---,---,---,---,---,---,---,---,---,---,---,---,---,---,---,---,---,---,---,,,,
,,SHIFT G,27,93,37,27 93 37,---,---,---,---,---,---,---,---,---,---,---,---,---,---,---,---,---,---,---,---,---,---,---,---,---,---,X (*8),---,---,---,---,---,---,---,---,---,---,---,---,---,---,---,---,---,---,---,---,---,---,---,---,---,---,---,---,---,---,---,---,---,---,---,---,---,---,---,---,,,,
,,Internet Radio,27,95,20,27 95 20,X (*8),---,X (*8),X,---,---,---,---,---,---,---,---,---,---,---,---,---,X (*8),X (*8),X,---,---,---,---,---,---,X (*8),---,---,---,---,---,---,---,---,---,---,---,---,---,---,---,---,---,---,---,---,---,---,---,---,---,---,---,---,---,---,---,---,---,---,---,---,---,---,---,---,,0000 0071 0000 0026 0040 0040 0020 0020 0020 0020 0040 0040 0020 0020 0020 0081 0020 0040 0020 0020 0020 0020 0020 0020 0020 0020 0040 0040 0040 0040 0040 0020 0020 0AA7 0040 0040 0020 0020 0020 0020 0040 0040 0020 0020 0020 0081 0020 0040 0020 0020 0020 0020 0020 0020 0020 0020 0040 0040 0040 0040 0040 0020 0020 0AA7 0040 0040 0020 0020 0020 0020 0040 0040 0020 0020 0020 0081 0020 0040 0020 04A9,,
,,Spotify (*6),27,95,28,27 95 29,X (*8),---,X (*8),---,---,---,---,---,---,---,---,---,---,---,---,---,---,X (*8),X (*8),X,---,---,---,---,---,---,---,---,---,---,---,---,---,---,---,---,---,---,---,---,---,---,---,---,---,---,---,---,---,---,---,---,---,---,---,---,---,---,---,---,---,---,---,---,---,---,---,Select Sirius XM as Zone 3 source,,,
,,SIRIUSXM (*4),27,95,29,27 95 29,X (*8),---,X (*8),---,---,---,---,---,---,---,---,---,---,---,---,---,---,X (*8),X (*8),X,---,---,---,---,---,---,---,---,---,---,---,---,---,---,---,---,---,---,---,---,---,---,---,---,---,---,---,---,---,---,---,---,---,---,---,---,---,---,---,---,---,---,---,---,---,---,---,Select Sirius XM as Zone 3 source,,,
,,Rhapsody (*4),27,95,21,27 95 21,---,---,---,X,---,---,---,---,---,---,---,---,---,---,---,---,---,---,---,X,---,---,---,---,---,---,X (*8),---,---,---,---,---,---,---,---,---,---,---,---,---,---,---,---,---,---,---,---,---,---,---,---,---,---,---,---,---,---,---,---,---,---,---,---,---,---,---,---,,0000 0071 0000 001E 0040 0020 0020 0040 0020 0020 0040 0040 0020 0020 0020 0081 0020 0040 0020 0020 0020 0020 0020 0020 0020 0020 0040 0040 0040 0040 0040 0040 0020 0AA7 0040 0020 0020 0040 0020 0020 0040 0040 0020 0020 0020 0081 0020 0040 0020 0020 0020 0020 0020 0020 0020 0020 0040 0040 0040 0040 0040 0040 0020 04A9,,
,,Napster (*6),27,95,22,27 95 22,---,---,---,X,---,---,---,---,---,---,---,---,---,---,---,---,---,---,---,X,---,---,---,---,---,---,X (*8),---,---,---,---,---,---,---,---,---,---,---,---,---,---,---,---,---,---,---,---,---,---,---,---,---,---,---,---,---,---,---,---,---,---,---,---,---,---,---,---,,0000 0071 0000 001E 0040 0040 0020 0020 0020 0020 0040 0040 0020 0020 0020 0081 0020 0040 0020 0020 0020 0020 0020 0020 0020 0020 0040 0040 0040 0040 0020 0020 0040 0AA7 0040 0040 0020 0020 0020 0020 0040 0040 0020 0020 0020 0081 0020 0040 0020 0020 0020 0020 0020 0020 0020 0020 0040 0040 0040 0040 0020 0020 0040 04A9,,
,,Flickr,27,95,23,27 95 23,X (*8),---,X (*8),X,---,---,---,---,---,---,---,---,---,---,---,---,---,X (*8),X (*8),X,---,---,---,---,---,---,X (*8),---,---,---,---,---,---,---,---,---,---,---,---,---,---,---,---,---,---,---,---,---,---,---,---,---,---,---,---,---,---,---,---,---,---,---,---,---,---,---,---,,0000 0071 0000 0021 0040 0040 0020 0020 0020 0020 0040 0040 0020 0020 0020 0081 0020 0040 0020 0020 0020 0020 0020 0020 0020 0020 0040 0040 0040 0040 0020 0020 0020 0020 0020 0AAC 0040 0040 0020 0020 0020 0020 0040 0040 0020 0020 0020 0081 0020 0040 0020 0020 0020 0020 0020 0020 0020 0020 0040 0040 0040 0040 0020 0020 0020 0020 0020 0AAC 0040 04AB,,
,,Media Server,27,95,24,27 95 24,X (*8),---,X (*8),X,---,---,---,---,---,---,---,---,---,---,---,---,---,X (*8),X (*8),X,---,---,---,---,---,---,X (*8),---,---,---,---,---,---,---,---,---,---,---,---,---,---,---,---,---,---,---,---,---,---,---,---,---,---,---,---,---,---,---,---,---,---,---,---,---,---,---,---,,0000 0071 0000 0021 0040 0040 0020 0020 0020 0020 0040 0040 0020 0020 0020 0081 0020 0040 0020 0020 0020 0020 0020 0020 0020 0020 0040 0040 0020 0020 0040 0020 0020 0020 0020 0AAC 0040 0040 0020 0020 0020 0020 0040 0040 0020 0020 0020 0081 0020 0040 0020 0020 0020 0020 0020 0020 0020 0020 0040 0040 0020 0020 0040 0020 0020 0020 0020 0AAC 002C 04AB,,
,,Pandora (*4),27,95,26,27 95 26,X (*8),---,X (*8),X,---,---,---,---,---,---,---,---,---,---,---,---,---,X (*8),X (*8),X,---,---,---,---,---,---,X (*8),---,---,---,---,---,---,---,---,---,---,---,---,---,---,---,---,---,---,---,---,---,---,---,---,---,---,---,---,---,---,---,---,---,---,---,---,---,---,---,---,,0000 0071 0000 001E 0040 0020 0020 0040 0020 0020 0040 0040 0020 0020 0020 0081 0020 0040 0020 0020 0020 0020 0020 0020 0020 0020 0040 0040 0020 0020 0040 0040 0040 0AAC 0040 0020 0020 0040 0020 0020 0040 0040 0020 0020 0020 0081 0020 0040 0020 0020 0020 0020 0020 0020 0020 0020 0040 0040 0020 0020 0040 0040 0040 04AB,,
3rd,,Last.fm (*5),27,95,27,27 95 27,X (*8),---,X (*8),X,---,---,---,---,---,---,---,---,---,---,---,---,---,X (*8),X (*8),X,---,---,---,---,---,---,X (*8),---,---,---,---,---,---,---,---,---,---,---,---,---,---,---,---,---,---,---,---,---,---,---,---,---,---,---,---,---,---,---,---,---,---,---,---,---,---,---,---,,0000 0071 0000 0022 0040 0020 0020 0040 0020 0020 0040 0040 0020 0020 0020 0081 0020 0040 0020 0020 0020 0020 0020 0020 0020 0020 0040 0040 0020 0020 0040 0040 0020 0020 0020 0AAC 0040 0020 0020 0040 0020 0020 0040 0040 0020 0020 0020 0081 0020 0040 0020 0020 0020 0020 0020 0020 0020 0020 0040 0040 0020 0020 0040 0040 0020 0020 0020 0AAC 0040 0020 0020 04AB,,
Zone,,Network(DMP): Screen Saver,27,110,02,27 110 02,---,---,---,---,---,---,---,---,---,---,---,---,---,---,---,---,---,---,---,---,---,---,---,---,---,---,---,---,---,---,---,---,---,---,---,---,---,---,---,---,---,---,---,---,---,---,---,---,---,---,---,---,---,---,---,---,---,---,---,---,---,---,---,---,---,---,---,,,,
,,Network(DMP): Screen Saver On,27,110,06,27 110 06,---,---,---,---,---,---,---,---,---,---,---,---,---,---,---,---,---,---,---,---,---,---,---,---,---,---,---,---,---,---,---,---,---,---,---,---,---,---,---,---,---,---,---,---,---,---,---,---,---,---,---,---,---,---,---,---,---,---,---,---,---,---,---,---,---,---,---,,,,
,,Network(DMP): Screen Saver Off,27,110,31,27 110 31,---,---,---,---,---,---,---,---,---,---,---,---,---,---,---,---,---,---,---,---,---,---,---,---,---,---,---,---,---,---,---,---,---,---,---,---,---,---,---,---,---,---,---,---,---,---,---,---,---,---,---,---,---,---,---,---,---,---,---,---,---,---,---,---,---,---,---,,,,
,,Network(DMP): Resolution Manual,27,116,02,27 116 02,---,---,---,---,---,---,---,---,---,---,---,---,---,---,---,---,---,---,---,---,---,---,---,---,---,---,---,---,---,---,---,---,---,---,---,---,---,---,---,---,---,---,---,---,---,---,---,---,---,---,---,---,---,---,---,---,---,---,---,---,---,---,---,---,---,---,---,,,,
,,Network(DMP): Resolution Auto,27,116,06,27 116 06,---,---,---,---,---,---,---,---,---,---,---,---,---,---,---,---,---,---,---,---,---,---,---,---,---,---,---,---,---,---,---,---,---,---,---,---,---,---,---,---,---,---,---,---,---,---,---,---,---,---,---,---,---,---,---,---,---,---,---,---,---,---,---,---,---,---,---,,,,
4th,,POWER ON/OFF (Toggle),16,94,00,16 94 00,X,X,---,---,---,---,---,---,---,---,---,---,---,---,---,---,---,---,---,---,---,---,---,---,---,---,---,---,---,---,---,---,---,---,---,---,---,---,---,---,---,---,---,---,---,---,---,---,---,---,---,---,---,---,---,---,---,---,---,---,---,---,---,---,---,---,---,Turn Power ON/OFF (Toggle),,,
Zone,,POWER ON,16,94,03,16 94 03,X,X,---,---,---,---,---,---,---,---,---,---,---,---,---,---,---,---,---,---,---,---,---,---,---,---,---,---,---,---,---,---,---,---,---,---,---,---,---,---,---,---,---,---,---,---,---,---,---,---,---,---,---,---,---,---,---,---,---,---,---,---,---,---,---,---,---,Power ON,,,
(Multi,,POWER OFF,16,94,04,16 94 04,X,X,---,---,---,---,---,---,---,---,---,---,---,---,---,---,---,---,---,---,---,---,---,---,---,---,---,---,---,---,---,---,---,---,---,---,---,---,---,---,---,---,---,---,---,---,---,---,---,---,---,---,---,---,---,---,---,---,---,---,---,---,---,---,---,---,---,Power OFF,,,
Zone C),,SLEEP (Toggle),16,94,10,16 94 10,X,X,---,---,---,---,---,---,---,---,---,---,---,---,---,---,---,---,---,---,---,---,---,---,---,---,---,---,---,---,---,---,---,---,---,---,---,---,---,---,---,---,---,---,---,---,---,---,---,---,---,---,---,---,---,---,---,---,---,---,---,---,---,---,---,---,---,Sleep Timer set,,,
,,SLEEP OFF,16,38,30,16 38 30,X,X,---,---,---,---,---,---,---,---,---,---,---,---,---,---,---,---,---,---,---,---,---,---,---,---,---,---,---,---,---,---,---,---,---,---,---,---,---,---,---,---,---,---,---,---,---,---,---,---,---,---,---,---,---,---,---,---,---,---,---,---,---,---,---,---,---,Sleep Timer set: Off,,,
,,Input source Next,16,94,03,16 94 03,X,---,---,---,---,---,---,---,---,---,---,---,---,---,---,---,---,---,---,---,---,---,---,---,---,---,---,---,---,---,---,---,---,---,---,---,---,---,---,---,---,---,---,---,---,---,---,---,---,---,---,---,---,---,---,---,---,---,---,---,---,---,---,---,---,---,---,,,,
,,Input source Previous,16,94,04,16 94 04,X,---,---,---,---,---,---,---,---,---,---,---,---,---,---,---,---,---,---,---,---,---,---,---,---,---,---,---,---,---,---,---,---,---,---,---,---,---,---,---,---,---,---,---,---,---,---,---,---,---,---,---,---,---,---,---,---,---,---,---,---,---,---,---,---,---,---,,,,
,,Source Call,16,95,10,16 95 10,X,---,---,---,---,---,---,---,---,---,---,---,---,---,---,---,---,---,---,---,---,---,---,---,---,---,---,---,---,---,---,---,---,---,---,---,---,---,---,---,---,---,---,---,---,---,---,---,---,---,---,---,---,---,---,---,---,---,---,---,---,---,---,---,---,---,---,Turn On and select Main Zone Source Cal,,,
,,Blu-ray,16,95,12,16 95 12,X,---,---,---,---,---,---,---,---,---,---,---,---,---,---,---,---,---,---,---,---,---,---,---,---,---,---,---,---,---,---,---,---,---,---,---,---,---,---,---,---,---,---,---,---,---,---,---,---,---,---,---,---,---,---,---,---,---,---,---,---,---,---,---,---,---,---,Turn On and select Blu-ray,,,
,,Game,16,95,14,16 95 14,X,---,---,---,---,---,---,---,---,---,---,---,---,---,---,---,---,---,---,---,---,---,---,---,---,---,---,---,---,---,---,---,---,---,---,---,---,---,---,---,---,---,---,---,---,---,---,---,---,---,---,---,---,---,---,---,---,---,---,---,---,---,---,---,---,---,---,Turn On and select Game,,,
,,CD,16,94,11,16 94 11,X,X (CD/CD-R),---,---,---,---,---,---,---,---,---,---,---,---,---,---,---,---,---,---,---,---,---,---,---,---,---,---,---,---,---,---,---,---,---,---,---,---,---,---,---,---,---,---,---,---,---,---,---,---,---,---,---,---,---,---,---,---,---,---,---,---,---,---,---,---,---,Turn On and select CD,,,
,,TV AUDIO,16,94,15,16 94 15,X,X,---,---,---,---,---,---,---,---,---,---,---,---,---,---,---,---,---,---,---,---,---,---,---,---,---,---,---,---,---,---,---,---,---,---,---,---,---,---,---,---,---,---,---,---,---,---,---,---,---,---,---,---,---,---,---,---,---,---,---,---,---,---,---,---,---,Turn On and select TV AUDIO,,,
,,DVD,16,94,16,16 94 16,X,X,---,---,---,---,---,---,---,---,---,---,---,---,---,---,---,---,---,---,---,---,---,---,---,---,---,---,---,---,---,---,---,---,---,---,---,---,---,---,---,---,---,---,---,---,---,---,---,---,---,---,---,---,---,---,---,---,---,---,---,---,---,---,---,---,---,Turn On and select DVD,,,
,,MEDIAPLAYER,16,94,17,16 94 17,X,X,---,---,---,---,---,---,---,---,---,---,---,---,---,---,---,---,---,---,---,---,---,---,---,---,---,---,---,---,---,---,---,---,---,---,---,---,---,---,---,---,---,---,---,---,---,---,---,---,---,---,---,---,---,---,---,---,---,---,---,---,---,---,---,---,---,Turn On and select MEDIA PLAYER,,,
,,CBL/SAT,16,94,19,16 94 19,X,X (VCR2/DSS),---,---,---,---,---,---,---,---,---,---,---,---,---,---,---,---,---,---,---,---,---,---,---,---,---,---,---,---,---,---,---,---,---,---,---,---,---,---,---,---,---,---,---,---,---,---,---,---,---,---,---,---,---,---,---,---,---,---,---,---,---,---,---,---,---,Turn On and select CBL/SAT,,,
,,AUX1,16,94,20,16 94 20,X,X,---,---,---,---,---,---,---,---,---,---,---,---,---,---,---,---,---,---,---,---,---,---,---,---,---,---,---,---,---,---,---,---,---,---,---,---,---,---,---,---,---,---,---,---,---,---,---,---,---,---,---,---,---,---,---,---,---,---,---,---,---,---,---,---,---,Turn On and select AUX1,,,
,,AUX2,16,94,21,16 94 21,X,X (Network),---,---,---,---,---,---,---,---,---,---,---,---,---,---,---,---,---,---,---,---,---,---,---,---,---,---,---,---,---,---,---,---,---,---,---,---,---,---,---,---,---,---,---,---,---,---,---,---,---,---,---,---,---,---,---,---,---,---,---,---,---,---,---,---,---,Turn On and select AUX2,,,
,,AUX3(Additional Source),16,94,24,16 94 24,X,---,---,---,---,---,---,---,---,---,---,---,---,---,---,---,---,---,---,---,---,---,---,---,---,---,---,---,---,---,---,---,---,---,---,---,---,---,---,---,---,---,---,---,---,---,---,---,---,---,---,---,---,---,---,---,---,---,---,---,---,---,---,---,---,---,---,Turn On and select AUX3,,,
,,AUX4(Additional Source),16,94,25,16 94 25,X,---,---,---,---,---,---,---,---,---,---,---,---,---,---,---,---,---,---,---,---,---,---,---,---,---,---,---,---,---,---,---,---,---,---,---,---,---,---,---,---,---,---,---,---,---,---,---,---,---,---,---,---,---,---,---,---,---,---,---,---,---,---,---,---,---,---,Turn On and select AUX4,,,
,,AUX5(Additional Source),16,94,26,16 94 26,X,---,---,---,---,---,---,---,---,---,---,---,---,---,---,---,---,---,---,---,---,---,---,---,---,---,---,---,---,---,---,---,---,---,---,---,---,---,---,---,---,---,---,---,---,---,---,---,---,---,---,---,---,---,---,---,---,---,---,---,---,---,---,---,---,---,---,Turn On and select AUX5,,,
,,AUX6(Additional Source),16,94,27,16 94 27,X,---,---,---,---,---,---,---,---,---,---,---,---,---,---,---,---,---,---,---,---,---,---,---,---,---,---,---,---,---,---,---,---,---,---,---,---,---,---,---,---,---,---,---,---,---,---,---,---,---,---,---,---,---,---,---,---,---,---,---,---,---,---,---,---,---,---,Turn On and select AUX6,,,
,,AUX7(Additional Source),16,94,28,16 94 28,X,---,---,---,---,---,---,---,---,---,---,---,---,---,---,---,---,---,---,---,---,---,---,---,---,---,---,---,---,---,---,---,---,---,---,---,---,---,---,---,---,---,---,---,---,---,---,---,---,---,---,---,---,---,---,---,---,---,---,---,---,---,---,---,---,---,---,Turn On and select AUX7,,,
Code-2,,POWER ON/OFF,16,118,20,---,---,---,---,---,---,---,---,---,---,---,---,---,---,---,---,---,---,---,---,---,---,---,---,---,---,---,---,---,---,---,---,---,---,---,---,---,---,---,---,---,---,---,---,---,---,---,---,---,---,---,---,---,---,---,---,---,---,---,---,---,---,---,---,---,X,X,---,Power the unit On / Standby (Toggle),,,
,,POWER ON,16,118,21,---,---,---,---,---,---,---,---,---,---,---,---,---,---,---,---,---,---,---,---,---,---,---,---,---,---,---,---,---,---,---,---,---,---,---,---,---,---,---,---,---,---,---,---,---,---,---,---,---,---,---,---,---,---,---,---,---,---,---,---,---,---,---,---,---,X,X,---,Power On,,,
,,POWER OFF,16,118,22,---,---,---,---,---,---,---,---,---,---,---,---,---,---,---,---,---,---,---,---,---,---,---,---,---,---,---,---,---,---,---,---,---,---,---,---,---,---,---,---,---,---,---,---,---,---,---,---,---,---,---,---,---,---,---,---,---,---,---,---,---,---,---,---,---,X,X,---,Standby,,,
,,MUTE,16,118,23,---,---,---,---,---,---,---,---,---,---,---,---,---,---,---,---,---,---,---,---,---,---,---,---,---,---,---,---,---,---,---,---,---,---,---,---,---,---,---,---,---,---,---,---,---,---,---,---,---,---,---,---,---,---,---,---,---,---,---,---,---,---,---,---,---,X,X,---,Mute On & Off ( Toggle),,,
,,MUTE ON,16,118,24,---,---,---,---,---,---,---,---,---,---,---,---,---,---,---,---,---,---,---,---,---,---,---,---,---,---,---,---,---,---,---,---,---,---,---,---,---,---,---,---,---,---,---,---,---,---,---,---,---,---,---,---,---,---,---,---,---,---,---,---,---,---,---,---,---,X,X,---,Mute On,,,
,,MUTE OFF,16,118,25,---,---,---,---,---,---,---,---,---,---,---,---,---,---,---,---,---,---,---,---,---,---,---,---,---,---,---,---,---,---,---,---,---,---,---,---,---,---,---,---,---,---,---,---,---,---,---,---,---,---,---,---,---,---,---,---,---,---,---,---,---,---,---,---,---,X,X,---,Mute Off,,,
,,VOL +,16,118,26,---,---,---,---,---,---,---,---,---,---,---,---,---,---,---,---,---,---,---,---,---,---,---,---,---,---,---,---,---,---,---,---,---,---,---,---,---,---,---,---,---,---,---,---,---,---,---,---,---,---,---,---,---,---,---,---,---,---,---,---,---,---,---,---,---,X,X,---,Master volume up & mute off,,,
,,VOL -,16,118,27,---,---,---,---,---,---,---,---,---,---,---,---,---,---,---,---,---,---,---,---,---,---,---,---,---,---,---,---,---,---,---,---,---,---,---,---,---,---,---,---,---,---,---,---,---,---,---,---,---,---,---,---,---,---,---,---,---,---,---,---,---,---,---,---,---,X,X,---,Master volume down & mute off,,,
,,Direct VOLUME,16,109,00-61,---,---,---,---,---,---,---,---,---,---,---,---,---,---,---,---,---,---,---,---,---,---,---,---,---,---,---,---,---,---,---,---,---,---,---,---,---,---,---,---,---,---,---,---,---,---,---,---,---,---,---,---,---,---,---,---,---,---,---,---,---,---,---,---,---,X,---,---,,,,
,,SPEAKER Sel.,16,118,28,---,---,---,---,---,---,---,---,---,---,---,---,---,---,---,---,---,---,---,---,---,---,---,---,---,---,---,---,---,---,---,---,---,---,---,---,---,---,---,---,---,---,---,---,---,---,---,---,---,---,---,---,---,---,---,---,---,---,---,---,---,---,---,---,---,X,X,---,Select Speaker (SPKR-A> SPKR-B> SPKR-A+B> SPKR-Off>),,,
,,SPEAKER-A ON,16,118,29,---,---,---,---,---,---,---,---,---,---,---,---,---,---,---,---,---,---,---,---,---,---,---,---,---,---,---,---,---,---,---,---,---,---,---,---,---,---,---,---,---,---,---,---,---,---,---,---,---,---,---,---,---,---,---,---,---,---,---,---,---,---,---,---,---,X,X,---,Turn Speaker-A On,,,
,,SPEAKER-A OFF,16,118,30,---,---,---,---,---,---,---,---,---,---,---,---,---,---,---,---,---,---,---,---,---,---,---,---,---,---,---,---,---,---,---,---,---,---,---,---,---,---,---,---,---,---,---,---,---,---,---,---,---,---,---,---,---,---,---,---,---,---,---,---,---,---,---,---,---,X,X,---,Turn Speaker-A Off,,,
,,SPEAKER-B ON,16,118,31,---,---,---,---,---,---,---,---,---,---,---,---,---,---,---,---,---,---,---,---,---,---,---,---,---,---,---,---,---,---,---,---,---,---,---,---,---,---,---,---,---,---,---,---,---,---,---,---,---,---,---,---,---,---,---,---,---,---,---,---,---,---,---,---,---,X,X,---,Turn Speaker-B On,,,
,,SPEAKER-B OFF,16,118,32,---,---,---,---,---,---,---,---,---,---,---,---,---,---,---,---,---,---,---,---,---,---,---,---,---,---,---,---,---,---,---,---,---,---,---,---,---,---,---,---,---,---,---,---,---,---,---,---,---,---,---,---,---,---,---,---,---,---,---,---,---,---,---,---,---,X,X,---,Turn Speaker-B Off,,,
,,BASS +,16,118,33,---,---,---,---,---,---,---,---,---,---,---,---,---,---,---,---,---,---,---,---,---,---,---,---,---,---,---,---,---,---,---,---,---,---,---,---,---,---,---,---,---,---,---,---,---,---,---,---,---,---,---,---,---,---,---,---,---,---,---,---,---,---,---,---,---,X,X,---,Tone Control Bass Up,,,
,,BASS -,16,118,34,---,---,---,---,---,---,---,---,---,---,---,---,---,---,---,---,---,---,---,---,---,---,---,---,---,---,---,---,---,---,---,---,---,---,---,---,---,---,---,---,---,---,---,---,---,---,---,---,---,---,---,---,---,---,---,---,---,---,---,---,---,---,---,---,---,X,X,---,Tone Control Bass Down,,,
,,TREBLE +,16,118,35,---,---,---,---,---,---,---,---,---,---,---,---,---,---,---,---,---,---,---,---,---,---,---,---,---,---,---,---,---,---,---,---,---,---,---,---,---,---,---,---,---,---,---,---,---,---,---,---,---,---,---,---,---,---,---,---,---,---,---,---,---,---,---,---,---,X,X,---,Tone Control Treble  Up,,,
,,TREBLE -,16,118,36,---,---,---,---,---,---,---,---,---,---,---,---,---,---,---,---,---,---,---,---,---,---,---,---,---,---,---,---,---,---,---,---,---,---,---,---,---,---,---,---,---,---,---,---,---,---,---,---,---,---,---,---,---,---,---,---,---,---,---,---,---,---,---,---,---,X,X,---,Tone Control Treble Down,,,
,,SLEEP,16,118,37,---,---,---,---,---,---,---,---,---,---,---,---,---,---,---,---,---,---,---,---,---,---,---,---,---,---,---,---,---,---,---,---,---,---,---,---,---,---,---,---,---,---,---,---,---,---,---,---,---,---,---,---,---,---,---,---,---,---,---,---,---,---,---,---,---,X,X,---,Sleep Timer set (10min. step),,,
,,DISPLAY (Dimmer),16,118,38,---,---,---,---,---,---,---,---,---,---,---,---,---,---,---,---,---,---,---,---,---,---,---,---,---,---,---,---,---,---,---,---,---,---,---,---,---,---,---,---,---,---,---,---,---,---,---,---,---,---,---,---,---,---,---,---,---,---,---,---,---,---,---,---,---,X,X,---,FL Display mode(Input > Surround> Auto-off>off > ),,,
,,SOURCE DIRECT,16,118,39,---,---,---,---,---,---,---,---,---,---,---,---,---,---,---,---,---,---,---,---,---,---,---,---,---,---,---,---,---,---,---,---,---,---,---,---,---,---,---,---,---,---,---,---,---,---,---,---,---,---,---,---,---,---,---,---,---,---,---,---,---,---,---,---,---,X,X,---,Select Source Direct mode,,,
,,OK / OSD Menu,16,118,43,---,---,---,---,---,---,---,---,---,---,---,---,---,---,---,---,---,---,---,---,---,---,---,---,---,---,---,---,---,---,---,---,---,---,---,---,---,---,---,---,---,---,---,---,---,---,---,---,---,---,---,---,---,---,---,---,---,---,---,---,---,---,---,---,---,X,---,---,OSD menu On & OK,0000 0071 0000 0021 0040 0020 0020 0040 0040 0020 0020 0020 0020 0020 0020 00C1 0020 0020 0040 0040 0020 0020 0040 0040 0040 0040 0040 0040 0020 0020 0020 0AA9 0040 0020 0020 0040 0040 0020 0020 0020 0020 0020 0020 00C1 0020 0020 0040 0040 0020 0020 0040 0040 0040 0040 0040 0040 0020 0020 0020 0AA9 0040 0020 0020 0040 0040 0020 0020 0020 0020 04AA,,
,,CURSOR Up,16,118,44,---,---,---,---,---,---,---,---,---,---,---,---,---,---,---,---,---,---,---,---,---,---,---,---,---,---,---,---,---,---,---,---,---,---,---,---,---,---,---,---,---,---,---,---,---,---,---,---,---,---,---,---,---,---,---,---,---,---,---,---,---,---,---,---,---,X,---,---,Cursor Up,0000 0071 0000 001E 0040 0040 0020 0020 0040 0020 0020 0020 0020 0020 0020 00C1 0020 0020 0040 0040 0020 0020 0040 0040 0040 0040 0020 0020 0040 0020 0020 0AA9 0040 0040 0020 0020 0040 0020 0020 0020 0020 0020 0020 00C1 0020 0020 0040 0040 0020 0020 0040 0040 0040 0040 0020 0020 0040 0020 0020 0AA9 0040 0040 0007 04AA,,
,,CURSOR Down,16,118,45,---,---,---,---,---,---,---,---,---,---,---,---,---,---,---,---,---,---,---,---,---,---,---,---,---,---,---,---,---,---,---,---,---,---,---,---,---,---,---,---,---,---,---,---,---,---,---,---,---,---,---,---,---,---,---,---,---,---,---,---,---,---,---,---,---,X,---,---,Cursor Down,0000 0071 0000 001C 0040 0020 0020 0040 0040 0020 0020 0020 0020 0020 0020 00C1 0020 0020 0040 0040 0020 0020 0040 0040 0040 0040 0020 0020 0040 0040 0020 0AA9 0040 0020 0020 0040 0040 0020 0020 0020 0020 0020 0020 00C1 0020 0020 0040 0040 0020 0020 0040 0040 0040 0040 0020 0020 0040 0040 0020 04AA,,
,,CURSOR Left,16,118,46,---,---,---,---,---,---,---,---,---,---,---,---,---,---,---,---,---,---,---,---,---,---,---,---,---,---,---,---,---,---,---,---,---,---,---,---,---,---,---,---,---,---,---,---,---,---,---,---,---,---,---,---,---,---,---,---,---,---,---,---,---,---,---,---,---,X,---,---,Cursor Left,0000 0071 0000 0022 0040 0040 0020 0020 0040 0020 0020 0020 0020 0020 0020 00C1 0020 0020 0040 0040 0020 0020 0040 0040 0040 0040 0020 0020 0020 0020 0040 0AA9 0040 0040 0020 0020 0040 0020 0020 0020 0020 0020 0020 00C1 0020 0020 0040 0040 0020 0020 0040 0040 0040 0040 0020 0020 0020 0020 0040 0AA9 0040 0040 0020 0020 0040 0020 0020 0020 0020 0020 0020 04AA,,
,,CURSOR Right,16,118,47,---,---,---,---,---,---,---,---,---,---,---,---,---,---,---,---,---,---,---,---,---,---,---,---,---,---,---,---,---,---,---,---,---,---,---,---,---,---,---,---,---,---,---,---,---,---,---,---,---,---,---,---,---,---,---,---,---,---,---,---,---,---,---,---,---,X,---,---,Cursor Right,0000 0071 0000 001E 0040 0020 0020 0040 0040 0020 0020 0020 0020 0020 0020 00C1 0020 0020 0040 0040 0020 0020 0040 0040 0040 0040 0020 0020 0020 0020 0020 0020 0020 0AA9 0040 0020 0020 0040 0040 0020 0020 0020 0020 0020 0020 00C1 0020 0020 0040 0040 0020 0020 0040 0040 0040 0040 0020 0020 0020 0020 0020 0020 0020 04AA,,
,,OSD Info.,16,118,48,---,---,---,---,---,---,---,---,---,---,---,---,---,---,---,---,---,---,---,---,---,---,---,---,---,---,---,---,---,---,---,---,---,---,---,---,---,---,---,---,---,---,---,---,---,---,---,---,---,---,---,---,---,---,---,---,---,---,---,---,---,---,---,---,---,X,---,---,OSD Menu On,0000 0071 0000 0021 0040 0020 0020 0040 0040 0020 0020 0020 0020 0020 0020 00C1 0020 0020 0040 0040 0020 0020 0040 0040 0040 0040 0040 0040 0020 0020 0020 0AA9 0040 0020 0020 0040 0040 0020 0020 0020 0020 0020 0020 00C1 0020 0020 0040 0040 0020 0020 0040 0040 0040 0040 0040 0040 0020 0020 0020 0AA9 0040 0020 0020 0040 0040 0020 0020 0020 0020 04AA,,
,,Setup,16,118,49,---,---,---,---,---,---,---,---,---,---,---,---,---,---,---,---,---,---,---,---,---,---,---,---,---,---,---,---,---,---,---,---,---,---,---,---,---,---,---,---,---,---,---,---,---,---,---,---,---,---,---,---,---,---,---,---,---,---,---,---,---,---,---,---,---,X,---,---,Go to Setup menu,0000 0071 0000 0024 0040 0020 0020 0040 0040 0020 0020 0020 0020 0020 0020 00C1 0020 0020 0040 0040 0020 0020 0040 0040 0020 0020 0040 0020 0020 0020 0020 0040 0020 0AA9 0040 0020 0020 0040 0040 0020 0020 0020 0020 0020 0020 00C1 0020 0020 0040 0040 0020 0020 0040 0040 0020 0020 0040 0020 0020 0020 0020 0040 0020 0AA9 0040 0020 0020 0040 0040 0020 0020 0020 0020 0020 0020 04AA,,
,,BALANCE RIGHT,16,118,49,---,---,---,---,---,---,---,---,---,---,---,---,---,---,---,---,---,---,---,---,---,---,---,---,---,---,---,---,---,---,---,---,---,---,---,---,---,---,---,---,---,---,---,---,---,---,---,---,---,---,---,---,---,---,---,---,---,---,---,---,---,---,---,---,---,---,X,---,Balance Control (Right Up),,,
,,BALANCE LEFT,16,118,50,---,---,---,---,---,---,---,---,---,---,---,---,---,---,---,---,---,---,---,---,---,---,---,---,---,---,---,---,---,---,---,---,---,---,---,---,---,---,---,---,---,---,---,---,---,---,---,---,---,---,---,---,---,---,---,---,---,---,---,---,---,---,---,---,---,---,X,---,Balance Control (Left Up),,,
,,INPUT NEXT,16,118,51,---,---,---,---,---,---,---,---,---,---,---,---,---,---,---,---,---,---,---,---,---,---,---,---,---,---,---,---,---,---,---,---,---,---,---,---,---,---,---,---,---,---,---,---,---,---,---,---,---,---,---,---,---,---,---,---,---,---,---,---,---,---,---,---,---,---,X,---,Switch Input forward,,,
,,INPUT BACK,16,118,52,---,---,---,---,---,---,---,---,---,---,---,---,---,---,---,---,---,---,---,---,---,---,---,---,---,---,---,---,---,---,---,---,---,---,---,---,---,---,---,---,---,---,---,---,---,---,---,---,---,---,---,---,---,---,---,---,---,---,---,---,---,---,---,---,---,---,X,---,Switch Input backward,,,
,,SLEEP OFF,16,118,53,---,---,---,---,---,---,---,---,---,---,---,---,---,---,---,---,---,---,---,---,---,---,---,---,---,---,---,---,---,---,---,---,---,---,---,---,---,---,---,---,---,---,---,---,---,---,---,---,---,---,---,---,---,---,---,---,---,---,---,---,---,---,---,---,---,X,---,---,Sleep mode  Off,0000 0071 0000 001D 0040 0040 0020 0020 0040 0020 0020 0020 0020 0020 0020 00C1 0020 0020 0040 0040 0020 0020 0040 0040 0020 0020 0040 0040 0040 0040 0020 0AA9 0040 0040 0020 0020 0040 0020 0020 0020 0020 0020 0020 00C1 0020 0020 0040 0040 0020 0020 0040 0040 0020 0020 0040 0040 0040 0040 0020 0AA9 0040 04AA,,
,,SLEEP 30,16,118,54,---,---,---,---,---,---,---,---,---,---,---,---,---,---,---,---,---,---,---,---,---,---,---,---,---,---,---,---,---,---,---,---,---,---,---,---,---,---,---,---,---,---,---,---,---,---,---,---,---,---,---,---,---,---,---,---,---,---,---,---,---,---,---,---,---,X,---,---,Set the sleep mode: 30min,0000 0071 0000 001C 0040 0020 0020 0040 0040 0020 0020 0020 0020 0020 0020 00C1 0020 0020 0040 0040 0020 0020 0040 0040 0020 0020 0040 0040 0020 0020 0040 0AA9 0040 0020 0020 0040 0040 0020 0020 0020 0020 0020 0020 00C1 0020 0020 0040 0040 0020 0020 0040 0040 0020 0020 0040 0040 0020 0020 0040 04AA,,
,,SLEEP 60,16,118,55,---,---,---,---,---,---,---,---,---,---,---,---,---,---,---,---,---,---,---,---,---,---,---,---,---,---,---,---,---,---,---,---,---,---,---,---,---,---,---,---,---,---,---,---,---,---,---,---,---,---,---,---,---,---,---,---,---,---,---,---,---,---,---,---,---,X,---,---,Set the sleep mode: 60min,0000 0071 0000 001F 0040 0040 0020 0020 0040 0020 0020 0020 0020 0020 0020 00C1 0020 0020 0040 0040 0020 0020 0040 0040 0020 0020 0040 0040 0020 0020 0020 0020 0020 0AA9 0040 0040 0020 0020 0040 0020 0020 0020 0020 0020 0020 00C1 0020 0020 0040 0040 0020 0020 0040 0040 0020 0020 0040 0040 0020 0020 0020 0020 0020 0AA9 0040 04AA,,
,,SLEEP 90,16,118,56,---,---,---,---,---,---,---,---,---,---,---,---,---,---,---,---,---,---,---,---,---,---,---,---,---,---,---,---,---,---,---,---,---,---,---,---,---,---,---,---,---,---,---,---,---,---,---,---,---,---,---,---,---,---,---,---,---,---,---,---,---,---,---,---,---,X,---,---,Set the sleep mode: 90min,0000 0071 0000 001E 0040 0020 0020 0040 0040 0020 0020 0020 0020 0020 0020 00C1 0020 0020 0040 0040 0020 0020 0040 0040 0020 0020 0020 0020 0040 0020 0020 0020 0020 0AA9 0040 0020 0020 0040 0040 0020 0020 0020 0020 0020 0020 00C1 0020 0020 0040 0040 0020 0020 0040 0040 0020 0020 0020 0020 0040 0020 0020 0020 0020 04AA,,
,,SLEEP 120,16,118,57,---,---,---,---,---,---,---,---,---,---,---,---,---,---,---,---,---,---,---,---,---,---,---,---,---,---,---,---,---,---,---,---,---,---,---,---,---,---,---,---,---,---,---,---,---,---,---,---,---,---,---,---,---,---,---,---,---,---,---,---,---,---,---,---,---,X,---,---,Set the sleep mode: 120min,0000 0071 0000 0020 0040 0020 0020 0040 0040 0020 0020 0020 0020 0020 0020 00C1 0020 0020 0040 0040 0020 0020 0040 0040 0020 0020 0020 0020 0040 0020 0020 0040 0020 0AA5 0040 0020 0020 0040 0040 0020 0020 0020 0020 0020 0020 00C1 0020 0020 0040 0040 0020 0020 0040 0040 0020 0020 0020 0020 0040 0020 0020 0040 0020 0AA5 0040 0020 0020 04A8,,
,,INPUT NEXT,16,118,58,---,---,---,---,---,---,---,---,---,---,---,---,---,---,---,---,---,---,---,---,---,---,---,---,---,---,---,---,---,---,---,---,---,---,---,---,---,---,---,---,---,---,---,---,---,---,---,---,---,---,---,---,---,---,---,---,---,---,---,---,---,---,---,---,---,X,---,---,Go to next input,0000 0071 0000 001C 0040 0040 0020 0020 0040 0020 0020 0020 0020 0020 0020 00C1 0020 0020 0040 0040 0020 0020 0040 0040 0020 0020 0020 0020 0040 0040 0040 0AA5 0040 0040 0020 0020 0040 0020 0020 0020 0020 0020 0020 00C1 0020 0020 0040 0040 0020 0020 0040 0040 0020 0020 0020 0020 0040 0040 0040 04A8,,
,,INPUT BACK,16,118,59,---,---,---,---,---,---,---,---,---,---,---,---,---,---,---,---,---,---,---,---,---,---,---,---,---,---,---,---,---,---,---,---,---,---,---,---,---,---,---,---,---,---,---,---,---,---,---,---,---,---,---,---,---,---,---,---,---,---,---,---,---,---,---,---,---,X,---,---,Back to previous input,0000 0071 0000 001E 0040 0020 0020 0040 0040 0020 0020 0020 0020 0020 0020 00C1 0020 0020 0040 0040 0020 0020 0040 0040 0020 0020 0020 0020 0040 0040 0020 0020 0020 0AA5 0040 0020 0020 0040 0040 0020 0020 0020 0020 0020 0020 00C1 0020 0020 0040 0040 0020 0020 0040 0040 0020 0020 0020 0020 0040 0040 0020 0020 0020 04A8,,
,,Enter,16,118,04,---,---,---,---,---,---,---,---,---,---,---,---,---,---,---,---,---,---,---,---,---,---,---,---,---,---,---,---,---,---,---,---,---,---,---,---,---,---,---,---,---,---,---,---,---,---,---,---,---,---,---,---,---,---,---,---,---,---,---,---,---,---,---,---,---,X,---,---,Enter,0000 0071 0000 0025 0040 0040 0020 0020 0040 0020 0020 0020 0020 0020 0020 00C1 0020 0020 0040 0040 0020 0020 0040 0020 0020 0020 0020 0020 0020 0040 0040 0020 0020 0AA5 0040 0040 0020 0020 0040 0020 0020 0020 0020 0020 0020 00C1 0020 0020 0040 0040 0020 0020 0040 0020 0020 0020 0020 0020 0020 0040 0040 0020 0020 0AA5 0040 0040 0020 0020 0040 0020 0020 0020 0020 0020 0020 00C1 0020 04A8,,
,,DVD,16,118,10,---,---,---,---,---,---,---,---,---,---,---,---,---,---,---,---,---,---,---,---,---,---,---,---,---,---,---,---,---,---,---,---,---,---,---,---,---,---,---,---,---,---,---,---,---,---,---,---,---,---,---,---,---,---,---,---,---,---,---,---,---,---,---,---,---,X,X,---,Select DVD,,,
,,VCR1,16,118,11,---,---,---,---,---,---,---,---,---,---,---,---,---,---,---,---,---,---,---,---,---,---,---,---,---,---,---,---,---,---,---,---,---,---,---,---,---,---,---,---,---,---,---,---,---,---,---,---,---,---,---,---,---,---,---,---,---,---,---,---,---,---,---,---,---,X,X,---,Select VCR1,,,
,,DSS,16,118,12,---,---,---,---,---,---,---,---,---,---,---,---,---,---,---,---,---,---,---,---,---,---,---,---,---,---,---,---,---,---,---,---,---,---,---,---,---,---,---,---,---,---,---,---,---,---,---,---,---,---,---,---,---,---,---,---,---,---,---,---,---,---,---,---,---,X,X,---,Select VCR2,,,
,,AUX1,16,118,13,---,---,---,---,---,---,---,---,---,---,---,---,---,---,---,---,---,---,---,---,---,---,---,---,---,---,---,---,---,---,---,---,---,---,---,---,---,---,---,---,---,---,---,---,---,---,---,---,---,---,---,---,---,---,---,---,---,---,---,---,---,---,---,---,---,X,X,---,Select Front AUX1 input,,,
,,RECODER 1,16,118,14,---,---,---,---,---,---,---,---,---,---,---,---,---,---,---,---,---,---,---,---,---,---,---,---,---,---,---,---,---,---,---,---,---,---,---,---,---,---,---,---,---,---,---,---,---,---,---,---,---,---,---,---,---,---,---,---,---,---,---,---,---,---,---,---,---,X,X,---,Select RECORDER 1 input,,,
,,RECODER 2,16,118,15,---,---,---,---,---,---,---,---,---,---,---,---,---,---,---,---,---,---,---,---,---,---,---,---,---,---,---,---,---,---,---,---,---,---,---,---,---,---,---,---,---,---,---,---,---,---,---,---,---,---,---,---,---,---,---,---,---,---,---,---,---,---,---,---,---,X,X,---,Select RECORDER 2 input,,,
,,CD,16,118,16,---,---,---,---,---,---,---,---,---,---,---,---,---,---,---,---,---,---,---,---,---,---,---,---,---,---,---,---,---,---,---,---,---,---,---,---,---,---,---,---,---,---,---,---,---,---,---,---,---,---,---,---,---,---,---,---,---,---,---,---,---,---,---,---,---,X,X,---,Select CD,,,
,,PHONO,16,118,17,---,---,---,---,---,---,---,---,---,---,---,---,---,---,---,---,---,---,---,---,---,---,---,---,---,---,---,---,---,---,---,---,---,---,---,---,---,---,---,---,---,---,---,---,---,---,---,---,---,---,---,---,---,---,---,---,---,---,---,---,---,---,---,---,---,X,X,---,Select PHONO,,,
,,TUNER-1,16,118,18,---,---,---,---,---,---,---,---,---,---,---,---,---,---,---,---,---,---,---,---,---,---,---,---,---,---,---,---,---,---,---,---,---,---,---,---,---,---,---,---,---,---,---,---,---,---,---,---,---,---,---,---,---,---,---,---,---,---,---,---,---,---,---,---,---,X,X,---,Select Tuner-1 or Change BAND (> FM > AM >LW),,,
,,[Tuner-1] 0,17,00,04,---,---,---,---,---,---,---,---,---,---,---,---,---,---,---,---,---,---,---,---,---,---,---,---,---,---,---,---,---,---,---,---,---,---,---,---,---,---,---,---,---,---,---,---,---,---,---,---,---,---,---,---,---,---,---,---,---,---,---,---,---,---,---,---,---,X,X,---,Ten Key 0 ( Pre set No. or Frequency) for Tuner-1,,,
,,[Tuner-1] 1,17,01,04,---,---,---,---,---,---,---,---,---,---,---,---,---,---,---,---,---,---,---,---,---,---,---,---,---,---,---,---,---,---,---,---,---,---,---,---,---,---,---,---,---,---,---,---,---,---,---,---,---,---,---,---,---,---,---,---,---,---,---,---,---,---,---,---,---,X,X,---,Ten Key 1 ( Pre set No. or Frequency) for Tuner-1,,,
,,[Tuner-1] 2,17,02,04,---,---,---,---,---,---,---,---,---,---,---,---,---,---,---,---,---,---,---,---,---,---,---,---,---,---,---,---,---,---,---,---,---,---,---,---,---,---,---,---,---,---,---,---,---,---,---,---,---,---,---,---,---,---,---,---,---,---,---,---,---,---,---,---,---,X,X,---,Ten Key 2 ( Pre set No. or Frequency) for Tuner-1,,,
,,[Tuner-1] 3,17,03,04,---,---,---,---,---,---,---,---,---,---,---,---,---,---,---,---,---,---,---,---,---,---,---,---,---,---,---,---,---,---,---,---,---,---,---,---,---,---,---,---,---,---,---,---,---,---,---,---,---,---,---,---,---,---,---,---,---,---,---,---,---,---,---,---,---,X,X,---,Ten Key 3 ( Pre set No. or Frequency) for Tuner-1,,,
,,[Tuner-1] 4,17,04,04,---,---,---,---,---,---,---,---,---,---,---,---,---,---,---,---,---,---,---,---,---,---,---,---,---,---,---,---,---,---,---,---,---,---,---,---,---,---,---,---,---,---,---,---,---,---,---,---,---,---,---,---,---,---,---,---,---,---,---,---,---,---,---,---,---,X,X,---,Ten Key 4 ( Pre set No. or Frequency) for Tuner-1,,,
Code-2,,[Tuner-1] 5,17,05,04,---,---,---,---,---,---,---,---,---,---,---,---,---,---,---,---,---,---,---,---,---,---,---,---,---,---,---,---,---,---,---,---,---,---,---,---,---,---,---,---,---,---,---,---,---,---,---,---,---,---,---,---,---,---,---,---,---,---,---,---,---,---,---,---,---,X,X,---,Ten Key 5 ( Pre set No. or Frequency) for Tuner-1,,,
,,[Tuner-1] 6,17,06,04,---,---,---,---,---,---,---,---,---,---,---,---,---,---,---,---,---,---,---,---,---,---,---,---,---,---,---,---,---,---,---,---,---,---,---,---,---,---,---,---,---,---,---,---,---,---,---,---,---,---,---,---,---,---,---,---,---,---,---,---,---,---,---,---,---,X,X,---,Ten Key 6 ( Pre set No. or Frequency) for Tuner-1,,,
,,[Tuner-1] 7,17,07,04,---,---,---,---,---,---,---,---,---,---,---,---,---,---,---,---,---,---,---,---,---,---,---,---,---,---,---,---,---,---,---,---,---,---,---,---,---,---,---,---,---,---,---,---,---,---,---,---,---,---,---,---,---,---,---,---,---,---,---,---,---,---,---,---,---,X,X,---,Ten Key 7 ( Pre set No. or Frequency) for Tuner-1,,,
,,[Tuner-1] 8,17,08,04,---,---,---,---,---,---,---,---,---,---,---,---,---,---,---,---,---,---,---,---,---,---,---,---,---,---,---,---,---,---,---,---,---,---,---,---,---,---,---,---,---,---,---,---,---,---,---,---,---,---,---,---,---,---,---,---,---,---,---,---,---,---,---,---,---,X,X,---,Ten Key 8 ( Pre set No. or Frequency) for Tuner-1,,,
,,[Tuner-1] 9,17,09,04,---,---,---,---,---,---,---,---,---,---,---,---,---,---,---,---,---,---,---,---,---,---,---,---,---,---,---,---,---,---,---,---,---,---,---,---,---,---,---,---,---,---,---,---,---,---,---,---,---,---,---,---,---,---,---,---,---,---,---,---,---,---,---,---,---,X,X,---,Ten Key 9 ( Pre set No. or Frequency) for Tuner-1,,,
,,[Tuner-1] FREQ.-DIRECT,17,11,04,---,---,---,---,---,---,---,---,---,---,---,---,---,---,---,---,---,---,---,---,---,---,---,---,---,---,---,---,---,---,---,---,---,---,---,---,---,---,---,---,---,---,---,---,---,---,---,---,---,---,---,---,---,---,---,---,---,---,---,---,---,---,---,---,---,X,X,---,Change to Direct Frequency input mode for Tuner-1,,,
,,[Tuner-1] DISPLAY MODE,17,15,04,---,---,---,---,---,---,---,---,---,---,---,---,---,---,---,---,---,---,---,---,---,---,---,---,---,---,---,---,---,---,---,---,---,---,---,---,---,---,---,---,---,---,---,---,---,---,---,---,---,---,---,---,---,---,---,---,---,---,---,---,---,---,---,---,---,X,X,---,Toggle Display mode,,,
,,[Tuner-1] FREQ.(tuning) Up +,17,30,04,---,---,---,---,---,---,---,---,---,---,---,---,---,---,---,---,---,---,---,---,---,---,---,---,---,---,---,---,---,---,---,---,---,---,---,---,---,---,---,---,---,---,---,---,---,---,---,---,---,---,---,---,---,---,---,---,---,---,---,---,---,---,---,---,---,X,X,---,Frequency(Scan) up for Tuner-1,,,
,,[Tuner-1] FREQ.(tuning) Down -,17,31,04,---,---,---,---,---,---,---,---,---,---,---,---,---,---,---,---,---,---,---,---,---,---,---,---,---,---,---,---,---,---,---,---,---,---,---,---,---,---,---,---,---,---,---,---,---,---,---,---,---,---,---,---,---,---,---,---,---,---,---,---,---,---,---,---,---,X,X,---,Frequency(Scan) down for Tuner-1,,,
,,[Tuner-1] PRESET Up +,17,32,04,---,---,---,---,---,---,---,---,---,---,---,---,---,---,---,---,---,---,---,---,---,---,---,---,---,---,---,---,---,---,---,---,---,---,---,---,---,---,---,---,---,---,---,---,---,---,---,---,---,---,---,---,---,---,---,---,---,---,---,---,---,---,---,---,---,X,X,---,Preset(Skip) up for Tuner-1,,,
,,[Tuner-1] PRESET Down -,17,33,04,---,---,---,---,---,---,---,---,---,---,---,---,---,---,---,---,---,---,---,---,---,---,---,---,---,---,---,---,---,---,---,---,---,---,---,---,---,---,---,---,---,---,---,---,---,---,---,---,---,---,---,---,---,---,---,---,---,---,---,---,---,---,---,---,---,X,X,---,Preset(Skip) down for Tuner-1,,,
,,[Tuner-1] T-MODE,17,37,04,---,---,---,---,---,---,---,---,---,---,---,---,---,---,---,---,---,---,---,---,---,---,---,---,---,---,---,---,---,---,---,---,---,---,---,---,---,---,---,---,---,---,---,---,---,---,---,---,---,---,---,---,---,---,---,---,---,---,---,---,---,---,---,---,---,X,X,---,FM MODE (Auto Stereo / Mono) for Tuner-1,,,
,,[Tuner-1] MEMO,17,41,04,---,---,---,---,---,---,---,---,---,---,---,---,---,---,---,---,---,---,---,---,---,---,---,---,---,---,---,---,---,---,---,---,---,---,---,---,---,---,---,---,---,---,---,---,---,---,---,---,---,---,---,---,---,---,---,---,---,---,---,---,---,---,---,---,---,X,X,---,Memory for Tuner-1,,,
,,[Tuner-1] PRESET SCAN,17,43,04,---,---,---,---,---,---,---,---,---,---,---,---,---,---,---,---,---,---,---,---,---,---,---,---,---,---,---,---,---,---,---,---,---,---,---,---,---,---,---,---,---,---,---,---,---,---,---,---,---,---,---,---,---,---,---,---,---,---,---,---,---,---,---,---,---,X,X,---,Start Preset Scan for Tuner-1,,,
,,[Tuner-1] FM,17,45,04,---,---,---,---,---,---,---,---,---,---,---,---,---,---,---,---,---,---,---,---,---,---,---,---,---,---,---,---,---,---,---,---,---,---,---,---,---,---,---,---,---,---,---,---,---,---,---,---,---,---,---,---,---,---,---,---,---,---,---,---,---,---,---,---,---,X,X,---,Select FM for Tuner-1,,,
,,[Tuner-1] AM,17,46,04,---,---,---,---,---,---,---,---,---,---,---,---,---,---,---,---,---,---,---,---,---,---,---,---,---,---,---,---,---,---,---,---,---,---,---,---,---,---,---,---,---,---,---,---,---,---,---,---,---,---,---,---,---,---,---,---,---,---,---,---,---,---,---,---,---,X,X,---,Select AM for Tuner-1,,,
,,[Tuner-1] BAND,17,47,04,---,---,---,---,---,---,---,---,---,---,---,---,---,---,---,---,---,---,---,---,---,---,---,---,---,---,---,---,---,---,---,---,---,---,---,---,---,---,---,---,---,---,---,---,---,---,---,---,---,---,---,---,---,---,---,---,---,---,---,---,---,---,---,---,---,X,X,---,Select FM and AM (Toggle),,,
,,[Tuner-1] CLEAR,17,58,04,---,---,---,---,---,---,---,---,---,---,---,---,---,---,---,---,---,---,---,---,---,---,---,---,---,---,---,---,---,---,---,---,---,---,---,---,---,---,---,---,---,---,---,---,---,---,---,---,---,---,---,---,---,---,---,---,---,---,---,---,---,---,---,---,---,X,X,---,Clear for Tuner-1,,,
,,[Tuner-1] PTY,17,120,04,---,---,---,---,---,---,---,---,---,---,---,---,---,---,---,---,---,---,---,---,---,---,---,---,---,---,---,---,---,---,---,---,---,---,---,---,---,---,---,---,---,---,---,---,---,---,---,---,---,---,---,---,---,---,---,---,---,---,---,---,---,---,---,---,---,X,X,---,Select Program Type for RDS,,,
Code-3,,POWER ON/OFF,16,119,20,---,---,---,---,---,---,---,---,---,---,---,---,---,---,---,---,---,---,---,---,---,---,---,---,---,---,---,---,---,---,---,---,---,---,---,---,---,---,---,---,---,---,---,---,---,---,---,---,---,---,---,---,---,---,---,---,---,---,---,---,---,---,---,---,---,X,X,---,Power the unit On / Standby (Toggle),,,
,,POWER ON,16,119,21,---,---,---,---,---,---,---,---,---,---,---,---,---,---,---,---,---,---,---,---,---,---,---,---,---,---,---,---,---,---,---,---,---,---,---,---,---,---,---,---,---,---,---,---,---,---,---,---,---,---,---,---,---,---,---,---,---,---,---,---,---,---,---,---,---,X,X,---,Power On,,,
,,POWER OFF,16,119,22,---,---,---,---,---,---,---,---,---,---,---,---,---,---,---,---,---,---,---,---,---,---,---,---,---,---,---,---,---,---,---,---,---,---,---,---,---,---,---,---,---,---,---,---,---,---,---,---,---,---,---,---,---,---,---,---,---,---,---,---,---,---,---,---,---,X,X,---,Standby,,,
,,MUTE,16,119,23,---,---,---,---,---,---,---,---,---,---,---,---,---,---,---,---,---,---,---,---,---,---,---,---,---,---,---,---,---,---,---,---,---,---,---,---,---,---,---,---,---,---,---,---,---,---,---,---,---,---,---,---,---,---,---,---,---,---,---,---,---,---,---,---,---,X,X,---,Mute On & Off ( Toggle),,,
,,MUTE ON,16,119,24,---,---,---,---,---,---,---,---,---,---,---,---,---,---,---,---,---,---,---,---,---,---,---,---,---,---,---,---,---,---,---,---,---,---,---,---,---,---,---,---,---,---,---,---,---,---,---,---,---,---,---,---,---,---,---,---,---,---,---,---,---,---,---,---,---,X,X,---,Mute On,,,
,,MUTE OFF,16,119,25,---,---,---,---,---,---,---,---,---,---,---,---,---,---,---,---,---,---,---,---,---,---,---,---,---,---,---,---,---,---,---,---,---,---,---,---,---,---,---,---,---,---,---,---,---,---,---,---,---,---,---,---,---,---,---,---,---,---,---,---,---,---,---,---,---,X,X,---,Mute Off,,,
,,VOL +,16,119,26,---,---,---,---,---,---,---,---,---,---,---,---,---,---,---,---,---,---,---,---,---,---,---,---,---,---,---,---,---,---,---,---,---,---,---,---,---,---,---,---,---,---,---,---,---,---,---,---,---,---,---,---,---,---,---,---,---,---,---,---,---,---,---,---,---,X,X,---,Master volume up & mute off,,,
,,VOL -,16,119,27,---,---,---,---,---,---,---,---,---,---,---,---,---,---,---,---,---,---,---,---,---,---,---,---,---,---,---,---,---,---,---,---,---,---,---,---,---,---,---,---,---,---,---,---,---,---,---,---,---,---,---,---,---,---,---,---,---,---,---,---,---,---,---,---,---,X,X,---,Master volume down & mute off,,,
,,Direct VOLUME,16,110,00-61,---,---,---,---,---,---,---,---,---,---,---,---,---,---,---,---,---,---,---,---,---,---,---,---,---,---,---,---,---,---,---,---,---,---,---,---,---,---,---,---,---,---,---,---,---,---,---,---,---,---,---,---,---,---,---,---,---,---,---,---,---,---,---,---,---,X,---,---,,,,
,,SPEAKER Sel.,16,119,28,---,---,---,---,---,---,---,---,---,---,---,---,---,---,---,---,---,---,---,---,---,---,---,---,---,---,---,---,---,---,---,---,---,---,---,---,---,---,---,---,---,---,---,---,---,---,---,---,---,---,---,---,---,---,---,---,---,---,---,---,---,---,---,---,---,X,X,---,Select Speaker (SPKR-A> SPKR-B> SPKR-A+B> SPKR-Off>),,,
,,SPEAKER-A ON,16,119,29,---,---,---,---,---,---,---,---,---,---,---,---,---,---,---,---,---,---,---,---,---,---,---,---,---,---,---,---,---,---,---,---,---,---,---,---,---,---,---,---,---,---,---,---,---,---,---,---,---,---,---,---,---,---,---,---,---,---,---,---,---,---,---,---,---,X,X,---,Turn Speaker-A On,,,
,,SPEAKER-A OFF,16,119,30,---,---,---,---,---,---,---,---,---,---,---,---,---,---,---,---,---,---,---,---,---,---,---,---,---,---,---,---,---,---,---,---,---,---,---,---,---,---,---,---,---,---,---,---,---,---,---,---,---,---,---,---,---,---,---,---,---,---,---,---,---,---,---,---,---,X,X,---,Turn Speaker-A Off,,,
,,SPEAKER-B ON,16,119,31,---,---,---,---,---,---,---,---,---,---,---,---,---,---,---,---,---,---,---,---,---,---,---,---,---,---,---,---,---,---,---,---,---,---,---,---,---,---,---,---,---,---,---,---,---,---,---,---,---,---,---,---,---,---,---,---,---,---,---,---,---,---,---,---,---,X,X,---,Turn Speaker-B On,,,
,,SPEAKER-B OFF,16,119,32,---,---,---,---,---,---,---,---,---,---,---,---,---,---,---,---,---,---,---,---,---,---,---,---,---,---,---,---,---,---,---,---,---,---,---,---,---,---,---,---,---,---,---,---,---,---,---,---,---,---,---,---,---,---,---,---,---,---,---,---,---,---,---,---,---,X,X,---,Turn Speaker-B Off,,,
,,BASS +,16,119,33,---,---,---,---,---,---,---,---,---,---,---,---,---,---,---,---,---,---,---,---,---,---,---,---,---,---,---,---,---,---,---,---,---,---,---,---,---,---,---,---,---,---,---,---,---,---,---,---,---,---,---,---,---,---,---,---,---,---,---,---,---,---,---,---,---,X,X,---,Tone Control Bass Up,,,
,,BASS -,16,119,34,---,---,---,---,---,---,---,---,---,---,---,---,---,---,---,---,---,---,---,---,---,---,---,---,---,---,---,---,---,---,---,---,---,---,---,---,---,---,---,---,---,---,---,---,---,---,---,---,---,---,---,---,---,---,---,---,---,---,---,---,---,---,---,---,---,X,X,---,Tone Control Bass Down,,,
,,TREBLE +,16,119,35,---,---,---,---,---,---,---,---,---,---,---,---,---,---,---,---,---,---,---,---,---,---,---,---,---,---,---,---,---,---,---,---,---,---,---,---,---,---,---,---,---,---,---,---,---,---,---,---,---,---,---,---,---,---,---,---,---,---,---,---,---,---,---,---,---,X,X,---,Tone Control Treble  Up,,,
,,TREBLE -,16,119,36,---,---,---,---,---,---,---,---,---,---,---,---,---,---,---,---,---,---,---,---,---,---,---,---,---,---,---,---,---,---,---,---,---,---,---,---,---,---,---,---,---,---,---,---,---,---,---,---,---,---,---,---,---,---,---,---,---,---,---,---,---,---,---,---,---,X,X,---,Tone Control Treble Down,,,
,,SLEEP,16,119,37,---,---,---,---,---,---,---,---,---,---,---,---,---,---,---,---,---,---,---,---,---,---,---,---,---,---,---,---,---,---,---,---,---,---,---,---,---,---,---,---,---,---,---,---,---,---,---,---,---,---,---,---,---,---,---,---,---,---,---,---,---,---,---,---,---,X,X,---,Sleep Timer set (10min. step),,,
,,DISPLAY (Dimmer),16,119,38,---,---,---,---,---,---,---,---,---,---,---,---,---,---,---,---,---,---,---,---,---,---,---,---,---,---,---,---,---,---,---,---,---,---,---,---,---,---,---,---,---,---,---,---,---,---,---,---,---,---,---,---,---,---,---,---,---,---,---,---,---,---,---,---,---,X,X,---,FL Display mode(Input > Surround> Auto-off>off > ),,,
,,SOURCE DIRECT,16,119,39,---,---,---,---,---,---,---,---,---,---,---,---,---,---,---,---,---,---,---,---,---,---,---,---,---,---,---,---,---,---,---,---,---,---,---,---,---,---,---,---,---,---,---,---,---,---,---,---,---,---,---,---,---,---,---,---,---,---,---,---,---,---,---,---,---,X,X,---,Select Source Direct mode,,,
,,OK / OSD Menu,16,119,43,---,---,---,---,---,---,---,---,---,---,---,---,---,---,---,---,---,---,---,---,---,---,---,---,---,---,---,---,---,---,---,---,---,---,---,---,---,---,---,---,---,---,---,---,---,---,---,---,---,---,---,---,---,---,---,---,---,---,---,---,---,---,---,---,---,X,---,---,OSD menu On & OK,0000 0071 0000 001E 0040 0040 0020 0020 0040 0020 0020 0020 0020 0020 0020 00C0 0020 0020 0040 0040 0020 0020 0020 0020 0020 0020 0040 0040 0040 0040 0020 0020 0020 0AA2 0040 0040 0020 0020 0040 0020 0020 0020 0020 0020 0020 00C0 0020 0020 0040 0040 0020 0020 0020 0020 0020 0020 0040 0040 0040 0040 0020 0020 0020 04A7,,
,,CURSOR Up,16,119,44,---,---,---,---,---,---,---,---,---,---,---,---,---,---,---,---,---,---,---,---,---,---,---,---,---,---,---,---,---,---,---,---,---,---,---,---,---,---,---,---,---,---,---,---,---,---,---,---,---,---,---,---,---,---,---,---,---,---,---,---,---,---,---,---,---,X,---,---,Cursor Up,0000 0071 0000 0020 0040 0020 0020 0040 0040 0020 0020 0020 0020 0020 0020 00C1 0020 0020 0040 0040 0020 0020 0020 0020 0020 0020 0040 0040 0020 0020 0040 0020 0020 0AA2 0040 0020 0020 0040 0040 0020 0020 0020 0020 0020 0020 00C1 0020 0020 0040 0040 0020 0020 0020 0020 0020 0020 0040 0040 0020 0020 0040 0020 0020 0AA2 0040 0020 0020 04A7,,
,,CURSOR Down,16,119,45,---,---,---,---,---,---,---,---,---,---,---,---,---,---,---,---,---,---,---,---,---,---,---,---,---,---,---,---,---,---,---,---,---,---,---,---,---,---,---,---,---,---,---,---,---,---,---,---,---,---,---,---,---,---,---,---,---,---,---,---,---,---,---,---,---,X,---,---,Cursor Down,0000 0071 0000 001E 0040 0040 0020 0020 0040 0020 0020 0020 0020 0020 0020 00C1 0020 0020 0040 0040 0020 0020 0020 0020 0020 0020 0040 0040 0020 0020 0040 0040 0020 0AA2 0040 0040 0020 0020 0040 0020 0020 0020 0020 0020 0020 00C1 0020 0020 0040 0040 0020 0020 0020 0020 0020 0020 0040 0040 0020 0020 0040 0040 0020 04A7,,
,,CURSOR Left,16,119,46,---,---,---,---,---,---,---,---,---,---,---,---,---,---,---,---,---,---,---,---,---,---,---,---,---,---,---,---,---,---,---,---,---,---,---,---,---,---,---,---,---,---,---,---,---,---,---,---,---,---,---,---,---,---,---,---,---,---,---,---,---,---,---,---,---,X,---,---,Cursor Left,0000 0071 0000 001E 0040 0020 0020 0040 0040 0020 0020 0020 0020 0020 0020 00C0 0020 0020 0040 0040 0020 0020 0020 0020 0020 0020 0040 0040 0020 0020 0020 0020 0040 0AA2 0040 0020 0020 0040 0040 0020 0020 0020 0020 0020 0020 00C0 0020 0020 0040 0040 0020 0020 0020 0020 0020 0020 0040 0040 0020 0020 0020 0020 0040 04A7,,
,,CURSOR Right,16,119,47,---,---,---,---,---,---,---,---,---,---,---,---,---,---,---,---,---,---,---,---,---,---,---,---,---,---,---,---,---,---,---,---,---,---,---,---,---,---,---,---,---,---,---,---,---,---,---,---,---,---,---,---,---,---,---,---,---,---,---,---,---,---,---,---,---,X,---,---,Cursor Right,0000 0071 0000 0020 0040 0040 0020 0020 0040 0020 0020 0020 0020 0020 0020 00C1 0020 0020 0040 0040 0020 0020 0020 0020 0020 0020 0040 0040 0020 0020 0020 0020 0020 0020 0020 0AA2 0040 0040 0020 0020 0040 0020 0020 0020 0020 0020 0020 00C1 0020 0020 0040 0040 0020 0020 0020 0020 0020 0020 0040 0040 0020 0020 0020 0020 0020 0020 0020 04A7,,
,,OSD Info.,16,119,48,---,---,---,---,---,---,---,---,---,---,---,---,---,---,---,---,---,---,---,---,---,---,---,---,---,---,---,---,---,---,---,---,---,---,---,---,---,---,---,---,---,---,---,---,---,---,---,---,---,---,---,---,---,---,---,---,---,---,---,---,---,---,---,---,---,X,---,---,OSD Menu On,0000 0071 0000 0026 0040 0020 0020 0040 0040 0020 0020 0020 0020 0020 0020 00C0 0020 0020 0040 0040 0020 0020 0020 0020 0020 0020 0020 0020 0040 0020 0020 0020 0020 0020 0020 0AA2 0040 0020 0020 0040 0040 0020 0020 0020 0020 0020 0020 00C0 0020 0020 0040 0040 0020 0020 0020 0020 0020 0020 0020 0020 0040 0020 0020 0020 0020 0020 0020 0AA2 0040 0020 0020 0040 0040 0020 0020 0020 0020 0020 0020 04A7,,
,,Setup,16,119,49,---,---,---,---,---,---,---,---,---,---,---,---,---,---,---,---,---,---,---,---,---,---,---,---,---,---,---,---,---,---,---,---,---,---,---,---,---,---,---,---,---,---,---,---,---,---,---,---,---,---,---,---,---,---,---,---,---,---,---,---,---,---,---,---,---,X,---,---,Go to Setup menu,0000 0071 0000 0020 0040 0040 0020 0020 0040 0020 0020 0020 0020 0020 0020 00C0 0020 0020 0040 0040 0020 0020 0020 0020 0020 0020 0020 0020 0040 0020 0020 0020 0020 0040 0020 0AA2 0040 0040 0020 0020 0040 0020 0020 0020 0020 0020 0020 00C0 0020 0020 0040 0040 0020 0020 0020 0020 0020 0020 0020 0020 0040 0020 0020 0020 0020 0040 0020 04A7,,
,,BALANCE RIGHT,16,119,49,---,---,---,---,---,---,---,---,---,---,---,---,---,---,---,---,---,---,---,---,---,---,---,---,---,---,---,---,---,---,---,---,---,---,---,---,---,---,---,---,---,---,---,---,---,---,---,---,---,---,---,---,---,---,---,---,---,---,---,---,---,---,---,---,---,---,X,---,Balance Control (Right Up),,,
,,BALANCE LEFT,16,119,50,---,---,---,---,---,---,---,---,---,---,---,---,---,---,---,---,---,---,---,---,---,---,---,---,---,---,---,---,---,---,---,---,---,---,---,---,---,---,---,---,---,---,---,---,---,---,---,---,---,---,---,---,---,---,---,---,---,---,---,---,---,---,---,---,---,---,X,---,Balance Control (Left Up),,,
,,INPUT NEXT,16,119,51,---,---,---,---,---,---,---,---,---,---,---,---,---,---,---,---,---,---,---,---,---,---,---,---,---,---,---,---,---,---,---,---,---,---,---,---,---,---,---,---,---,---,---,---,---,---,---,---,---,---,---,---,---,---,---,---,---,---,---,---,---,---,---,---,---,---,X,---,Switch Input forward,,,
,,INPUT BACK,16,119,52,---,---,---,---,---,---,---,---,---,---,---,---,---,---,---,---,---,---,---,---,---,---,---,---,---,---,---,---,---,---,---,---,---,---,---,---,---,---,---,---,---,---,---,---,---,---,---,---,---,---,---,---,---,---,---,---,---,---,---,---,---,---,---,---,---,---,X,---,Switch Input backward,,,
,,SLEEP OFF,16,119,53,---,---,---,---,---,---,---,---,---,---,---,---,---,---,---,---,---,---,---,---,---,---,---,---,---,---,---,---,---,---,---,---,---,---,---,---,---,---,---,---,---,---,---,---,---,---,---,---,---,---,---,---,---,---,---,---,---,---,---,---,---,---,---,---,---,X,---,---,Sleep mode  Off,0000 0071 0000 0024 0040 0020 0020 0040 0040 0020 0020 0020 0020 0020 0020 00C1 0020 0020 0040 0040 0020 0020 0020 0020 0020 0020 0020 0020 0040 0040 0040 0040 0020 0AA2 0040 0020 0020 0040 0040 0020 0020 0020 0020 0020 0020 00C1 0020 0020 0040 0040 0020 0020 0020 0020 0020 0020 0020 0020 0040 0040 0040 0040 0020 0AA2 0040 0020 0020 0040 0040 0020 0020 0020 0020 0020 0020 04A7,,
,,SLEEP 30,16,119,54,---,---,---,---,---,---,---,---,---,---,---,---,---,---,---,---,---,---,---,---,---,---,---,---,---,---,---,---,---,---,---,---,---,---,---,---,---,---,---,---,---,---,---,---,---,---,---,---,---,---,---,---,---,---,---,---,---,---,---,---,---,---,---,---,---,X,---,---,Set the sleep mode: 30min,0000 0071 0000 0020 0040 0040 0020 0020 0040 0020 0020 0020 0020 0020 0020 00C0 0020 0020 0040 0040 0020 0020 0020 0020 0020 0020 0020 0020 0040 0040 0020 0020 0020 0020 0020 0AA2 0040 0040 0020 0020 0040 0020 0020 0020 0020 0020 0020 00C0 0020 0020 0040 0040 0020 0020 0020 0020 0020 0020 0020 0020 0040 0040 0020 0020 0020 0020 0020 04A7,,
,,SLEEP 60,16,119,55,---,---,---,---,---,---,---,---,---,---,---,---,---,---,---,---,---,---,---,---,---,---,---,---,---,---,---,---,---,---,---,---,---,---,---,---,---,---,---,---,---,---,---,---,---,---,---,---,---,---,---,---,---,---,---,---,---,---,---,---,---,---,---,---,---,X,---,---,Set the sleep mode: 60min,0000 0071 0000 0022 0040 0020 0020 0040 0040 0020 0020 0020 0020 0020 0020 00C0 0020 0020 0040 0040 0020 0020 0020 0020 0020 0020 0020 0020 0040 0040 0020 0020 0020 0020 0020 0AA2 0040 0020 0020 0040 0040 0020 0020 0020 0020 0020 0020 00C0 0020 0020 0040 0040 0020 0020 0020 0020 0020 0020 0020 0020 0040 0040 0020 0020 0020 0020 0020 0AA2 0040 0020 0020 04A7,,
,,SLEEP 90,16,119,56,---,---,---,---,---,---,---,---,---,---,---,---,---,---,---,---,---,---,---,---,---,---,---,---,---,---,---,---,---,---,---,---,---,---,---,---,---,---,---,---,---,---,---,---,---,---,---,---,---,---,---,---,---,---,---,---,---,---,---,---,---,---,---,---,---,X,---,---,Set the sleep mode: 90min,0000 0071 0000 0022 0040 0040 0020 0020 0040 0020 0020 0020 0020 0020 0020 00C1 0020 0020 0040 0040 0020 0020 0020 0020 0020 0020 0020 0020 0020 0020 0040 0020 0020 0020 0020 0AA2 0040 0040 0020 0020 0040 0020 0020 0020 0020 0020 0020 00C1 0020 0020 0040 0040 0020 0020 0020 0020 0020 0020 0020 0020 0020 0020 0040 0020 0020 0020 0020 0AA2 0040 0040 0020 04A7,,
,,SLEEP 120,16,119,57,---,---,---,---,---,---,---,---,---,---,---,---,---,---,---,---,---,---,---,---,---,---,---,---,---,---,---,---,---,---,---,---,---,---,---,---,---,---,---,---,---,---,---,---,---,---,---,---,---,---,---,---,---,---,---,---,---,---,---,---,---,---,---,---,---,X,---,---,Set the sleep mode: 120min,0000 0071 0000 0026 0040 0020 0020 0040 0040 0020 0020 0020 0020 0020 0020 00C1 0020 0020 0040 0040 0020 0020 0020 0020 0020 0020 0020 0020 0020 0020 0040 0020 0020 0040 0020 0AA2 0040 0020 0020 0040 0040 0020 0020 0020 0020 0020 0020 00C1 0020 0020 0040 0040 0020 0020 0020 0020 0020 0020 0020 0020 0020 0020 0040 0020 0020 0040 0020 0AA2 0040 0020 0020 0040 0040 0020 0020 0020 0020 0020 0020 04A7,,
,,INPUT NEXT,16,119,58,---,---,---,---,---,---,---,---,---,---,---,---,---,---,---,---,---,---,---,---,---,---,---,---,---,---,---,---,---,---,---,---,---,---,---,---,---,---,---,---,---,---,---,---,---,---,---,---,---,---,---,---,---,---,---,---,---,---,---,---,---,---,---,---,---,X,---,---,Go to next input,0000 0071 0000 001E 0040 0020 0020 0040 0040 0020 0020 0020 0020 0020 0020 00C0 0020 0020 0040 0040 0020 0020 0020 0020 0020 0020 0020 0020 0020 0020 0040 0040 0040 0AA2 0040 0020 0020 0040 0040 0020 0020 0020 0020 0020 0020 00C0 0020 0020 0040 0040 0020 0020 0020 0020 0020 0020 0020 0020 0020 0020 0040 0040 0040 04A7,,
,,INPUT BACK,16,119,59,---,---,---,---,---,---,---,---,---,---,---,---,---,---,---,---,---,---,---,---,---,---,---,---,---,---,---,---,---,---,---,---,---,---,---,---,---,---,---,---,---,---,---,---,---,---,---,---,---,---,---,---,---,---,---,---,---,---,---,---,---,---,---,---,---,X,---,---,Back to previous input,0000 0071 0000 0022 0040 0040 0020 0020 0040 0020 0020 0020 0020 0020 0020 00C0 0020 0020 0040 0040 0020 0020 0020 0020 0020 0020 0020 0020 0020 0020 0040 0040 0020 0020 0020 0AA2 0040 0040 0020 0020 0040 0020 0020 0020 0020 0020 0020 00C0 0020 0020 0040 0040 0020 0020 0020 0020 0020 0020 0020 0020 0020 0020 0040 0040 0020 0020 0020 0AA2 0040 0040 0020 04A7,,
,,Enter,16,119,04,---,---,---,---,---,---,---,---,---,---,---,---,---,---,---,---,---,---,---,---,---,---,---,---,---,---,---,---,---,---,---,---,---,---,---,---,---,---,---,---,---,---,---,---,---,---,---,---,---,---,---,---,---,---,---,---,---,---,---,---,---,---,---,---,---,X,---,---,Enter,0000 0071 0000 001F 0040 0040 0020 0020 0040 0020 0020 0020 0020 0020 0020 00C1 0020 0020 0040 0040 0020 0020 0020 0020 0040 0020 0020 0020 0020 0040 0040 0020 0020 0AA2 0040 0040 0020 0020 0040 0020 0020 0020 0020 0020 0020 00C1 0020 0020 0040 0040 0020 0020 0020 0020 0040 0020 0020 0020 0020 0040 0040 0020 0020 0AA2 0040 04A7,,
,,DVD,16,119,10,---,---,---,---,---,---,---,---,---,---,---,---,---,---,---,---,---,---,---,---,---,---,---,---,---,---,---,---,---,---,---,---,---,---,---,---,---,---,---,---,---,---,---,---,---,---,---,---,---,---,---,---,---,---,---,---,---,---,---,---,---,---,---,---,---,X,X,---,Select DVD,,,
,,VCR1,16,119,11,---,---,---,---,---,---,---,---,---,---,---,---,---,---,---,---,---,---,---,---,---,---,---,---,---,---,---,---,---,---,---,---,---,---,---,---,---,---,---,---,---,---,---,---,---,---,---,---,---,---,---,---,---,---,---,---,---,---,---,---,---,---,---,---,---,X,X,---,Select VCR1,,,
,,DSS,16,119,12,---,---,---,---,---,---,---,---,---,---,---,---,---,---,---,---,---,---,---,---,---,---,---,---,---,---,---,---,---,---,---,---,---,---,---,---,---,---,---,---,---,---,---,---,---,---,---,---,---,---,---,---,---,---,---,---,---,---,---,---,---,---,---,---,---,X,X,---,Select VCR2,,,
,,AUX1,16,119,13,---,---,---,---,---,---,---,---,---,---,---,---,---,---,---,---,---,---,---,---,---,---,---,---,---,---,---,---,---,---,---,---,---,---,---,---,---,---,---,---,---,---,---,---,---,---,---,---,---,---,---,---,---,---,---,---,---,---,---,---,---,---,---,---,---,X,X,---,Select Front AUX1 input,,,
,,RECODER 1,16,119,14,---,---,---,---,---,---,---,---,---,---,---,---,---,---,---,---,---,---,---,---,---,---,---,---,---,---,---,---,---,---,---,---,---,---,---,---,---,---,---,---,---,---,---,---,---,---,---,---,---,---,---,---,---,---,---,---,---,---,---,---,---,---,---,---,---,X,X,---,Select RECORDER 1 input,,,
,,RECODER 2,16,119,15,---,---,---,---,---,---,---,---,---,---,---,---,---,---,---,---,---,---,---,---,---,---,---,---,---,---,---,---,---,---,---,---,---,---,---,---,---,---,---,---,---,---,---,---,---,---,---,---,---,---,---,---,---,---,---,---,---,---,---,---,---,---,---,---,---,X,X,---,Select RECORDER 2 input,,,
,,CD,16,119,16,---,---,---,---,---,---,---,---,---,---,---,---,---,---,---,---,---,---,---,---,---,---,---,---,---,---,---,---,---,---,---,---,---,---,---,---,---,---,---,---,---,---,---,---,---,---,---,---,---,---,---,---,---,---,---,---,---,---,---,---,---,---,---,---,---,X,X,---,Select CD,,,
,,PHONO,16,119,17,---,---,---,---,---,---,---,---,---,---,---,---,---,---,---,---,---,---,---,---,---,---,---,---,---,---,---,---,---,---,---,---,---,---,---,---,---,---,---,---,---,---,---,---,---,---,---,---,---,---,---,---,---,---,---,---,---,---,---,---,---,---,---,---,---,X,X,---,Select PHONO,,,
,,TUNER-1,16,119,18,---,---,---,---,---,---,---,---,---,---,---,---,---,---,---,---,---,---,---,---,---,---,---,---,---,---,---,---,---,---,---,---,---,---,---,---,---,---,---,---,---,---,---,---,---,---,---,---,---,---,---,---,---,---,---,---,---,---,---,---,---,---,---,---,---,X,X,---,Select Tuner-1 or Change BAND (> FM > AM >LW),,,
,,[Tuner-1] 0,17,00,05,---,---,---,---,---,---,---,---,---,---,---,---,---,---,---,---,---,---,---,---,---,---,---,---,---,---,---,---,---,---,---,---,---,---,---,---,---,---,---,---,---,---,---,---,---,---,---,---,---,---,---,---,---,---,---,---,---,---,---,---,---,---,---,---,---,X,X,---,Ten Key 0 ( Pre set No. or Frequency) for Tuner-1,,,
,,[Tuner-1] 1,17,01,05,---,---,---,---,---,---,---,---,---,---,---,---,---,---,---,---,---,---,---,---,---,---,---,---,---,---,---,---,---,---,---,---,---,---,---,---,---,---,---,---,---,---,---,---,---,---,---,---,---,---,---,---,---,---,---,---,---,---,---,---,---,---,---,---,---,X,X,---,Ten Key 1 ( Pre set No. or Frequency) for Tuner-1,,,
,,[Tuner-1] 2,17,02,05,---,---,---,---,---,---,---,---,---,---,---,---,---,---,---,---,---,---,---,---,---,---,---,---,---,---,---,---,---,---,---,---,---,---,---,---,---,---,---,---,---,---,---,---,---,---,---,---,---,---,---,---,---,---,---,---,---,---,---,---,---,---,---,---,---,X,X,---,Ten Key 2 ( Pre set No. or Frequency) for Tuner-1,,,
,,[Tuner-1] 3,17,03,05,---,---,---,---,---,---,---,---,---,---,---,---,---,---,---,---,---,---,---,---,---,---,---,---,---,---,---,---,---,---,---,---,---,---,---,---,---,---,---,---,---,---,---,---,---,---,---,---,---,---,---,---,---,---,---,---,---,---,---,---,---,---,---,---,---,X,X,---,Ten Key 3 ( Pre set No. or Frequency) for Tuner-1,,,
,,[Tuner-1] 4,17,04,05,---,---,---,---,---,---,---,---,---,---,---,---,---,---,---,---,---,---,---,---,---,---,---,---,---,---,---,---,---,---,---,---,---,---,---,---,---,---,---,---,---,---,---,---,---,---,---,---,---,---,---,---,---,---,---,---,---,---,---,---,---,---,---,---,---,X,X,---,Ten Key 4 ( Pre set No. or Frequency) for Tuner-1,,,
,,[Tuner-1] 5,17,05,05,---,---,---,---,---,---,---,---,---,---,---,---,---,---,---,---,---,---,---,---,---,---,---,---,---,---,---,---,---,---,---,---,---,---,---,---,---,---,---,---,---,---,---,---,---,---,---,---,---,---,---,---,---,---,---,---,---,---,---,---,---,---,---,---,---,X,X,---,Ten Key 5 ( Pre set No. or Frequency) for Tuner-1,,,
,,[Tuner-1] 6,17,06,05,---,---,---,---,---,---,---,---,---,---,---,---,---,---,---,---,---,---,---,---,---,---,---,---,---,---,---,---,---,---,---,---,---,---,---,---,---,---,---,---,---,---,---,---,---,---,---,---,---,---,---,---,---,---,---,---,---,---,---,---,---,---,---,---,---,X,X,---,Ten Key 6 ( Pre set No. or Frequency) for Tuner-1,,,
,,[Tuner-1] 7,17,07,05,---,---,---,---,---,---,---,---,---,---,---,---,---,---,---,---,---,---,---,---,---,---,---,---,---,---,---,---,---,---,---,---,---,---,---,---,---,---,---,---,---,---,---,---,---,---,---,---,---,---,---,---,---,---,---,---,---,---,---,---,---,---,---,---,---,X,X,---,Ten Key 7 ( Pre set No. or Frequency) for Tuner-1,,,
,,[Tuner-1] 8,17,08,05,---,---,---,---,---,---,---,---,---,---,---,---,---,---,---,---,---,---,---,---,---,---,---,---,---,---,---,---,---,---,---,---,---,---,---,---,---,---,---,---,---,---,---,---,---,---,---,---,---,---,---,---,---,---,---,---,---,---,---,---,---,---,---,---,---,X,X,---,Ten Key 8 ( Pre set No. or Frequency) for Tuner-1,,,
,,[Tuner-1] 9,17,09,05,---,---,---,---,---,---,---,---,---,---,---,---,---,---,---,---,---,---,---,---,---,---,---,---,---,---,---,---,---,---,---,---,---,---,---,---,---,---,---,---,---,---,---,---,---,---,---,---,---,---,---,---,---,---,---,---,---,---,---,---,---,---,---,---,---,X,X,---,Ten Key 9 ( Pre set No. or Frequency) for Tuner-1,,,
,,[Tuner-1] FREQ.-DIRECT,17,11,05,---,---,---,---,---,---,---,---,---,---,---,---,---,---,---,---,---,---,---,---,---,---,---,---,---,---,---,---,---,---,---,---,---,---,---,---,---,---,---,---,---,---,---,---,---,---,---,---,---,---,---,---,---,---,---,---,---,---,---,---,---,---,---,---,---,X,X,---,Change to Direct Frequency input mode for Tuner-1,,,
,,[Tuner-1] DISPLAY MODE,17,15,05,---,---,---,---,---,---,---,---,---,---,---,---,---,---,---,---,---,---,---,---,---,---,---,---,---,---,---,---,---,---,---,---,---,---,---,---,---,---,---,---,---,---,---,---,---,---,---,---,---,---,---,---,---,---,---,---,---,---,---,---,---,---,---,---,---,X,X,---,Toggle Display mode,,,
Code-3,,[Tuner-1] FREQ.(tuning) Up +,17,30,05,---,---,---,---,---,---,---,---,---,---,---,---,---,---,---,---,---,---,---,---,---,---,---,---,---,---,---,---,---,---,---,---,---,---,---,---,---,---,---,---,---,---,---,---,---,---,---,---,---,---,---,---,---,---,---,---,---,---,---,---,---,---,---,---,---,X,X,---,Frequency(Scan) up for Tuner-1,,,
,,[Tuner-1] FREQ.(tuning) Down -,17,31,05,---,---,---,---,---,---,---,---,---,---,---,---,---,---,---,---,---,---,---,---,---,---,---,---,---,---,---,---,---,---,---,---,---,---,---,---,---,---,---,---,---,---,---,---,---,---,---,---,---,---,---,---,---,---,---,---,---,---,---,---,---,---,---,---,---,X,X,---,Frequency(Scan) down for Tuner-1,,,
,,[Tuner-1] PRESET Up +,17,32,05,---,---,---,---,---,---,---,---,---,---,---,---,---,---,---,---,---,---,---,---,---,---,---,---,---,---,---,---,---,---,---,---,---,---,---,---,---,---,---,---,---,---,---,---,---,---,---,---,---,---,---,---,---,---,---,---,---,---,---,---,---,---,---,---,---,X,X,---,Preset(Skip) up for Tuner-1,,,
,,[Tuner-1] PRESET Down -,17,33,05,---,---,---,---,---,---,---,---,---,---,---,---,---,---,---,---,---,---,---,---,---,---,---,---,---,---,---,---,---,---,---,---,---,---,---,---,---,---,---,---,---,---,---,---,---,---,---,---,---,---,---,---,---,---,---,---,---,---,---,---,---,---,---,---,---,X,X,---,Preset(Skip) down for Tuner-1,,,
,,[Tuner-1] T-MODE,17,37,05,---,---,---,---,---,---,---,---,---,---,---,---,---,---,---,---,---,---,---,---,---,---,---,---,---,---,---,---,---,---,---,---,---,---,---,---,---,---,---,---,---,---,---,---,---,---,---,---,---,---,---,---,---,---,---,---,---,---,---,---,---,---,---,---,---,X,X,---,FM MODE (Auto Stereo / Mono) for Tuner-1,,,
,,[Tuner-1] MEMO,17,41,05,---,---,---,---,---,---,---,---,---,---,---,---,---,---,---,---,---,---,---,---,---,---,---,---,---,---,---,---,---,---,---,---,---,---,---,---,---,---,---,---,---,---,---,---,---,---,---,---,---,---,---,---,---,---,---,---,---,---,---,---,---,---,---,---,---,X,X,---,Memory for Tuner-1,,,
,,[Tuner-1] PRESET SCAN,17,43,05,---,---,---,---,---,---,---,---,---,---,---,---,---,---,---,---,---,---,---,---,---,---,---,---,---,---,---,---,---,---,---,---,---,---,---,---,---,---,---,---,---,---,---,---,---,---,---,---,---,---,---,---,---,---,---,---,---,---,---,---,---,---,---,---,---,X,X,---,Start Preset Scan for Tuner-1,,,
,,[Tuner-1] FM,17,45,05,---,---,---,---,---,---,---,---,---,---,---,---,---,---,---,---,---,---,---,---,---,---,---,---,---,---,---,---,---,---,---,---,---,---,---,---,---,---,---,---,---,---,---,---,---,---,---,---,---,---,---,---,---,---,---,---,---,---,---,---,---,---,---,---,---,X,X,---,Select FM for Tuner-1,,,
,,[Tuner-1] AM,17,46,05,---,---,---,---,---,---,---,---,---,---,---,---,---,---,---,---,---,---,---,---,---,---,---,---,---,---,---,---,---,---,---,---,---,---,---,---,---,---,---,---,---,---,---,---,---,---,---,---,---,---,---,---,---,---,---,---,---,---,---,---,---,---,---,---,---,X,X,---,Select AM for Tuner-1,,,
,,[Tuner-1] BAND,17,47,05,---,---,---,---,---,---,---,---,---,---,---,---,---,---,---,---,---,---,---,---,---,---,---,---,---,---,---,---,---,---,---,---,---,---,---,---,---,---,---,---,---,---,---,---,---,---,---,---,---,---,---,---,---,---,---,---,---,---,---,---,---,---,---,---,---,X,X,---,Select FM and AM (Toggle),,,
,,[Tuner-1] CLEAR,17,58,05,---,---,---,---,---,---,---,---,---,---,---,---,---,---,---,---,---,---,---,---,---,---,---,---,---,---,---,---,---,---,---,---,---,---,---,---,---,---,---,---,---,---,---,---,---,---,---,---,---,---,---,---,---,---,---,---,---,---,---,---,---,---,---,---,---,X,X,---,Clear for Tuner-1,,,
,,[Tuner-1] PTY,17,120,05,---,---,---,---,---,---,---,---,---,---,---,---,---,---,---,---,---,---,---,---,---,---,---,---,---,---,---,---,---,---,---,---,---,---,---,---,---,---,---,---,---,---,---,---,---,---,---,---,---,---,---,---,---,---,---,---,---,---,---,---,---,---,---,---,---,X,X,---,Select Program Type for RDS,,,
Notes: Specifications subject to change without prior notice.,,,,,,,,,,,,,,,,,,,,,,,,,,,,,,,,,,,,,,,,,,,,,,,,,,,,,,,,,,,,,,,,,,,,,,,,,,,,,
,X,The command is available for the model.,,,,,,,,,,,,,,,,,,,,,,,,,,,,,,,,,,,,,,,,,,,,,,,,,,,,,,,,,,,,,,,,,,,,,,,,,,,
,---,The command is NOT available for the model.,,,,,,,,,,,,,,,,,,,,,,,,,,,,,,,,,,,,,,,,,,,,,,,,,,,,,,,,,,,,,,,,,,,,,,,,,,,
,* 1,Main room commands work as Multi room commands when the Multi room RC-IN input was used.,,,,,,,,,,,,,,,,,,,,,,,,,,,,,,,,,,,,,,,,,,,,,,,,,,,,,,,,,,,,,,,,,,,,,,,,,,,
,,These commands are recognized as for Main room(zone) commands when they are received via Front IR receiver or Rear Remote Control In.,,,,,,,,,,,,,,,,,,,,,,,,,,,,,,,,,,,,,,,,,,,,,,,,,,,,,,,,,,,,,,,,,,,,,,,,,,,
,,These commands are recognized as for Multi room(zone) commands when they are received via Rear Multi room Remote In.,,,,,,,,,,,,,,,,,,,,,,,,,,,,,,,,,,,,,,,,,,,,,,,,,,,,,,,,,,,,,,,,,,,,,,,,,,,
,*2,Need an input assign to the input in Menu in advance the use,,,,,,,,,,,,,,,,,,,,,,,,,,,,,,,,,,,,,,,,,,,,,,,,,,,,,,,,,,,,,,,,,,,,,,,,,,,
,*3,"Requires firmware update by marantz service center via RS-232C (as of Nov.18.2011) Next online firmware update will also provide these function. The timing is not fixed yet. (But, within 2 months)",,,,,,,,,,,,,,,,,,,,,,,,,,,,,,,,,,,,,,,,,,,,,,,,,,,,,,,,,,,,,,,,,,,,,,,,,,,
,*4,/U1x version (for North America) model only,,,,,,,,,,,,,,,,,,,,,,,,,,,,,,,,,,,,,,,,,,,,,,,,,,,,,,,,,,,,,,,,,,,,,,,,,,,
,*5,/N1x version (for Europe) model only,,,,,,,,,,,,,,,,,,,,,,,,,,,,,,,,,,,,,,,,,,,,,,,,,,,,,,,,,,,,,,,,,,,,,,,,,,,
,*6,"/U1x (for North America), /N1x version (for Europe) model only",,,,,,,,,,,,,,,,,,,,,,,,,,,,,,,,,,,,,,,,,,,,,,,,,,,,,,,,,,,,,,,,,,,,,,,,,,,
,*7,"Use two commands together with Shift A-G and Preset 1-8 to select preset A1 - G8. (e.g.) Main Zone: To select preset B3. Send 17 32 31 (Shift B), after that, send 17 03 at once with macro function of controller (Learning remote, AMX, Crestron, Control 4 etc.).",,,,,,,,,,,,,,,,,,,,,,,,,,,,,,,,,,,,,,,,,,,,,,,,,,,,,,,,,,,,,,,,,,,,,,,,,,,
,*8,"SR6006,SR7007 doesn't have a video out for Zone3. When you use Monitor out at Zone3, you can use these commands.",,,,,,,,,,,,,,,,,,,,,,,,,,,,,,,,,,,,,,,,,,,,,,,,,,,,,,,,,,,,,,,,,,,,,,,,,,,
,,,,,,,,,,,,,,,,,,,,,,,,,,,,,,,,,,,,,,,,,,,,,,,,,,,,,,,,,,,,,,,,,,,,,,,,,,,,,
Revision (After 12/1/2010),,,,,,,,,,,,,,,,,,,,,,,,,,,,,,,,,,,,,,,,,,,,,,,,,,,,,,,,,,,,,,,,,,,,,,,,,,,,,
12/1/2010,Corrected DSS/SAT's Hex code (cell# BI63),,,,,,,,,,,,,,,,,,,,,,,,,,,,,,,,,,,,,,,,,,,,,,,,,,,,,,,,,,,,,,,,,,,,,,,,,,,,
1/12/2011,Corrected HDMI Audio Decode Through's Hex code (cell# BI94),,,,,,,,,,,,,,,,,,,,,,,,,,,,,,,,,,,,,,,,,,,,,,,,,,,,,,,,,,,,,,,,,,,,,,,,,,,,
1/18/2011,Recorrected HDMI Audio Decode Through's Hex code (cell# BI93-94),,,,,,,,,,,,,,,,,,,,,,,,,,,,,,,,,,,,,,,,,,,,,,,,,,,,,,,,,,,,,,,,,,,,,,,,,,,,
4/26/2011,Added NR1402/NR1602/SR5006/SR6006,,,,,,,,,,,,,,,,,,,,,,,,,,,,,,,,,,,,,,,,,,,,,,,,,,,,,,,,,,,,,,,,,,,,,,,,,,,,
6/18/2012,Added NR1403/NR1603/SR5007/SR6007/SR7007,,,,,,,,,,,,,,,,,,,,,,,,,,,,,,,,,,,,,,,,,,,,,,,,,,,,,,,,,,,,,,,,,,,,,,,,,,,,
9/7/2012,Added AV7701,,,,,,,,,,,,,,,,,,,,,,,,,,,,,,,,,,,,,,,,,,,,,,,,,,,,,,,,,,,,,,,,,,,,,,,,,,,,
,Updated NR1403/NR1603/SR5007/SR6007/SR7007,,,,,,,,,,,,,,,,,,,,,,,,,,,,,,,,,,,,,,,,,,,,,,,,,,,,,,,,,,,,,,,,,,,,,,,,,,,,
,"Added Spotify RC-5 code　(Main room: 27 63 28, Zone2: 27 92 28, Zone3: 27 95 28)",,,,,,,,,,,,,,,,,,,,,,,,,,,,,,,,,,,,,,,,,,,,,,,,,,,,,,,,,,,,,,,,,,,,,,,,,,,,
,Corrected Sirius XM RC-5 code (Main room 27 63 26→27 63 29）,,,,,,,,,,,,,,,,,,,,,,,,,,,,,,,,,,,,,,,,,,,,,,,,,,,,,,,,,,,,,,,,,,,,,,,,,,,,
,Corrected Zone2 Internet Radio Preset 4/FAVORITE STATION  4 (27 34 23→27 34 24),,,,,,,,,,,,,,,,,,,,,,,,,,,,,,,,,,,,,,,,,,,,,,,,,,,,,,,,,,,,,,,,,,,,,,,,,,,,
9/27/2012,Added AV8801,,,,,,,,,,,,,,,,,,,,,,,,,,,,,,,,,,,,,,,,,,,,,,,,,,,,,,,,,,,,,,,,,,,,,,,,,,,,
,Updated NR1403/NR1603/SR5007/SR6007/SR7007/AV7701,,,,,,,,,,,,,,,,,,,,,,,,,,,,,,,,,,,,,,,,,,,,,,,,,,,,,,,,,,,,,,,,,,,,,,,,,,,,
,Added Info. RC-5 code　(16 15 08),,,,,,,,,,,,,,,,,,,,,,,,,,,,,,,,,,,,,,,,,,,,,,,,,,,,,,,,,,,,,,,,,,,,,,,,,,,,
,"Added Input Mode Direct Select RC-5 code　(Auto mode: 16 01 15, Fixed HDMI: 16 01 16, Fixed Digital: 16 01 17, Fixed Analog: 16 01 18)",,,,,,,,,,,,,,,,,,,,,,,,,,,,,,,,,,,,,,,,,,,,,,,,,,,,,,,,,,,,,,,,,,,,,,,,,,,,
1/24/2013,Added  the following Hex Code,,,,,,,,,,,,,,,,,,,,,,,,,,,,,,,,,,,,,,,,,,,,,,,,,,,,,,,,,,,,,,,,,,,,,,,,,,,,
,3rd Zone(ZONE3) VOL. + (16 93 01),,,,,,,,,,,,,,,,,,,,,,,,,,,,,,,,,,,,,,,,,,,,,,,,,,,,,,,,,,,,,,,,,,,,,,,,,,,,
,3rd Zone(ZONE3) VOL. - (16 93 02),,,,,,,,,,,,,,,,,,,,,,,,,,,,,,,,,,,,,,,,,,,,,,,,,,,,,,,,,,,,,,,,,,,,,,,,,,,,
,3rd Zone(ZONE3) POWER ON (16 93 03),,,,,,,,,,,,,,,,,,,,,,,,,,,,,,,,,,,,,,,,,,,,,,,,,,,,,,,,,,,,,,,,,,,,,,,,,,,,
,3rd Zone(ZONE3) POWER OFF (16 93 04),,,,,,,,,,,,,,,,,,,,,,,,,,,,,,,,,,,,,,,,,,,,,,,,,,,,,,,,,,,,,,,,,,,,,,,,,,,,
3/11/2013,Added NR1504/NR1604,,,,,,,,,,,,,,,,,,,,,,,,,,,,,,,,,,,,,,,,,,,,,,,,,,,,,,,,,,,,,,,,,,,,,,,,,,,,
5/7/2013,Added SR5008/SR6008/SR7008,,,,,,,,,,,,,,,,,,,,,,,,,,,,,,,,,,,,,,,,,,,,,,,,,,,,,,,,,,,,,,,,,,,,,,,,,,,,
