Marantz Remote Command Chart,,,,,,,X,,,,,,,,,,,,,,,,,,,,,Hex Code (Basic Commands Only),,,
Please press [+] mark on top to open previous models.,,,Last update: 7/8/2014,,,,This pink color's cell = New assigned code,,,,,,,,,,,,,,,,,,,,,,,,
,,,"(Refer to ""Revision"")",,,,,,,,,,,,,,,,,,,,,,,,,,,,
"Item: AV Pre/Processor, AV Receiver, Stereo Receiver",,,,,,,,NEW !,,NEW !,,,NEW !,,,,NEW !,,,,NEW !,,,,,,,,,,
,,"*... Note is placed at end of this chart. 
Function description is located right end.","Remote Code: 
RC-5/ RC-5 Ex. Format",,,For search,AV Pre Processor,AV Pre Processor,AV Pre Processor,AV Receiver,AV Receiver,AV Receiver,AV Receiver,AV Receiver,AV Receiver,AV Receiver,AV Receiver,AV Receiver,AV Receiver,AV Receiver,"Slim Line
AV Receiver","Slim Line
AV Receiver","Slim Line
AV Receiver","Slim Line
AV Receiver","Slim Line
AV Receiver","Slim Line
AV Receiver","Slim Line
AV Receiver","Made by: Marantz America, LLC.",,,
Zone,,Command Name,System,Command,Extension,,AV8801,AV7702,AV7701,SR7009,SR7008,SR7007,SR6009,SR6008,SR6007,SR6006,SR5009,SR5008,SR5007,SR5006,NR1605,NR1604,NR1603,NR1602,NR1504,NR1403,NR1402,FUNCTION,Hex Code (Basic Commands Only),,
Main,Power,POWER ON/OFF,16,12,---,16 12,X,X,X,X,X,X,X,X,X,X,X,X,X,X,X,X,X,X,X,X,X,Power the unit On / Standby (Toggle),0000 0073 0000 0018 0020 0020 0020 0020 0020 0020 0040 0020 0020 0020 0020 0020 0020 0020 0020 0020 0020 0040 0020 0020 0040 0020 0020 0C5B 0020 0020 0020 0020 0020 0020 0040 0020 0020 0020 0020 0020 0020 0020 0020 0020 0020 0040 0020 0020 0040 0020 0020 0498,,
Zone,Control,POWER ON,16,12,01,16 12 01,X,X,X,X,X,X,X,X,X,X,X,X,X,X,X,X,X,X,X,X,X,Power On,0000 0071 0000 0024 0020 0020 0020 0020 0020 0020 0040 0020 0020 0020 0020 0020 0020 00A1 0020 0020 0020 0040 0020 0020 0040 0020 0020 0020 0020 0020 0020 0020 0020 0020 0020 0020 0020 0040 0020 0AAB 0020 0020 0020 0020 0020 0020 0040 0020 0020 0020 0020 0020 0020 00A1 0020 0020 0020 0040 0020 0020 0040 0020 0020 0020 0020 0020 0020 0020 0020 0020 0020 0020 0020 0040 0020 04B0,,
,,POWER OFF,16,12,02,16 12 02,X,X,X,X,X,X,X,X,X,X,X,X,X,X,X,X,X,X,X,X,X,Standby,0000 0071 0000 0022 0020 0020 0020 0020 0020 0020 0040 0020 0020 0020 0020 0020 0020 00A1 0020 0020 0020 0040 0020 0020 0040 0020 0020 0020 0020 0020 0020 0020 0020 0020 0020 0040 0040 0AAB 0020 0020 0020 0020 0020 0020 0040 0020 0020 0020 0020 0020 0020 00A1 0020 0020 0020 0040 0020 0020 0040 0020 0020 0020 0020 0020 0020 0020 0020 0020 0020 0040 0040 04B0,,
,,SYSTEM POWER OFF,16,12,13,16 12 13,X,X,X,X,X,X,X,X,X,X,X,X,X,X,X,X,X,X,X,X,X,Turn MAIN Zone and MULTI Zone to standby,0000 0071 0000 0020 0020 0020 0040 0040 0040 0020 0020 0020 0020 0020 0020 00A0 0020 0020 0020 0040 0020 0020 0040 0020 0020 0020 0020 0020 0020 0040 0020 0020 0040 0040 0020 0AAB 0020 0020 0040 0040 0040 0020 0020 0020 0020 0020 0020 00A0 0020 0020 0020 0040 0020 0020 0040 0020 0020 0020 0020 0020 0020 0040 0020 0020 0040 0040 0020 04B0,,
,Volume,VOL +,16,16,---,16 16,X,X,X,X,X,X,X,X,X,X,X,X,X,X,X,X,X,X,X,X,X,Master volume up & mute off,0000 0073 0000 0016 0020 0020 0040 0040 0040 0020 0020 0020 0020 0020 0020 0020 0020 0040 0040 0020 0020 0020 0020 0020 0020 0C72 0020 0020 0040 0040 0040 0020 0020 0020 0020 0020 0020 0020 0020 0040 0040 0020 0020 0020 0020 0020 0020 0491,,
,Control,VOL -,16,17,---,16 17,X,X,X,X,X,X,X,X,X,X,X,X,X,X,X,X,X,X,X,X,X,Master volume down & mute off,0000 0073 0000 0018 0020 0020 0020 0020 0020 0020 0040 0020 0020 0020 0020 0020 0020 0020 0020 0040 0040 0020 0020 0020 0020 0040 0020 0C72 0020 0020 0020 0020 0020 0020 0040 0020 0020 0020 0020 0020 0020 0020 0020 0040 0040 0020 0020 0020 0020 0040 0020 0491,,
,,Direct VOLUME,16,111,00 - 63,16 111 [00-63],X,X,X,X,X,X,X,X,X,X,X,X,X,X,X,X,X,X,X,X,X,Discrete Volume level select,,,
,,Audio MUTE ON,16,13,00,16 13 00,X,X,X,X,X,X,X,X,X,X,X,X,X,X,X,X,X,X,X,X,X,Mute On,0000 0071 0000 0022 0020 0020 0020 0020 0020 0020 0040 0020 0020 0020 0020 0020 0020 00A1 0020 0020 0020 0040 0020 0020 0040 0040 0040 0020 0020 0020 0020 0020 0020 0020 0020 0020 0020 0AAB 0020 0020 0020 0020 0020 0020 0040 0020 0020 0020 0020 0020 0020 00A1 0020 0020 0020 0040 0020 0020 0040 0040 0040 0020 0020 0020 0020 0020 0020 0020 0020 0020 0020 04B0,,
,,Audio MUTE OFF,16,13,01,16 13 01,X,X,X,X,X,X,X,X,X,X,X,X,X,X,X,X,X,X,X,X,X,Mute Off,0000 0071 0000 0020 0020 0020 0040 0040 0040 0020 0020 0020 0020 0020 0020 00A1 0020 0020 0020 0040 0020 0020 0040 0040 0040 0020 0020 0020 0020 0020 0020 0020 0020 0040 0020 0AAB 0020 0020 0040 0040 0040 0020 0020 0020 0020 0020 0020 00A1 0020 0020 0020 0040 0020 0020 0040 0040 0040 0020 0020 0020 0020 0020 0020 0020 0020 0040 0020 04B0,,
,,Audio MUTE (Toggle),16,13,---,16 13,X,X,X,X,X,X,X,X,X,X,X,X,X,X,X,X,X,X,X,X,X,Mute On & Off ( Toggle),0000 0073 0000 0018 0020 0020 0020 0020 0020 0020 0040 0020 0020 0020 0020 0020 0020 0020 0020 0020 0020 0040 0020 0020 0040 0040 0020 0C74 0020 0020 0020 0020 0020 0020 0040 0020 0020 0020 0020 0020 0020 0020 0020 0020 0020 0040 0020 0020 0040 0040 0020 0492,,
,Speaker,SPEAKER Sel.,16,29,---,16 29,---,X,---,X,X,X,X,X,X,X,X,X,X,X,X,X,X,X,---,---,---,Select Speaker (SPKR-A> SPKR-B> SPKR-A+B> SPKR-Off>),0000 0071 0000 0016 0021 0021 0041 0041 0041 0021 0021 0021 0021 0021 0021 0021 0021 0041 0021 0021 0021 0021 0041 0041 0021 0CEE 0021 0021 0041 0041 0041 0021 0021 0021 0021 0021 0021 0021 0021 0041 0021 0021 0021 0021 0041 0041 0021 04B0,,
,Output,SPEAKER-A ON/OFF,16,35,---,16 35,---,X,---,X,X,X,X,X,X(A ON only),X(A ON only),X,X,X,X,X,X,X,X,---,---,---,Speaker A On/Off Toggle,0000 0071 0000 0016 0021 0021 0041 0041 0041 0021 0021 0021 0021 0021 0021 0021 0021 0041 0021 0021 0021 0021 0041 0041 0021 0CEE 0021 0021 0041 0041 0041 0021 0021 0021 0021 0021 0021 0021 0021 0041 0021 0021 0021 0021 0041 0041 0021 04B0,,
,,SPEAKER-A ON,16,35,00,16 35 00,---,---,---,---,---,---,---,---,---,---,---,---,---,---,---,---,---,---,---,---,---,Turn Speaker-A On,0000 0071 0000 0022 0020 0020 0020 0020 0020 0020 0040 0020 0020 0020 0020 0020 0020 00C1 0040 0020 0020 0020 0020 0040 0020 0020 0040 0020 0020 0020 0020 0020 0020 0020 0020 0020 0020 0AAB 0020 0020 0020 0020 0020 0020 0040 0020 0020 0020 0020 0020 0020 00C1 0040 0020 0020 0020 0020 0040 0020 0020 0040 0020 0020 0020 0020 0020 0020 0020 0020 0020 0020 04B0,,
,,SPEAKER-A OFF,16,35,01,16 35 01,---,---,---,---,---,---,---,---,---,---,---,---,---,---,---,---,---,---,---,---,---,Turn Speaker-A Off,0000 0071 0000 0020 0020 0020 0040 0040 0040 0020 0020 0020 0020 0020 0020 00C1 0040 0020 0020 0020 0020 0040 0020 0020 0040 0020 0020 0020 0020 0020 0020 0020 0020 0040 0020 0AAB 0020 0020 0040 0040 0040 0020 0020 0020 0020 0020 0020 00C1 0040 0020 0020 0020 0020 0040 0020 0020 0040 0020 0020 0020 0020 0020 0020 0020 0020 0040 0020 04B0,,
,,SPEAKER-B ON/OFF,16,39,---,16 39,---,X,---,X,X,X,X,X,X(B ON only),X(B ON only),X,X,X,X,X,X,X,X,---,---,---,Speaker B On/Off Toggle,,,
,,SPEAKER-B ON,16,39,00,16 39 00,---,---,---,---,---,---,---,---,---,---,---,---,---,---,---,---,---,---,---,---,---,Turn Speaker-B On,0000 0071 0000 0022 0020 0020 0020 0020 0020 0020 0040 0020 0020 0020 0020 0020 0020 00C1 0040 0020 0020 0040 0020 0020 0020 0020 0040 0020 0020 0020 0020 0020 0020 0020 0020 0020 0020 0AAB 0020 0020 0020 0020 0020 0020 0040 0020 0020 0020 0020 0020 0020 00C1 0040 0020 0020 0040 0020 0020 0020 0020 0040 0020 0020 0020 0020 0020 0020 0020 0020 0020 0020 04B0,,
,,SPEAKER-B OFF,16,39,01,16 39 01,---,---,---,---,---,---,---,---,---,---,---,---,---,---,---,---,---,---,---,---,---,Turn Speaker-B Off,0000 0071 0000 0020 0020 0020 0040 0040 0040 0020 0020 0020 0020 0020 0020 00C1 0040 0020 0020 0040 0020 0020 0020 0020 0040 0020 0020 0020 0020 0020 0020 0020 0020 0040 0020 0AAB 0020 0020 0040 0040 0040 0020 0020 0020 0020 0020 0020 00C1 0040 0020 0020 0040 0020 0020 0020 0020 0040 0020 0020 0020 0020 0020 0020 0020 0020 0040 0020 04B0,,
,Menu,OSD Menu On,16,82,---,16 82,X,X,X,X,X,X,X,X,X,X,X,X,X,X,X,X,X,X,X,X,X,OSD Menu On,0000 0071 0000 001A 0020 0020 0020 0020 0020 0020 0041 0020 0020 0020 0020 0020 0020 0020 0020 0020 0020 0041 0020 0020 0020 0020 0020 0020 0020 0C9B 0020 0020 0020 0020 0020 0020 0041 0020 0020 0020 0020 0020 0020 0020 0020 0020 0020 0041 0020 0020 0020 0020 0020 0020 0020 04B0,,
,Control,OK / OSD Menu,,,,16 82,---,---,---,---,---,---,---,---,---,---,---,---,---,---,---,---,---,---,---,---,---,OSD menu On & OK,0000 0071 0000 001A 0020 0020 0020 0020 0020 0020 0041 0020 0020 0020 0020 0020 0020 0020 0020 0020 0020 0041 0020 0020 0020 0020 0020 0020 0020 0C9B 0020 0020 0020 0020 0020 0020 0041 0020 0020 0020 0020 0020 0020 0020 0020 0020 0020 0041 0020 0020 0020 0020 0020 0020 0020 04B0,,
,,MENU,16,82,60,16 82 60,X,X,X,X,X,X,X,X,X,X,X,X,X,X,X,X,X,X,X,X,X,Menu on/off,0000 0071 0000 0024 0040 0020 0020 0040 0040 0020 0020 0020 0020 0020 0020 00A1 0020 0040 0040 0020 0020 0040 0040 0040 0020 0020 0020 0020 0020 0020 0040 0020 0020 0AA3 0040 0020 0020 0040 0040 0020 0020 0020 0020 0020 0020 00A1 0020 0040 0040 0020 0020 0040 0040 0040 0020 0020 0020 0020 0020 0020 0040 0020 0020 0AA3 0040 0020 0020 0040 0040 0020 0020 0020 0020 0020 0020 04A7,,
,,OPTION,16,82,11,16 82 11,X,X,X,X,X,X,X,X,X,---,X,X,X,---,X,X,X,---,X,X,---,Option Menu on/off,,,
,,Source Select Menu,16,82,20,16 82 20,---,---,---,---,---,---,---,---,---,X,---,---,---,X,---,---,---,X,---,---,X,Source Select Menu On/Off,0000 0071 0000 0022 0040 0040 0020 0020 0040 0020 0020 0020 0020 0020 0020 00A0 0020 0040 0040 0020 0020 0040 0040 0020 0020 0040 0040 0040 0040 0020 0020 0AA2 0040 0040 0020 0020 0040 0020 0020 0020 0020 0020 0020 00A0 0020 0040 0040 0020 0020 0040 0040 0020 0020 0040 0040 0040 0040 0020 0020 0AA2 0040 0040 0020 0020 0040 0020 0020 0020 0020 0020 0020 04A7,,
,,EXIT MENU,16,83,---,16 83,X,X,X,X,X,X,X,X,X,X,X,X,X,X,X,X,X,X,X,X,X,Exit from OSD menu,0000 0073 0000 0016 0040 0020 0020 0040 0040 0020 0020 0020 0020 0020 0020 0020 0020 0040 0040 0020 0020 0040 0020 0020 0020 0C5B 0040 0020 0020 0040 0040 0020 0020 0020 0020 0020 0020 0020 0020 0040 0040 0020 0020 0040 0020 0020 0020 0498,,
,,ENTER (OK),16,87,---,16 87,X,X,X,X,X,X,X,X,X,X,X,X,X,X,X,X,X,X,X,X,X,Enter,0000 0073 0000 0016 0040 0020 0020 0040 0040 0020 0020 0020 0020 0020 0020 0020 0020 0040 0040 0040 0020 0020 0020 0020 0020 0C5B 0040 0020 0020 0040 0040 0020 0020 0020 0020 0020 0020 0020 0020 0040 0040 0040 0020 0020 0020 0020 0020 0498,,
,,Return,16,87,04,16 87 04,X,X,X,X,X,X,X,X,X,X,X,X,X,X,X,X,X,X,X,X,X,Return,0000 0071 0000 001E 0040 0040 0020 0020 0040 0020 0020 0020 0020 0020 0020 00A0 0020 0040 0040 0040 0020 0020 0020 0020 0040 0020 0020 0020 0020 0040 0040 0020 0020 0AA1 0040 0040 0020 0020 0040 0020 0020 0020 0020 0020 0020 00A0 0020 0040 0040 0040 0020 0020 0020 0020 0040 0020 0020 0020 0020 0040 0040 0020 0020 04A6,,
,,CURSOR Up,16,80,---,16 80,X,X,X,X,X,X,X,X,X,X,X,X,X,X,X,X,X,X,X,X,X,Cursor Up,0000 0073 0000 0016 0040 0020 0020 0040 0040 0020 0020 0020 0020 0020 0020 0020 0020 0040 0040 0020 0020 0020 0020 0020 0020 0C5B 0040 0020 0020 0040 0040 0020 0020 0020 0020 0020 0020 0020 0020 0040 0040 0020 0020 0020 0020 0020 0020 0498,,
,,CURSOR Down,16,81,---,16 81,X,X,X,X,X,X,X,X,X,X,X,X,X,X,X,X,X,X,X,X,X,Cursor Down,0000 0073 0000 0016 0040 0040 0020 0020 0040 0020 0020 0020 0020 0020 0020 0020 0020 0040 0040 0020 0020 0020 0020 0040 0020 0C5B 0040 0040 0020 0020 0040 0020 0020 0020 0020 0020 0020 0020 0020 0040 0040 0020 0020 0020 0020 0040 0020 0498,,
,,CURSOR Left,16,85,---,16 85,X,X,X,X,X,X,X,X,X,X,X,X,X,X,X,X,X,X,X,X,X,Cursor Left,0000 0073 0000 0014 0040 0040 0020 0020 0040 0020 0020 0020 0020 0020 0020 0020 0020 0040 0040 0040 0040 0040 0020 0C72 0040 0040 0020 0020 0040 0020 0020 0020 0020 0020 0020 0020 0020 0040 0040 0040 0040 0040 0020 0491,,
,,CURSOR Right,16,86,---,16 86,X,X,X,X,X,X,X,X,X,X,X,X,X,X,X,X,X,X,X,X,X,Cursor Right,0000 0073 0000 0014 0040 0020 0020 0040 0040 0020 0020 0020 0020 0020 0020 0020 0020 0040 0040 0040 0020 0020 0040 0C72 0040 0020 0020 0040 0040 0020 0020 0020 0020 0020 0020 0020 0020 0040 0040 0040 0020 0020 0040 0491,,
,,Shift,16,32,00,16 32 00,---,---,---,---,---,---,---,---,---,X,---,---,---,X,---,---,---,X,---,---,X,Switch to upper case or lower case,0000 0071 0000 0022 0020 0020 0040 0040 0040 0020 0020 0020 0020 0020 0020 00C1 0040 0020 0020 0020 0020 0020 0020 0020 0020 0020 0020 0020 0020 0020 0020 0020 0020 0020 0020 0020 0020 0AA3 0020 0020 0040 0040 0040 0020 0020 0020 0020 0020 0020 00C1 0040 0020 0020 0020 0020 0020 0020 0020 0020 0020 0020 0020 0020 0020 0020 0020 0020 0020 0020 0020 0020 04A7,,
,,Soft keyboard/Search,16,82,61,16 82 61,X,X,X,X,X,X,X,X,X,X,X,X,X,X,X,X,X,X,X,X,X,Change the mode to soft keyboard,0000 0071 0000 0023 0040 0020 0020 0040 0040 0020 0020 0020 0020 0020 0020 00A0 0020 0040 0040 0020 0020 0040 0040 0040 0020 0020 0020 0020 0020 0020 0040 0040 0020 0AA1 0040 0020 0020 0040 0040 0020 0020 0020 0020 0020 0020 00A0 0020 0040 0040 0020 0020 0040 0040 0040 0020 0020 0020 0020 0020 0020 0040 0040 0020 0AA1 0040 0020 0020 0040 0040 0020 0020 0020 0020 04A6,,
,,Insert,16,77,01,16 77 01,X,X,X,X,X,X,X,X,X,X,X,X,X,X,X,X,X,X,X,X,X,Enter space on Edit Function,0000 0071 0000 0010 0040 0040 001F 001F 0040 001F 001F 001F 001F 001F 001F 00A0 001F 001F 001F 0040 001F 001F 0040 0040 0040 001F 001F 001F 001F 001F 001F 001F 001F 0040 001F 0AA1,,
,,Delete,16,78,01,16 78 01,X,X,X,X,X,X,X,X,X,X,X,X,X,X,X,X,X,X,X,X,X,Delete Character on Edit Function,0000 0071 0000 0025 0040 0040 0020 0020 0040 0020 0020 0020 0020 0020 0020 00A0 0020 0020 0020 0040 0020 0020 0020 0020 0040 0020 0020 0020 0020 0020 0020 0020 0020 0020 0020 0040 0020 0AA1 0040 0040 0020 0020 0040 0020 0020 0020 0020 0020 0020 00A0 0020 0020 0020 0040 0020 0020 0020 0020 0040 0020 0020 0020 0020 0020 0020 0020 0020 0020 0020 0040 0020 0AA1 0040 0040 0020 0020 0032 04A6,,
,Display /,Dimmer(Display),16,15,00,16 15 00,X,X,X,X,X,X,X,X,X,X,X,X,X,X,X,X,X,X,X,X,X,FL Display mode(Input > Surround> Auto-off>off > ) or Dimmer,0000 0071 0000 0024 0020 0020 0020 0020 0020 0020 0040 0020 0020 0020 0020 0020 0020 00A1 0020 0020 0020 0040 0020 0020 0020 0020 0020 0020 0040 0020 0020 0020 0020 0020 0020 0020 0020 0020 0020 0AAB 0020 0020 0020 0020 0020 0020 0040 0020 0020 0020 0020 0020 0020 00A1 0020 0020 0020 0040 0020 0020 0020 0020 0020 0020 0040 0020 0020 0020 0020 0020 0020 0020 0020 0020 0020 04B0,,
,Video,Dimmer,16,71,---,16 71,---,---,---,---,---,---,---,---,---,---,---,---,---,---,---,---,---,---,---,---,---,Select Display's brightness mode,0000 0071 0000 0018 0041 0020 0020 0041 0041 0020 0020 0020 0020 0020 0020 0020 0020 0020 0020 0020 0020 0041 0020 0020 0020 0020 0020 0CB3 0041 0020 0020 0041 0041 0020 0020 0020 0020 0020 0020 0020 0020 0020 0020 0020 0020 0041 0020 0020 0020 0020 0020 04A9,,
,,Info.,16,15,08,16 15 08,X,X,X,X,X,X,X,X,X,---,X,X,X,---,X,X,X,---,X,X,---,Information On/Off,,,
,,OSD Info.,16,15,---,16 15,X,X,X,X,X,X,X,X,X,X (STATUS),X,X,X,X (STATUS),X,X,X,X (STATUS),X,X,X (STATUS),OSD General information On / Off,0000 0071 0000 001A 0020 0020 0020 0020 0020 0020 0041 0020 0020 0020 0020 0020 0020 0020 0020 0020 0020 0041 0020 0020 0020 0020 0020 0020 0020 0C9B 0020 0020 0020 0020 0020 0020 0041 0020 0020 0020 0020 0020 0020 0020 0020 0020 0020 0041 0020 0020 0020 0020 0020 0020 0020 04B0,,
,,Status,16,15,07,16 15 07,X,X,X,X,X,X,X,X,X,X,X,X,X,X,X,X,X,X,X,X,X,Display the status,0000 0071 0000 0025 0020 0020 0040 0040 0040 0020 0020 0020 0020 0020 0020 00A1 0020 0020 0020 0040 0020 0020 0020 0020 0020 0020 0040 0020 0020 0020 0020 0040 0020 0020 0020 0020 0020 0AA4 0020 0020 0040 0040 0040 0020 0020 0020 0020 0020 0020 00A1 0020 0020 0020 0040 0020 0020 0020 0020 0020 0020 0040 0020 0020 0020 0020 0040 0020 0020 0020 0020 0020 0AA4 0020 0020 0040 0040 0040 04A7,,
,,InstaPreview ON/OFF,16,15,20,16 15 20,X,---,---,---,---,---,---,---,---,---,---,---,---,---,---,---,---,---,---,---,---,InstaPreview On/Off,,,
,,InstaPreview ON,16,15,21,16 15 21,X,---,---,---,---,---,---,---,---,---,---,---,---,---,---,---,---,---,---,---,---,InstaPreview On,,,
,,InstaPreview OFF,16,15,22,16 15 22,X,---,---,---,---,---,---,---,---,---,---,---,---,---,---,---,---,---,---,---,---,InstaPreview Off,,,
,,Video Select,16,15,50,16 15 50,X,X,X,X,X,X,X,X,X,X,X,X,X,X,X,X,X,X,X,X,X,Move to Video Select  mode,0000 0071 0000 0010 001F 001F 0040 0040 0040 001F 001F 001F 001F 001F 001F 00A0 001F 001F 001F 0040 001F 001F 001F 001F 001F 001F 001F 001F 001F 001F 0040 001F 001F 0040 0040 0AA2,,
,,VIDEO  OFF (V.OFF),16,13,02,16 13 02,---,---,---,---,---,---,---,---,---,---,---,---,---,---,---,---,---,---,---,---,---,Video output Off/On toggle,0000 0071 0000 0020 0020 0020 0020 0020 0020 0020 0040 0020 0020 0020 0020 0020 0020 00A1 0020 0020 0020 0040 0020 0020 0040 0040 0040 0020 0020 0020 0020 0020 0020 0040 0040 0AAB 0020 0020 0020 0020 0020 0020 0040 0020 0020 0020 0020 0020 0020 00A1 0020 0020 0020 0040 0020 0020 0040 0040 0040 0020 0020 0020 0020 0020 0020 0040 0040 04B0,,
,Input,INPUT NEXT,16,00,13,16 00 13,X,X,X,X,X,X,X,X,X,X,X,X,X,X,X,X,X,X,X,X,X,Switch Input forward,0000 0071 0000 0025 0020 0020 0040 0040 0040 0020 0020 0020 0020 0020 0020 00A1 0020 0020 0020 0020 0020 0020 0020 0020 0020 0020 0020 0020 0020 0020 0020 0040 0020 0020 0040 0040 0020 0AA6 0020 0020 0040 0040 0040 0020 0020 0020 0020 0020 0020 00A1 0020 0020 0020 0020 0020 0020 0020 0020 0020 0020 0020 0020 0020 0020 0020 0040 0020 0020 0040 0040 0020 0AA6 0020 0020 0040 0040 0027 04A9,,
,Source,INPUT BACK,16,00,14,16 00 14,X,X,X,X,X,X,X,X,X,X,X,X,X,X,X,X,X,X,X,X,X,Switch Input backward,0000 0071 0000 0022 0020 0020 0040 0040 0040 0020 0020 0020 0020 0020 0020 00A1 0020 0020 0020 0020 0020 0020 0020 0020 0020 0020 0020 0020 0020 0020 0020 0040 0020 0020 0020 0020 0040 0AA9 0020 0020 0040 0040 0040 0020 0020 0020 0020 0020 0020 00A1 0020 0020 0020 0020 0020 0020 0020 0020 0020 0020 0020 0020 0020 0020 0020 0040 0020 0020 0020 0020 0040 04AA,,
,,"TUNER (TUNER,FM)",17,63,---,17 63,X,X,X,X,X,X,X,X,X,X,X,X,X,X,X,X,X,X,X,X,X,Select Tuner(Tuner-1) or Change BAND (> FM > AM >LW),0000 0071 0000 0018 0020 0020 0041 0041 0041 0020 0020 0020 0020 0041 0020 0020 0020 0020 0020 0020 0020 0020 0020 0020 0020 0020 0020 0C9B 0020 0020 0041 0041 0041 0020 0020 0020 0020 0041 0020 0020 0020 0020 0020 0020 0020 0020 0020 0020 0020 0020 0020 04B0,,
,,Blu-ray(BD)(Code1),07,63,00,07 63 00,X,X,X,X,X,X,X,X,X,X,X,X,X,X,X,X,X,X,X(Blu-ray/DVD),X,X,Select Blu-ray input,0000 0071 0000 0024 0020 0020 0020 0020 0040 0020 0020 0040 0020 0020 0020 0020 0020 00A1 0020 0020 0020 0020 0020 0020 0020 0020 0020 0020 0040 0020 0020 0020 0020 0020 0020 0020 0020 0020 0020 0AAB 0020 0020 0020 0020 0040 0020 0020 0040 0020 0020 0020 0020 0020 00A1 0020 0020 0020 0020 0020 0020 0020 0020 0020 0020 0040 0020 0020 0020 0020 0020 0020 0020 0020 0020 0020 04B0,,
,,Blu-ray(BD)(Code2),28,63,00,28 63 00,X,X,X,X,X,X,X,X,X,X,X,X,X,X,X,X,X,X,X(Blu-ray/DVD),X,X,Select Blu-ray input,0000 0071 0000 0033 001F 001F 0040 0040 001F 001F 001F 001F 0040 001F 001F 00C1 001F 001F 001F 001F 001F 001F 001F 001F 001F 001F 0040 001F 001F 001F 001F 001F 001F 001F 001F 001F 001F 0AA4 001F 001F 0040 0040 001F 001F 001F 001F 0040 001F 001F 00C1 001F 001F 001F 001F 001F 001F 001F 001F 001F 001F 0040 001F 001F 001F 001F 001F 001F 001F 001F 001F 001F 0AA4 001F 001F 0040 0040 001F 001F 001F 001F 0040 001F 001F 00C1 001F 001F 001F 001F 001F 001F 001F 001F 001F 001F 0040 001F 001F 001F 001F 001F 001F 001F 001F 001F 001F 04A7,,
,,Blu-ray/DVD,16,02,04,,---,---,---,---,---,---,---,---,---,---,---,---,---,---,---,---,---,---,X,---,---,Select Blu-ray /DVD input,,,
,,CD,20,63,---,20 63,X,X,X,X,X,X,X,X,X,X,X,X,X,X,X,X,X,X,X,X,X,Select CD input,0000 0071 0000 0018 0020 0020 0020 0020 0020 0020 0041 0041 0041 0020 0020 0041 0020 0020 0020 0020 0020 0020 0020 0020 0020 0020 0020 0C9B 0020 0020 0020 0020 0020 0020 0041 0041 0041 0020 0020 0041 0020 0020 0020 0020 0020 0020 0020 0020 0020 0020 0020 04B0,,
,,TV AUDIO(TV),00,63,---,00 63,X(TV AUDIO),X(TV AUDIO),X(TV AUDIO),X(TV AUDIO),X(TV AUDIO),X(TV AUDIO),X(TV AUDIO),X(TV AUDIO),X(TV AUDIO),X,X(TV AUDIO),X(TV AUDIO),X(TV AUDIO),X,X(TV AUDIO),X(TV AUDIO),X(TV AUDIO),X,X(TV AUDIO),X(TV AUDIO),X,Select TV(TV AUDIO) input,0000 0071 0000 001A 0020 0020 0041 0020 0020 0020 0020 0020 0020 0020 0020 0020 0020 0041 0020 0020 0020 0020 0020 0020 0020 0020 0020 0020 0020 0C9B 0020 0020 0041 0020 0020 0020 0020 0020 0020 0020 0020 0020 0020 0041 0020 0020 0020 0020 0020 0020 0020 0020 0020 0020 0020 04B0,,
,,DVD,16,00,10,16 00 10,X,X,X,X,X,X,X,X,X,X,X,X,X,X,X,X,X,X,X(Blu-ray/DVD),X,X,Select DVD input,0000 0071 0000 0020 0020 0020 0040 0040 0040 0020 0020 0020 0020 0020 0020 00A1 0020 0020 0020 0020 0020 0020 0020 0020 0020 0020 0020 0020 0020 0020 0020 0040 0040 0040 0040 0AAB 0020 0020 0040 0040 0040 0020 0020 0020 0020 0020 0020 00A1 0020 0020 0020 0020 0020 0020 0020 0020 0020 0020 0020 0020 0020 0020 0020 0040 0040 0040 0040 04B0,,
,,MEDIAPLAYER(VCR1),05,63,---,05 63,X(M.PLAYER)),X(M.PLAYER)),X(M.PLAYER)),X(M.PLAYER)),X(M.PLAYER)),X(M.PLAYER)),X(M.PLAYER)),X(M.PLAYER)),X(M.PLAYER)),X(VCR),X(M.PLAYER)),X(M.PLAYER)),X(M.PLAYER)),X(VCR),X(M.PLAYER)),X(M.PLAYER)),X(M.PLAYER)),---,X(M.PLAYER)),X(M.PLAYER)),---,Select VCR1(MEDIA PLAYER) input,0000 0071 0000 0018 0020 0020 0020 0020 0041 0020 0020 0041 0041 0041 0020 0020 0020 0020 0020 0020 0020 0020 0020 0020 0020 0020 0020 0C9B 0020 0020 0020 0020 0041 0020 0020 0041 0041 0041 0020 0020 0020 0020 0020 0020 0020 0020 0020 0020 0020 0020 0020 04B0,,
,,"CBL/SAT(SAT,VCR2)",06,63,---,06 63,X (CBL/SAT),X (CBL/SAT),X (CBL/SAT),X (CBL/SAT),X (CBL/SAT),X (CBL/SAT),X (CBL/SAT),X (CBL/SAT),X (CBL/SAT),X (SAT),X (CBL/SAT),X (CBL/SAT),X (CBL/SAT),X (SAT),X (CBL/SAT),X (CBL/SAT),X (CBL/SAT),X (SAT),X (CBL/SAT),X (CBL/SAT),X (SAT),Select VCR2(CBL/SAT)\ input,0000 0073 0000 0020 0020 0020 0020 0020 0040 0020 0020 0040 0020 0020 0040 0040 0020 0020 0020 0020 0020 0020 0020 0020 0020 0020 0020 0C5B 0020 0020 0020 0020 0040 0020 0020 0040 0020 0020 0040 0040 0020 0020 0020 0020 0020 0020 0020 0020 0020 0020 0020 0C5B 0020 0020 0020 0020 0040 0020 0020 0040 0020 0020 0040 0040 0020 0020 0020 0498,,
,,AUX1(AUX),16,00,06,16 00 06,X,X,X,X (AUX1),X (AUX1),X (AUX1),X (AUX1),X (AUX1),X (AUX1),X (AUX1),X (AUX1),X (AUX1),X (AUX),X (AUX),X (AUX1),X (AUX1),X (AUX),X (AUX),---,---,---,Select Front AUX1 input,0000 0071 0000 0022 0020 0020 0040 0040 0040 0020 0020 0020 0020 0020 0020 00A1 0020 0020 0020 0020 0020 0020 0020 0020 0020 0020 0020 0020 0020 0020 0020 0020 0020 0040 0020 0020 0040 0AAB 0020 0020 0040 0040 0040 0020 0020 0020 0020 0020 0020 00A1 0020 0020 0020 0020 0020 0020 0020 0020 0020 0020 0020 0020 0020 0020 0020 0020 0020 0040 0020 0020 0040 04B0,,
,,AUX2,16,00,07,16 00 07,X,X,X,X (AUX2),X (AUX2),X (AUX2),X (AUX2),X (AUX2),X (AUX2),X (AUX2),X (AUX2),X (AUX2),---,---,X (AUX2),X (AUX2),---,---,---,---,---,Select  AUX2 input or L/R channel of Multi channel direct input,0000 0071 0000 0026 001F 001F 001F 001F 001F 001F 0040 001F 001F 001F 001F 001F 001F 00A1 001F 001F 001F 001F 001F 001F 001F 001F 001F 001F 001F 001F 001F 001F 001F 001F 001F 0040 001F 001F 001F 001F 001F 0AAB 001F 001F 001F 001F 001F 001F 0040 001F 001F 001F 001F 001F 001F 00A1 001F 001F 001F 001F 001F 001F 001F 001F 001F 001F 001F 001F 001F 001F 001F 001F 001F 0040 001F 001F 001F 001F 001F 04B0,,
,,AUX3(Additional Source),16,00,08,16 00 08,X,---,---,---,---,---,---,---,---,---,---,---,---,---,---,---,---,---,---,---,---,Select  AUX3 (Additional Source),,,
,,AUX4(Additional Source),16,02,00,16 02 00,X,---,---,---,---,---,---,---,---,---,---,---,---,---,---,---,---,---,---,---,---,Select  AUX4(Additional Source),,,
,,AUX5(Additional Source),16,02,01,16 02 01,X,---,---,---,---,---,---,---,---,---,---,---,---,---,---,---,---,---,---,---,---,Select  AUX5(Additional Source),,,
,,AUX6(Additional Source),16,02,02,16 02 02,X,---,---,---,---,---,---,---,---,---,---,---,---,---,---,---,---,---,---,---,---,Select  AUX6(Additional Source),,,
,,AUX7(Additional Source),16,02,03,16 02 03,X,---,---,---,---,---,---,---,---,---,---,---,---,---,---,---,---,---,---,---,---,Select  AUX7(Additional Source),,,
,,Bluetooth,16,02,16,16 02 16,---,X,---,X,---,---,X,---,---,---,X,---,---,---,X,---,---,---,---,,,Select Bluetooth input,,,
Main,,GAME,16,00,62,16 00 62,X,X,X,X,X,X,X,X,X,X,X,X,X,X,X,X,X,X,X,X,X,Select Game input,0000 0071 0000 0011 001F 001F 0040 0040 0040 001F 001F 001F 001F 001F 001F 00A0 001F 001F 001F 001F 001F 001F 001F 001F 001F 001F 001F 0040 001F 001F 001F 001F 001F 001F 001F 001F 0040 0AA1,,
Zone,,,16,00,08,16 00 08,---,---,---,---,---,---,---,---,---,---,---,---,---,---,---,---,---,---,---,---,---,Select Game input,0000 0071 0000 0011 001F 001F 0040 0040 0040 001F 001F 001F 001F 001F 001F 00A1 001F 001F 001F 001F 001F 001F 001F 001F 001F 001F 001F 001F 001F 001F 001F 0040 0040 001F 001F 001F 001F 0AA4,,
,,PHONO,21,63,---,21 63,X,X,X,X,X,X,X,X,X,X,---,---,---,---,---,---,---,---,---,---,---,Select PHONO input,0000 0071 0000 0022 0020 0020 0020 0020 0020 0020 0040 0040 0040 0040 0020 00A1 0020 0020 0020 0020 0020 0020 0020 0020 0020 0020 0040 0020 0020 0020 0020 0020 0020 0020 0020 0020 0020 0AAB 0020 0020 0020 0020 0020 0020 0040 0040 0040 0040 0020 00A1 0020 0020 0020 0020 0020 0020 0020 0020 0020 0020 0040 0020 0020 0020 0020 0020 0020 0020 0020 0020 0020 04B0,,
,,USB(iPod/USB),24,63,01,24 63 01,---,---,---,---,---,---,---,---,---,---,---,---,---,---,---,---,---,---,---,---,---,Select USB(iPod/USB) input,0000 0071 0000 0022 0020 0020 0040 0040 0020 0020 0040 0020 0020 0020 0020 00C1 0020 0020 0020 0020 0020 0020 0020 0020 0020 0020 0040 0020 0020 0020 0020 0020 0020 0020 0020 0040 0020 0AAB 0020 0020 0040 0040 0020 0020 0040 0020 0020 0020 0020 00C1 0020 0020 0020 0020 0020 0020 0020 0020 0020 0020 0040 0020 0020 0020 0020 0020 0020 0020 0020 0040 0020 04B0,,
,,,24,63,11,24 63 11,X (iPod/USB),X (iPod/USB),X (iPod/USB),X (iPod/USB),X (iPod/USB),X (iPod/USB),X (iPod/USB),X (iPod/USB),X (iPod/USB),X (NET/USB),X (iPod/USB),X (iPod/USB),X (iPod/USB),X (NET/USB),X (iPod/USB),X (iPod/USB),X (iPod/USB),X (NET/USB),X (iPod/USB),---,---,Jump to USB(iPod/USB) input directly,0000 0071 0000 0024 0020 0020 0040 0040 0020 0020 0040 0020 0020 0020 0020 00C0 0020 0020 0020 0020 0020 0020 0020 0020 0020 0020 0040 0020 0020 0040 0040 0040 0020 0020 0020 0AA1 0020 0020 0040 0040 0020 0020 0040 0020 0020 0020 0020 00C0 0020 0020 0020 0020 0020 0020 0020 0020 0020 0020 0040 0020 0020 0040 0040 0040 0020 0020 0020 0AA1 0020 0020 0040 0040 0020 0020 0040 04A6,,
,,Online Music(NETWORK),24,63,10,24 63 10,X (NETWORK),X (Online Music),X (NETWORK),X (Online Music),X (NETWORK),X (NETWORK),X (Online Music),X (NETWORK),X (NETWORK),X (NET/USB),X (Online Music),X (NETWORK),X (NETWORK),X (NET/USB),X (Online Music),X (NETWORK),X (NETWORK),X (NET/USB),X (NETWORK),---,---,Select  Net/USB(NETWORK) function,0000 0071 0000 002D 0020 0020 0040 0040 0020 0020 0040 0020 0020 0020 0020 00C1 0020 0020 0020 0020 0020 0020 0020 0020 0020 0020 0040 0020 0020 0040 0040 0040 0040 0AA1 0020 0020 0040 0040 0020 0020 0040 0020 0020 0020 0020 00C1 0020 0020 0020 0020 0020 0020 0020 0020 0020 0020 0040 0020 0020 0040 0040 0040 0040 0AA1 0020 0020 0040 0040 0020 0020 0040 0020 0020 0020 0020 00C1 0020 0020 0020 0020 0020 0020 0020 0020 0020 0020 0040 0020 0020 0040 0040 0040 0040 04A6,,
,,Internet Radio Select,27,63,20,27 63 20,X,X,X,X,X,X,X,X,X,X,X,X,X,X,X,X,X,X,X,---,---,Select Net/USB(NETWORK) input and Internet Radio directly,0000 0071 0000 002D 0020 0020 0040 0040 0020 0020 0040 0040 0020 0020 0020 00A0 0020 0020 0020 0020 0020 0020 0020 0020 0020 0020 0040 0040 0040 0040 0040 0020 0020 0AA3 0020 0020 0040 0040 0020 0020 0040 0040 0020 0020 0020 00A0 0020 0020 0020 0020 0020 0020 0020 0020 0020 0020 0040 0040 0040 0040 0040 0020 0020 0AA3 0020 0020 0040 0040 0020 0020 0040 0040 0020 0020 0020 00A0 0020 0020 0020 0020 0020 0020 0020 0020 0020 0020 0040 0040 0040 0040 0040 0020 0020 04A7,,
,,Spotify (*6),27,63,28,27 63 28,X,X,X,---,X,X,---,X,X,---,---,X,X,---,---,X,X,---,X,---,---,Select Net/USB(NETWORK) input and Spotify directly,,,
,,SIRIUSXM (*4),27,63,29,27 63 29,X,X,X,X,X,X,X,X,X,---,X,X,X,---,X,X,X,---,X,---,---,Select Net/USB(NETWORK) input and Sirius XM directly,,,
,,Rhapsody Select  (*4),27,63,21,27 63 21,---,---,---,---,---,---,---,---,---,X,---,---,---,X,---,---,---,X,---,---,---,Select Net/USB(NETWORK) input and Rhapsody directly,0000 0071 0000 002D 0020 0020 0040 0040 0020 0020 0040 0040 0020 0020 0020 00A1 0020 0020 0020 0020 0020 0020 0020 0020 0020 0020 0040 0040 0040 0040 0040 0040 0020 0AA3 0020 0020 0040 0040 0020 0020 0040 0040 0020 0020 0020 00A1 0020 0020 0020 0020 0020 0020 0020 0020 0020 0020 0040 0040 0040 0040 0040 0040 0020 0AA3 0020 0020 0040 0040 0020 0020 0040 0040 0020 0020 0020 00A1 0020 0020 0020 0020 0020 0020 0020 0020 0020 0020 0040 0040 0040 0040 0040 0040 0020 04A7,,
,,Napstar Select  (*6),27,63,22,27 63 22,---,---,---,---,---,---,---,---,---,X,---,---,---,X,---,---,---,X,---,---,---,Select Net/USB(NETWORK) input and Napstar directly,0000 0071 0000 0022 0020 0020 0040 0040 0020 0020 0040 0040 0020 0020 0020 00A1 0020 0020 0020 0020 0020 0020 0020 0020 0020 0020 0040 0040 0040 0040 0020 0020 0040 0AA1 0020 0020 0040 0040 0020 0020 0040 0040 0020 0020 0020 00A1 0020 0020 0020 0020 0020 0020 0020 0020 0020 0020 0040 0040 0040 0040 0020 0020 0040 0AA1 0020 0020 0040 0040 0020 0020 0040 04A6,,
,,Flickr Select,27,63,23,27 63 23,X,X,X,X,X,X,X,X,X,X,X,X,X,X,X,X,X,X,X,---,---,Select Net/USB(NETWORK) input and Flickr directly,0000 0071 0000 0024 0020 0020 0040 0040 0020 0020 0040 0040 0020 0020 0020 00A0 0020 0020 0020 0020 0020 0020 0020 0020 0020 0020 0040 0040 0040 0040 0020 0020 0020 0020 0020 0AA1 0020 0020 0040 0040 0020 0020 0040 0040 0020 0020 0020 00A0 0020 0020 0020 0020 0020 0020 0020 0020 0020 0020 0040 0040 0040 0040 0020 0020 0020 0020 0020 0AA1 0020 0020 0040 0040 0020 0020 0040 04A6,,
,,Media Server Select,27,63,24,27 63 24,X,X,X,X,X,X,X,X,X,X,X,X,X,X,X,X,X,X,X,---,---,Select Net/USB(NETWORK) input and Media Server directly,0000 0071 0000 0020 0020 0020 0040 0040 0020 0020 0040 0040 0020 0020 0020 00A1 0020 0020 0020 0020 0020 0020 0020 0020 0020 0020 0040 0040 0020 0020 0040 0020 0020 0020 0020 0AA1 0020 0020 0040 0040 0020 0020 0040 0040 0020 0020 0020 00A1 0020 0020 0020 0020 0020 0020 0020 0020 0020 0020 0040 0040 0020 0020 0040 0020 0020 0020 0020 04A6,,
,,Pandora Select  (*4),27,63,26,27 63 26,X,X,X,X,X,X,X,X,X,X,X,X,X,X,X,X,X,X,X,---,---,Select Net/USB(NETWORK) input and Pandora directly,0000 0071 0000 0023 0020 0020 0040 0040 0020 0020 0040 0040 0020 0020 0020 00A0 0020 0020 0020 0020 0020 0020 0020 0020 0020 0020 0040 0040 0020 0020 0040 0040 0040 0AA1 0020 0020 0040 0040 0020 0020 0040 0040 0020 0020 0020 00A0 0020 0020 0020 0020 0020 0020 0020 0020 0020 0020 0040 0040 0020 0020 0040 0040 0040 0AA1 0020 0020 0040 0040 0020 0020 0040 0040 0020 04A6,,
,,Last.fm Select (*5),27,63,27,27 63 27,---,---,---,---,---,---,---,---,---,---,---,---,---,---,---,---,---,---,---,---,---,Select Net/USB(NETWORK) input and Last.fm directly,0000 0071 0000 0030 001F 001F 0040 0040 001F 001F 0040 0040 001F 001F 001F 00A1 001F 001F 001F 001F 001F 001F 001F 001F 001F 001F 0040 0040 001F 001F 0040 0040 001F 001F 001F 0AA1 001F 001F 0040 0040 001F 001F 0040 0040 001F 001F 001F 00A1 001F 001F 001F 001F 001F 001F 001F 001F 001F 001F 0040 0040 001F 001F 0040 0040 001F 001F 001F 0AA1 001F 001F 0040 0040 001F 001F 0040 0040 001F 001F 001F 00A1 001F 001F 001F 001F 001F 001F 001F 001F 001F 001F 0040 0040 001F 001F 0040 0040 001F 001F 001F 04A6,,
,,Online Music(NETWORK),27,63,10,27 63 10,X (NETWORK),X (NETWORK),X (NETWORK),X (NETWORK),X (NETWORK),X (NETWORK),X (NETWORK),X (NETWORK),X (NETWORK),X (NET/USB),X (Online Music),X (NETWORK),X (NETWORK),X (NET/USB),X (Online Music),X (NETWORK),X (NETWORK),X (NET/USB),X (NETWORK),---,---,"Jump to USB(iPod) input directly, AV8003 only: Network(Digital Media Player)",0000 0071 0000 0024 0020 0020 0040 0040 0020 0020 0040 0040 0020 0020 0020 00A0 0020 0020 0020 0020 0020 0020 0020 0020 0020 0020 0040 0020 0020 0040 0040 0040 0040 0AA1 0020 0020 0040 0040 0020 0020 0040 0040 0020 0020 0020 00A0 0020 0020 0020 0020 0020 0020 0020 0020 0020 0020 0040 0020 0020 0040 0040 0040 0040 0AA1 0020 0020 0040 0040 0020 0020 0040 0040 0020 0020 0005 04A6,,
,,Online Music(NET),27,63,11,27 63 11,X (NETWORK),X (NETWORK),X (NETWORK),X (NETWORK),X (NETWORK),X (NETWORK),X (NETWORK),X (NETWORK),X (NETWORK),X (NET/USB),X (Online Music),X (NETWORK),X (NETWORK),X (NET/USB),X (Online Music),X (NETWORK),X (NETWORK),X (NET/USB),X (NETWORK),---,---,Jump to Net function directly,0000 0071 0000 0024 0020 0020 0040 0040 0020 0020 0040 0040 0020 0020 0020 00A0 0020 0020 0020 0020 0020 0020 0020 0020 0020 0020 0040 0020 0020 0040 0040 0040 0020 0020 0020 0AA1 0020 0020 0040 0040 0020 0020 0040 0040 0020 0020 0020 00A0 0020 0020 0020 0020 0020 0020 0020 0020 0020 0020 0040 0020 0020 0040 0040 0040 0020 0020 0020 0AA1 0020 0020 0040 0040 0020 0020 0040 04A6,,
,,M-XPort,29,63,01,29 63 01,X,X,X,---,X,X,---,X,X,X,---,X,X,X,---,X,X,X,X,X,X,Select M-XPort input,0000 0071 0000 0026 0020 0020 0040 0040 0020 0020 0020 0020 0040 0040 0020 00A0 0020 0020 0020 0020 0020 0020 0020 0020 0020 0020 0040 0020 0020 0020 0020 0020 0020 0020 0020 0040 0020 0AA1 0020 0020 0040 0040 0020 0020 0020 0020 0040 0040 0020 00A0 0020 0020 0020 0020 0020 0020 0020 0020 0020 0020 0040 0020 0020 0020 0020 0020 0020 0020 0020 0040 0020 0AA1 0020 0020 0040 0040 0020 0020 0008 04A6,,
,,BALANCED,16,00,20,16 00 20,---,---,---,---,---,---,---,---,---,---,---,---,---,---,---,---,---,---,---,---,---,Select BALANCED input,0000 0071 0000 0020 0020 0020 0040 0040 0040 0020 0020 0020 0020 0020 0020 00A1 0020 0020 0020 0020 0020 0020 0020 0020 0020 0020 0020 0020 0020 0040 0040 0040 0040 0020 0020 0AAB 0020 0020 0040 0040 0040 0020 0020 0020 0020 0020 0020 00A1 0020 0020 0020 0020 0020 0020 0020 0020 0020 0020 0020 0020 0020 0040 0040 0040 0040 0020 0020 04B0,,
,,7.1 (6.1) CH. Input ON/OFF,16,01,03,16 01 03,---,---,---,---,---,---,---,---,---,---,---,---,---,---,---,---,---,---,---,---,---,Switch 7.1ch-In On/Off (Toggle),0000 0071 0000 0024 0020 0020 0020 0020 0020 0020 0040 0020 0020 0020 0020 0020 0020 00A1 0020 0020 0020 0020 0020 0020 0020 0020 0020 0040 0040 0020 0020 0020 0020 0020 0020 0040 0020 0020 0020 0AAB 0020 0020 0020 0020 0020 0020 0040 0020 0020 0020 0020 0020 0020 00A1 0020 0020 0020 0020 0020 0020 0020 0020 0020 0040 0040 0020 0020 0020 0020 0020 0020 0040 0020 0020 0020 04B0,,
,,7.1 (6.1)CH. Input ON,16,01,12,16 01 12,X,X,X,X,X,X,X,X,X,X,X,X,X,X,---,---,---,---,---,---,---,7.1 channel input  On,0000 0071 0000 0020 0020 0020 0040 0040 0040 0020 0020 0020 0020 0020 0020 00A1 0020 0020 0020 0020 0020 0020 0020 0020 0020 0040 0040 0020 0020 0040 0020 0020 0040 0020 0020 0AAB 0020 0020 0040 0040 0040 0020 0020 0020 0020 0020 0020 00A1 0020 0020 0020 0020 0020 0020 0020 0020 0020 0040 0040 0020 0020 0040 0020 0020 0040 0020 0020 04B0,,
,,7.1 (6.1) CH. Input OFF,16,01,13,16 01 13,---,---,---,---,---,---,---,---,---,---,---,---,---,---,---,---,---,---,---,---,---,7.1 channel input  Off,0000 0071 0000 0022 0020 0020 0020 0020 0020 0020 0040 0020 0020 0020 0020 0020 0020 00A1 0020 0020 0020 0020 0020 0020 0020 0020 0020 0040 0040 0020 0020 0040 0020 0020 0040 0040 0020 0AAB 0020 0020 0020 0020 0020 0020 0040 0020 0020 0020 0020 0020 0020 00A1 0020 0020 0020 0020 0020 0020 0020 0020 0020 0040 0040 0020 0020 0040 0020 0020 0040 0040 0020 04B0,,
,Smart,Smart Select1,16,02,21,16 02 21,---,X,---,X,---,---,X,---,---,---,X,---,---,---,X,---,---,---,---,---,---,Smart Select 1,,,
,Select,Smart Select2,16,02,22,16 02 22,---,X,---,X,---,---,X,---,---,---,X,---,---,---,X,---,---,---,---,---,---,Smart Select 2,,,
,,Smart Select3,16,02,23,16 02 23,---,X,---,X,---,---,X,---,---,---,X,---,---,---,X,---,---,---,---,,,Smart Select 3,,,
,,Smart Select4,16,02,24,16 02 24,---,X,---,X,---,---,X,---,---,---,X,---,---,---,X,---,---,---,---,---,---,Smart Select 4,,,
,,Smart Select5,16,02,25,16 02 25,---,X,---,X,---,---,X,---,---,---,X,---,---,---,X,---,---,---,---,---,---,Smart Select 5,,,
,I/O,Input Mode Select,16,01,01,16 01 01,X,X,X,X,X,X,X,X,X,X,X,X,X,X,X,X,X,X,X,X,X,Change the input mode (Auto-HDMI-Digital-Analog-Ext.In-Auto),0000 0071 0000 0022 0020 0020 0040 0040 0040 0020 0020 0020 0020 0020 0020 00A0 0020 0020 0020 0020 0020 0020 0020 0020 0020 0040 0040 0020 0020 0020 0020 0020 0020 0020 0020 0040 0020 0AA1 0020 0020 0040 0040 0040 0020 0020 0020 0020 0020 0020 00A0 0020 0020 0020 0020 0020 0020 0020 0020 0020 0040 0040 0020 0020 0020 0020 0020 0020 0020 0020 0040 0020 04A6,,
,Setting,A/D (Input Analog/Digital Selection),,,,16 01 01,---,---,---,---,---,---,---,---,---,---,---,---,---,---,---,---,---,---,---,---,---,Analog input> auto Digital input > fixed Digital input,0000 0071 0000 0022 0020 0020 0040 0040 0040 0020 0020 0020 0020 0020 0020 00A0 0020 0020 0020 0020 0020 0020 0020 0020 0020 0040 0040 0020 0020 0020 0020 0020 0020 0020 0020 0040 0020 0AA1 0020 0020 0040 0040 0040 0020 0020 0020 0020 0020 0020 00A0 0020 0020 0020 0020 0020 0020 0020 0020 0020 0040 0040 0020 0020 0020 0020 0020 0020 0020 0020 0040 0020 04A6,,
,,INPUT MODE:AUTO,16,01,15,16 01 15,X,X,X,X,X,X,X,X,X,---,X,X,X,---,X,X,X,---,X,X,---,Input Mode：Auto,,,
,,INPUT MODE:HDMI,16,01,16,16 01 16,X,X,X,X,X,X,X,X,X,---,X,X,X,---,X,X,X,---,X,X,---,Input Mode：fixed HDMI,,,
,,INPUT MODE:DIGITAL,16,01,17,16 01 17,X,X,X,X,X,X,X,X,X,---,X,X,X,---,X,X,X,---,X,X,---,Input Mode：fixed Digital,,,
,,INPUT MODE:ANALOG,16,01,18,16 01 18,X,X,X,X,X,X,X,X,X,---,X,X,X,---,X,X,X,---,X,X,---,Input Mode：fixed Analog,,,
,,Bilingual (Audio Channel),16,01,14,16 01 14,X,---,---,---,---,---,X,X,X,X,---,---,---,X,X,X,X,X,---,X,X,Select AAC Bilingual (Main > Sub > Main+Sub),0000 0071 0000 0022 0020 0020 0020 0020 0020 0020 0040 0020 0020 0020 0020 0020 0020 00A1 0020 0020 0020 0020 0020 0020 0020 0020 0020 0040 0040 0020 0020 0040 0020 0020 0020 0020 0040 0AA4 0020 0020 0020 0020 0020 0020 0040 0020 0020 0020 0020 0020 0020 00A1 0020 0020 0020 0020 0020 0020 0020 0020 0020 0040 0040 0020 0020 0040 0020 0020 0020 0020 0040 04A8,,
,,LIP SYNC.(Audio Delay),16,10,01,16 10 01,X,X,X,X,X,X,X,X,X,X,X,X,X,X,X,X,X,X,X,X,X,Lip Sync. Mode,0000 0071 0000 0016 0021 0021 0041 0041 0041 0021 0021 0021 0021 0021 0021 0021 0021 0021 0021 0041 0021 0021 0041 0041 0021 0C9B 0021 0021 0041 0041 0041 0021 0021 0021 0021 0021 0021 0021 0021 0021 0021 0041 0021 0021 0041 0041 0021 04B0,,
,,Resolution(Analog),16,15,10,16 15 10,X,X,X,X,X,X,X,X,X,X,X,X,---,---,X,X,X,---,---,---,---,Resolution for HDMI out(Auto-480p-1080i-720p-1080p-1080p/24-auto),0000 0071 0000 0025 0020 0020 0020 0020 0020 0020 0040 0020 0020 0020 0020 0020 0020 00A1 0020 0020 0020 0040 0020 0020 0020 0020 0020 0020 0040 0020 0020 0040 0040 0040 0040 0AA5 0020 0020 0020 0020 0020 0020 0040 0020 0020 0020 0020 0020 0020 00A1 0020 0020 0020 0040 0020 0020 0020 0020 0020 0020 0040 0020 0020 0040 0040 0040 0040 0AA5 0020 0020 0020 0020 0020 0020 0040 0020 0020 04A8,,
,,Resolution(HDMI),16,15,11,16 15 11,X,X,X,X,X,X,X,X,X,X,X,X,---,---,X,X,X,---,---,---,---,Resolution for HDMI out(Auto-480p-1080i-720p-1080p-1080p/24-auto),0000 0071 0000 0024 0020 0020 0040 0040 0040 0020 0020 0020 0020 0020 0020 00A1 0020 0020 0020 0040 0020 0020 0020 0020 0020 0020 0040 0020 0020 0040 0040 0040 0020 0020 0020 0AA3 0020 0020 0040 0040 0040 0020 0020 0020 0020 0020 0020 00A1 0020 0020 0020 0040 0020 0020 0020 0020 0020 0020 0040 0020 0020 0040 0040 0040 0020 0020 0020 0AA3 0020 0020 0040 0040 0040 0020 0020 04A7,,
,,Vertical Stretch ON,16,15,12,16 15 12,X,---,---,---,---,---,---,---,---,---,---,---,---,---,---,---,---,---,---,---,---,Vertical Stretch On,,,
,,Vertical Stretch OFF,16,15,13,16 15 13,X,---,---,---,---,---,---,---,---,---,---,---,---,---,---,---,---,---,---,---,---,Vertical Stretch Off,,,
,,HDMI Audio Output Select (Toggle),16,84,00,16 84 00,X,X,X,X,X,X,X,X,X,X,X,X,X,X,X,X,X,X,X,X,X,To select AVR decode/pass through the audio signal of HDMI,,,
,,HDMI Audio  Output: Enable (Decode by AVR),16,84,01,16 84 01,X,X,X,X,X,X,X,X,X,X,X,X,X,X,X,X,X,X,X,X,X,AVR decode the audio signal of HDMI,0000 0071 0000 0020 0040 0040 0020 0020 0040 0020 0020 0020 0020 0020 0020 00A1 0020 0040 0040 0040 0040 0020 0020 0020 0020 0020 0020 0020 0020 0020 0020 0020 0020 0040 0020 0AA5 0040 0040 0020 0020 0040 0020 0020 0020 0020 0020 0020 00A1 0020 0040 0040 0040 0040 0020 0020 0020 0020 0020 0020 0020 0020 0020 0020 0020 0020 0040 0020 04A9,,
,,HDMI Audio  Output: Through (Decode by TV),16,84,02,16 84 02,X,X,X,X,X,X,X,X,X,X,X,X,X,X,X,X,X,X,X,X,X,AVR pass through the audio signal of HDMI to TV,0000 0071 0000 001E 0040 0020 0020 0040 0040 0020 0020 0020 0020 0020 0020 00A1 0020 0040 0040 0040 0040 0020 0020 0020 0020 0020 0020 0020 0020 0020 0020 0040 0040 0AA5 0040 0020 0020 0040 0040 0020 0020 0020 0020 0020 0020 00A1 0020 0040 0040 0040 0040 0020 0020 0020 0020 0020 0020 0020 0020 0020 0020 0040 0040 04A9,,
,,HDMI AUTO LIP SYNC.: ENABLE,16,84,11,16 84 11,---,---,---,---,---,---,---,---,---,---,---,---,---,---,---,---,---,---,---,---,---,HDMI auto lip sync. Mode: Enable,0000 0071 0000 001E 0040 0040 0020 0020 0040 0020 0020 0020 0020 0020 0020 00A1 0020 0040 0040 0040 0040 0020 0020 0020 0020 0020 0020 0040 0040 0040 0020 0020 0020 0AAB 0040 0040 0020 0020 0040 0020 0020 0020 0020 0020 0020 00A1 0020 0040 0040 0040 0040 0020 0020 0020 0020 0020 0020 0040 0040 0040 0020 0020 0020 04B0,,
,,HDMI AUTO LIP SYNC.: DISABLE,16,84,12,16 84 12,---,---,---,---,---,---,---,---,---,---,---,---,---,---,---,---,---,---,---,---,---,HDMI auto lip sync. Mode: Disable,0000 0071 0000 001E 0040 0020 0020 0040 0040 0020 0020 0020 0020 0020 0020 00A1 0020 0040 0040 0040 0040 0020 0020 0020 0020 0020 0020 0040 0020 0020 0040 0020 0020 0AAB 0040 0020 0020 0040 0040 0020 0020 0020 0020 0020 0020 00A1 0020 0040 0040 0040 0040 0020 0020 0020 0020 0020 0020 0040 0020 0020 0040 0020 0020 04B0,,
,,I/P CONVERT: ENABLE,16,84,21,16 84 21,---,---,---,---,---,---,---,---,---,---,---,---,---,---,---,---,---,---,---,---,---,I/P conversion: Enable,0000 0071 0000 001C 0040 0020 0020 0040 0040 0020 0020 0020 0020 0020 0020 00A1 0020 0040 0040 0040 0040 0020 0020 0020 0020 0040 0040 0040 0040 0040 0020 0AAB 0040 0020 0020 0040 0040 0020 0020 0020 0020 0020 0020 00A1 0020 0040 0040 0040 0040 0020 0020 0020 0020 0040 0040 0040 0040 0040 0020 04B0,,
,,I/P CONVERT: DISABLE,16,84,22,16 84 22,---,---,---,---,---,---,---,---,---,---,---,---,---,---,---,---,---,---,---,---,---,I/P conversion: Disable,0000 0071 0000 001C 0040 0040 0020 0020 0040 0020 0020 0020 0020 0020 0020 00A1 0020 0040 0040 0040 0040 0020 0020 0020 0020 0040 0040 0040 0020 0020 0040 0AAB 0040 0040 0020 0020 0040 0020 0020 0020 0020 0020 0020 00A1 0020 0040 0040 0040 0040 0020 0020 0020 0020 0040 0040 0040 0020 0020 0040 04B0,,
,,COMPONENT-2 for MAIN,16,84,31,16 84 31,---,X,X,X,X,X,---,---,---,---,---,---,---,---,---,---,---,---,---,---,---,Component-2 out switch to Main zone,0000 0071 0000 0020 0040 0020 0020 0040 0040 0020 0020 0020 0020 0020 0020 00A1 0020 0040 0040 0040 0040 0020 0020 0020 0020 0040 0020 0020 0020 0020 0020 0020 0020 0020 0020 0AAB 0040 0020 0020 0040 0040 0020 0020 0020 0020 0020 0020 00A1 0020 0040 0040 0040 0040 0020 0020 0020 0020 0040 0020 0020 0020 0020 0020 0020 0020 0020 0020 04B0,,
,,COMPONENT-2 for MULTI-A,16,84,32,16 84 32,---,X,X,X,X,X,---,---,---,---,---,---,---,---,---,---,---,---,---,---,---,Component-2 out switch to ZONE2,0000 0071 0000 001E 0040 0040 0020 0020 0040 0020 0020 0020 0020 0020 0020 00A1 0020 0040 0040 0040 0040 0020 0020 0040 0040 0020 0020 0020 0020 0020 0020 0020 0020 0AAB 0040 0040 0020 0020 0040 0020 0020 0020 0020 0020 0020 00A1 0020 0040 0040 0040 0040 0020 0020 0040 0040 0020 0020 0020 0020 0020 0020 0020 0020 04B0,,
,,Video Mode (Toggle),16,84,50,16 84 50,X,X,X,X,X,X,X,X,X,X,X,X,X,X,X,X,X,X,---,---,X,To select Video Mode (Auto/Game/Movie),,,
,,Video Mode: Auto,16,84,51,16 84 51,X,X,X,X,X,X,X,X,X,X,X,X,X,X,X,X,X,X,---,---,X,Select Video Mode = Auto,,,
,,Video Mode: Movie,16,84,52,16 84 52,X,X,X,X,X,X,X,X,X,X,X,X,X,X,X,X,X,X,---,---,X,Select Video Mode = Movie,,,
,,Video Mode: Game,16,84,53,16 84 53,X,X,X,X,X,X,X,X,X,X,X,X,X,X,X,X,X,X,---,---,X,Select Video Mode = Game,,,
,,HDMI In-1,16,84,41,16 84 41,---,---,---,---,---,---,---,---,---,---,---,---,---,---,---,---,---,---,---,---,---,Select assigned HDMI Input-1,0000 0071 0000 001C 0040 0040 0020 0020 0040 0020 0020 0020 0020 0020 0020 00A1 0020 0040 0040 0040 0040 0020 0020 0040 0040 0040 0040 0020 0020 0040 0020 0AAB 0040 0040 0020 0020 0040 0020 0020 0020 0020 0020 0020 00A1 0020 0040 0040 0040 0040 0020 0020 0040 0040 0040 0040 0020 0020 0040 0020 04B0,,
,,HDMI In-2,16,84,42,16 84 42,---,---,---,---,---,---,---,---,---,---,---,---,---,---,---,---,---,---,---,---,---,Select assigned HDMI Input-2,0000 0071 0000 001A 0040 0020 0020 0040 0040 0020 0020 0020 0020 0020 0020 00A1 0020 0040 0040 0040 0040 0020 0020 0040 0040 0040 0040 0040 0040 0AAB 0040 0020 0020 0040 0040 0020 0020 0020 0020 0020 0020 00A1 0020 0040 0040 0040 0040 0020 0020 0040 0040 0040 0040 0040 0040 04B0,,
,,HDMI In-3,16,84,43,16 84 43,---,---,---,---,---,---,---,---,---,---,---,---,---,---,---,---,---,---,---,---,---,Select assigned HDMI Input-3,0000 0071 0000 001C 0040 0040 0020 0020 0040 0020 0020 0020 0020 0020 0020 00A1 0020 0040 0040 0040 0040 0020 0020 0040 0040 0040 0040 0040 0020 0020 0020 0AAB 0040 0040 0020 0020 0040 0020 0020 0020 0020 0020 0020 00A1 0020 0040 0040 0040 0040 0020 0020 0040 0040 0040 0040 0040 0020 0020 0020 04B0,,
,,HDMI In-4,16,84,44,16 84 44,---,---,---,---,---,---,---,---,---,---,---,---,---,---,---,---,---,---,---,---,---,Select assigned HDMI Input-4,0000 0071 0000 001C 0040 0020 0020 0040 0040 0020 0020 0020 0020 0020 0020 00A1 0020 0040 0040 0040 0040 0020 0020 0040 0040 0040 0020 0020 0040 0020 0020 0AAB 0040 0020 0020 0040 0040 0020 0020 0020 0020 0020 0020 00A1 0020 0040 0040 0040 0040 0020 0020 0040 0040 0040 0020 0020 0040 0020 0020 04B0,,
,,HDMI Output Select (Toggle),16,120,00,16 120 00,X,X,X,X,X,X,---,---,X,X,X,---,---,---,---,---,---,---,---,---,---,HDMI Output select 1↔2 (Toggle): SR8001 from MZ02xxxxxxxxxx,0000 0071 0000 0022 0040 0040 0020 0020 0040 0020 0020 0020 0020 0020 0020 00C1 0020 0020 0020 0020 0040 0020 0020 0020 0020 0020 0020 0020 0020 0020 0020 0020 0020 0020 0020 0020 0020 0AAB 0040 0040 0020 0020 0040 0020 0020 0020 0020 0020 0020 00C1 0020 0020 0020 0020 0040 0020 0020 0020 0020 0020 0020 0020 0020 0020 0020 0020 0020 0020 0020 0020 0020 04B0,,
,,HDMI Out-1,16,120,01,16 120 01,X,X,X,X,X,X,---,---,X,X,X,---,---,---,---,---,---,---,---,---,---,HDMI Output-1 select: (SR8001 later S/N=MZ02xxxxxxxxxx),0000 0071 0000 0022 0040 0020 0020 0040 0040 0020 0020 0020 0020 0020 0020 00C1 0020 0020 0020 0020 0040 0020 0020 0020 0020 0020 0020 0020 0020 0020 0020 0020 0020 0020 0020 0040 0020 0AAB 0040 0020 0020 0040 0040 0020 0020 0020 0020 0020 0020 00C1 0020 0020 0020 0020 0040 0020 0020 0020 0020 0020 0020 0020 0020 0020 0020 0020 0020 0020 0020 0040 0020 04B0,,
,,HDMI Out-2,16,120,02,16 120 02,X,X,X,X,X,X,---,---,X,X,X,---,---,---,---,---,---,---,---,---,---,HDMI Output-2 select: (SR8001 later S/N=MZ02xxxxxxxxxx),0000 0071 0000 0020 0040 0040 0020 0020 0040 0020 0020 0020 0020 0020 0020 00C1 0020 0020 0020 0020 0040 0020 0020 0020 0020 0020 0020 0020 0020 0020 0020 0020 0020 0040 0040 0AAB 0040 0040 0020 0020 0040 0020 0020 0020 0020 0020 0020 00C1 0020 0020 0020 0020 0040 0020 0020 0020 0020 0020 0020 0020 0020 0020 0020 0020 0020 0040 0040 04B0,,
,,HDMI Out-Auto(Dual),16,120,03,16 120 03,X,X,X,X,X,X,---,---,X,X,X,---,---,---,---,---,---,---,---,---,---,HDMI Output-Audo Select,,,
,Surround,SURROUND MODE (Toggle/NEXT),16,37,---,16 37,X,X,X,X,X,X,X,X,X,X,X,X,X,X,X,X,X,X,X,X,X,Change Surround mode (Toggle/go to next mode),0000 0071 0000 0016 0020 0020 0020 0020 0020 0020 0041 0020 0020 0020 0020 0020 0020 0041 0041 0020 0020 0041 0041 0041 0020 0C9B 0020 0020 0020 0020 0020 0020 0041 0020 0020 0020 0020 0020 0020 0041 0041 0020 0020 0041 0041 0041 0020 04B0,,
,Mode,SURROUND MODE (Back),16,64,15,16 64 15,X,X,X,X,X,X,X,X,X,X,X,X,X,X,X,X,X,X,X,X,X,Change Surround mode (Back to previous mode),0000 0071 0000 0024 0020 0020 0040 0040 0040 0020 0020 0020 0020 0020 0020 00C1 0020 0020 0040 0040 0020 0020 0040 0020 0020 0040 0040 0020 0020 0020 0020 0020 0020 0AA3 0020 0020 0040 0040 0040 0020 0020 0020 0020 0020 0020 00C1 0020 0020 0040 0040 0020 0020 0040 0020 0020 0040 0040 0020 0020 0020 0020 0020 0020 0AA3 0020 0020 0040 0040 0040 0020 0020 0020 0020 0020 0000 04A7,,
,,MOVIE SURROUND,16,37,29,16 37 29,X,X,X,X,X,X,X,X,X,---,X,X,X,---,X,X,X,---,X,X,---,Change Surround mode (MOVIE),,,
,,MUSIC SURROUND,16,37,53,16 37 53,X,X,X,X,X,X,X,X,X,---,X,X,X,---,X,X,X,---,X,X,---,Change Surround mode (MUSIC),,,
,,GAME SURROUND,16,64,18,16 64 18,X,X,X,X,X,X,X,X,X,---,X,X,X,---,X,X,X,---,X,X,---,Change Surround mode (GAME),,,
,,AUTO,16,37,45,16 37 45,X,X,X,X,X,X,X,X,X,X,X,X,X,X,X,X,X,X,X,X,X,Select AUTO Surround,0000 0071 0000 001C 0020 0020 0040 0040 0040 0020 0020 0020 0020 0020 0020 00C1 0040 0020 0020 0040 0040 0040 0020 0020 0040 0040 0020 0020 0040 0040 0020 0AAB 0020 0020 0040 0040 0040 0020 0020 0020 0020 0020 0020 00C1 0040 0020 0020 0040 0040 0040 0020 0020 0040 0040 0020 0020 0040 0040 0020 04B0,,
,,STEREO,16,37,30,16 37 30,X,X,X,X,X,X,X,X,X,X,X,X,X,X,X,X,X,X,X,X,X,Select STEREO mode,0000 0071 0000 001C 0020 0020 0040 0040 0040 0020 0020 0020 0020 0020 0020 00C1 0040 0020 0020 0040 0040 0040 0040 0040 0020 0020 0020 0020 0020 0020 0040 0AAB 0020 0020 0040 0040 0040 0020 0020 0020 0020 0020 0020 00C1 0040 0020 0020 0040 0040 0040 0040 0040 0020 0020 0020 0020 0020 0020 0040 04B0,,
,,MONO,16,37,37,16 37 37,---,---,---,---,---,---,---,---,---,---,---,---,---,---,---,---,---,---,---,---,---,Select MONO mode,0000 0071 0000 001F 0020 0020 0020 0020 0020 0020 0040 0020 0020 0020 0020 0020 0020 00C1 0040 0020 0020 0040 0040 0040 0020 0020 0040 0020 0020 0040 0040 0040 0020 0AA5 0020 0020 0020 0020 0020 0020 0040 0020 0020 0020 0020 0020 0020 00C1 0040 0020 0020 0040 0040 0040 0020 0020 0040 0020 0020 0040 0040 0040 0020 0AA5 0020 04A9,,
,,MULTI-CH Stereo/ Select,16,37,57,16 37 57,X,X,X,X,X,X,X,X,X,X,X,X,X,X,X,X,X,X,X,X,X,Select 7.1 Stereo mode On/Off or Multi-ch Music/Movie toggle,0000 0071 0000 0025 0020 0020 0020 0020 0020 0020 0040 0020 0020 0020 0020 0020 0020 00C1 0040 0020 0020 0040 0040 0040 0020 0020 0020 0020 0020 0020 0040 0020 0020 0040 0020 0AA9 0020 0020 0020 0020 0020 0020 0040 0020 0020 0020 0020 0020 0020 00C1 0040 0020 0020 0040 0040 0040 0020 0020 0020 0020 0020 0020 0040 0020 0020 0040 0020 0AA9 0020 0020 0020 0020 0020 0020 0040 0020 001A 04AA,,
,,MULTI-CH MOVIE,16,64,20,16 64 20,---,---,---,---,---,---,---,---,---,---,---,---,---,---,---,---,---,---,---,---,---,Select Multi-ch Movie,0000 0071 0000 002C 0040 0040 0040 0020 0020 0040 0020 0020 0020 0020 0020 0083 0020 0040 0040 0020 0020 0020 0020 0040 0040 0020 0020 0020 0020 0020 0020 0020 0020 0020 0020 0A7B 0040 0040 0040 0020 0020 0040 0020 0020 0020 0020 0020 0083 0020 0040 0040 0020 0020 0020 0020 0040 0040 0020 0020 0020 0020 0020 0020 0020 0020 0020 0020 04AA 0040 0040 0040 0020 0020 0040 0020 0020 0020 0020 0020 0083 0020 0040 0040 0020 0020 0020 0020 0040 0040 0020 0020 04AA,,
,,MULTI-CH MUSIC (Stereo),16,64,21,16 64 21,---,---,---,---,---,---,---,---,---,---,---,---,---,---,---,---,---,---,---,---,---,Select Multi-ch Music (Stereo),0000 0071 0000 0022 0040 0020 0020 0040 0040 0020 0020 0020 0020 0020 0020 00A1 0020 0020 0020 0020 0020 0020 0020 0020 0020 0020 0020 0020 0020 0040 0040 0040 0040 0040 0020 0AA8 0040 0020 0020 0040 0040 0020 0020 0020 0020 0020 0020 00A1 0020 0020 0020 0020 0020 0020 0020 0020 0020 0020 0020 0020 0020 0040 0040 0040 0040 0040 0020 0AA8 0040 0020 0020 04AA,,
,THX,THX,16,64,13,16 64 13,---,---,---,---,---,---,---,---,---,---,---,---,---,---,---,---,---,---,---,---,---,Select THX mode,0000 0071 0000 0022 0040 0040 0020 0020 0040 0020 0020 0020 0020 0020 0020 00A1 0020 0020 0020 0020 0020 0020 0020 0020 0020 0020 0020 0020 0020 0020 0020 0040 0020 0020 0040 0040 0020 0AAB 0040 0040 0020 0020 0040 0020 0020 0020 0020 0020 0020 00A1 0020 0020 0020 0020 0020 0020 0020 0020 0020 0020 0020 0020 0020 0020 0020 0040 0020 0020 0040 0040 0020 04B0,,
,,THX CINEMA,16,37,36,16 37 36,---,---,---,---,---,---,---,---,---,---,---,---,---,---,---,---,---,---,---,---,---,Select normal THX mode (THX Surround EX Off),0000 0071 0000 001E 0020 0020 0020 0020 0020 0020 0040 0020 0020 0020 0020 0020 0020 00C1 0040 0020 0020 0040 0040 0040 0020 0020 0040 0020 0020 0040 0040 0020 0020 0AAB 0020 0020 0020 0020 0020 0020 0040 0020 0020 0020 0020 0020 0020 00C1 0040 0020 0020 0040 0040 0040 0020 0020 0040 0020 0020 0040 0040 0020 0020 04B0,,
,,THX SURRUND EX,16,37,58,16 37 58,---,---,---,---,---,---,---,---,---,---,---,---,---,---,---,---,---,---,---,---,---,Select THX Surround EX mode,0000 0071 0000 001C 0020 0020 0040 0040 0040 0020 0020 0020 0020 0020 0020 00C1 0040 0020 0020 0040 0040 0040 0020 0020 0020 0020 0020 0020 0040 0040 0040 0AAB 0020 0020 0040 0040 0040 0020 0020 0020 0020 0020 0020 00C1 0040 0020 0020 0040 0040 0040 0020 0020 0020 0020 0020 0020 0040 0040 0040 04B0,,
,,THX ULTRA 2,16,64,07,16 64 07,---,---,---,---,---,---,---,---,---,---,---,---,---,---,---,---,---,---,---,---,---,Select THX Ultra 2 mode,0000 0071 0000 0024 0040 0040 0020 0020 0040 0020 0020 0020 0020 0020 0020 00A1 0020 0020 0020 0020 0020 0020 0020 0020 0020 0020 0020 0020 0020 0020 0020 0020 0020 0040 0020 0020 0020 0020 0020 0AAB 0040 0040 0020 0020 0040 0020 0020 0020 0020 0020 0020 00A1 0020 0020 0020 0020 0020 0020 0020 0020 0020 0020 0020 0020 0020 0020 0020 0020 0020 0040 0020 0020 0020 0020 0020 04B0,,
,,THX SELECT 2,,,,16 64 07,---,---,---,---,---,---,---,---,---,---,---,---,---,---,---,---,---,---,---,---,---,Select THX Select 2 mode,0000 0071 0000 0024 0040 0040 0020 0020 0040 0020 0020 0020 0020 0020 0020 00A1 0020 0020 0020 0020 0020 0020 0020 0020 0020 0020 0020 0020 0020 0020 0020 0020 0020 0040 0020 0020 0020 0020 0020 0AAB 0040 0040 0020 0020 0040 0020 0020 0020 0020 0020 0020 00A1 0020 0020 0020 0020 0020 0020 0020 0020 0020 0020 0020 0020 0020 0020 0020 0020 0020 0040 0020 0020 0020 0020 0020 04B0,,
,,THX 5.1 MUSIC,16,64,04,16 64 04,---,---,---,---,---,---,---,---,---,---,---,---,---,---,---,---,---,---,---,---,---,Select normal THX 5.1 Music mode,0000 0071 0000 0022 0040 0040 0020 0020 0040 0020 0020 0020 0020 0020 0020 00A1 0020 0020 0020 0020 0020 0020 0020 0020 0020 0020 0020 0020 0020 0020 0020 0020 0020 0040 0040 0020 0020 0AAB 0040 0040 0020 0020 0040 0020 0020 0020 0020 0020 0020 00A1 0020 0020 0020 0020 0020 0020 0020 0020 0020 0020 0020 0020 0020 0020 0020 0020 0020 0040 0040 0020 0020 04B0,,
,,THX GAMES,16,64,14,16 64 14,---,---,---,---,---,---,---,---,---,---,---,---,---,---,---,---,---,---,---,---,---,Select THX  Game mode,0000 0071 0000 0022 0040 0020 0020 0040 0040 0020 0020 0020 0020 0020 0020 00A1 0020 0020 0020 0020 0020 0020 0020 0020 0020 0020 0020 0020 0020 0020 0020 0040 0020 0020 0020 0020 0040 0AAB 0040 0020 0020 0040 0040 0020 0020 0020 0020 0020 0020 00A1 0020 0020 0020 0020 0020 0020 0020 0020 0020 0020 0020 0020 0020 0020 0020 0040 0020 0020 0020 0020 0040 04B0,,
,,NEURAL,16,64,16,16 64 16,---,---,---,---,---,---,---,---,---,---,---,---,---,---,---,---,---,---,---,---,---,Select Neural Surround,0000 0071 0000 0022 0040 0020 0020 0040 0040 0020 0020 0020 0020 0020 0020 00A1 0020 0020 0020 0020 0020 0020 0020 0020 0020 0020 0020 0020 0020 0040 0040 0020 0020 0020 0020 0020 0020 0AAC 0040 0020 0020 0040 0040 0020 0020 0020 0020 0020 0020 00A1 0020 0020 0020 0020 0020 0020 0020 0020 0020 0020 0020 0020 0020 0040 0040 0020 0020 0020 0020 0020 0020 04AB,,
,Dolby,DOLBY,16,37,41,16 37 41,---,---,---,---,---,---,---,---,---,---,---,---,---,---,---,---,---,---,---,---,---,Select Dolby mode (PL2 movie>music>PL>),0000 0071 0000 001C 0020 0020 0040 0040 0040 0020 0020 0020 0020 0020 0020 00C1 0040 0020 0020 0040 0040 0040 0020 0020 0040 0040 0040 0020 0020 0040 0020 0AAB 0020 0020 0040 0040 0040 0020 0020 0020 0020 0020 0020 00C1 0040 0020 0020 0040 0040 0040 0020 0020 0040 0040 0040 0020 0020 0040 0020 04B0,,
,,PRO LOGIC,16,37,00,16 37 00,---,---,---,---,---,---,---,---,---,---,---,---,---,---,---,---,---,---,---,---,---,Select Pro Logic,0000 0071 0000 0020 0020 0020 0020 0020 0020 0020 0040 0020 0020 0020 0020 0020 0020 00C1 0040 0020 0020 0040 0040 0040 0040 0020 0020 0020 0020 0020 0020 0020 0020 0020 0020 0AAB 0020 0020 0020 0020 0020 0020 0040 0020 0020 0020 0020 0020 0020 00C1 0040 0020 0020 0040 0040 0040 0040 0020 0020 0020 0020 0020 0020 0020 0020 0020 0020 04B0,,
,,PL IIx(z) Movie / PL II Movie,16,64,00,16 64 00,X,---,X,---,X,X,X,X,X,X,X,X,X,X,X,X,X,X,X,X,X,Select Pro Logic IIx movie mode,0000 0071 0000 0024 0040 0040 0020 0020 0040 0020 0020 0020 0020 0020 0020 00A1 0020 0020 0020 0020 0020 0020 0020 0020 0020 0020 0020 0020 0020 0020 0020 0020 0020 0020 0020 0020 0020 0020 0020 0AAB 0040 0040 0020 0020 0040 0020 0020 0020 0020 0020 0020 00A1 0020 0020 0020 0020 0020 0020 0020 0020 0020 0020 0020 0020 0020 0020 0020 0020 0020 0020 0020 0020 0020 0020 0020 04B0,,
,,PL IIx(z) Music / PL II Music,16,64,01,16 64 01,X,---,X,---,X,X,X,X,X,X,X,X,X,X,X,X,X,X,X,X,X,Select Pro Logic IIx music mode,0000 0071 0000 0024 0040 0040 0020 0020 0040 0020 0020 0020 0020 0020 0020 00A1 0020 0020 0020 0020 0020 0020 0020 0020 0020 0020 0020 0020 0020 0020 0020 0020 0020 0020 0020 0020 0020 0040 0020 0AAB 0040 0040 0020 0020 0040 0020 0020 0020 0020 0020 0020 00A1 0020 0020 0020 0020 0020 0020 0020 0020 0020 0020 0020 0020 0020 0020 0020 0020 0020 0020 0020 0020 0020 0040 0020 04B0,,
,,PL IIx Game,16,64,12,16 64 12,---,---,---,---,---,---,---,---,---,---,---,---,---,---,---,---,---,---,---,---,---,Select Pro Logic IIx game mode,0000 0071 0000 0022 0040 0020 0020 0040 0040 0020 0020 0020 0020 0020 0020 00A1 0020 0020 0020 0020 0020 0020 0020 0020 0020 0020 0020 0020 0020 0020 0020 0040 0020 0020 0040 0020 0020 0AAB 0040 0020 0020 0040 0040 0020 0020 0020 0020 0020 0020 00A1 0020 0020 0020 0020 0020 0020 0020 0020 0020 0020 0020 0020 0020 0020 0020 0040 0020 0020 0040 0020 0020 04B0,,
,,PL IIz,16,64,17,16 64 17,---,---,---,---,---,---,---,---,---,---,---,---,---,---,---,---,---,---,---,---,---,Select Pro Logic IIz mode,0000 0071 0000 0027 0040 0020 0020 0040 0040 0020 0020 0020 0020 0020 0020 00A1 0020 0020 0020 0020 0020 0020 0020 0020 0020 0020 0020 0020 0020 0040 0040 0020 0020 0020 0020 0040 0020 0AA9 0040 0020 0020 0040 0040 0020 0020 0020 0020 0020 0020 00A1 0020 0020 0020 0020 0020 0020 0020 0020 0020 0020 0020 0020 0020 0040 0040 0020 0020 0020 0020 0040 0020 0AA9 0040 0020 0020 0040 0040 0020 0020 0020 0020 04AA,,
,,Dolby Atomos ON/OFF,16,64,25,16 64 25,---,X,---,X,---,---,---,---,---,---,---,---,---,---,---,---,---,---,---,,,Dolby Atmos On/Off,,,
,,DOLBY HEADPHONE,16,37,60,16 37 60,---,---,---,---,---,---,---,---,---,---,---,---,---,---,---,---,---,---,---,---,---,Select Dolby headphone On/Off,0000 0071 0000 001E 0020 0020 0040 0040 0040 0020 0020 0020 0020 0020 0020 00C1 0040 0020 0020 0040 0040 0040 0020 0020 0020 0020 0020 0020 0020 0020 0040 0020 0020 0AAB 0020 0020 0040 0040 0040 0020 0020 0020 0020 0020 0020 00C1 0040 0020 0020 0040 0040 0040 0020 0020 0020 0020 0020 0020 0020 0020 0040 0020 0020 04B0,,
,,EX/ES,16,37,61,16 37 61,---,---,---,---,---,---,---,---,---,---,---,---,---,---,---,---,---,---,---,---,---,Select Dolby EX or DTS-ES,0000 0071 0000 001E 0020 0020 0040 0040 0040 0020 0020 0020 0020 0020 0020 00C1 0040 0020 0020 0040 0040 0040 0020 0020 0020 0020 0020 0020 0020 0020 0040 0040 0020 0AAB 0020 0020 0040 0040 0040 0020 0020 0020 0020 0020 0020 00C1 0040 0020 0020 0040 0040 0040 0020 0020 0020 0020 0020 0020 0020 0020 0040 0040 0020 04B0,,
Main,dts,DTS Mode,16,64,08,16 64 08,---,---,---,---,---,---,---,---,---,---,---,---,---,---,---,---,---,---,---,---,---,Select  DTS mode(DTS>Neo6 cinema>Neo6music),0000 0071 0000 0022 0040 0020 0020 0040 0040 0020 0020 0020 0020 0020 0020 00A1 0020 0020 0020 0020 0020 0020 0020 0020 0020 0020 0020 0020 0020 0020 0020 0040 0040 0020 0020 0020 0020 0AAB 0040 0020 0020 0040 0040 0020 0020 0020 0020 0020 0020 00A1 0020 0020 0020 0020 0020 0020 0020 0020 0020 0020 0020 0020 0020 0020 0020 0040 0040 0020 0020 0020 0020 04B0,,
Zone,,DTS,16,37,46,16 37 46,X,X,X,X,X,X,X,X,X,X,X,X,X,X,X,X,X,X,X,X,X,Select DTS,0000 0071 0000 0024 0020 0020 0040 0040 0040 0020 0020 0020 0020 0020 0020 00C1 0040 0020 0020 0040 0040 0040 0020 0020 0040 0040 0020 0020 0020 0020 0040 0AA9 0020 0020 0040 0040 0040 0020 0020 0020 0020 0020 0020 00C1 0040 0020 0020 0040 0040 0040 0020 0020 0040 0040 0020 0020 0020 0020 0040 0AA9 0020 0020 0040 0040 0040 0020 0020 0020 0020 0020 0020 00C1 0040 0020 0003 04AA,,
,,DTS ES,16,64,03,16 64 03,---,---,---,---,---,---,---,---,---,---,---,---,---,---,---,---,---,---,---,---,---,Select DTS-ES,0000 0071 0000 0024 0040 0020 0020 0040 0040 0020 0020 0020 0020 0020 0020 00A1 0020 0020 0020 0020 0020 0020 0020 0020 0020 0020 0020 0020 0020 0020 0020 0020 0020 0020 0020 0040 0020 0020 0020 0AAB 0040 0020 0020 0040 0040 0020 0020 0020 0020 0020 0020 00A1 0020 0020 0020 0020 0020 0020 0020 0020 0020 0020 0020 0020 0020 0020 0020 0020 0020 0020 0020 0040 0020 0020 0020 04B0,,
,,DTS Neo6 Cinema,16,64,05,16 64 05,---,---,X,---,---,X,---,---,X,X,X,X,X,X,X,X,X,X,X,X,X,Select  Neo 6 cinema,0000 0071 0000 0022 0040 0040 0020 0020 0040 0020 0020 0020 0020 0020 0020 00A1 0020 0020 0020 0020 0020 0020 0020 0020 0020 0020 0020 0020 0020 0020 0020 0020 0020 0040 0040 0040 0020 0AAB 0040 0040 0020 0020 0040 0020 0020 0020 0020 0020 0020 00A1 0020 0020 0020 0020 0020 0020 0020 0020 0020 0020 0020 0020 0020 0020 0020 0020 0020 0040 0040 0040 0020 04B0,,
,,DTS Neo6 Music,16,64,06,16 64 06,---,---,X,---,---,X,---,---,X,X,X,X,X,X,X,X,X,X,X,X,X,Select  Neo 6 music,0000 0071 0000 0022 0040 0040 0020 0020 0040 0020 0020 0020 0020 0020 0020 00A1 0020 0020 0020 0020 0020 0020 0020 0020 0020 0020 0020 0020 0020 0020 0020 0020 0020 0040 0020 0020 0040 0AAB 0040 0040 0020 0020 0040 0020 0020 0020 0020 0020 0020 00A1 0020 0020 0020 0020 0020 0020 0020 0020 0020 0020 0020 0020 0020 0020 0020 0020 0020 0040 0020 0020 0040 04B0,,
,,DTS NEO:X ON/OFF,16,64,22,16 64 22,X,---,---,X,X,---,X,X,---,---,---,---,---,---,---,---,---,---,---,---,---,DTS Neo X On/Off,,,
,SRS,CS-II (SRS) (Toggle),16,64,09,16 64 09,---,---,---,---,---,---,---,---,---,---,---,---,---,---,---,---,---,---,---,---,---,Select CS mode music>movie>mono>,,,
,(CS-II),CS-II (SRS) Mono,16,64,10,16 64 10,---,---,---,---,---,---,---,---,---,---,---,---,---,---,---,---,---,---,---,---,---,Select CS-II mono,0000 0071 0000 0020 0040 0040 0020 0020 0040 0020 0020 0020 0020 0020 0020 00A1 0020 0020 0020 0020 0020 0020 0020 0020 0020 0020 0020 0020 0020 0020 0020 0040 0040 0040 0040 0AAB 0040 0040 0020 0020 0040 0020 0020 0020 0020 0020 0020 00A1 0020 0020 0020 0020 0020 0020 0020 0020 0020 0020 0020 0020 0020 0020 0020 0040 0040 0040 0040 04B0,,
,,CS-II Cinema (CS 5.1 Cinema),16,64,02,16 64 02,---,---,---,---,---,---,---,---,---,---,---,---,---,---,---,---,---,---,---,---,---,Select CS-II Cinema (CS Cinema),0000 0071 0000 0022 0040 0020 0020 0040 0040 0020 0020 0020 0020 0020 0020 00A1 0020 0020 0020 0020 0020 0020 0020 0020 0020 0020 0020 0020 0020 0020 0020 0020 0020 0020 0020 0040 0040 0AAB 0040 0020 0020 0040 0040 0020 0020 0020 0020 0020 0020 00A1 0020 0020 0020 0020 0020 0020 0020 0020 0020 0020 0020 0020 0020 0020 0020 0020 0020 0020 0020 0040 0040 04B0,,
,,CS-II Music (CS 5.1 Music),16,37,62,16 37 62,---,---,---,---,---,---,---,---,---,---,---,---,---,---,---,---,---,---,---,---,---,Select CS-II Music (5.1 Music),0000 0071 0000 001E 0020 0020 0040 0040 0040 0020 0020 0020 0020 0020 0020 00C1 0040 0020 0020 0040 0040 0040 0020 0020 0020 0020 0020 0020 0020 0020 0020 0020 0040 0AAB 0020 0020 0040 0040 0040 0020 0020 0020 0020 0020 0020 00C1 0040 0020 0020 0040 0040 0040 0020 0020 0020 0020 0020 0020 0020 0020 0020 0020 0040 04B0,,
,,HALL,16,37,01,16 37 01,---,---,---,---,---,---,---,---,---,---,---,---,---,---,---,---,---,---,---,---,---,Select HALL mode,0000 0071 0000 0020 0020 0020 0020 0020 0020 0020 0040 0020 0020 0020 0020 0020 0020 00C1 0040 0020 0020 0040 0040 0040 0040 0020 0020 0020 0020 0020 0020 0020 0020 0040 0020 0AAB 0020 0020 0020 0020 0020 0020 0040 0020 0020 0020 0020 0020 0020 00C1 0040 0020 0020 0040 0040 0040 0040 0020 0020 0020 0020 0020 0020 0020 0020 0040 0020 04B0,,
,,STADIUM,16,37,02,16 37 02,---,---,---,---,---,---,---,---,---,---,---,---,---,---,---,---,---,---,---,---,---,Select STADIUM mode,0000 0071 0000 001E 0020 0020 0020 0020 0020 0020 0040 0020 0020 0020 0020 0020 0020 00C1 0040 0020 0020 0040 0040 0040 0040 0020 0020 0020 0020 0020 0020 0040 0040 0AAB 0020 0020 0020 0020 0020 0020 0040 0020 0020 0020 0020 0020 0020 00C1 0040 0020 0020 0040 0040 0040 0040 0020 0020 0020 0020 0020 0020 0040 0040 04B0,,
,,MATRIX,16,37,09,16 37 09,---,---,---,---,---,---,---,---,---,---,---,---,---,---,---,---,---,---,---,---,---,Select MATRIX mode,0000 0071 0000 001C 0020 0020 0040 0040 0040 0020 0020 0020 0020 0020 0020 00C1 0040 0020 0020 0040 0040 0040 0040 0020 0020 0040 0040 0020 0020 0040 0020 0AAB 0020 0020 0040 0040 0040 0020 0020 0020 0020 0020 0020 00C1 0040 0020 0020 0040 0040 0040 0040 0020 0020 0040 0040 0020 0020 0040 0020 04B0,,
,,MOVIE,16,37,29,16 37 29,---,---,---,---,---,---,---,---,---,---,---,---,---,---,---,---,---,---,---,---,---,Select MOVIE mode,0000 0071 0000 001C 0020 0020 0040 0040 0040 0020 0020 0020 0020 0020 0020 00C1 0040 0020 0020 0040 0040 0040 0040 0040 0020 0020 0020 0020 0040 0040 0020 0AAA 0020 0020 0040 0040 0040 0020 0020 0020 0020 0020 0020 00C1 0040 0020 0020 0040 0040 0040 0040 0040 0020 0020 0020 0020 0040 0040 0020 04AB,,
,,VIRTUAL,16,37,51,16 37 51,X,X,X,X,X,X,X,X,X,X,X,X,X,X,X,X,X,X,X,X,X,Select VIRTUAL (Trusurround) On,0000 0071 0000 0020 0020 0020 0020 0020 0020 0020 0040 0020 0020 0020 0020 0020 0020 00C1 0040 0020 0020 0040 0040 0040 0020 0020 0020 0020 0040 0020 0020 0040 0020 0020 0020 0AAB 0020 0020 0020 0020 0020 0020 0040 0020 0020 0020 0020 0020 0020 00C1 0040 0020 0020 0040 0040 0040 0020 0020 0020 0020 0040 0020 0020 0040 0020 0020 0020 04B0,,
,,Decoder Mode,16,01,20,16 01 20,X,X,X,X,X,X,X,X,X,X,X,X,X,X,X,X,X,X,X,X,X,Select a decoder mode (Auto-PCM-DTS),0000 0071 0000 000F 001F 001F 0040 0040 0040 001F 001F 001F 001F 001F 001F 00A1 001F 001F 001F 001F 001F 001F 001F 001F 001F 0040 0040 0040 0040 0040 0040 001F 001F 0AA3,,
,,DSP MODE,16,37,63,16 37 63,---,---,---,---,---,---,---,---,---,---,---,---,---,---,---,---,---,---,---,---,---,Toggle the DSP Surround mode Select Pure Direct mode,0000 0071 0000 0024 0020 0020 0040 0040 0040 0020 0020 0020 0020 0020 0020 00C1 0040 0020 0020 0040 0040 0040 0020 0020 0020 0020 0020 0020 0020 0020 0020 0020 0020 0020 0020 0AAD 0020 0020 0040 0040 0040 0020 0020 0020 0020 0020 0020 00C1 0040 0020 0020 0040 0040 0040 0020 0020 0020 0020 0020 0020 0020 0020 0020 0020 0020 0020 0020 0AAD 0020 0020 0040 0040 0040 0020 0020 04AC,,
,,SOURCE(Pure) DIRECT (Toggle),16,34,---,16 34,X,X,X,X,X,X,X,X,X,X,X,X,X,X,X,X,X,X,X,X,X,Source Direct (Pure Direct) mode On/Off,0000 0071 0000 0022 0020 0020 0020 0020 0020 0020 0040 0020 0020 0020 0020 0020 0020 00C1 0040 0020 0020 0020 0020 0040 0040 0020 0020 0020 0020 0020 0020 0020 0020 0020 0020 0040 0020 0AAB 0020 0020 0020 0020 0020 0020 0040 0020 0020 0020 0020 0020 0020 00C1 0040 0020 0020 0020 0020 0040 0040 0020 0020 0020 0020 0020 0020 0020 0020 0020 0020 0040 0020 04B0,,
,,PURE DIRECT (Toggle),16,34,01,16 34 01,---,---,---,---,---,---,---,---,---,---,---,---,---,---,---,---,---,---,---,---,---,Pure Direct mode On/Off,0000 0071 0000 0022 0020 0020 0020 0020 0020 0020 0040 0020 0020 0020 0020 0020 0020 00C1 0040 0020 0020 0020 0020 0040 0040 0020 0020 0020 0020 0020 0020 0020 0020 0020 0020 0040 0020 0AAB 0020 0020 0020 0020 0020 0020 0040 0020 0020 0020 0020 0020 0020 00C1 0040 0020 0020 0020 0020 0040 0040 0020 0020 0020 0020 0020 0020 0020 0020 0020 0020 0040 0020 04B0,,
,,Direct Mode,16,34,02,16 34 02,X,X,X,X,X,X,X,X,X,X,X,X,X,X,X,X,X,X,X,X,X,Select Direct mode,,,
,,Pure Direct,16,34,03,16 34 03,X,X,X,X,X,X,X,X,X,X,X,X,X,X,X,X,X,X,X,X,X,Select Pure Direct mode,,,
,,All Zone Stereo ON/OFF,16,100,00,16 100 00,X,---,---,X,X,---,X,X,---,---,X,X,---,---,X,X,---,---,---,---,---,All Zone Stereo On/Off,,,
,,All Zone Stereo ON,16,100,01,16 100 01,X,---,---,X,X,---,X,X,---,---,X,X,---,---,X,X,---,---,---,---,---,All Zone Stereo On,,,
,,All Zone Stereo OFF,16,100,02,16 100 02,X,---,---,X,X,---,X,X,---,---,X,X,---,---,X,X,---,---,---,---,---,All Zone Stereo Off,,,
,Sound,NIGHT (Toggle),16,37,42,16 37 42,---,---,---,---,---,---,---,---,---,---,---,---,---,---,---,---,---,---,---,---,---,Night mode(compression )On/Off,0000 0071 0000 001A 0020 0020 0040 0040 0040 0020 0020 0020 0020 0020 0020 00C1 0040 0020 0020 0040 0040 0040 0020 0020 0040 0040 0040 0040 0040 0AAB 0020 0020 0040 0040 0040 0020 0020 0020 0020 0020 0020 00C1 0040 0020 0020 0040 0040 0040 0020 0020 0040 0040 0040 0040 0040 04B0,,
,Effect,Re-EQ (Toggle),16,37,44,16 37 44,---,---,---,---,---,---,---,---,---,---,---,---,---,---,---,---,---,---,---,---,---,Re-EQ On/Off,0000 0071 0000 001C 0020 0020 0040 0040 0040 0020 0020 0020 0020 0020 0020 00C1 0040 0020 0020 0040 0040 0040 0020 0020 0040 0040 0020 0020 0040 0020 0020 0AAB 0020 0020 0040 0040 0040 0020 0020 0020 0020 0020 0020 00C1 0040 0020 0020 0040 0040 0040 0020 0020 0040 0040 0020 0020 0040 0020 0020 04B0,,
,,Cinema EQ (HT-EQ)(Toggle),16,64,11,16 64 11,X,X,X,X,X,X,X,X,X,X,X,X,X,X,X,X,X,X,X,X,X,HT-EQ On/Off,0000 0071 0000 0024 0040 0020 0020 0040 0040 0020 0020 0020 0020 0020 0020 00A1 0020 0020 0020 0020 0020 0020 0020 0020 0020 0020 0020 0020 0020 0020 0020 0040 0040 0040 0020 0020 0020 0AAA 0040 0020 0020 0040 0040 0020 0020 0020 0020 0020 0020 00A1 0020 0020 0020 0020 0020 0020 0020 0020 0020 0020 0020 0020 0020 0020 0020 0040 0040 0040 0020 0020 0020 0AAA 0040 0020 0020 04AB,,
,,Loudness Management ON/OFF(Toggle),16,64,19,16 64 19,X,X,X,X(Cinema EQ),X,X,X(Cinema EQ),X,X,---,X(Cinema EQ),X,X,---,X(Cinema EQ),X,X,---,X,X,---,Loudness Management On/Off,,,
,,M-DAX,16,22,04,16 22 04,X,X,X,X,X,X,X,X,X,X,X,X,X,X,X,X,X,X,X,X,X,M-DAX Mode toggle,0000 0071 0000 0020 0020 0020 0020 0020 0020 0020 0040 0020 0020 0020 0020 0020 0020 00A1 0020 0040 0040 0040 0020 0020 0040 0020 0020 0020 0020 0020 0020 0040 0040 0020 0020 0AAB 0020 0020 0020 0020 0020 0020 0040 0020 0020 0020 0020 0020 0020 00A1 0020 0040 0040 0040 0020 0020 0040 0020 0020 0020 0020 0020 0020 0040 0040 0020 0020 04B0,,
,,M-DAX OFF,16,22,06,16 22 06,X,X,X,X,X,X,X,X,X,X,X,X,X,X,X,X,X,X,X,X,X,M-DAX Mode: Off,0000 0071 0000 001E 0020 0020 0040 0040 0040 0020 0020 0020 0020 0020 0020 00A1 0020 0040 0040 0040 0020 0020 0040 0020 0020 0020 0020 0020 0020 0040 0020 0020 0040 0AAB 0020 0020 0040 0040 0040 0020 0020 0020 0020 0020 0020 00A1 0020 0040 0040 0040 0020 0020 0040 0020 0020 0020 0020 0020 0020 0040 0020 0020 0040 04B0,,
,,M-DAX HIGH,16,22,07,16 22 07,X,X,X,X,X,X,X,X,X,X,X,X,X,X,X,X,X,X,X,X,X,M-DAX Mode: High,0000 0071 0000 0022 0020 0020 0020 0020 0020 0020 0040 0020 0020 0020 0020 0020 0020 00A1 0020 0040 0040 0040 0020 0020 0040 0020 0020 0020 0020 0020 0020 0040 0020 0020 0020 0020 0020 0AAB 0020 0020 0020 0020 0020 0020 0040 0020 0020 0020 0020 0020 0020 00A1 0020 0040 0040 0040 0020 0020 0040 0020 0020 0020 0020 0020 0020 0040 0020 0020 0020 0020 0020 04B0,,
,,M-DAX LOW,16,22,08,16 22 08,X,X,X,X,X,X,X,X,X,X,X,X,X,X,X,X,X,X,X,X,X,M-DAX Mode: Low,0000 0071 0000 001E 0020 0020 0040 0040 0040 0020 0020 0020 0020 0020 0020 00A1 0020 0040 0040 0040 0020 0020 0040 0020 0020 0020 0020 0040 0040 0020 0020 0020 0020 0AAB 0020 0020 0040 0040 0040 0020 0020 0020 0020 0020 0020 00A1 0020 0040 0040 0040 0020 0020 0040 0020 0020 0020 0020 0040 0040 0020 0020 0020 0020 04B0,,
,,M-DAX MID,16,22,09,16 22 09,X,X,X,X,X,X,X,X,X,X,X,X,X,X,X,X,X,X,X,X,X,M-DAX Mode: Mid,0000 0071 0000 0023 0020 0020 0040 0040 0040 0020 0020 0020 0020 0020 0020 00A1 0020 0040 0040 0040 0020 0020 0040 0020 0020 0020 0020 0040 0040 0020 0020 0040 0020 0AA3 0020 0020 0040 0040 0040 0020 0020 0020 0020 0020 0020 00A1 0020 0040 0040 0040 0020 0020 0040 0020 0020 0020 0020 0040 0040 0020 0020 0040 0020 0AA3 0020 0020 0040 0040 0040 0020 0020 0020 0020 04A7,,
,,Bass Sync UP,16,22,12,16 22 12,X,---,---,---,---,---,---,---,---,---,---,---,---,---,---,---,---,---,---,---,---,Bass Sync Up,,,
,,Bass Sync DOWN,16,22,22,16 22 22,X,---,---,---,---,---,---,---,---,---,---,---,---,---,---,---,---,---,---,---,---,Bass Sync Down,,,
,Tone /,TONE CONTROL ON/OFF (Toggle),16,22,01,16 22 01,X,X,X,X,X,X,X,X,X,X,X,X,X,X,X,X,X,X,X,X,X,Tone On/Off toggle,0000 0071 0000 0022 0020 0020 0020 0020 0020 0020 0040 0020 0020 0020 0020 0020 0020 00A1 0020 0040 0040 0040 0020 0020 0040 0020 0020 0020 0020 0020 0020 0020 0020 0020 0020 0040 0020 0AAC 0020 0020 0020 0020 0020 0020 0040 0020 0020 0020 0020 0020 0020 00A1 0020 0040 0040 0040 0020 0020 0040 0020 0020 0020 0020 0020 0020 0020 0020 0020 0020 0040 0020 04AC,,
,,TONE CONTROL OFF,16,22,10,16 22 10,X,X,X,X,X,X,X,X,X,X,X,X,X,X,X,X,X,X,X,X,X,Tone Control Off,,,
,,TONE CONTROL ON,16,22,11,16 22 11,X,X,X,X,X,X,X,X,X,X,X,X,X,X,X,X,X,X,X,X,X,Tone Control On,,,
,Balance /,BASS +,16,22,---,16 22,X,X,X,X,X,X,X,X,X,X,X,X,X,X,X,X,X,X,X,X,X,Tone Control Bass Up,0000 0073 0000 001A 0020 0020 0020 0020 0020 0020 0040 0020 0020 0020 0020 0020 0020 0020 0020 0040 0040 0040 0020 0020 0040 0C78 0020 0020 0020 0020 0020 0020 0040 0020 0020 0020 0020 0020 0020 0020 0020 0040 0040 0040 0020 0020 0040 0C78 0020 0020 0020 0020 0020 0020 0040 0493,,
,Trim,BASS -,16,23,---,16 23,X,X,X,X,X,X,X,X,X,X,X,X,X,X,X,X,X,X,X,X,X,Tone Control Bass Down,0000 0071 0000 0018 0020 0020 0020 0020 0020 0020 0041 0020 0020 0020 0020 0020 0020 0020 0020 0041 0041 0041 0020 0020 0020 0020 0020 0CEE 0020 0020 0020 0020 0020 0020 0041 0020 0020 0020 0020 0020 0020 0020 0020 0041 0041 0041 0020 0020 0020 0020 0020 04B0,,
,,TREBLE +,16,24,---,16 24,X,X,X,X,X,X,X,X,X,X,X,X,X,X,X,X,X,X,X,X,X,Tone Control Treble  Up,0000 0071 0000 0016 0021 0021 0041 0041 0041 0021 0021 0021 0021 0021 0021 0021 0021 0041 0021 0021 0041 0021 0021 0021 0021 0CEE 0021 0021 0041 0041 0041 0021 0021 0021 0021 0021 0021 0021 0021 0041 0021 0021 0041 0021 0021 0021 0021 04B0,,
,,TREBLE -,16,25,---,16 25,X,X,X,X,X,X,X,X,X,X,X,X,X,X,X,X,X,X,X,X,X,Tone Control Treble Down,0000 0071 0000 0018 0020 0020 0020 0020 0020 0020 0041 0020 0020 0020 0020 0020 0020 0020 0020 0041 0020 0020 0041 0020 0020 0041 0020 0CEE 0020 0020 0020 0020 0020 0020 0041 0020 0020 0020 0020 0020 0020 0020 0020 0041 0020 0020 0041 0020 0020 0041 0020 04B0,,
,,TEST TONE,16,37,21,16 37 21,X,X,X,X,X,X,X,X,X,X,X,X,X,X,X,X,X,X,X,X,X,Jump to Test tone menu,,,
,,Volume Reset,16,37,31,16 37 31,---,---,---,---,---,---,---,---,---,---,---,---,---,---,---,---,---,---,---,---,---,Reset the main volume by holding over 3sec. This button,,,
,,CH. SELECT,16,37,33,16 37 33,---,X,---,X,---,---,X,---,---,X,X,---,---,X,X,---,---,X,---,---,X,Channel select,,,
,,CH. LEVEL +,16,37,34,16 37 34,---,---,---,---,---,---,---,---,---,X,---,---,---,X,---,---,---,X,---,---,X,Channel Level control up,,,
,,CH. LEVEL -,16,37,35,16 37 35,---,---,---,---,---,---,---,---,---,X,---,---,---,X,---,---,---,X,---,---,X,Channel Level control down,,,
,,BALANCE RIGHT,16,26,---,16 26,---,---,---,---,---,---,---,---,---,---,---,---,---,---,---,---,---,---,---,---,---,Balance Control (Right Up),,,
,,BALANCE LEFT,16,27,---,16 27,---,---,---,---,---,---,---,---,---,---,---,---,---,---,---,---,---,---,---,---,---,Balance Control (Left Up),,,
,,Front L (A-TRIM) + (Up),16,26,01,16 26 01,X,X,X,X,X,X,X,X,X,X,X,X,X,X,X,X,X,X,X,X,X,Front L channel Volume up,,,
,,Front L (A-TRIM) - (Down),16,26,02,16 26 02,X,X,X,X,X,X,X,X,X,X,X,X,X,X,X,X,X,X,X,X,X,Front L channel Volume down,,,
,,Front R (B-TRIM) + (Up),16,26,03,16 26 03,X,X,X,X,X,X,X,X,X,X,X,X,X,X,X,X,X,X,X,X,X,Front R channel Volume up,,,
,,Front R (B-TRIM) - (Down),16,26,04,16 26 04,X,X,X,X,X,X,X,X,X,X,X,X,X,X,X,X,X,X,X,X,X,Front R channel Volume down,,,
,,Surround L + (Up),16,26,05,16 26 05,X,X,X,X,X,X,X,X,X,X,X,X,X,X,X,X,X,X,X,X,X,Surround L channel Volume up,,,
,,Surround L - (Down),16,26,06,16 26 06,X,X,X,X,X,X,X,X,X,X,X,X,X,X,X,X,X,X,X,X,X,Surround L channel Volume down,,,
,,Surround R + (Up),16,26,07,16 26 07,X,X,X,X,X,X,X,X,X,X,X,X,X,X,X,X,X,X,X,X,X,Surround R channel Volume up,,,
,,Surround R - (Down),16,26,08,16 26 08,X,X,X,X,X,X,X,X,X,X,X,X,X,X,X,X,X,X,X,X,X,Surround R channel Volume down,,,
,,Surround Back L + (Up),16,26,09,16 26 09,X,X,X,X,X,X,X,X,X,X,X,X,X,X,X,X,X,X,X,X,X,Surround Back L channel Volume up,,,
,,Surround Back L - (Down),16,26,10,16 26 10,X,X,X,X,X,X,X,X,X,X,X,X,X,X,X,X,X,X,X,X,X,Surround  Back L channel Volume down,,,
,,Surround Back R + (Up),16,26,11,16 26 11,X,X,X,X,X,X,X,X,X,X,X,X,X,X,X,X,X,X,X,X,X,Surround  Back R channel Volume up,,,
,,Surround Back R - (Down),16,26,12,16 26 12,X,X,X,X,X,X,X,X,X,X,X,X,X,X,X,X,X,X,X,X,X,Surround  Back R channel Volume down,,,
,,Front Wide L + (Up),16,26,13,17 26 13,X,X,X,X,X,X,X,X,X,X,---,---,---,---,---,---,---,---,---,---,---,Front Wide L channel Volume up,,,
,,Front Wide L - (Down),16,26,14,18 26 14,X,X,X,X,X,X,X,X,X,X,---,---,---,---,---,---,---,---,---,---,---,Front Wide L channel Volume down,,,
,,Front Wide R + (Up),16,26,15,19 26 15,X,X,X,X,X,X,X,X,X,X,---,---,---,---,---,---,---,---,---,---,---,Front Wide R channel Volume up,,,
,,Front Wide R - (Down),16,26,16,20 26 16,X,X,X,X,X,X,X,X,X,X,---,---,---,---,---,---,---,---,---,---,---,Front Wide R channel Volume down,,,
,,Front Height L + (Up),16,26,17,16 26 17,X,X,X,X,X,X,X,X,X,X,X,X,X,X,X,X,X,X,---,---,---,Front Height L channel Volume up,,,
,,Front Height L - (Down),16,26,18,16 26 18,X,X,X,X,X,X,X,X,X,X,X,X,X,X,X,X,X,X,---,---,---,Front Height L channel Volume down,,,
,,Front Height R + (Up),16,26,19,16 26 19,X,X,X,X,X,X,X,X,X,X,X,X,X,X,X,X,X,X,---,---,---,Front Height R channel Volume up,,,
,,Front Height R - (Down),16,26,20,16 26 20,X,X,X,X,X,X,X,X,X,X,X,X,X,X,X,X,X,X,---,---,---,Front Height R channel Volume down,,,
,,Center + (Up),16,37,11,16 37 11,X,X,X,X,X,X,X,X,X,X,X,X,X,X,X,X,X,X,X,X,X,Center Channel Volume up,,,
,,Center - (Down),16,37,12,16 37 12,X,X,X,X,X,X,X,X,X,X,X,X,X,X,X,X,X,X,X,X,X,Center Channel Volume down,,,
,,Subwoofer + (Up),16,37,49,16 37 49,X,X,X,X,X,X,X,X,X,X,X,X,X,X,X,X,X,X,X,X,X,Subwoofer channel Volume up,,,
,,Subwoofer - (Down),16,37,50,16 37 50,X,X,X,X,X,X,X,X,X,X,X,X,X,X,X,X,X,X,X,X,X,Subwoofer channel Volume down,,,
,,Subwoofer 2 + (Up),16,64,23,16 64 23,X,---,---,X,X,---,---,---,---,---,---,---,---,---,---,---,---,---,---,---,---,Subwoofer 2 channel Volume up,,,
,,Subwoofer 2 - (Down),16,64,24,16 64 24,X,---,---,X,X,---,---,---,---,---,---,---,---,---,---,---,---,---,---,---,---,Subwoofer 2 channel Volume down,,,
,,Top Front L + (Up),16,26,21,16 26 21,---,X,---,X,---,---,---,---,---,---,---,---,---,---,---,---,---,---,---,---,---,Top Front L channel Volume up,,,
,,Top Front L - (Down),16,26,22,16 26 22,---,X,---,X,---,---,---,---,---,---,---,---,---,---,---,---,---,---,---,---,---,Top Front L channel Volume down,,,
,,Top Front R + (Up),16,26,23,16 26 23,---,X,---,X,---,---,---,---,---,---,---,---,---,---,---,---,---,---,---,---,---,Top Front R channel Volume up,,,
,,Top Front R - (Down),16,26,24,16 26 24,---,X,---,X,---,---,---,---,---,---,---,---,---,---,---,---,---,---,---,---,---,Top Front R channel Volume down,,,
,,Top Middle L + (Up),16,26,25,16 26 25,---,X,---,X,---,---,---,---,---,---,---,---,---,---,---,---,---,---,---,---,---,Top Middle L channel Volume up,,,
,,Top Middle L - (Down),16,26,26,16 26 26,---,X,---,X,---,---,---,---,---,---,---,---,---,---,---,---,---,---,---,---,---,Top Middle L channel Volume down,,,
,,Top Middle R + (Up),16,26,27,16 26 27,---,X,---,X,---,---,---,---,---,---,---,---,---,---,---,---,---,---,---,---,---,Top Middle R channel Volume up,,,
,,Top Middle R - (Down),16,26,28,16 26 28,---,X,---,X,---,---,---,---,---,---,---,---,---,---,---,---,---,---,---,---,---,Top Middle R channel Volume down,,,
,,Top Rear L + (Up),16,26,29,16 26 29,---,X,---,X,---,---,---,---,---,---,---,---,---,---,---,---,---,---,---,---,---,Top Rear L channel Volume up,,,
,,Top Rear L - (Down),16,26,30,16 26 30,---,X,---,X,---,---,---,---,---,---,---,---,---,---,---,---,---,---,---,---,---,Top Rear L channel Volume down,,,
,,Top Rear R + (Up),16,26,31,16 26 31,---,X,---,X,---,---,---,---,---,---,---,---,---,---,---,---,---,---,---,---,---,Top Rear R channel Volume up,,,
,,Top Rear R - (Down),16,26,32,16 26 32,---,X,---,X,---,---,---,---,---,---,---,---,---,---,---,---,---,---,---,---,---,Top Rear R channel Volume down,,,
,,Rear Height L + (Up),16,26,33,16 26 33,---,X,---,X,---,---,---,---,---,---,---,---,---,---,---,---,---,---,---,---,---,Rear Height L channel Volume up,,,
,,Rear Height L - (Down),16,26,34,16 26 34,---,X,---,X,---,---,---,---,---,---,---,---,---,---,---,---,---,---,---,---,---,Rear Height L channel Volume down,,,
,,Rear Height R + (Up),16,26,35,16 26 35,---,X,---,X,---,---,---,---,---,---,---,---,---,---,---,---,---,---,---,---,---,Rear Height R channel Volume up,,,
,,Rear Height R - (Down),16,26,36,16 26 36,---,X,---,X,---,---,---,---,---,---,---,---,---,---,---,---,---,---,---,---,---,Rear Height R channel Volume down,,,
,,Front Dolby L + (Up),16,26,37,16 26 37,---,X,---,X,---,---,---,---,---,---,---,---,---,---,---,---,---,---,---,---,---,Front Dolby L channel Volume up,,,
,,Front Dolby L - (Down),16,26,38,16 26 38,---,X,---,X,---,---,---,---,---,---,---,---,---,---,---,---,---,---,---,---,---,Front Dolby L channel Volume down,,,
,,Front Dolby R + (Up),16,26,39,16 26 39,---,X,---,X,---,---,---,---,---,---,---,---,---,---,---,---,---,---,---,---,---,Front Dolby R channel Volume up,,,
,,Front Dolby R - (Down),16,26,40,16 26 40,---,X,---,X,---,---,---,---,---,---,---,---,---,---,---,---,---,---,---,---,---,Front Dolby R channel Volume down,,,
,,Surround Dolby L + (Up),16,26,41,16 26 41,---,X,---,X,---,---,---,---,---,---,---,---,---,---,---,---,---,---,---,---,---,Surround Dolby L channel Volume up,,,
,,Surround Dolby L - (Down),16,26,42,16 26 26,---,X,---,X,---,---,---,---,---,---,---,---,---,---,---,---,---,---,---,---,---,Surround Dolby L channel Volume down,,,
,,Surround Dolby R + (Up),16,26,43,16 26 27,---,X,---,X,---,---,---,---,---,---,---,---,---,---,---,---,---,---,---,---,---,Surround Dolby R channel Volume up,,,
,,Surround Dolby R - (Down),16,26,44,16 26 28,---,X,---,X,---,---,---,---,---,---,---,---,---,---,---,---,---,---,---,---,---,Surround Dolby R channel Volume down,,,
,,Back Dolby L + (Up),16,26,45,16 26 29,---,X,---,X,---,---,---,---,---,---,---,---,---,---,---,---,---,---,---,---,---,Back Dolby L channel Volume up,,,
,,Back Dolby L - (Down),16,26,46,16 26 30,---,X,---,X,---,---,---,---,---,---,---,---,---,---,---,---,---,---,---,---,---,Back Dolby L channel Volume down,,,
,,Back Dolby R + (Up),16,26,47,16 26 31,---,X,---,X,---,---,---,---,---,---,---,---,---,---,---,---,---,---,---,---,---,Back Dolby R channel Volume up,,,
,,Back Dolby R - (Down),16,26,48,16 26 32,---,X,---,X,---,---,---,---,---,---,---,---,---,---,---,---,---,---,---,---,---,Back Dolby R channel Volume down,,,
Main,Audyssey,Audyssey MultEQ: OFF,16,28,00,16 28 00,---,---,---,---,---,---,---,---,---,---,---,---,---,---,---,---,---,---,---,---,---,Select Audyssey MultEQ mode: Off,0000 0071 0000 0022 0020 0020 0040 0040 0040 0020 0020 0020 0020 0020 0020 00A1 0020 0040 0020 0020 0020 0020 0040 0020 0020 0020 0020 0020 0020 0020 0020 0020 0020 0020 0020 0020 0020 0AAB 0020 0020 0040 0040 0040 0020 0020 0020 0020 0020 0020 00A1 0020 0040 0020 0020 0020 0020 0040 0020 0020 0020 0020 0020 0020 0020 0020 0020 0020 0020 0020 0020 0020 04B0,,
Zone,,Audyssey MultEQ MODE (Toggle),16,28,02,16 28 02,X,X,X,X,X,X,X,X,X,X,X,X,X,X,X,X,X,X,X,X,X,Select Audyssey MultEQ mode toggle or Room EQ On/Off,0000 0071 0000 0022 0020 0020 0020 0020 0020 0020 0040 0020 0020 0020 0020 0020 0020 00A1 0020 0040 0020 0020 0020 0020 0040 0020 0020 0020 0020 0020 0020 0020 0020 0020 0020 0040 0040 0AAB 0020 0020 0020 0020 0020 0020 0040 0020 0020 0020 0020 0020 0020 00A1 0020 0040 0020 0020 0020 0020 0040 0020 0020 0020 0020 0020 0020 0020 0020 0020 0020 0040 0040 04B0,,
,,Audyssey MultEQ MODE: UP,16,28,03,16 28 03,---,---,---,---,---,---,---,---,---,---,---,---,---,---,---,---,---,---,---,---,---,Select Audyssey MultEQ mode to up direction,0000 0071 0000 0024 0020 0020 0020 0020 0020 0020 0040 0020 0020 0020 0020 0020 0020 00A1 0020 0040 0020 0020 0020 0020 0040 0020 0020 0020 0020 0020 0020 0020 0020 0020 0020 0040 0020 0020 0020 0AAB 0020 0020 0020 0020 0020 0020 0040 0020 0020 0020 0020 0020 0020 00A1 0020 0040 0020 0020 0020 0020 0040 0020 0020 0020 0020 0020 0020 0020 0020 0020 0020 0040 0020 0020 0020 04B0,,
,,Audyssey MultEQ MODE: DOWN,16,28,04,16 28 04,---,---,---,---,---,---,---,---,---,---,---,---,---,---,---,---,---,---,---,---,---,Select Audyssey MultEQ mode to down direction,0000 0071 0000 0020 0020 0020 0040 0040 0040 0020 0020 0020 0020 0020 0020 00A1 0020 0040 0020 0020 0020 0020 0040 0020 0020 0020 0020 0020 0020 0020 0020 0040 0040 0020 0020 0AAB 0020 0020 0040 0040 0040 0020 0020 0020 0020 0020 0020 00A1 0020 0040 0020 0020 0020 0020 0040 0020 0020 0020 0020 0020 0020 0020 0020 0040 0040 0020 0020 04B0,,
,,Audyssey MultEQ: MODE-1,16,28,05,16 28 05,---,---,---,---,---,---,---,---,---,---,---,---,---,---,---,---,---,---,---,---,---,Select Audyssey MultEQ mode: Preset,0000 0071 0000 0022 0020 0020 0020 0020 0020 0020 0040 0020 0020 0020 0020 0020 0020 00A1 0020 0040 0020 0020 0020 0020 0040 0020 0020 0020 0020 0020 0020 0020 0020 0040 0040 0040 0020 0AAB 0020 0020 0020 0020 0020 0020 0040 0020 0020 0020 0020 0020 0020 00A1 0020 0040 0020 0020 0020 0020 0040 0020 0020 0020 0020 0020 0020 0020 0020 0040 0040 0040 0020 04B0,,
,,Audyssey MultEQ: MODE-3,16,28,07,16 28 07,---,---,---,---,---,---,---,---,---,---,---,---,---,---,---,---,---,---,---,---,---,Select Audyssey MultEQ mode: Front Curve,0000 0071 0000 0024 0020 0020 0020 0020 0020 0020 0040 0020 0020 0020 0020 0020 0020 00A1 0020 0040 0020 0020 0020 0020 0040 0020 0020 0020 0020 0020 0020 0020 0020 0040 0020 0020 0020 0020 0020 0AAB 0020 0020 0020 0020 0020 0020 0040 0020 0020 0020 0020 0020 0020 00A1 0020 0040 0020 0020 0020 0020 0040 0020 0020 0020 0020 0020 0020 0020 0020 0040 0020 0020 0020 0020 0020 04B0,,
,,Audyssey MultEQ: MODE-4,16,28,08,16 28 08,---,---,---,---,---,---,---,---,---,---,---,---,---,---,---,---,---,---,---,---,---,Select Audyssey MultEQ mode: Flat Curve,0000 0071 0000 0020 0020 0020 0040 0040 0040 0020 0020 0020 0020 0020 0020 00A1 0020 0040 0020 0020 0020 0020 0040 0020 0020 0020 0020 0020 0020 0040 0040 0020 0020 0020 0020 0AAB 0020 0020 0040 0040 0040 0020 0020 0020 0020 0020 0020 00A1 0020 0040 0020 0020 0020 0020 0040 0020 0020 0020 0020 0020 0020 0040 0040 0020 0020 0020 0020 04B0,,
,,Audyssey MultEQ: MODE-5,16,28,09,16 28 09,---,---,---,---,---,---,---,---,---,---,---,---,---,---,---,---,---,---,---,---,---,Select Audyssey MultEQ mode: Audyssey Curve,0000 0071 0000 0022 0020 0020 0020 0020 0020 0020 0040 0020 0020 0020 0020 0020 0020 00A1 0020 0040 0020 0020 0020 0020 0040 0020 0020 0020 0020 0020 0020 0040 0040 0020 0020 0040 0020 0AAB 0020 0020 0020 0020 0020 0020 0040 0020 0020 0020 0020 0020 0020 00A1 0020 0040 0020 0020 0020 0020 0040 0020 0020 0020 0020 0020 0020 0040 0040 0020 0020 0040 0020 04B0,,
,,Audyssey Dynamic EQ/VOL,16,28,40,16 28 40,X,X,X,X,X,X,X,X,X,X,X,X,X,X,X,X,X,X,X,X,X,Select Audyssey Dynamic EQ or Volume mode,,,
,,Audyssey Dynamic EQ Mode,16,28,20,16 28 20,X,X,X,X,X,X,X,X,X,X,X,X,X,X,X,X,X,X,X,X,X,Audyssey Dynamic EQ turn On/Off,0000 0071 0000 0020 0020 0020 0020 0020 0020 0020 0040 0020 0020 0020 0020 0020 0020 00A1 0020 0040 0020 0020 0020 0020 0040 0020 0020 0020 0020 0040 0040 0040 0040 0020 0020 0AAB 0020 0020 0020 0020 0020 0020 0040 0020 0020 0020 0020 0020 0020 00A1 0020 0040 0020 0020 0020 0020 0040 0020 0020 0020 0020 0040 0040 0040 0040 0020 0020 04B0,,
,,Audyssey Dynamic EQ Mode Off,16,28,21,16 28 21,X,X,X,X,X,X,X,X,X,X,X,X,X,X,X,X,X,X,X,X,X,Audyssey Dynamic EQ turn Off,0000 0071 0000 001E 0020 0020 0040 0040 0040 0020 0020 0020 0020 0020 0020 00A1 0020 0040 0020 0020 0020 0020 0040 0020 0020 0020 0020 0040 0040 0040 0040 0040 0020 0AAB 0020 0020 0040 0040 0040 0020 0020 0020 0020 0020 0020 00A1 0020 0040 0020 0020 0020 0020 0040 0020 0020 0020 0020 0040 0040 0040 0040 0040 0020 04B0,,
,,Audyssey Dynamic EQ Mode On,16,28,22,16 28 22,X,X,X,X,X,X,X,X,X,X,X,X,X,X,X,X,X,X,X,X,X,Audyssey Dynamic EQ turn On,0000 0071 0000 0020 0020 0020 0020 0020 0020 0020 0040 0020 0020 0020 0020 0020 0020 00A1 0020 0040 0020 0020 0020 0020 0040 0020 0020 0020 0020 0040 0040 0040 0020 0020 0040 0AAB 0020 0020 0020 0020 0020 0020 0040 0020 0020 0020 0020 0020 0020 00A1 0020 0040 0020 0020 0020 0020 0040 0020 0020 0020 0020 0040 0040 0040 0020 0020 0040 04B0,,
,,Audyssey Dynamic Volume Mode,16,28,30,16 28 30,X,X,X,X,X,X,X,X,X,X,X,X,X,X,X,X,X,X,X,X,X,Turn On/Off Audyssey Dynamic Volume mode,0000 0071 0000 0020 0020 0020 0040 0040 0040 0020 0020 0020 0020 0020 0020 00A1 0020 0040 0020 0020 0020 0020 0040 0020 0020 0020 0020 0040 0020 0020 0020 0020 0020 0020 0040 0AAB 0020 0020 0040 0040 0040 0020 0020 0020 0020 0020 0020 00A1 0020 0040 0020 0020 0020 0020 0040 0020 0020 0020 0020 0040 0020 0020 0020 0020 0020 0020 0040 04B0,,
,,Audyssey Dynamic Volume Mode Off,16,28,31,16 28 31,X,X,X,X,X,X,X,X,X,X,X,X,X,X,X,X,X,X,X,X,X,Turn off Audyssey Dynamic Volume mode,0000 0071 0000 0024 0020 0020 0020 0020 0020 0020 0040 0020 0020 0020 0020 0020 0020 00A1 0020 0040 0020 0020 0020 0020 0040 0020 0020 0020 0020 0040 0020 0020 0020 0020 0020 0020 0020 0020 0020 0AAB 0020 0020 0020 0020 0020 0020 0040 0020 0020 0020 0020 0020 0020 00A1 0020 0040 0020 0020 0020 0020 0040 0020 0020 0020 0020 0040 0020 0020 0020 0020 0020 0020 0020 0020 0020 04B0,,
,,Audyssey Dynamic Volume Mode L,16,28,32,16 28 32,X,X,X,X,X,X,X,X,X,X,X,X,X,X,X,X,X,X,X,X,X,Select Audyssey Dynamic Volume mode: Light,0000 0071 0000 0022 0020 0020 0020 0020 0020 0020 0040 0020 0020 0020 0020 0020 0020 00A1 0020 0040 0020 0020 0020 0020 0040 0020 0020 0040 0040 0020 0020 0020 0020 0020 0020 0020 0020 0AAB 0020 0020 0020 0020 0020 0020 0040 0020 0020 0020 0020 0020 0020 00A1 0020 0040 0020 0020 0020 0020 0040 0020 0020 0040 0040 0020 0020 0020 0020 0020 0020 0020 0020 04B0,,
,,Audyssey Dynamic Volume Mode M,16,28,33,16 28 33,X,X,X,X,X,X,X,X,X,X,X,X,X,X,X,X,X,X,X,X,X,Select Audyssey Dynamic Volume mode: Medium,0000 0071 0000 0020 0020 0020 0040 0040 0040 0020 0020 0020 0020 0020 0020 00A1 0020 0040 0020 0020 0020 0020 0040 0020 0020 0040 0040 0020 0020 0020 0020 0020 0020 0040 0020 0AAB 0020 0020 0040 0040 0040 0020 0020 0020 0020 0020 0020 00A1 0020 0040 0020 0020 0020 0020 0040 0020 0020 0040 0040 0020 0020 0020 0020 0020 0020 0040 0020 04B0,,
,,Audyssey Dynamic Volume Mode H,16,28,34,16 28 34,X,X,X,X,X,X,X,X,X,X,X,X,X,X,X,X,X,X,X,X,X,Select Audyssey Dynamic Volume mode: Heavy,0000 0071 0000 001E 0020 0020 0040 0040 0040 0020 0020 0020 0020 0020 0020 00A1 0020 0040 0020 0020 0020 0020 0040 0020 0020 0040 0040 0020 0020 0020 0020 0040 0040 0AAB 0020 0020 0040 0040 0040 0020 0020 0020 0020 0020 0020 00A1 0020 0040 0020 0020 0020 0020 0040 0020 0020 0040 0040 0020 0020 0020 0020 0040 0040 04B0,,
,,Audyssey Dynamic EQ Offset,16,28,50,16 28 50,---,---,---,---,---,---,---,---,---,---,---,---,---,---,---,---,---,---,---,---,---,Turn On/Off Audyssey Dynamic EQ Offset function,0000 0071 0000 0020 0020 0020 0020 0020 0020 0020 0040 0020 0020 0020 0020 0020 0020 00A1 0020 0040 0020 0020 0020 0020 0040 0020 0020 0040 0020 0020 0040 0020 0020 0040 0040 0AAB 0020 0020 0020 0020 0020 0020 0040 0020 0020 0020 0020 0020 0020 00A1 0020 0040 0020 0020 0020 0020 0040 0020 0020 0040 0020 0020 0040 0020 0020 0040 0040 04B0,,
,,Audyssey Dynamic EQ Offset Off,16,28,51,16 28 51,X,X,X,X,X,X,X,X,X,X,X,X,X,X,X,X,X,X,X,X,X,Turn Off Audyssey Dynamic EQ Offset function,0000 0071 0000 0020 0020 0020 0040 0040 0040 0020 0020 0020 0020 0020 0020 00A1 0020 0040 0020 0020 0020 0020 0040 0020 0020 0040 0020 0020 0040 0020 0020 0040 0020 0020 0020 0AAB 0020 0020 0040 0040 0040 0020 0020 0020 0020 0020 0020 00A1 0020 0040 0020 0020 0020 0020 0040 0020 0020 0040 0020 0020 0040 0020 0020 0040 0020 0020 0020 04B0,,
,,Audyssey Dynamic EQ Offset -5dB,16,28,52,16 28 52,X,X,X,X,X,X,X,X,X,X,X,X,X,X,X,X,X,X,X,X,X,Select Audyssey Dynamic EQ Offset mode: -5dB,0000 0071 0000 0020 0020 0020 0020 0020 0020 0020 0040 0020 0020 0020 0020 0020 0020 00A1 0020 0040 0020 0020 0020 0020 0040 0020 0020 0040 0020 0020 0040 0040 0040 0020 0020 0AAB 0020 0020 0020 0020 0020 0020 0040 0020 0020 0020 0020 0020 0020 00A1 0020 0040 0020 0020 0020 0020 0040 0020 0020 0040 0020 0020 0040 0040 0040 0020 0020 04B0,,
,,Audyssey Dynamic EQ Offset -10dB,16,28,53,16 28 53,X,X,X,X,X,X,X,X,X,X,X,X,X,X,X,X,X,X,X,X,X,Select Audyssey Dynamic EQ Offset mode: -10dB,0000 0071 0000 0020 0020 0020 0020 0020 0020 0020 0040 0020 0020 0020 0020 0020 0020 00A1 0020 0040 0020 0020 0020 0020 0040 0020 0020 0040 0020 0020 0040 0040 0040 0040 0020 0AAB 0020 0020 0020 0020 0020 0020 0040 0020 0020 0020 0020 0020 0020 00A1 0020 0040 0020 0020 0020 0020 0040 0020 0020 0040 0020 0020 0040 0040 0040 0040 0020 04B0,,
,,Audyssey Dynamic EQ Offset -15dB,16,28,54,16 28 54,X,X,X,X,X,X,X,X,X,X,X,X,X,X,X,X,X,X,X,X,X,Select Audyssey Dynamic EQ Offset mode: -15dB,0000 0071 0000 001E 0020 0020 0040 0040 0040 0020 0020 0020 0020 0020 0020 00A1 0020 0040 0020 0020 0020 0020 0040 0020 0020 0040 0020 0020 0040 0040 0020 0020 0040 0AAB 0020 0020 0040 0040 0040 0020 0020 0020 0020 0020 0020 00A1 0020 0040 0020 0020 0020 0020 0040 0020 0020 0040 0020 0020 0040 0040 0020 0020 0040 04B0,,
,,Audyssey LFC ON/OFF,16,64,40,16 64 40,X,---,---,X,X,---,---,---,---,---,---,---,---,---,---,---,---,---,---,---,---,Audyssey LFC  turn On/Off,,,
,,Audyssey LFC ON,16,64,41,16 64 41,X,---,---,X,X,---,---,---,---,---,---,---,---,---,---,---,---,---,---,---,---,Audyssey LFC turn On,,,
,,Audyssey LFC OFF,16,64,42,16 64 42,X,---,---,X,X,---,---,---,---,---,---,---,---,---,---,---,---,---,---,---,---,Audyssey LFC turn Off,,,
,,Audyssey DSX ON/OFF,16,64,50,16 64 50,X,X,X,X,X,X,X,X,X,X,---,---,---,---,---,---,---,---,---,---,---,Select Audyssey DSX  On/Off (Toggle),0000 0071 0000 0024 0040 0020 0020 0040 0040 0020 0020 0020 0020 0020 0020 00A1 0020 0020 0020 0020 0020 0020 0020 0020 0020 0020 0020 0040 0020 0020 0040 0020 0020 0040 0040 0AA3 0040 0020 0020 0040 0040 0020 0020 0020 0020 0020 0020 00A1 0020 0020 0020 0020 0020 0020 0020 0020 0020 0020 0020 0040 0020 0020 0040 0020 0020 0040 0040 0AA3 0040 0020 0020 0040 0040 0020 000D 04A7,,
,,Audyssey DSX OFF,16,64,51,16 64 51,X,X,X,X,X,X,X,X,X,X,---,---,---,---,---,---,---,---,---,---,---,Select Audyssey DSX Off,0000 0071 0000 0025 0040 0040 0020 0020 0040 0020 0020 0020 0020 0020 0020 00A0 0020 0020 0020 0020 0020 0020 0020 0020 0020 0020 0020 0040 0020 0020 0040 0020 0020 0040 0020 0020 0020 0AA2 0040 0040 0020 0020 0040 0020 0020 0020 0020 0020 0020 00A0 0020 0020 0020 0020 0020 0020 0020 0020 0020 0020 0020 0040 0020 0020 0040 0020 0020 0040 0020 0020 0020 0AA2 0040 0040 0020 0020 0036 04A7,,
,,Audyssey DSX ON(Height),16,64,52,16 64 52,X,X,X,X,X,X,X,X,X,X,---,---,---,---,---,---,---,---,---,---,---,Select Audyssey DSX On(Height),0000 0071 0000 0025 0040 0020 0020 0040 0040 0020 0020 0020 0020 0020 0020 00A1 0020 0020 0020 0020 0020 0020 0020 0020 0020 0020 0020 0040 0020 0020 0040 0040 0040 0020 0020 0AA3 0040 0020 0020 0040 0040 0020 0020 0020 0020 0020 0020 00A1 0020 0020 0020 0020 0020 0020 0020 0020 0020 0020 0020 0040 0020 0020 0040 0040 0040 0020 0020 0AA3 0040 0020 0020 0040 0040 0020 0020 0020 0020 04A7,,
,,Audyssey DSX ON(Wide),16,64,53,16 64 53,X,X,X,X,X,X,X,X,X,X,---,---,---,---,---,---,---,---,---,---,---,Select Audyssey DSX On(Wide),0000 0071 0000 0024 0040 0020 0020 0040 0040 0020 0020 0020 0020 0020 0020 00A0 0020 0020 0020 0020 0020 0020 0020 0020 0020 0020 0020 0040 0020 0020 0040 0040 0040 0040 0020 0AA2 0040 0020 0020 0040 0040 0020 0020 0020 0020 0020 0020 00A0 0020 0020 0020 0020 0020 0020 0020 0020 0020 0020 0020 0040 0020 0020 0040 0040 0040 0040 0020 0AA2 0040 0020 0020 0040 0040 0020 0018 04A7,,
,,Audyssey DSX ON(Wide/Height),16,64,54,16 64 54,X,---,---,X,X,---,---,---,---,---,---,---,---,---,---,---,---,---,---,---,---,Select Audyssey DSX On(Wide/Height),,,
,Graphic EQ,Graphic EQ ON/OFF,16,28,10,16 28 10,---,X,---,X,---,---,X,---,---,---,X,---,---,---,X,---,---,---,---,,,Graphic EQ  turn On/Off,,,
,,Graphic EQ ON,16,28,12,16 28 12,---,X,---,X,---,---,X,---,---,---,X,---,---,---,X,---,---,---,---,,,Graphic EQ turn On,,,
,,Graphic EQ OFF,16,28,11,16 28 11,---,X,---,X,---,---,X,---,---,---,X,---,---,---,X,---,---,---,---,,,Graphic EQ turn Off,,,
,ECO,ECO Mode,16,58,10,16 58 10,---,---,---,X,---,---,X,---,,---,X,---,---,---,X,---,---,---,---,,,ECO Mode set toggle,,,
,,ECO Mode ON,16,58,12,16 58 12,---,---,---,X,---,---,X,---,,---,X,---,---,---,X,---,---,---,---,,,ECO Mode set : On,,,
,,ECO Mode OFF,16,58,11,16 58 11,---,---,---,X,---,---,X,---,,---,X,---,---,---,X,---,---,---,---,,,ECO Mode set : Off,,,
,,ECO Mode AUTO,16,58,13,16 58 13,---,---,---,X,---,---,X,---,,---,X,---,---,---,X,---,---,---,---,,,ECO Mode set : Auto,,,
,Sleep,SLEEP,16,38,---,16 38,X,X,X,X,X,X,X,X,X,X,X,X,X,X,X,X,X,X,X,X,X,Sleep Timer set toggle,0000 0071 0000 0016 0021 0021 0021 0021 0021 0021 0041 0021 0021 0021 0021 0021 0021 0041 0041 0021 0021 0041 0021 0021 0041 0C9B 0021 0021 0021 0021 0021 0021 0041 0021 0021 0021 0021 0021 0021 0041 0041 0021 0021 0041 0021 0021 0041 04B0,,
,,SLEEP OFF,16,38,00,16 38 00,X,X,X,X,X,X,X,X,X,X,X,X,X,X,X,X,X,X,X,X,X,Sleep Timer set: Off,0000 0071 0000 0022 0020 0020 0020 0020 0020 0020 0040 0020 0020 0020 0020 0020 0020 00C1 0040 0020 0020 0040 0020 0020 0040 0020 0020 0020 0020 0020 0020 0020 0020 0020 0020 0020 0020 0AA7 0020 0020 0020 0020 0020 0020 0040 0020 0020 0020 0020 0020 0020 00C1 0040 0020 0020 0040 0020 0020 0040 0020 0020 0020 0020 0020 0020 0020 0020 0020 0020 0020 0020 04A9,,
,Trigger,DC Trgger-1 ON,16,125,01,16 125 01,X,X,X,X,X,X,X,X,X,X,X,X,X,---,X,X,---,---,---,---,---,DC Trigger-1 remote output On,0000 0071 0000 0020 0040 0020 0020 0040 0040 0020 0020 0020 0020 0020 0020 00C1 0020 0020 0020 0020 0020 0020 0040 0040 0040 0020 0020 0020 0020 0020 0020 0020 0020 0040 0020 0AAB 0040 0020 0020 0040 0040 0020 0020 0020 0020 0020 0020 00C1 0020 0020 0020 0020 0020 0020 0040 0040 0040 0020 0020 0020 0020 0020 0020 0020 0020 0040 0020 04B0,,
,,DC Trgger-1 OFF,16,125,02,16 125 02,X,X,X,X,X,X,X,X,X,X,X,X,X,---,X,X,---,---,---,---,---,DC Trigger-1 remote output Off,0000 0071 0000 001E 0040 0040 0020 0020 0040 0020 0020 0020 0020 0020 0020 00C1 0020 0020 0020 0020 0020 0020 0040 0040 0040 0020 0020 0020 0020 0020 0020 0040 0040 0AAB 0040 0040 0020 0020 0040 0020 0020 0020 0020 0020 0020 00C1 0020 0020 0020 0020 0020 0020 0040 0040 0040 0020 0020 0020 0020 0020 0020 0040 0040 04B0,,
,,DC-Trgger-2 ON,16,125,03,16 125 03,X,X,X,X,X,X,---,---,---,X,---,---,---,---,---,---,---,---,---,---,---,DC Trigger-2 remote output On,0000 0071 0000 0020 0040 0020 0020 0040 0040 0020 0020 0020 0020 0020 0020 00C1 0020 0020 0020 0020 0020 0020 0040 0040 0040 0020 0020 0020 0020 0020 0020 0040 0020 0020 0020 0AAB 0040 0020 0020 0040 0040 0020 0020 0020 0020 0020 0020 00C1 0020 0020 0020 0020 0020 0020 0040 0040 0040 0020 0020 0020 0020 0020 0020 0040 0020 0020 0020 04B0,,
,,DC-Trgger-2 OFF,16,125,04,16 125 04,X,X,X,X,X,X,---,---,---,X,---,---,---,---,---,---,---,---,---,---,---,DC Trigger-2 remote output Off,0000 0071 0000 001E 0040 0040 0020 0020 0040 0020 0020 0020 0020 0020 0020 00C1 0020 0020 0020 0020 0020 0020 0040 0040 0040 0020 0020 0020 0020 0040 0040 0020 0020 0AAB 0040 0040 0020 0020 0040 0020 0020 0020 0020 0020 0020 00C1 0020 0020 0020 0020 0020 0020 0040 0040 0040 0020 0020 0020 0020 0040 0040 0020 0020 04B0,,
,,DC Trgger-3 ON,16,125,05,16 125 05,---,---,---,---,---,---,---,---,---,---,---,---,---,---,---,---,---,---,---,---,---,DC Trigger-3 remote output On,0000 0071 0000 001E 0040 0020 0020 0040 0040 0020 0020 0020 0020 0020 0020 00C1 0020 0020 0020 0020 0020 0020 0040 0040 0040 0020 0020 0020 0020 0040 0040 0040 0020 0AAB 0040 0020 0020 0040 0040 0020 0020 0020 0020 0020 0020 00C1 0020 0020 0020 0020 0020 0020 0040 0040 0040 0020 0020 0020 0020 0040 0040 0040 0020 04B0,,
,,DC Trgger-3 OFF,16,125,06,16 125 06,---,---,---,---,---,---,---,---,---,---,---,---,---,---,---,---,---,---,---,---,---,DC Trigger-3 remote output Off,0000 0071 0000 001E 0040 0040 0020 0020 0040 0020 0020 0020 0020 0020 0020 00C1 0020 0020 0020 0020 0020 0020 0040 0040 0040 0020 0020 0020 0020 0040 0020 0020 0040 0AAB 0040 0040 0020 0020 0040 0020 0020 0020 0020 0020 0020 00C1 0020 0020 0020 0020 0020 0020 0040 0040 0040 0020 0020 0020 0020 0040 0020 0020 0040 04B0,,
,,DC-Trgger-4 ON,16,125,07,16 125 07,---,---,---,---,---,---,---,---,---,---,---,---,---,---,---,---,---,---,---,---,---,DC Trigger-4 remote output On,0000 0071 0000 0020 0040 0020 0020 0040 0040 0020 0020 0020 0020 0020 0020 00C1 0020 0020 0020 0020 0020 0020 0040 0040 0040 0020 0020 0020 0020 0040 0020 0020 0020 0020 0020 0AAB 0040 0020 0020 0040 0040 0020 0020 0020 0020 0020 0020 00C1 0020 0020 0020 0020 0020 0020 0040 0040 0040 0020 0020 0020 0020 0040 0020 0020 0020 0020 0020 04B0,,
,,DC-Trgger-4 OFF,16,125,08,16 125 08,---,---,---,---,---,---,---,---,---,---,---,---,---,---,---,---,---,---,---,---,---,DC Trigger-4 remote output Off,0000 0071 0000 001E 0040 0040 0020 0020 0040 0020 0020 0020 0020 0020 0020 00C1 0020 0020 0020 0020 0020 0020 0040 0040 0040 0020 0020 0040 0040 0020 0020 0020 0020 0AAB 0040 0040 0020 0020 0040 0020 0020 0020 0020 0020 0020 00C1 0020 0020 0020 0020 0020 0020 0040 0040 0040 0020 0020 0040 0040 0020 0020 0020 0020 04B0,,
,Tuner,BAND,17,63,---,17 63,---,---,---,---,---,---,---,---,---,---,---,---,---,---,---,---,---,---,---,---,---,Select FM and AM (Toggle),0000 0071 0000 0028 0020 0020 0020 0020 0020 0020 0040 0020 0020 0020 0020 0040 0020 00A1 0040 0040 0020 0020 0020 0020 0020 0020 0040 0020 0020 0020 0020 0020 0020 0020 0020 0040 0020 0AAD 0020 0020 0020 0020 0020 0020 0040 0020 0020 0020 0020 0040 0020 00A1 0040 0040 0020 0020 0020 0020 0020 0020 0040 0020 0020 0020 0020 0020 0020 0020 0020 0040 0020 0AAD 0020 0020 0020 0020 0020 0020 0040 0020 0020 0020 0020 04AC,,
,,,17,47,01,17 47 01,X（HD Radio,X,X（HD Radio,X,X（HD Radio,X（HD Radio,X,X(*4),---,X,X,X(*4),---,X,X,X(*4),---,X,X(*4),X,X,"Select FM,AM (and XM) (Toggle)",0000 0071 0000 0028 0020 0020 0020 0020 0020 0020 0040 0020 0020 0020 0020 0040 0020 00A1 0040 0040 0020 0020 0020 0020 0020 0020 0040 0020 0020 0020 0020 0020 0020 0020 0020 0040 0020 0AAD 0020 0020 0020 0020 0020 0020 0040 0020 0020 0020 0020 0040 0020 00A1 0040 0040 0020 0020 0020 0020 0020 0020 0040 0020 0020 0020 0020 0020 0020 0020 0020 0040 0020 0AAD 0020 0020 0020 0020 0020 0020 0040 0020 0020 0020 0020 04AC,,
,,FM,17,45,---,17 45,X（HD Radio,X,X（HD Radio,X,X（HD Radio,X（HD Radio,X,X(*4),---(FM only),X,X,X(*4),---(FM only),X,X,X(*4),---(FM only),X,X(*4),X,X,Select FM for Tuner-1,0000 0073 0000 001D 0020 0020 0040 0040 0040 0020 0020 0020 0020 0040 0020 0020 0040 0040 0020 0020 0040 0040 0020 0C70 0020 0020 0040 0040 0040 0020 0020 0020 0020 0040 0020 0020 0040 0040 0020 0020 0040 0040 0020 0C70 0020 0020 0040 0040 0040 0020 0020 0020 0020 0040 0020 0020 0040 0040 0020 0020 0040 0490,,
,,AM,17,46,---,17 46,X（HD Radio,X,X（HD Radio,X,X（HD Radio,X（HD Radio,X,X(*4),---,X,X,X(*4),---,X,X,X(*4),---,X,X(*4),X,X,Select AM for Tuner-1,0000 0071 0000 0020 0020 0020 0020 0020 0020 0020 0040 0020 0020 0020 0020 0040 0020 0081 0020 0040 0020 0020 0020 0020 0040 0040 0040 0020 0020 0040 0040 0040 0020 0020 0020 0AA5 0020 0020 0020 0020 0020 0020 0040 0020 0020 0020 0020 0040 0020 0081 0020 0040 0020 0020 0020 0020 0040 0040 0040 0020 0020 0040 0040 0040 0020 0020 0020 04A9,,
,,DISPLAY MODE,17,15,---,17 15,---,---,---,---,---,---,---,---,---,---,---,---,---,---,---,---,---,---,---,---,---,Toggle Display mode for RDS/XM/SIRIUS Radio,0000 0073 0000 0016 0020 0020 0040 0040 0040 0020 0020 0020 0020 0040 0040 0020 0020 0040 0020 0020 0020 0020 0020 0020 0020 0C5B 0020 0020 0040 0040 0040 0020 0020 0020 0020 0040 0040 0020 0020 0040 0020 0020 0020 0020 0020 0020 0020 0498,,
,,T-MODE,17,37,---,17 37,X,X,X,X,X,X,X,X,X,X,X,X,X,X,X,X,X,X,X,X,X,Tuning mode(Auto  or Manual) for Tuner-1,0000 0073 0000 0016 0020 0020 0020 0020 0020 0020 0040 0020 0020 0020 0020 0040 0020 0020 0040 0020 0020 0040 0040 0040 0020 0C5B 0020 0020 0020 0020 0020 0020 0040 0020 0020 0020 0020 0040 0020 0020 0040 0020 0020 0040 0040 0040 0020 0498,,
,,MEMO (MEMORY),17,41,---,17 41,X,X,X,X,X,X,X,X,X,X,X,X,X,X,X,X,X,X,X,X,X,Memory for Tuner-1(HD Radio/Tuner/Sirius/iPod/NETWORK),0000 0073 0000 0016 0020 0020 0020 0020 0020 0020 0040 0020 0020 0020 0020 0040 0020 0020 0040 0040 0040 0020 0020 0040 0020 0C5B 0020 0020 0020 0020 0020 0020 0040 0020 0020 0020 0020 0040 0020 0020 0040 0040 0040 0020 0020 0040 0020 0498,,
,,CLEAR,17,58,---,17 58,---,---,---,---,---,---,---,---,---,---,---,---,---,---,---,---,---,---,---,---,---,Clear for Tuner-1,0000 0071 0000 001C 0020 0020 0040 0040 0040 0020 0020 0020 0020 0040 0020 0081 0020 0040 0020 0020 0020 0020 0040 0040 0040 0040 0040 0020 0020 0040 0040 0AA5 0020 0020 0040 0040 0040 0020 0020 0020 0020 0040 0020 0081 0020 0040 0020 0020 0020 0020 0040 0040 0040 0040 0040 0020 0020 0040 0040 04A9,,
,,FREQ. Direct,17,11,---,17 11,---,---,---,---,---,---,---,---,---,---,---,---,---,---,---,---,---,---,---,---,---,Change to Direct Frequency input mode for Tuner-1,0000 0071 0000 001E 0020 0020 0040 0040 0040 0020 0020 0020 0020 0040 0020 0081 0020 0040 0020 0020 0020 0020 0040 0040 0040 0040 0040 0020 0020 0040 0020 0020 0020 0AA5 0020 0020 0040 0040 0040 0020 0020 0020 0020 0040 0020 0081 0020 0040 0020 0020 0020 0020 0040 0040 0040 0040 0040 0020 0020 0040 0020 0020 0020 04A9,,
,,FREQ.(tuning) Up +,17,30,---,17 30,X,X,X,X,X,X,X,X,X,X,X,X,X,X,X,X,X,X,X,X,X,Frequency(Scan) up for Tuner-1,0000 0071 0000 0022 0020 0020 0020 0020 0020 0020 0040 0020 0020 0020 0020 0040 0020 0081 0020 0040 0020 0020 0020 0020 0040 0040 0040 0020 0020 0040 0020 0020 0020 0020 0020 0020 0020 0AA5 0020 0020 0020 0020 0020 0020 0040 0020 0020 0020 0020 0040 0020 0081 0020 0040 0020 0020 0020 0020 0040 0040 0040 0020 0020 0040 0020 0020 0020 0020 0020 0020 0020 04A9,,
,,FREQ.(tuning) Down -,17,31,---,17 31,X,X,X,X,X,X,X,X,X,X,X,X,X,X,X,X,X,X,X,X,X,Frequency(Scan) down for Tuner-1,0000 0071 0000 001E 0020 0020 0040 0040 0040 0020 0020 0020 0020 0040 0020 0081 0020 0040 0020 0020 0020 0020 0040 0040 0040 0040 0040 0020 0020 0020 0020 0020 0020 0AA5 0020 0020 0040 0040 0040 0020 0020 0020 0020 0040 0020 0081 0020 0040 0020 0020 0020 0020 0040 0040 0040 0040 0040 0020 0020 0020 0020 0020 0020 04A9,,
,,PRESET Up +,17,32,---,17 32,X,X,X,X,X,X,X,X,X,X,X,X,X,X,X,X,X,X,X,X,X,Preset(Skip) up for Tuner-1,0000 0071 0000 001E 0020 0020 0040 0040 0040 0020 0020 0020 0020 0040 0020 0081 0020 0040 0020 0020 0020 0020 0040 0040 0040 0020 0020 0040 0020 0020 0040 0040 0020 0AA5 0020 0020 0040 0040 0040 0020 0020 0020 0020 0040 0020 0081 0020 0040 0020 0020 0020 0020 0040 0040 0040 0020 0020 0040 0020 0020 0040 0040 0020 04A9,,
,,PRESET Down -,17,33,---,17 33,X,X,X,X,X,X,X,X,X,X,X,X,X,X,X,X,X,X,X,X,X,Preset(Skip) down for Tuner-1,0000 0071 0000 001E 0020 0020 0040 0040 0040 0020 0020 0020 0020 0040 0020 0081 0020 0040 0020 0020 0020 0020 0040 0040 0040 0020 0020 0040 0020 0020 0020 0020 0040 0AA5 0020 0020 0040 0040 0040 0020 0020 0020 0020 0040 0020 0081 0020 0040 0020 0020 0020 0020 0040 0040 0040 0020 0020 0040 0020 0020 0020 0020 0040 04A9,,
,,PRESET SCAN,17,43,---,17 43,---,---,---,---,---,---,---,---,---,---,---,---,---,---,---,---,---,---,---,---,---,Start Preset Scan for Tuner-1,0000 0071 0000 0020 0020 0020 0020 0020 0020 0020 0040 0020 0020 0020 0020 0040 0020 0081 0020 0040 0020 0020 0020 0020 0040 0040 0040 0020 0020 0040 0020 0020 0040 0020 0020 0AA5 0020 0020 0020 0020 0020 0020 0040 0020 0020 0020 0020 0040 0020 0081 0020 0040 0020 0020 0020 0020 0040 0040 0040 0020 0020 0040 0020 0020 0040 0020 0020 04A9,,
,,PRESET INFO,17,82,---,17 82,---,---,---,---,---,---,---,---,---,---,---,---,---,---,---,---,---,---,---,---,---,Display the preset station OSD,,,
,,PRESET Direct,17,64,01-60,17 64 [01-60],---,---,---,---,---,---,---,---,---,---,---,---,---,---,---,---,---,---,---,---,---,Discrete Preset # select for Tuner-1,,,
,,0 (PRESET 0),17,00,---,17 00,X,X,X,X,X,X,X,X,X,X,X,X,X,X,X,X,X,X,X,X,X,Ten Key 0 ( Pre set No. or Frequency) for Tuner-1,0000 0071 0000 0020 0020 0020 0040 0040 0040 0020 0020 0020 0020 0040 0020 0081 0020 0040 0020 0020 0020 0020 0040 0040 0040 0020 0020 0020 0020 0020 0020 0020 0020 0020 0020 0AA5 0020 0020 0040 0040 0040 0020 0020 0020 0020 0040 0020 0081 0020 0040 0020 0020 0020 0020 0040 0040 0040 0020 0020 0020 0020 0020 0020 0020 0020 0020 0020 04A9,,
,,1 (PRESET 1),17,01,---,17 01,X,X,X,X,X,X,X,X,X,X,X,X,X,X,X,X,X,X,X,X,X,Ten Key 1 ( Pre set No. or Frequency) for Tuner-1,0000 0073 0000 0016 0020 0020 0040 0040 0040 0020 0020 0020 0020 0040 0040 0020 0020 0020 0020 0020 0020 0020 0020 0040 0020 0C5B 0020 0020 0040 0040 0040 0020 0020 0020 0020 0040 0040 0020 0020 0020 0020 0020 0020 0020 0020 0040 0020 0498,,
,,2 (PRESET 2),17,02,---,17 02,X,X,X,X,X,X,X,X,X,X,X,X,X,X,X,X,X,X,X,X,X,Ten Key 2 ( Pre set No. or Frequency) for Tuner-1,0000 0073 0000 0016 0020 0020 0020 0020 0020 0020 0040 0020 0020 0020 0020 0040 0040 0020 0020 0020 0020 0020 0020 0040 0040 0C5B 0020 0020 0020 0020 0020 0020 0040 0020 0020 0020 0020 0040 0040 0020 0020 0020 0020 0020 0020 0040 0040 0498,,
,,3 (PRESET 3),17,03,---,17 03,X,X,X,X,X,X,X,X,X,X,X,X,X,X,X,X,X,X,X,X,X,Ten Key 3 ( Pre set No. or Frequency) for Tuner-1,0000 0073 0000 0016 0020 0020 0040 0040 0040 0020 0020 0020 0020 0040 0040 0020 0020 0020 0020 0020 0020 0040 0020 0020 0020 0C5B 0020 0020 0040 0040 0040 0020 0020 0020 0020 0040 0040 0020 0020 0020 0020 0020 0020 0040 0020 0020 0020 0498,,
,,4 (PRESET 4),17,04,---,17 04,X,X,X,X,X,X,X,X,X,X,X,X,X,X,X,X,X,X,X,X,X,Ten Key 4 ( Pre set No. or Frequency) for Tuner-1,0000 0073 0000 0016 0020 0020 0020 0020 0020 0020 0040 0020 0020 0020 0020 0040 0040 0020 0020 0020 0020 0040 0040 0020 0020 0C5B 0020 0020 0020 0020 0020 0020 0040 0020 0020 0020 0020 0040 0040 0020 0020 0020 0020 0040 0040 0020 0020 0498,,
,,5 (PRESET 5),17,05,---,17 05,X,X,X,X,X,X,X,X,X,X,X,X,X,X,X,X,X,X,X,X,X,Ten Key 5 ( Pre set No. or Frequency) for Tuner-1,0000 0071 0000 0020 0020 0020 0020 0020 0020 0020 0040 0020 0020 0020 0020 0040 0020 0081 0020 0040 0020 0020 0020 0020 0040 0040 0040 0020 0020 0020 0020 0040 0040 0040 0020 0AA5 0020 0020 0020 0020 0020 0020 0040 0020 0020 0020 0020 0040 0020 0081 0020 0040 0020 0020 0020 0020 0040 0040 0040 0020 0020 0020 0020 0040 0040 0040 0020 04A9,,
,,6 (PRESET 6),17,06,---,17 06,X,X,X,X,X,X,X,X,X,X,X,X,X,X,X,X,X,X,X,X,X,Ten Key 6 ( Pre set No. or Frequency) for Tuner-1,0000 0073 0000 0016 0020 0020 0020 0020 0020 0020 0040 0020 0020 0020 0020 0040 0040 0020 0020 0020 0020 0040 0020 0020 0040 0C5B 0020 0020 0020 0020 0020 0020 0040 0020 0020 0020 0020 0040 0040 0020 0020 0020 0020 0040 0020 0020 0040 0498,,
,,7 (PRESET 7),17,07,---,17 07,X,X,X,X,X,X,X,X,X,X,X,X,X,X,X,X,X,X,X,X,X,Ten Key 7 ( Pre set No. or Frequency) for Tuner-1,0000 0073 0000 0016 0020 0020 0040 0040 0040 0020 0020 0020 0020 0040 0040 0020 0020 0020 0020 0040 0020 0020 0020 0020 0020 0C5B 0020 0020 0040 0040 0040 0020 0020 0020 0020 0040 0040 0020 0020 0020 0020 0040 0020 0020 0020 0020 0020 0498,,
,,8 (PRESET 8),17,08,---,17 08,X,X,X,X,X,X,X,X,X,X,X,X,X,X,X,X,X,X,X,X,X,Ten Key 8 ( Pre set No. or Frequency) for Tuner-1,0000 0073 0000 0016 0020 0020 0020 0020 0020 0020 0040 0020 0020 0020 0020 0040 0040 0020 0020 0040 0040 0020 0020 0020 0020 0C5B 0020 0020 0020 0020 0020 0020 0040 0020 0020 0020 0020 0040 0040 0020 0020 0040 0040 0020 0020 0020 0020 0498,,
,,9 (PRESET 9),17,09,---,17 09,X,X,X,X,X,X,X,X,X,X,X,X,X,X,X,X,X,X,X,X,X,Ten Key 9 ( Pre set No. or Frequency) for Tuner-1,0000 0071 0000 0020 0020 0020 0020 0020 0020 0020 0040 0020 0020 0020 0020 0040 0020 0081 0020 0040 0020 0020 0020 0020 0040 0040 0040 0020 0020 0040 0040 0020 0020 0040 0020 0AA5 0020 0020 0020 0020 0020 0020 0040 0020 0020 0020 0020 0040 0020 0081 0020 0040 0020 0020 0020 0020 0040 0040 0040 0020 0020 0040 0040 0020 0020 0040 0020 04A9,,
,,PRESET SHIFT,17,32,00,17 32 00,---,---,---,---,---,---,---,---,---,X,---,---,---,X,---,---,---,X,---,---,X,Select Preset Group A->B->C->D->E->->F->G->A->…,0000 0071 0000 0028 0020 0020 0020 0020 0020 0020 0040 0020 0020 0020 0020 0040 0020 00A0 0040 0020 0020 0020 0020 0020 0020 0020 0020 0020 0020 0020 0020 0020 0020 0020 0020 0020 0020 0020 0020 0AA2 0020 0020 0020 0020 0020 0020 0040 0020 0020 0020 0020 0040 0020 00A0 0040 0020 0020 0020 0020 0020 0020 0020 0020 0020 0020 0020 0020 0020 0020 0020 0020 0020 0020 0020 0020 0AA2 0020 0020 0020 0020 0020 0020 0010 04A7,,
,,SHIFT A,17,32,30,17 32 30,---,---,---,---,---,---,---,---,---,X,---,---,---,X,---,---,---,X,---,---,X,Switch Preset Block  to A,0000 0071 0000 0033 0020 0020 0020 0020 0020 0020 0040 0020 0020 0020 0020 0040 0020 00A1 0040 0020 0020 0020 0020 0020 0020 0020 0020 0020 0020 0040 0020 0020 0020 0020 0020 0020 0040 0AA4 0020 0020 0020 0020 0020 0020 0040 0020 0020 0020 0020 0040 0020 00A1 0040 0020 0020 0020 0020 0020 0020 0020 0020 0020 0020 0040 0020 0020 0020 0020 0020 0020 0040 0AA4 0020 0020 0020 0020 0020 0020 0040 0020 0020 0020 0020 0040 0020 00A1 0040 0020 0020 0020 0020 0020 0020 0020 0020 0020 0020 0040 0020 0020 0020 0020 0020 0020 0040 04A8,,
,,SHIFT B,17,32,31,17 32 31,---,---,---,---,---,---,---,---,---,X,---,---,---,X,---,---,---,X,---,---,X,Switch Preset Block  to B,0000 0071 0000 0025 0020 0020 0040 0040 0040 0020 0020 0020 0020 0040 0020 00A1 0040 0020 0020 0020 0020 0020 0020 0020 0020 0020 0020 0040 0020 0020 0020 0020 0020 0020 0020 0020 0020 0AA4 0020 0020 0040 0040 0040 0020 0020 0020 0020 0040 0020 00A1 0040 0020 0020 0020 0020 0020 0020 0020 0020 0020 0020 0040 0020 0020 0020 0020 0020 0020 0020 0020 0020 0AA4 0020 0020 0040 0040 0040 04A8,,
,,SHIFT C,17,32,32,17 32 32,---,---,---,---,---,---,---,---,---,X,---,---,---,X,---,---,---,X,---,---,X,Switch Preset Block  to C,0000 0071 0000 0029 0020 0020 0020 0020 0020 0020 0040 0020 0020 0020 0020 0040 0020 00A1 0040 0020 0020 0020 0020 0020 0020 0020 0020 0040 0040 0020 0020 0020 0020 0020 0020 0020 0020 0AA4 0020 0020 0020 0020 0020 0020 0040 0020 0020 0020 0020 0040 0020 00A1 0040 0020 0020 0020 0020 0020 0020 0020 0020 0040 0040 0020 0020 0020 0020 0020 0020 0020 0020 0AA4 0020 0020 0020 0020 0020 0020 0040 0020 0020 0020 0020 0040 0020 04A8,,
,,SHIFT D,17,32,33,17 32 33,---,---,---,---,---,---,---,---,---,X,---,---,---,X,---,---,---,X,---,---,X,Switch Preset Block  to D,0000 0071 0000 0024 0020 0020 0040 0040 0040 0020 0020 0020 0020 0040 0020 00A1 0040 0020 0020 0020 0020 0020 0020 0020 0020 0040 0040 0020 0020 0020 0020 0020 0020 0040 0020 0AA4 0020 0020 0040 0040 0040 0020 0020 0020 0020 0040 0020 00A1 0040 0020 0020 0020 0020 0020 0020 0020 0020 0040 0040 0020 0020 0020 0020 0020 0020 0040 0020 0AA4 0020 0020 0040 0040 0040 0020 0020 04A8,,
,,SHIFT E,17,32,34,17 32 34,---,---,---,---,---,---,---,---,---,X,---,---,---,X,---,---,---,X,---,---,X,Switch Preset Block  to F,0000 0071 0000 0022 0020 0020 0020 0020 0020 0020 0040 0020 0020 0020 0020 0040 0020 00A1 0040 0020 0020 0020 0020 0020 0020 0020 0020 0040 0040 0020 0020 0020 0020 0040 0040 0AA4 0020 0020 0020 0020 0020 0020 0040 0020 0020 0020 0020 0040 0020 00A1 0040 0020 0020 0020 0020 0020 0020 0020 0020 0040 0040 0020 0020 0020 0020 0040 0040 0AA4 0020 0020 0013 04A8,,
,,SHIFT F,17,32,35,17 32 35,---,---,---,---,---,---,---,---,---,X,---,---,---,X,---,---,---,X,---,---,X,Switch Preset Block  to F,0000 0071 0000 0025 0020 0020 0040 0040 0040 0020 0020 0020 0020 0040 0020 00A1 0040 0020 0020 0020 0020 0020 0020 0020 0020 0040 0040 0020 0020 0020 0020 0040 0020 0020 0020 0AA4 0020 0020 0040 0040 0040 0020 0020 0020 0020 0040 0020 00A1 0040 0020 0020 0020 0020 0020 0020 0020 0020 0040 0040 0020 0020 0020 0020 0040 0020 0020 0020 0AA4 0020 0020 0040 0040 0040 0020 0020 0020 000D 04A8,,
,,SHIFT G,17,32,36,17 32 36,---,---,---,---,---,---,---,---,---,X,---,---,---,X,---,---,---,X,---,---,X,Switch Preset Block  to G,0000 0071 0000 0026 0020 0020 0020 0020 0020 0020 0040 0020 0020 0020 0020 0040 0020 00A1 0040 0020 0020 0020 0020 0020 0020 0020 0020 0040 0040 0020 0020 0040 0040 0020 0020 0AA4 0020 0020 0020 0020 0020 0020 0040 0020 0020 0020 0020 0040 0020 00A1 0040 0020 0020 0020 0020 0020 0020 0020 0020 0040 0040 0020 0020 0040 0040 0020 0020 0AA4 0020 0020 0020 0020 0020 0020 0040 0020 0020 0020 0020 04A8,,
,,Cursor Up,17,80,01,17 80 01,X,X,X,X,X,X,X,X,X,X,X,X,X,X,X,X,X,X,X,X,X,Cursor up,0000 0071 0000 0025 0040 0020 0020 0040 0040 0020 0020 0020 0020 0040 0020 0081 0020 0040 0040 0020 0020 0020 0020 0020 0020 0020 0020 0020 0020 0020 0020 0020 0020 0020 0020 0040 0020 0AA4 0040 0020 0020 0040 0040 0020 0020 0020 0020 0040 0020 0081 0020 0040 0040 0020 0020 0020 0020 0020 0020 0020 0020 0020 0020 0020 0020 0020 0020 0020 0020 0040 0020 0AA4 0040 0020 0020 0040 0040 04A8,,
Main,,Cursor Down,17,81,01,17 81 01,X,X,X,X,X,X,X,X,X,X,X,X,X,X,X,X,X,X,X,X,X,Cursor down,0000 0071 0000 0021 0040 0040 0020 0020 0040 0020 0020 0020 0020 0040 0020 0081 0020 0040 0040 0020 0020 0020 0020 0040 0040 0020 0020 0020 0020 0020 0020 0020 0020 0040 0020 0AA4 0040 0040 0020 0020 0040 0020 0020 0020 0020 0040 0020 0081 0020 0040 0040 0020 0020 0020 0020 0040 0040 0020 0020 0020 0020 0020 0020 0020 0020 0040 0020 0AA4 0013 04A8,,
Zone,,Cursor Left,17,85,01,17 85 01,X,X,X,X,X,X,X,X,X,X,X,X,X,X,X,X,X,X,X,X,X,Cursor left,0000 0071 0000 0023 0040 0020 0020 0040 0040 0020 0020 0020 0020 0040 0020 0081 0020 0040 0040 0040 0040 0040 0040 0020 0020 0020 0020 0020 0020 0020 0020 0040 0020 0AA4 0040 0020 0020 0040 0040 0020 0020 0020 0020 0040 0020 0081 0020 0040 0040 0040 0040 0040 0040 0020 0020 0020 0020 0020 0020 0020 0020 0040 0020 0AA4 0040 0020 0020 0040 0040 0020 0020 0020 0020 04A8,,
,,Cursor Right,17,86,01,17 86 01,X,X,X,X,X,X,X,X,X,X,X,X,X,X,X,X,X,X,X,X,X,Cursor right,0000 0071 0000 0025 0040 0040 0020 0020 0040 0020 0020 0020 0020 0040 0020 0081 0020 0040 0040 0040 0020 0020 0040 0020 0020 0020 0020 0020 0020 0020 0020 0020 0020 0040 0020 0AA4 0040 0040 0020 0020 0040 0020 0020 0020 0020 0040 0020 0081 0020 0040 0040 0040 0020 0020 0040 0020 0020 0020 0020 0020 0020 0020 0020 0020 0020 0040 0020 0AA4 0040 0040 0020 0020 0040 0020 0020 0020 0020 04A8,,
,,Cursor Enter,17,87,01,17 87 01,X,X,X,X,X,X,X,X,X,X,X,X,X,X,X,X,X,X,X,X,X,Enter fucntion,0000 0071 0000 0020 0040 0020 0020 0040 0040 0020 0020 0020 0020 0040 0020 0081 0020 0040 0040 0040 0020 0020 0020 0020 0040 0020 0020 0020 0020 0020 0020 0020 0020 0040 0020 0AA4 0040 0020 0020 0040 0040 0020 0020 0020 0020 0040 0020 0081 0020 0040 0040 0040 0020 0020 0020 0020 0040 0020 0020 0020 0020 0020 0020 0020 0020 0040 0020 04A8,,
,,RETURN,17,83,01,17 83 01,X,X,X,X,X,X,X,X,X,X,X,X,X,X,X,X,X,X,X,X,X,Return function on Analog Tuner,0000 0071 0000 001E 0040 0040 0020 0020 0040 0020 0020 0020 0020 0020 0020 00A0 0020 0040 0040 0040 0020 0020 0020 0020 0040 0020 0020 0020 0020 0040 0040 0020 0020 0AA1 0040 0040 0020 0020 0040 0020 0020 0020 0020 0020 0020 00A0 0020 0040 0040 0040 0020 0020 0020 0020 0040 0020 0020 0020 0020 0040 0040 0020 0020 04A6,,
,HD Radio,HD-RADIO SEEK UP,17,30,10,17 30 10,---,---,---,---,---,---,---,---,---,---,---,---,---,---,---,---,---,---,---,---,---,HD-radio station scan up for Tuner-1,0000 0071 0000 0023 0020 0020 0020 0020 0020 0020 0040 0020 0020 0020 0020 0040 0020 0080 0020 0040 0020 0020 0020 0020 0020 0020 0040 0020 0020 0020 0020 0040 0040 0040 0040 0AA2 0020 0020 0020 0020 0020 0020 0040 0020 0020 0020 0020 0040 0020 0080 0020 0040 0020 0020 0020 0020 0020 0020 0040 0020 0020 0020 0020 0040 0040 0040 0040 0AA2 0020 0020 0020 0020 0020 04A7,,
,,HD-RADIO SEEK DOWN,17,31,10,17 31 10,---,---,---,---,---,---,---,---,---,---,---,---,---,---,---,---,---,---,---,---,---,HD-radio station scan down for Tuner-1,0000 0071 0000 0020 0040 0040 0020 0020 0040 0020 0020 0020 0020 0020 0020 00A1 0020 0040 0040 0020 0020 0040 0040 0020 0020 0020 0020 0020 0020 0040 0040 0020 0020 0AA3 0040 0040 0020 0020 0040 0020 0020 0020 0020 0020 0020 00A1 0020 0040 0040 0020 0020 0040 0040 0020 0020 0020 0020 0020 0020 0040 0040 0020 0020 0AA3 0040 0040 0020 04A8,,
,,PTY　(For Europe Model),17,120,---,17 120,X (*5),X (*5),X (*5),X (*5),X (*5),X (*5),X (*5),X (*5),X (*5),X (*5),X (*5),X (*5),X (*5),X (*5),X (*5),X (*5),X (*5),X (*5),X (*5),X (*5),X (*5),Select Program Type for RDS,,,
,,RT　(For Europe Model),17,120,40,17 120 40,X (*5),X (*5),X (*5),X (*5),X (*5),X (*5),X (*5),X (*5),X (*5),X (*5),X (*5),X (*5),X (*5),X (*5),X (*5),X (*5),X (*5),X (*5),X (*5),X (*5),X (*5),,,,
,,RDS/SEARCH,17,120,60,17 120 60,X,X,X,X,X,X,X,X,X,X,X,X,X,X,X,X,X,X,X,X,X,Direct Tuning/RDS Search,0000 0071 0000 0025 0040 0040 0020 0020 0040 0020 0020 0020 0020 0040 0020 00A1 0020 0020 0020 0020 0040 0020 0020 0020 0020 0040 0020 0020 0020 0020 0020 0020 0040 0020 0020 0AA6 0040 0040 0020 0020 0040 0020 0020 0020 0020 0040 0020 00A1 0020 0020 0020 0020 0040 0020 0020 0020 0020 0040 0020 0020 0020 0020 0020 0020 0040 0020 0020 0AA6 0040 0040 0020 0020 0040 0020 0020 0020 0020 04A9,,---
,USB/iPod,iPod Mode Select (Toggle),16,82,07,16 82 07,---,---,---,---,---,---,---,---,---,---,---,---,---,---,---,---,---,---,---,---,---,Select iPod mode On/Off,,,
,,Cursor Up,24,80,01,24 80 01,X,X,X,X,X,X,X,X,X,X,X,X,X,X,X,X,X,X,X,---,---,Cursor up in iPod mode,,,
,,Cursor Down,24,81,01,24 81 01,X,X,X,X,X,X,X,X,X,X,X,X,X,X,X,X,X,X,X,---,---,Cursor down in iPod Mode,,,
,,Back,24,83,01,24 83 01,---,---,---,---,---,---,---,---,---,---,---,---,---,---,---,---,---,---,---,---,---,Return to a previous menu in iPod mode,,,
,,Cursor Left,24,85,01,24 85 01,X,X,X,X,X,X,X,X,X,X,X,X,X,X,X,X,X,X,X,---,---,Cursor left in iPod mode,,,
,,Cursor Right,24,86,01,24 86 01,X,X,X,X,X,X,X,X,X,X,X,X,X,X,X,X,X,X,X,---,---,Cursor Right in iPod mode,,,
,,Enter,24,87,01,24 87 01,X,X,X,X,X,X,X,X,X,X,X,X,X,X,X,X,X,X,X,---,---,Enter in iPod mode,,,
,,Return,24,87,21,24 87 21,X,X,X,X,X,X,X,X,X,X,X,X,X,X,X,X,X,X,X,---,---,Go back to previous folder,0000 0071 0000 001F 0040 0020 0020 0040 0020 0020 0040 0020 0020 0020 0020 00A1 0020 0040 0040 0040 0020 0020 0020 0020 0040 0040 0040 0040 0040 0040 0020 0AA4 0040 0020 0020 0040 0020 0020 0040 0020 0020 0020 0020 00A1 0020 0040 0040 0040 0020 0020 0020 0020 0040 0040 0040 0040 0040 0040 0020 0AA4 0040 0020 0020 0040 001B 04A8,,
,,Page Search/Character Search,24,80,04,24 80 04,---,---,---,---,---,---,---,---,---,X,---,---,---,X,---,---,---,X,---,---,---,Go to a page browsing mode or Go to a character search mode under a page browsing mode,0000 0071 0000 0020 0040 0040 0020 0020 0020 0020 0040 0020 0020 0020 0020 00A1 0020 0040 0040 0020 0020 0020 0020 0020 0020 0020 0020 0020 0020 0020 0020 0040 0040 0020 0020 0AA4 0040 0040 0020 0020 0020 0020 0040 0020 0020 0020 0020 00A1 0020 0040 0040 0020 0020 0020 0020 0020 0020 0020 0020 0020 0020 0020 0020 0040 0040 0020 0020 04A8,,
,,Page Previous,24,32,20,24 32 20,X,X,X,X,X,X,X,X,X,---,X,X,X,---,X,X,X,---,X,---,---,Go to next page,,,
,,Page Next,24,33,20,24 33 20,X,X,X,X,X,X,X,X,X,---,X,X,X,---,X,X,X,---,X,---,---,Back to previous page,,,
,,Top,24,82,02,24 82 02,---,---,---,---,---,---,---,---,---,---,---,---,---,---,---,---,---,---,---,---,---,Go to Top menu,,,
,,Info.,24,82,05,24 82 05,---,---,---,---,---,---,---,---,---,---,---,---,---,---,---,---,---,---,---,---,---,Display the information,,,
,,Play/Pause,24,53,00,24 53 00,X,X,X,X,X,X,X,X,X,X,X,X,X,X,X,X,X,X,X,---,---,Play/Pause(Toggle),0000 0071 0000 0024 0020 0020 0040 0040 0020 0020 0040 0020 0020 0020 0020 00C1 0020 0020 0040 0040 0040 0040 0040 0020 0020 0020 0020 0020 0020 0020 0020 0020 0020 0AA4 0020 0020 0040 0040 0020 0020 0040 0020 0020 0020 0020 00C1 0020 0020 0040 0040 0040 0040 0040 0020 0020 0020 0020 0020 0020 0020 0020 0020 0020 0AA4 0020 0020 0040 0040 0020 0020 0040 0020 0020 0020 0020 04A8,,
,,Play,24,53,01,24 53 01,X,X,X,X,X,X,X,X,X,X,X,X,X,X,X,X,X,X,X,---,---,Start the playback,,,
,,iPod Play,24,53,31,24 53 31,X,X,X,X,X,X,X,X,X,X,X,X,X,X,X,X,X,X,X,---,---,iPod Direct play command,,,
,,Pause,24,48,01,24 48 01,X,X,X,X,X,X,X,X,X,X,X,X,X,X,X,X,X,X,X,---,---,Pause the playback,,,
,,Stop,24,54,01,24 54 01,X,X,X,X,X,X,X,X,X,X,X,X,X,X,X,X,X,X,X,---,---,Stop the playback,,,
,,Next,24,32,01,24 32 01,X,X,X,X,X,X,X,X,X,X,X,X,X,X,X,X,X,X,X,---,---,Go to next song,,,
,,Previous,24,33,01,24 33 01,X,X,X,X,X,X,X,X,X,X,X,X,X,X,X,X,X,X,X,---,---,Back to previous song,,,
,,REW (Toggle),24,50,01,24 50 01,X,X,X,X,X,X,X,X,X,X,X,X,X,X,X,X,X,X,X,---,---,Change REW mode (Toggle),,,
,,REW 1 (x2 speed),24,50,05,24 50 05,---,---,---,---,---,---,---,---,---,---,---,---,---,---,---,---,---,---,---,---,---,Rew 1 mode,0000 0071 0000 0024 0020 0020 0040 0040 0020 0020 0040 0020 0020 0020 0020 00C1 0020 0020 0040 0040 0040 0040 0040 0020 0020 0020 0020 0020 0020 0020 0020 0020 0020 0AA4 0020 0020 0040 0040 0020 0020 0040 0020 0020 0020 0020 00C1 0020 0020 0040 0040 0040 0040 0040 0020 0020 0020 0020 0020 0020 0020 0020 0020 0020 0AA4 0020 0020 0040 0040 0020 0020 0040 0020 0020 0020 0020 04A8,,
,,REW 2 (x4 speed),24,50,06,24 50 06,---,---,---,---,---,---,---,---,---,---,---,---,---,---,---,---,---,---,---,---,---,Rew 2 mode,0000 0071 0000 0025 0020 0020 0020 0020 0020 0020 0020 0020 0040 0020 0020 0020 0020 00C1 0020 0020 0040 0020 0020 0040 0040 0020 0020 0020 0020 0020 0020 0040 0040 0040 0020 0AA4 0020 0020 0020 0020 0020 0020 0020 0020 0040 0020 0020 0020 0020 00C1 0020 0020 0040 0020 0020 0040 0040 0020 0020 0020 0020 0020 0020 0040 0040 0040 0020 0AA4 0020 0020 0020 0020 0020 0020 0020 0020 0015 04A8,,
,,REW 3 (x8 speed),24,50,07,24 50 07,---,---,---,---,---,---,---,---,---,---,---,---,---,---,---,---,---,---,---,---,---,Rew 3 mode,0000 0071 0000 0026 0020 0020 0020 0020 0020 0020 0020 0020 0040 0020 0020 0020 0020 00C1 0020 0020 0040 0020 0020 0040 0040 0020 0020 0020 0020 0020 0020 0040 0020 0020 0020 0020 0020 0AA4 0020 0020 0020 0020 0020 0020 0020 0020 0040 0020 0020 0020 0020 00C1 0020 0020 0040 0020 0020 0040 0040 0020 0020 0020 0020 0020 0020 0040 0020 0020 0020 0020 0020 0AA4 0020 0020 0020 0020 0020 0020 0020 04A8,,
,,FF (Toggle),24,52,01,24 52 01,X,X,X,X,X,X,X,X,X,X,X,X,X,X,X,X,X,X,X,---,---,Change FF mode (Toggle),,,
,,FF 1 (x2 speed),24,52,05,24 52 05,---,---,---,---,---,---,---,---,---,---,---,---,---,---,---,---,---,---,---,---,---,FF 1 mode,0000 0071 0000 0025 0020 0020 0020 0020 0020 0020 0020 0020 003F 0020 0020 0020 0020 00C0 0020 0020 003F 003F 003F 0020 0020 0020 0020 0020 0020 0020 0020 003F 003F 003F 0020 0AA1 0020 0020 0020 0020 0020 0020 0020 0020 003F 0020 0020 0020 0020 00C0 0020 0020 003F 003F 003F 0020 0020 0020 0020 0020 0020 0020 0020 003F 003F 003F 0020 0AA1 0020 0020 0020 0020 0020 0020 0020 0020 003F 04A6,,
,,FF 2 (x4 speed),24,52,06,24 52 06,---,---,---,---,---,---,---,---,---,---,---,---,---,---,---,---,---,---,---,---,---,FF 2 mode,0000 0071 0000 001E 0020 0020 0040 0040 0020 0020 0040 0020 0020 0020 0020 00C0 0020 0020 0040 0040 0040 0020 0020 0020 0020 0020 0020 0020 0020 0040 0020 0020 0040 0AA1 0020 0020 0040 0040 0020 0020 0040 0020 0020 0020 0020 00C0 0020 0020 0040 0040 0040 0020 0020 0020 0020 0020 0020 0020 0020 0040 0020 0020 0040 04A6,,
,,FF 3 (x8 speed),24,52,07,24 52 07,---,---,---,---,---,---,---,---,---,---,---,---,---,---,---,---,---,---,---,---,---,FF 3 mode,0000 0071 0000 0026 0020 0020 0020 0020 0020 0020 0020 0020 0040 0020 0020 0020 0020 00C0 0020 0020 0040 0040 0040 0020 0020 0020 0020 0020 0020 0020 0020 0040 0020 0020 0020 0020 0020 0AA1 0020 0020 0020 0020 0020 0020 0020 0020 0040 0020 0020 0020 0020 00C0 0020 0020 0040 0040 0040 0020 0020 0020 0020 0020 0020 0020 0020 0040 0020 0020 0020 0020 0020 0AA1 0020 0020 0020 0020 0020 0020 0020 04A6,,
,,Random(Toggle),24,28,01,24 28 01,X,X,X,X,X,X,X,X,X,X,X,X,X,X,X,X,X,X,X,---,---,Change Random mode Off->Songs->Album->Off,,,
,,Random Off,24,28,02,24 28 02,X,X,X,X,X,X,X,X,X,X,X,X,X,X,X,X,X,X,X,---,---,Random mode off,0000 0071 0000 0026 0020 0020 0020 0020 0020 0020 0020 0020 0040 0020 0020 0020 0020 00C0 0020 0020 0040 0040 0040 0020 0020 0020 0020 0020 0020 0020 0020 0040 0020 0020 0020 0020 0020 0AA1 0020 0020 0020 0020 0020 0020 0020 0020 0040 0020 0020 0020 0020 00C0 0020 0020 0040 0040 0040 0020 0020 0020 0020 0020 0020 0020 0020 0040 0020 0020 0020 0020 0020 0AA1 0020 0020 0020 0020 0020 0020 0020 04A6,,
,,Random On(Songs),24,28,03,24 28 03,X,X,X,X,X,X,X,X,X,X,X,X,X,X,X,X,X,X,X,---,---,Song Random mode on,0000 0071 0000 0026 0020 0020 0020 0020 0020 0020 0020 0020 0040 0020 0020 0020 0020 00C0 0020 0020 0040 0040 0040 0020 0020 0020 0020 0020 0020 0020 0020 0040 0020 0020 0020 0020 0020 0AA1 0020 0020 0020 0020 0020 0020 0020 0020 0040 0020 0020 0020 0020 00C0 0020 0020 0040 0040 0040 0020 0020 0020 0020 0020 0020 0020 0020 0040 0020 0020 0020 0020 0020 0AA1 0020 0020 0020 0020 0020 0020 0020 04A6,,
,,Random (Album),24,28,04,24 28 04,---,---,---,---,---,---,---,---,---,---,---,---,---,---,---,---,---,---,---,---,---,Album Random mode on,,,
,,Repeat(Toggle),24,29,01,24 29 01,X,X,X,X,X,X,X,X,X,X,X,X,X,X,X,X,X,X,X,---,---,Change Repeat mode,,,
,,Repeat Off,24,29,02,24 29 02,X,X,X,X,X,X,X,X,X,X,X,X,X,X,X,X,X,X,X,---,---,Repeat mode off,0000 0071 0000 0024 0020 0020 0040 0040 0020 0020 0040 0020 0020 0020 0020 00A1 0020 0040 0020 0020 0020 0020 0040 0040 0040 0020 0020 0020 0020 0020 0020 0040 0040 0AA6 0020 0020 0040 0040 0020 0020 0040 0020 0020 0020 0020 00A1 0020 0040 0020 0020 0020 0020 0040 0040 0040 0020 0020 0020 0020 0020 0020 0040 0040 0AA6 0020 0020 0040 0040 0020 0020 0040 0020 0020 0020 0020 04A9,,
,,Repeat One,24,29,03,24 29 03,X,X,X,X,X,X,X,X,X,X,X,X,X,X,X,X,X,X,X,---,---,One track repeat mode on,0000 0071 0000 0026 0020 0020 0020 0020 0020 0020 0020 0020 0040 0020 0020 0020 0020 00A1 0020 0040 0020 0020 0020 0020 0040 0040 0040 0020 0020 0020 0020 0020 0020 0040 0020 0020 0020 0AA6 0020 0020 0020 0020 0020 0020 0020 0020 0040 0020 0020 0020 0020 00A1 0020 0040 0020 0020 0020 0020 0040 0040 0040 0020 0020 0020 0020 0020 0020 0040 0020 0020 0020 0AA6 0020 0020 0020 0020 0020 0020 0020 04A9,,
,,Repeat All,24,29,04,24 29 04,X,X,X,X,X,X,X,X,X,X,X,X,X,X,X,X,X,X,X,---,---,All repeat mode on,0000 0071 0000 0022 0020 0020 0040 0040 0020 0020 0040 0020 0020 0020 0020 00A1 0020 0040 0020 0020 0020 0020 0040 0040 0040 0020 0020 0020 0020 0040 0040 0020 0020 0AA6 0020 0020 0040 0040 0020 0020 0040 0020 0020 0020 0020 00A1 0020 0040 0020 0020 0020 0020 0040 0040 0040 0020 0020 0020 0020 0040 0040 0020 0020 0AA6 0020 0020 0040 0040 0020 0020 000E 04A9,,
,,Repeat Folder,24,29,05,24 29 05,---,---,---,---,---,---,---,---,---,---,---,---,---,---,---,---,---,---,---,---,---,Folder repeat mode on,0000 0071 0000 0020 0020 0020 0020 0020 0020 0020 0020 0020 0040 0020 0020 0020 0020 00A1 0020 0040 0020 0020 0020 0020 0040 0040 0040 0020 0020 0020 0020 0040 0040 0040 0020 0AA6 0020 0020 0020 0020 0020 0020 0020 0020 0040 0020 0020 0020 0020 00A1 0020 0040 0020 0020 0020 0020 0040 0040 0040 0020 0020 0020 0020 0040 0040 0040 0020 04A9,,
,,Screen Saver On/Off (Toggle),24,110,01,24 110 01,---,---,---,---,---,---,---,---,---,---,---,---,---,---,---,---,---,---,---,---,---,Change Screen saver mode Off->On->Off,,,
,,SHIFT,24,32,00,24 32 00,---,X,X,---,---,---,---,---,---,X,---,---,---,X,---,---,---,X,---,---,---,shift preset block on iPod/USB,0000 0071 0000 0022 0020 0020 0040 0040 0020 0020 0040 0020 0020 0020 0020 00C1 0040 0020 0020 0020 0020 0020 0020 0020 0020 0020 0020 0020 0020 0020 0020 0020 0020 0020 0020 0020 0020 0AA6 0020 0020 0040 0040 0020 0020 0040 0020 0020 0020 0020 00C1 0040 0020 0020 0020 0020 0020 0020 0020 0020 0020 0020 0020 0020 0020 0020 0020 0020 0020 0020 0020 0020 04A9,,
,,MEMORY,24,41,50,24 41 50,X,X,X,X,X,X,X,X,X,X,X,X,X,X,X,X,X,X,X,---,---,Enter Preset memory mode/Store,0000 0071 0000 0025 0020 0020 0020 0020 0020 0020 0020 0020 0040 0020 0020 0020 0020 00C1 0040 0040 0040 0020 0020 0040 0020 0020 0020 0020 0040 0020 0020 0040 0040 0AA2 0020 0020 0020 0020 0020 0020 0020 0020 0040 0020 0020 0020 0020 00C1 0040 0040 0040 0020 0020 0040 0020 0020 0020 0020 0040 0020 0020 0040 0040 0AA2 0020 0020 0020 0020 0020 0020 0020 0020 0040 0020 0020 0020 0015 04A7,,
Main,,PRESET CH UP,24,32,20,24 32 20,---,---,---,---,---,---,---,---,---,X,---,---,---,X,---,---,---,X,---,---,---,iPod/USB Preset up,0000 0071 0000 001E 0020 0020 0040 0040 0020 0020 0040 0020 0020 0020 0020 00C1 0040 0020 0020 0020 0020 0020 0020 0020 0020 0020 0020 0040 0040 0040 0040 0020 0020 0AA2 0020 0020 0040 0040 0020 0020 0040 0020 0020 0020 0020 00C1 0040 0020 0020 0020 0020 0020 0020 0020 0020 0020 0020 0040 0040 0040 0040 0020 0020 04A7,,
Zone,,PRESET CH DOWN,24,33,20,24 33 20,---,---,---,---,---,---,---,---,---,X,---,---,---,X,---,---,---,X,---,---,---,iPod/USB Preset down,0000 0071 0000 0025 0020 0020 0020 0020 0020 0020 0020 0020 0040 0020 0020 0020 0020 00C1 0040 0020 0020 0020 0020 0020 0020 0040 0040 0040 0040 0040 0040 0020 0020 0AA2 0020 0020 0020 0020 0020 0020 0020 0020 0040 0020 0020 0020 0020 00C1 0040 0020 0020 0020 0020 0020 0020 0040 0040 0040 0040 0040 0040 0020 0020 0AA2 0020 0020 0020 0020 0020 0020 0020 0020 0040 0020 0020 0020 0015 04A7,,
,,PRESET 1,24,01,01,24 01 01,---,---,---,---,---,---,---,---,---,X,---,---,---,X,---,---,---,X,---,---,---,Preset 1 in current Preset Block on iPod/USB,0000 0071 0000 0026 0020 0020 0040 0040 0020 0020 0040 0020 0020 0020 0020 00A0 0020 0020 0020 0020 0020 0020 0020 0020 0020 0040 0040 0020 0020 0020 0020 0020 0020 0020 0020 0040 0020 0AA2 0020 0020 0040 0040 0020 0020 0040 0020 0020 0020 0020 00A0 0020 0020 0020 0020 0020 0020 0020 0020 0020 0040 0040 0020 0020 0020 0020 0020 0020 0020 0020 0040 0020 0AA2 0020 0020 0040 0040 0020 0020 0009 04A7,,
,,PRESET 2,24,02,01,24 02 01,---,---,---,---,---,---,---,---,---,X,---,---,---,X,---,---,---,X,---,---,---,Preset 2 in current Preset Block on iPod/USB,0000 0071 0000 0027 0020 0020 0020 0020 0020 0020 0020 0020 0040 0020 0020 0020 0020 00A0 0020 0020 0020 0020 0020 0020 0020 0040 0040 0020 0020 0020 0020 0020 0020 0020 0020 0020 0020 0040 0020 0AA2 0020 0020 0020 0020 0020 0020 0020 0020 0040 0020 0020 0020 0020 00A0 0020 0020 0020 0020 0020 0020 0020 0040 0040 0020 0020 0020 0020 0020 0020 0020 0020 0020 0020 0040 0020 0AA2 0020 0020 0020 0020 0020 04A7,,
,,PRESET 3,24,03,01,24 03 01,---,---,---,---,---,---,---,---,---,X,---,---,---,X,---,---,---,X,---,---,---,Preset 3 in current Preset Block on iPod/USB,0000 0071 0000 0022 0020 0020 0040 0040 0020 0020 0040 0020 0020 0020 0020 00A0 0020 0020 0020 0020 0020 0020 0020 0040 0020 0020 0040 0020 0020 0020 0020 0020 0020 0020 0020 0040 0020 0AA2 0020 0020 0040 0040 0020 0020 0040 0020 0020 0020 0020 00A0 0020 0020 0020 0020 0020 0020 0020 0040 0020 0020 0040 0020 0020 0020 0020 0020 0020 0020 0020 0040 0020 04A7,,
,,PRESET 4,24,04,01,24 04 01,---,---,---,---,---,---,---,---,---,X,---,---,---,X,---,---,---,X,---,---,---,Preset 4 in current Preset Block on iPod/USB,0000 0071 0000 0024 0020 0020 0020 0020 0020 0020 0020 0020 0040 0020 0020 0020 0020 00A1 0020 0020 0020 0020 0020 0040 0040 0020 0020 0020 0020 0020 0020 0020 0020 0020 0020 0020 0020 0040 0020 0AA2 0020 0020 0020 0020 0020 0020 0020 0020 0040 0020 0020 0020 0020 00A1 0020 0020 0020 0020 0020 0040 0040 0020 0020 0020 0020 0020 0020 0020 0020 0020 0020 0020 0020 0040 0020 04A7,,
,,PRESET 5,24,05,01,24 05 01,---,---,---,---,---,---,---,---,---,X,---,---,---,X,---,---,---,X,---,---,---,Preset 5 in current Preset Block on iPod/USB,0000 0071 0000 0020 0020 0020 0040 0040 0020 0020 0040 0020 0020 0020 0020 00A0 0020 0020 0020 0020 0020 0040 0040 0040 0040 0020 0020 0020 0020 0020 0020 0020 0020 0040 0020 0AA2 0020 0020 0040 0040 0020 0020 0040 0020 0020 0020 0020 00A0 0020 0020 0020 0020 0020 0040 0040 0040 0040 0020 0020 0020 0020 0020 0020 0020 0020 0040 0020 04A7,,
,,PRESET 6,24,06,01,24 06 01,---,---,---,---,---,---,---,---,---,X,---,---,---,X,---,---,---,X,---,---,---,Preset 6 in current Preset Block on iPod/USB,0000 0071 0000 0027 0020 0020 0020 0020 0020 0020 0020 0020 0040 0020 0020 0020 0020 00A1 0020 0020 0020 0020 0020 0040 0020 0020 0040 0020 0020 0020 0020 0020 0020 0020 0020 0020 0020 0040 0020 0AA2 0020 0020 0020 0020 0020 0020 0020 0020 0040 0020 0020 0020 0020 00A1 0020 0020 0020 0020 0020 0040 0020 0020 0040 0020 0020 0020 0020 0020 0020 0020 0020 0020 0020 0040 0020 0AA2 0020 0020 0020 0020 0012 04A7,,
,,PRESET 7,24,07,01,24 07 01,---,---,---,---,---,---,---,---,---,X,---,---,---,X,---,---,---,X,---,---,---,Preset 7 in current Preset Block on iPod/USB,0000 0071 0000 0026 0020 0020 0040 0040 0020 0020 0040 0020 0020 0020 0020 00A1 0020 0020 0020 0020 0020 0040 0020 0020 0020 0020 0040 0020 0020 0020 0020 0020 0020 0020 0020 0040 0020 0AA2 0020 0020 0040 0040 0020 0020 0040 0020 0020 0020 0020 00A1 0020 0020 0020 0020 0020 0040 0020 0020 0020 0020 0040 0020 0020 0020 0020 0020 0020 0020 0020 0040 0020 0AA2 0020 0020 0040 0040 0020 0020 0008 04A7,,
,,PRESET 8,24,08,01,24 08 01,---,---,---,---,---,---,---,---,---,X,---,---,---,X,---,---,---,X,---,---,---,Preset 8 in current Preset Block on iPod/USB,0000 0071 0000 0024 0020 0020 0020 0020 0020 0020 0020 0020 0040 0020 0020 0020 0020 00A0 0020 0020 0020 0040 0040 0020 0020 0020 0020 0020 0020 0020 0020 0020 0020 0020 0020 0020 0020 0040 0020 0AA2 0020 0020 0020 0020 0020 0020 0020 0020 0040 0020 0020 0020 0020 00A0 0020 0020 0020 0040 0040 0020 0020 0020 0020 0020 0020 0020 0020 0020 0020 0020 0020 0020 0020 0040 0020 04A7,,
,Network,[Network(Digital Media Player)] 0,27,00,01,27 00 01,---,---,---,---,---,---,---,---,---,X,---,---,---,X,---,---,---,X,---,---,---,Ten Key 0 for DMP,,,
,(Digital,[Network(Digital Media Player)] 1,27,01,01,27 01 01,---,---,---,---,---,---,---,---,---,X,---,---,---,X,---,---,---,X,---,---,---,Preset 1 in current Preset Block on NET/USB or 1 of 10key,0000 0071 0000 0029 0020 0020 0020 0020 0020 0020 0020 0020 0040 0040 0020 0020 0020 0081 0020 0020 0020 0020 0020 0020 0020 0020 0020 0040 0040 0020 0020 0020 0020 0020 0020 0020 0020 0040 0020 0AAB 0020 0020 0020 0020 0020 0020 0020 0020 0040 0040 0020 0020 0020 0081 0020 0020 0020 0020 0020 0020 0020 0020 0020 0040 0040 0020 0020 0020 0020 0020 0020 0020 0020 0040 0020 0AAB 0020 0020 0020 0020 0020 0020 0020 0020 0026 04AB,,
,Media,[Network(Digital Media Player)] 2,27,02,01,27 02 01,---,---,---,---,---,---,---,---,---,X,---,---,---,X,---,---,---,X,---,---,---,Preset 2 in current Preset Block on NET/USB or 2 of 10key,0000 0071 0000 0026 0020 0020 0040 0040 0020 0020 0040 0040 0020 0020 0020 0081 0020 0020 0020 0020 0020 0020 0020 0040 0040 0020 0020 0020 0020 0020 0020 0020 0020 0020 0020 0040 0020 0AAB 0020 0020 0040 0040 0020 0020 0040 0040 0020 0020 0020 0081 0020 0020 0020 0020 0020 0020 0020 0040 0040 0020 0020 0020 0020 0020 0020 0020 0020 0020 0020 0040 0020 0AAB 0020 0020 0040 0040 0020 0020 0030 04AB,,
,Player) /,[Network(Digital Media Player)] 3,27,03,01,27 03 01,---,---,---,---,---,---,---,---,---,X,---,---,---,X,---,---,---,X,---,---,---,Preset 3 in current Preset Block on NET/USB or 3 of 10key,0000 0071 0000 0027 0020 0020 0020 0020 0020 0020 0020 0020 0040 0040 0020 0020 0020 0081 0020 0020 0020 0020 0020 0020 0020 0040 0020 0020 0040 0020 0020 0020 0020 0020 0020 0020 0020 0040 0020 0AAB 0020 0020 0020 0020 0020 0020 0020 0020 0040 0040 0020 0020 0020 0081 0020 0020 0020 0020 0020 0020 0020 0040 0020 0020 0040 0020 0020 0020 0020 0020 0020 0020 0020 0040 0020 0AAB 0020 0020 0020 0020 0014 04AB,,
,Control,[Network(Digital Media Player)] 4,27,04,01,27 04 01,---,---,---,---,---,---,---,---,---,X,---,---,---,X,---,---,---,X,---,---,---,Preset 4 in current Preset Block on NET/USB or 4 of 10key,0000 0071 0000 0022 0020 0020 0040 0040 0020 0020 0040 0040 0020 0020 0020 0081 0020 0020 0020 0020 0020 0040 0040 0020 0020 0020 0020 0020 0020 0020 0020 0020 0020 0020 0020 0040 0020 0AAB 0020 0020 0040 0040 0020 0020 0040 0040 0020 0020 0020 0081 0020 0020 0020 0020 0020 0040 0040 0020 0020 0020 0020 0020 0020 0020 0020 0020 0020 0020 0020 0040 0020 04AB,,
,,[Network(Digital Media Player)] 5,27,05,01,27 05 01,---,---,---,---,---,---,---,---,---,X,---,---,---,X,---,---,---,X,---,---,---,Preset 5 in current Preset Block on NET/USB or 5 of 10key,0000 0071 0000 0022 0020 0020 0020 0020 0020 0020 0020 0020 0040 0040 0020 0020 0020 0081 0020 0020 0020 0020 0020 0040 0040 0040 0040 0020 0020 0020 0020 0020 0020 0020 0020 0040 0020 0AAB 0020 0020 0020 0020 0020 0020 0020 0020 0040 0040 0020 0020 0020 0081 0020 0020 0020 0020 0020 0040 0040 0040 0040 0020 0020 0020 0020 0020 0020 0020 0020 0040 0020 04AB,,
,,[Network(Digital Media Player)] 6,27,06,01,27 06 01,---,---,---,---,---,---,---,---,---,X,---,---,---,X,---,---,---,X,---,---,---,Preset 6 in current Preset Block on NET/USB or 6 of 10key,0000 0071 0000 0028 0020 0020 0040 0040 0020 0020 0040 0040 0020 0020 0020 0081 0020 0020 0020 0020 0020 0040 0020 0020 0040 0020 0020 0020 0020 0020 0020 0020 0020 0020 0020 0040 0020 0AAB 0020 0020 0040 0040 0020 0020 0040 0040 0020 0020 0020 0081 0020 0020 0020 0020 0020 0040 0020 0020 0040 0020 0020 0020 0020 0020 0020 0020 0020 0020 0020 0040 0020 0AAB 0020 0020 0040 0040 0020 0020 0040 0040 0020 0020 0020 04AB,,
,,[Network(Digital Media Player)] 7,27,07,01,27 07 01,---,---,---,---,---,---,---,---,---,X,---,---,---,X,---,---,---,X,---,---,---,Preset 7 in current Preset Block on NET/USB or 7 of 10key,0000 0071 0000 0024 0020 0020 0020 0020 0020 0020 0020 0020 0040 0040 0020 0020 0020 0081 0020 0020 0020 0020 0020 0040 0020 0020 0020 0020 0040 0020 0020 0020 0020 0020 0020 0020 0020 0040 0020 0AAB 0020 0020 0020 0020 0020 0020 0020 0020 0040 0040 0020 0020 0020 0081 0020 0020 0020 0020 0020 0040 0020 0020 0020 0020 0040 0020 0020 0020 0020 0020 0020 0020 0020 0040 0020 04AB,,
,,[Network(Digital Media Player)] 8,27,08,01,27 08 01,---,---,---,---,---,---,---,---,---,X,---,---,---,X,---,---,---,X,---,---,---,Preset 8 in current Preset Block on NET/USB or 8 of 10key,0000 0071 0000 0022 0020 0020 0040 0040 0020 0020 0040 0040 0020 0020 0020 0081 0020 0020 0020 0040 0040 0020 0020 0020 0020 0020 0020 0020 0020 0020 0020 0020 0020 0020 0020 0040 0020 0AAB 0020 0020 0040 0040 0020 0020 0040 0040 0020 0020 0020 0081 0020 0020 0020 0040 0040 0020 0020 0020 0020 0020 0020 0020 0020 0020 0020 0020 0020 0020 0020 0040 0020 04AB,,
,,[Network(Digital Media Player)] 9,27,09,01,27 09 01,---,---,---,---,---,---,---,---,---,X,---,---,---,X,---,---,---,X,---,---,---,Ten Key 9 for DMP,,,
,,SHIFT A,27,01,60,27 01 60,---,---,---,---,---,---,---,---,---,X,---,---,---,X,---,---,---,X,---,---,---,Switch Preset Block  to A on NET/USB,0000 0071 0000 0024 0020 0020 0020 0020 0020 0020 0020 0020 0040 0040 0020 0020 0020 0081 0020 0020 0020 0020 0020 0020 0020 0020 0020 0040 0020 0020 0020 0020 0020 0020 0020 0020 0040 0020 0020 0AAB 0020 0020 0020 0020 0020 0020 0020 0020 0040 0040 0020 0020 0020 0081 0020 0020 0020 0020 0020 0020 0020 0020 0020 0040 0020 0020 0020 0020 0020 0020 0020 0020 0040 0020 0020 04AB,,
,,SHIFT B,27,02,60,27 02 60,---,---,---,---,---,---,---,---,---,X,---,---,---,X,---,---,---,X,---,---,---,Switch Preset Block  to B on NET/USB,0000 0071 0000 0020 0020 0020 0040 0040 0020 0020 0040 0040 0020 0020 0020 0081 0020 0020 0020 0020 0020 0020 0020 0040 0040 0040 0020 0020 0020 0020 0020 0020 0040 0020 0020 0AAB 0020 0020 0040 0040 0020 0020 0040 0040 0020 0020 0020 0081 0020 0020 0020 0020 0020 0020 0020 0040 0040 0040 0020 0020 0020 0020 0020 0020 0040 0020 0020 04AB,,
,,SHIFT C,27,03,60,27 03 60,---,---,---,---,---,---,---,---,---,X,---,---,---,X,---,---,---,X,---,---,---,Switch Preset Block  to C on NET/USB,0000 0071 0000 002A 0020 0020 0020 0020 0020 0020 0020 0020 0040 0040 0020 0020 0020 0081 0020 0020 0020 0020 0020 0020 0020 0040 0020 0020 0020 0020 0020 0020 0020 0020 0020 0020 0040 0020 0020 0AAB 0020 0020 0020 0020 0020 0020 0020 0020 0040 0040 0020 0020 0020 0081 0020 0020 0020 0020 0020 0020 0020 0040 0020 0020 0020 0020 0020 0020 0020 0020 0020 0020 0040 0020 0020 0AAB 0020 0020 0020 0020 0020 0020 0020 0020 0040 0040 0020 04AB,,
,,SHIFT D,27,04,60,27 04 60,---,---,---,---,---,---,---,---,---,X,---,---,---,X,---,---,---,X,---,---,---,Switch Preset Block  to D on NET/USB,0000 0071 0000 002A 0020 0020 0040 0040 0020 0020 0040 0040 0020 0020 0020 0081 0020 0020 0020 0020 0020 0040 0040 0020 0020 0040 0020 0020 0020 0020 0020 0020 0040 0020 0020 0AAB 0020 0020 0040 0040 0020 0020 0040 0040 0020 0020 0020 0081 0020 0020 0020 0020 0020 0040 0040 0020 0020 0040 0020 0020 0020 0020 0020 0020 0040 0020 0020 0AAB 0020 0020 0040 0040 0020 0020 0040 0040 0020 0020 0020 0081 0020 0020 0020 0020 0020 0040 0020 04AB,,
,,SHIFT E,27,05,60,27 05 60,---,---,---,---,---,---,---,---,---,X,---,---,---,X,---,---,---,X,---,---,---,Switch Preset Block  to F on NET/USB,0000 0071 0000 0023 0020 0020 0020 0020 0020 0020 0020 0020 0040 0040 0020 0020 0020 0081 0020 0020 0020 0020 0020 0040 0040 0040 0020 0020 0020 0020 0020 0020 0020 0020 0040 0020 0020 0AAB 0020 0020 0020 0020 0020 0020 0020 0020 0040 0040 0020 0020 0020 0081 0020 0020 0020 0020 0020 0040 0040 0040 0020 0020 0020 0020 0020 0020 0020 0020 0040 0020 0020 0AAB 0013 04AB,,
,,SHIFT F,27,06,60,27 06 60,---,---,---,---,---,---,---,---,---,X,---,---,---,X,---,---,---,X,---,---,---,Switch Preset Block  to F on NET/USB,0000 0071 0000 0020 0020 0020 0040 0040 0020 0020 0040 0040 0020 0020 0020 0081 0020 0020 0020 0020 0020 0040 0020 0020 0040 0040 0020 0020 0020 0020 0020 0020 0040 0020 0020 0AAB 0020 0020 0040 0040 0020 0020 0040 0040 0020 0020 0020 0081 0020 0020 0020 0020 0020 0040 0020 0020 0040 0040 0020 0020 0020 0020 0020 0020 0040 0020 0020 04AB,,
,,SHIFT G,27,07,60,27 07 60,---,---,---,---,---,---,---,---,---,X,---,---,---,X,---,---,---,X,---,---,---,Switch Preset Block  to G on NET/USB,0000 0071 0000 0029 0020 0020 0020 0020 0020 0020 0020 0020 0040 0040 0020 0020 0020 0081 0020 0020 0020 0020 0020 0040 0020 0020 0020 0020 0020 0020 0020 0020 0020 0020 0020 0020 0040 0020 0020 0AAB 0020 0020 0020 0020 0020 0020 0020 0020 0040 0040 0020 0020 0020 0081 0020 0020 0020 0020 0020 0040 0020 0020 0020 0020 0020 0020 0020 0020 0020 0020 0020 0020 0040 0020 0020 0AAB 0020 0020 0020 0020 0020 0020 0020 0020 0040 04AB,,
,,Network(DMP): Information,27,15,01,27 15 01,---,---,---,---,---,---,---,---,---,---,---,---,---,---,---,---,---,---,---,---,---,,,,
,,Network(DMP): Random (toggle),27,28,01,27 28 01,X,X,X,X,X,X,X,X,X,X,X,X,X,X,X,X,X,X,---,---,---,,,,
,,Network(DMP): Random Off,27,28,02,27 28 02,X,X,X,X,X,X,X,X,X,X,X,X,X,X,X,X,X,X,---,---,---,,,,
,,Network(DMP): Random On,27,28,03,27 28 03,X,X,X,X,X,X,X,X,X,X,X,X,X,X,X,X,X,X,---,---,---,,,,
,,Network(DMP): Repeat (toggle),27,29,01,27 29 01,X,X,X,X,X,X,X,X,X,X,X,X,X,X,X,X,X,X,---,---,---,,,,
,,Network(DMP): Repeat Off,27,29,02,27 29 02,X,X,X,X,X,X,X,X,X,X,X,X,X,X,X,X,X,X,---,---,---,,,,
,,Network(DMP): Repeat 1,27,29,03,27 29 03,X,X,X,X,X,X,X,X,X,X,X,X,X,X,X,X,X,X,,,,,,,
,,Network(DMP): Repeat All,27,29,04,27 29 04,X,X,X,X,X,X,X,X,X,X,X,X,X,X,X,X,X,X,---,---,---,,,,
,,USB: Repeat Folder,27,29,05,27 29 05,---,---,---,---,---,---,---,---,---,---,---,---,---,---,---,---,---,---,---,---,---,,,,
,,SHIFT,27,32,00,27 32 00,---,---,---,---,---,---,---,---,---,X,---,---,---,X,---,---,---,X,---,---,---,shift preset block on NET/USB,0000 0071 0000 0024 0020 0020 0020 0020 0020 0020 0020 0020 0040 0040 0020 0020 0020 00A1 0040 0020 0020 0020 0020 0020 0020 0020 0020 0020 0020 0020 0020 0020 0020 0020 0020 0020 0020 0020 0020 0AAB 0020 0020 0020 0020 0020 0020 0020 0020 0040 0040 0020 0020 0020 00A1 0040 0020 0020 0020 0020 0020 0020 0020 0020 0020 0020 0020 0020 0020 0020 0020 0020 0020 0020 0020 0020 04AB,,
,,PRESET CH UP,27,32,20,27 32 20,---,---,---,---,---,---,---,---,---,X,---,---,---,X,---,---,---,X,---,---,---,NET/USB Preset up,0000 0071 0000 0025 0020 0020 0020 0020 0020 0020 0020 0020 0040 0040 0020 0020 0020 00A1 0040 0020 0020 0020 0020 0020 0020 0020 0020 0020 0020 0040 0040 0040 0040 0020 0020 0AAB 0020 0020 0020 0020 0020 0020 0020 0020 0040 0040 0020 0020 0020 00A1 0040 0020 0020 0020 0020 0020 0020 0020 0020 0020 0020 0040 0040 0040 0040 0020 0020 0AAB 0020 0020 0020 0020 0020 0020 0020 0020 002F 04AB,,
,,PRESET CH DOWN,27,33,20,27 33 20,---,---,---,---,---,---,---,---,---,X,---,---,---,X,---,---,---,X,---,---,---,NET/USB Preset down,0000 0071 0000 0021 0020 0020 0040 0040 0020 0020 0040 0040 0020 0020 0020 00A1 0040 0020 0020 0020 0020 0020 0020 0040 0040 0040 0040 0040 0040 0020 0020 0AAB 0020 0020 0040 0040 0020 0020 0040 0040 0020 0020 0020 00A1 0040 0020 0020 0020 0020 0020 0020 0040 0040 0040 0040 0040 0040 0020 0020 0AAB 0020 0020 0040 0040 0020 0020 0040 0040 0015 04AB,,
,,Internet Radio Preset 1/FAVORITE STATION  1,27,34,11,27 34 11,X,---,X,---,X,X,---,X,X,X,---,X,X,X,---,X,X,X,X,X(Tuner),---,,,,
,,Internet Radio Preset 2/FAVORITE STATION  2,27,34,12,27 34 12,X,---,X,---,X,X,---,X,X,X,---,X,X,X,---,X,X,X,X,X(Tuner),---,,,,
,,Internet Radio Preset 3/FAVORITE STATION  3,27,34,13,27 34 13,X,---,X,---,X,X,---,X,X,X,---,X,X,X,---,X,X,X,X,X(Tuner),---,,,,
,,Internet Radio Preset 4/FAVORITE STATION  4,27,34,14,27 34 14,X,---,X,---,X,X,---,---,---,---,---,---,---,---,---,---,---,---,---,---,---,,,,
,,Network(DMP)/USB: Next,27,32,01,27 32 01,X,X,X,X,X,X,X,X,X,X,X,X,X,X,X,X,X,X,X,---,---,,,,
,,Network(DMP)/USB: Previous,27,33,01,27 33 01,X,X,X,X,X,X,X,X,X,X,X,X,X,X,X,X,X,X,X,---,---,,,,
,,Network(DMP)/USB: Pause,27,48,01,27 48 01,X,X,X,X,X,X,X,X,X,X,X,X,X,X,X,X,X,X,X,---,---,,,,
,,Network(DMP)/USB: REW,27,50,01,27 50 01,---,X,---,X,X,---,X,X,---,---,X,X,---,---,X,X,---,---,X,---,---,,,,
,,Network(DMP)/USB: FF,27,52,01,27 52 01,---,X,---,X,X,---,X,X,---,---,X,X,---,---,X,X,---,---,X,---,---,,,,
,,Network(DMP): Play(/Pause),27,53,01,27 53 01,X,X,X,X,X,X,X,X,X,X,X,X,X,X,X,X,X,X,X,---,---,,,,
,,One Touch Play,27,53,04,27 53 04,---,---,---,---,---,---,---,---,---,X,---,---,---,---,---,---,---,X,---,---,---,One Touch Play command,,,
,,iPod Play,27,53,31,27 53 31,X,X,X,X,X,X,X,X,X,X,X,X,X,X,X,X,X,X,X,---,---,iPod Direct Play command,,,
,,Party mode (Toggle),27,53,41,27 53 41,---,---,---,---,---,---,---,---,---,X,---,---,---,X,---,---,---,X,---,---,---,Party Mode On/Off Toggle,,,
,,Internet Radio - Recent Played Station,27,53,50,27 53 50,X,X,X,X,X,X,X,X,X,X,X,X,X,X,X,X,X,X,X,---,---,,,,
,,Favorite Direct Play,27,53,61,27 53 61,X,X,X,X,X,X,X,X,X,X,X,X,X,X,X,X,X,X,X,---,---,,,,
,,Network(DMP): Stop,27,54,01,27 54 01,X,X,X,X,X,X,X,X,X,X,X,X,X,X,X,X,X,X,X,---,---,,,,
,,JPEG Skip + (NEXT),27,32,10,27 32 10,X,X,X,X,X,X,X,X,X,X,X,X,X,X,X,X,X,X,X,---,---,Show next JPEG file,0000 0071 0000 0021 0020 0020 0020 0020 0020 0020 0020 0020 0040 0040 0020 0020 0020 00A1 0040 0020 0020 0020 0020 0020 0020 0020 0020 0020 0020 0020 0020 0040 0040 0040 0040 0AAB 0020 0020 0020 0020 0020 0020 0020 0020 0040 0040 0020 0020 0020 00A1 0040 0020 0020 0020 0020 0020 0020 0020 0020 0020 0020 0020 0020 0040 0040 0040 0040 0AAB 0020 04AB,,
,,JPEG Skip - (PREVIOUS),27,33,10,27 33 10,X,X,X,X,X,X,X,X,X,X,X,X,X,X,X,X,X,X,X,---,---,Show previous JPEG file,0000 0071 0000 001F 0020 0020 0040 0040 0020 0020 0040 0040 0020 0020 0020 00A1 0040 0020 0020 0020 0020 0020 0020 0040 0040 0020 0020 0040 0040 0040 0040 0AAB 0020 0020 0040 0040 0020 0020 0040 0040 0020 0020 0020 00A1 0040 0020 0020 0020 0020 0020 0020 0040 0040 0020 0020 0040 0040 0040 0040 0AAB 0020 0020 0040 0040 0020 04AB,,
,,MEMORY,27,41,50,27 41 50,X,X,X,X,X,X,X,X,X,X,X,X,X,X,X,X,X,X,X,---,---,Enter Preset memory mode/Store,0000 0071 0000 0020 0020 0020 0040 0040 0020 0020 0040 0040 0020 0020 0020 00A1 0040 0040 0040 0020 0020 0040 0020 0020 0020 0020 0040 0020 0020 0040 0040 0AAB 0020 0020 0040 0040 0020 0020 0040 0040 0020 0020 0020 00A1 0040 0040 0040 0020 0020 0040 0020 0020 0020 0020 0040 0020 0020 0040 0040 0AAB 0020 0020 0040 0040 0020 0020 0040 04AB,,
,,Network(DMP): Cursor Up,27,80,01,27 80 01,X,X,X,X,X,X,X,X,X,X,X,X,X,X,X,X,X,X,X,---,---,,,,
,,Network(DMP): Cursor Down,27,81,01,27 81 01,X,X,X,X,X,X,X,X,X,X,X,X,X,X,X,X,X,X,X,---,---,,,,
,,Network(DMP): Cursor Left,27,85,01,27 85 01,X,X,X,X,X,X,X,X,X,X,X,X,X,X,X,X,X,X,X,---,---,,,,
,,Network(DMP): Cursor Right,27,86,01,27 86 01,X,X,X,X,X,X,X,X,X,X,X,X,X,X,X,X,X,X,X,---,---,,,,
,,Network(DMP): Enter,27,87,01,27 87 01,X,X,X,X,X,X,X,X,X,X,X,X,X,X,X,X,X,X,X,---,---,,,,
,,Network(DMP): Page Next,27,80,04,27 80 04,---,X,---,X,X,---,X,X,---,---,X,X,---,---,X,X,X,X,X,---,---,,,,
,,Network(DMP): Page Previous,27,81,04,27 81 04,---,X,---,X,X,---,X,X,---,---,X,X,---,---,X,X,X,X,X,---,---,,,,
,,Network(DMP): Back,27,83,01,27 83 01,---,---,---,---,---,---,---,---,---,---,---,---,---,---,---,---,---,---,---,---,---,,,,
,,Network(DMP): Return,27,87,21,27 87 21,X,X,X,X,X,X,X,X,X,X,X,X,X,X,X,X,X,X,X,---,---,,0000 0071 0000 0021 0040 0040 0020 0020 0020 0020 0040 0040 0020 0020 0020 0081 0020 0040 0040 0040 0020 0020 0020 0020 0040 0040 0040 0040 0040 0040 0020 0AA1 0040 0040 0020 0020 0020 0020 0040 0040 0020 0020 0020 0081 0020 0040 0040 0040 0020 0020 0020 0020 0040 0040 0040 0040 0040 0040 0020 0AA1 0040 0040 0020 0020 0020 0020 0040 0040 0020 04A6,,
,,Network(DMP):HOME,27,82,02,27 82 02,---,X,---,X,X,---,---,---,---,---,---,---,---,---,---,---,---,---,---,---,---,,,,
2nd,Power,POWER ON/OFF,16,29,00,16 29 00,X,X,X,X,X,X,X,X,X,---,X,X,X,---,X,X,X,---,---,---,---,Turn Power On/Off (Toggle),,,
Zone,Control,POWER ON,16,29,03,16 29 03,X,X,X,X,X,X,X,X,X,X,X,X,X,X,X,X,X,X,---,---,---,Power ON,0000 0071 0000 0022 0020 0020 0020 0020 0020 0020 0040 0020 0020 0020 0020 0020 0020 00A1 0020 0040 0020 0020 0020 0020 0040 0040 0040 0020 0020 0020 0020 0020 0020 0040 0020 0020 0020 0AAB 0020 0020 0020 0020 0020 0020 0040 0020 0020 0020 0020 0020 0020 00A1 0020 0040 0020 0020 0020 0020 0040 0040 0040 0020 0020 0020 0020 0020 0020 0040 0020 0020 0020 04B0,,
(Multi,,POWER OFF,16,29,04,16 29 04,X,X,X,X,X,X,X,X,X,X,X,X,X,X,X,X,X,X,---,---,---,Power Off,0000 0071 0000 001E 0020 0020 0040 0040 0040 0020 0020 0020 0020 0020 0020 00A1 0020 0040 0020 0020 0020 0020 0040 0040 0040 0020 0020 0020 0020 0040 0040 0020 0020 0AAB 0020 0020 0040 0040 0040 0020 0020 0020 0020 0020 0020 00A1 0020 0040 0020 0020 0020 0020 0040 0040 0040 0020 0020 0020 0020 0040 0040 0020 0020 04B0,,
Zone A),Volume,VOL. +,16,29,01,16 29 01,X,X,X,X,X,X,X,X,X,X,X,X,X,X,X,X,X,X,---,---,---,Volume Up,0000 0071 0000 001E 0020 0020 0040 0040 0040 0020 0020 0020 0020 0020 0020 00A1 0020 0040 0020 0020 0020 0020 0040 0040 0040 0020 0020 0020 0020 0020 0020 0040 0040 0AAB 0020 0020 0040 0040 0040 0020 0020 0020 0020 0020 0020 00A1 0020 0040 0020 0020 0020 0020 0040 0040 0040 0020 0020 0020 0020 0020 0020 0040 0040 04B0,,
,Control,VOL. -,16,29,02,16 29 02,X,X,X,X,X,X,X,X,X,X,X,X,X,X,X,X,X,X,---,---,---,Volume Down,0000 0071 0000 0022 0020 0020 0020 0020 0020 0020 0040 0020 0020 0020 0020 0020 0020 00A1 0020 0040 0020 0020 0020 0020 0040 0040 0040 0020 0020 0020 0020 0020 0020 0020 0020 0040 0020 0AAB 0020 0020 0020 0020 0020 0020 0040 0020 0020 0020 0020 0020 0020 00A1 0020 0040 0020 0020 0020 0020 0040 0040 0040 0020 0020 0020 0020 0020 0020 0020 0020 0040 0020 04B0,,
,,Direct VOLUME,16,112,00-63,16 112 [00-63],X,X,X,X,X,X,X,X,X,X,X,X,X,X,X,X,X,X,---,---,---,Discrete Multi-room A Volume level select,,,
,,MUTE,16,29,08,16 29 08,X,X,X,X,X,X,X,X,X,X,X,X,X,X,X,X,X,X,---,---,---,Mute On/Off (Toggle),0000 0071 0000 0020 0020 0020 0020 0020 0020 0020 0040 0020 0020 0020 0020 0020 0020 00A1 0020 0040 0020 0020 0020 0020 0040 0040 0040 0020 0020 0040 0040 0020 0020 0020 0020 0AAB 0020 0020 0020 0020 0020 0020 0040 0020 0020 0020 0020 0020 0020 00A1 0020 0040 0020 0020 0020 0020 0040 0040 0040 0020 0020 0040 0040 0020 0020 0020 0020 04B0,,
,Input,INPUT NEXT,16,30,03,16 30 03,X,X,X,X,X,X,X,X,X,X,X,X,X,X,X,X,X,X,---,---,---,Zone2 Switch Input forward,,,
,Source,INPUT BACK,16,30,04,16 30 04,X,X,X,X,X,X,X,X,X,X,X,X,X,X,X,X,X,X,---,---,---,Zone2 Switch Input backward,,,
,,Source call,16,30,10,16 30 10,X,X,X,X,X,X,X,X,X,X,X,X,X,X,X,X,X,X,---,---,---,Turn On and select Main Zone Source Call,,,
,,CD,16,29,11,16 29 11,X,X,X,X,X,X,X,X,X,X,X,X,X,X,X,X,X,X,---,---,---,Turn On and select CD,0000 0071 0000 001E 0020 0020 0040 0040 0040 0020 0020 0020 0020 0020 0020 00A1 0020 0040 0020 0020 0020 0020 0040 0040 0040 0020 0020 0040 0040 0040 0020 0020 0020 0AAB 0020 0020 0040 0040 0040 0020 0020 0020 0020 0020 0020 00A1 0020 0040 0020 0020 0020 0020 0040 0040 0040 0020 0020 0040 0040 0040 0020 0020 0020 04B0,,
,,TV AUDIO(TV),16,29,15,16 29 15,X,X,X,X,X,X,X,X,X,X,X,X,X,X,X,X,X,X,---,---,---,Turn On and select TV,0000 0071 0000 0022 0020 0020 0020 0020 0020 0020 0040 0020 0020 0020 0020 0020 0020 00A1 0020 0040 0020 0020 0020 0020 0040 0040 0040 0020 0020 0040 0020 0020 0020 0020 0020 0020 0020 0AAB 0020 0020 0020 0020 0020 0020 0040 0020 0020 0020 0020 0020 0020 00A1 0020 0040 0020 0020 0020 0020 0040 0040 0040 0020 0020 0040 0020 0020 0020 0020 0020 0020 0020 04B0,,
,,DVD,16,29,16,16 29 16,X,X,X,X,X,X,X,X,X,X,X,X,X,X,X,X,X,X,---,---,---,Turn On and select DVD,0000 0071 0000 0020 0020 0020 0020 0020 0020 0020 0040 0020 0020 0020 0020 0020 0020 00A1 0020 0040 0020 0020 0020 0020 0040 0040 0040 0040 0040 0020 0020 0020 0020 0020 0020 0AAB 0020 0020 0020 0020 0020 0020 0040 0020 0020 0020 0020 0020 0020 00A1 0020 0040 0020 0020 0020 0020 0040 0040 0040 0040 0040 0020 0020 0020 0020 0020 0020 04B0,,
,,MEDIAPLAYER(VCR1),16,29,17,16 29 17,X (MPLAYER),X (MPLAYER),X (MPLAYER),X (MPLAYER),X (MPLAYER),X (MPLAYER),X (MPLAYER),X (MPLAYER),X (MPLAYER),X (VCR),X (MPLAYER),X (MPLAYER),X (MPLAYER),X (VCR),X (MPLAYER),X (MPLAYER),X (MPLAYER),---,---,---,---,Turn On and select VCR1,0000 0071 0000 001E 0020 0020 0040 0040 0040 0020 0020 0020 0020 0020 0020 00A1 0020 0040 0020 0020 0020 0020 0040 0040 0040 0040 0040 0020 0020 0020 0020 0040 0020 0AAB 0020 0020 0040 0040 0040 0020 0020 0020 0020 0020 0020 00A1 0020 0040 0020 0020 0020 0020 0040 0040 0040 0040 0040 0020 0020 0020 0020 0040 0020 04B0,,
,,VCR2,16,29,18,16 29 18,---,---,---,---,---,---,---,---,---,---,---,---,---,---,---,---,---,---,---,---,---,Turn On and select VCR2,0000 0071 0000 001E 0020 0020 0020 0020 0020 0020 0040 0020 0020 0020 0020 0020 0020 00A1 0020 0040 0020 0020 0020 0020 0040 0040 0040 0040 0040 0020 0020 0040 0040 0AAB 0020 0020 0020 0020 0020 0020 0040 0020 0020 0020 0020 0020 0020 00A1 0020 0040 0020 0020 0020 0020 0040 0040 0040 0040 0040 0020 0020 0040 0040 04B0,,
,,CBL/SAT(SAT),16,29,19,16 29 19,X (CBL/SAT),X (CBL/SAT),X (CBL/SAT),X (CBL/SAT),X (CBL/SAT),X (CBL/SAT),X (CBL/SAT),X (CBL/SAT),X (CBL/SAT),X (SAT),X (CBL/SAT),X (CBL/SAT),X (CBL/SAT),X (SAT),X (CBL/SAT),X (CBL/SAT),X (CBL/SAT),X (SAT),---,---,---,Turn On and select DSS,0000 0071 0000 001E 0020 0020 0040 0040 0040 0020 0020 0020 0020 0020 0020 00A1 0020 0040 0020 0020 0020 0020 0040 0040 0040 0040 0040 0020 0020 0040 0020 0020 0020 0AAB 0020 0020 0040 0040 0040 0020 0020 0020 0020 0020 0020 00A1 0020 0040 0020 0020 0020 0020 0040 0040 0040 0040 0040 0020 0020 0040 0020 0020 0020 04B0,,
,,AUX1(AUX),16,29,20,16 29 20,X (AUX1),X (AUX1),X (AUX1),X (AUX1),X (AUX1),X (AUX1),X (AUX),X (AUX),X (AUX),X (AUX1),X (AUX1),X (AUX1),X (AUX),X (AUX),X (AUX1),X (AUX1),X (AUX),X (AUX),---,---,---,Turn On and select Front Aux1 input,0000 0071 0000 001C 0020 0020 0040 0040 0040 0020 0020 0020 0020 0020 0020 00A1 0020 0040 0020 0020 0020 0020 0040 0040 0040 0040 0040 0040 0040 0020 0020 0AAB 0020 0020 0040 0040 0040 0020 0020 0020 0020 0020 0020 00A1 0020 0040 0020 0020 0020 0020 0040 0040 0040 0040 0040 0040 0040 0020 0020 04B0,,
,,AUX2/Network,16,29,21,16 29 21,X (AUX2),X (AUX2),X (AUX2),X (AUX2),X (AUX2),X (AUX2),X (AUX2),X (AUX2),---,X (AUX2),X (AUX2),X (AUX2),---,---,X (AUX2),X (AUX2),---,---,---,---,---,Turn On and select AUX2,0000 0071 0000 001E 0020 0020 0020 0020 0020 0020 0040 0020 0020 0020 0020 0020 0020 00A1 0020 0040 0020 0020 0020 0020 0040 0040 0040 0040 0040 0040 0040 0040 0020 0AAB 0020 0020 0020 0020 0020 0020 0040 0020 0020 0020 0020 0020 0020 00A1 0020 0040 0020 0020 0020 0020 0040 0040 0040 0040 0040 0040 0040 0040 0020 04B0,,
,,AUX3(Additional Source),16,29,24,16 29 24,X,---,---,---,---,---,---,---,---,---,---,---,---,---,---,---,---,---,---,---,---,Turn On and select AUX3,,,
,,AUX4(Additional Source),16,29,25,16 29 25,X,---,---,---,---,---,---,---,---,---,---,---,---,---,---,---,---,---,---,---,---,Turn On and select AUX4,,,
,,AUX5(Additional Source),16,29,26,16 29 26,X,---,---,---,---,---,---,---,---,---,---,---,---,---,---,---,---,---,---,---,---,Turn On and select AUX5,,,
,,AUX6(Additional Source),16,29,27,16 29 27,X,---,---,---,---,---,---,---,---,---,---,---,---,---,---,---,---,---,---,---,---,Turn On and select AUX6,,,
,,AUX7(Additional Source),16,29,28,16 29 28,X,---,---,---,---,---,---,---,---,---,---,---,---,---,---,---,---,---,---,---,---,Turn On and select AUX7,,,
,,"TUNER (TUNER 1,FM)",16,29,30,16 29 30,X,X,X,X,X,X,X,X,X,X,X,X,X,X,X,X,X,X,---,---,---,Turn On and select Tuner-1 or Change BAND (> FM > AM >LW),0000 0071 0000 0020 0020 0020 0020 0020 0020 0020 0040 0020 0020 0020 0020 0020 0020 00A1 0020 0040 0020 0020 0020 0020 0040 0040 0040 0040 0020 0020 0020 0020 0020 0020 0040 0AAB 0020 0020 0020 0020 0020 0020 0040 0020 0020 0020 0020 0020 0020 00A1 0020 0040 0020 0020 0020 0020 0040 0040 0040 0040 0020 0020 0020 0020 0020 0020 0040 04B0,,
,,TUNER 2,16,29,31,16 29 31,---,---,---,---,---,---,---,---,---,---,---,---,---,---,---,---,---,---,---,---,---,Turn On and select Tuner-1 or Change BAND (> FM > AM >LW),0000 0071 0000 0020 0020 0020 0040 0040 0040 0020 0020 0020 0020 0020 0020 00A1 0020 0040 0020 0020 0020 0020 0040 0040 0040 0040 0020 0020 0020 0020 0020 0020 0020 0020 0020 0AAB 0020 0020 0040 0040 0040 0020 0020 0020 0020 0020 0020 00A1 0020 0040 0020 0020 0020 0020 0040 0040 0040 0040 0020 0020 0020 0020 0020 0020 0020 0020 0020 04B0,,
,,Online Music(NETWORK),16,29,23,16 29 23,X (NETWORK),X (Online Music),X (NETWORK),X (Online Music),X (NETWORK),X (NETWORK),X (Online Music),X (NETWORK),X (NETWORK),X (NET/USB),X (Online Music),X (NETWORK),X (NETWORK),X (NET/USB),X (Online Music),X (NETWORK),X (NETWORK),X (NET/USB),---,---,---,Turn On and select Network(DMP) or USB,0000 0071 0000 001E 0020 0020 0040 0040 0040 0020 0020 0020 0020 0020 0020 00A1 0020 0040 0020 0020 0020 0020 0040 0040 0040 0040 0040 0040 0020 0020 0020 0020 0020 0AAB 0020 0020 0040 0040 0040 0020 0020 0020 0020 0020 0020 00A1 0020 0040 0020 0020 0020 0020 0040 0040 0040 0040 0040 0040 0020 0020 0020 0020 0020 04B0,,
,,iPod/USB(USB),16,30,11,16 30 11,X (iPod/USB),X (iPod/USB),X (iPod/USB),X (iPod/USB),X (iPod/USB),X (iPod/USB),X (iPod/USB),X (iPod/USB),X (iPod/USB),X (NET/USB),X (iPod/USB),X (iPod/USB),X (iPod/USB),X (NET/USB),X (iPod/USB),X (iPod/USB),X (iPod/USB),X (NET/USB),---,---,---,Turn On and select USB,0000 0071 0000 0022 0020 0020 0020 0020 0020 0020 0040 0020 0020 0020 0020 0020 0020 00A1 0020 0040 0020 0020 0020 0020 0020 0020 0040 0020 0020 0020 0020 0040 0040 0040 0020 0020 0020 0AAB 0020 0020 0020 0020 0020 0020 0040 0020 0020 0020 0020 0020 0020 00A1 0020 0040 0020 0020 0020 0020 0020 0020 0040 0020 0020 0020 0020 0040 0040 0040 0020 0020 0020 04B0,,
,,Blu-ray(BD),16,30,12,16 30 12,X,X,X,X,X,X,X,X,X,X,X,X,X,X,X,X,X,X,---,---,---,Turn On and select BD,0000 0071 0000 0020 0020 0020 0040 0040 0040 0020 0020 0020 0020 0020 0020 00A1 0020 0040 0020 0020 0020 0020 0020 0020 0040 0020 0020 0020 0020 0040 0020 0020 0040 0020 0020 0AAB 0020 0020 0040 0040 0040 0020 0020 0020 0020 0020 0020 00A1 0020 0040 0020 0020 0020 0020 0020 0020 0040 0020 0020 0020 0020 0040 0020 0020 0040 0020 0020 04B0,,
,,M-XPort,16,30,13,16 30 13,X,X,X,---,X,X,---,X,X,X,---,X,X,X,---,X,X,X,---,---,---,Turn On and select M-XPort,0000 0071 0000 0022 0020 0020 0020 0020 0020 0020 0040 0020 0020 0020 0020 0020 0020 00A1 0020 0040 0020 0020 0020 0020 0020 0020 0040 0020 0020 0020 0020 0040 0020 0020 0040 0040 0020 0AAB 0020 0020 0020 0020 0020 0020 0040 0020 0020 0020 0020 0020 0020 00A1 0020 0040 0020 0020 0020 0020 0020 0020 0040 0020 0020 0020 0020 0040 0020 0020 0040 0040 0020 04B0,,
,,Game,16,30,14,16 30 14,X,X,X,X,X,X,X,X,X,---,X,X,X,---,X,X,X,---,---,---,---,Turn On and select Game,0000 0071 0000 0022 0020 0020 0020 0020 0020 0020 0040 0020 0020 0020 0020 0020 0020 00A1 0020 0040 0020 0020 0020 0020 0020 0020 0040 0020 0020 0020 0020 0040 0020 0020 0040 0040 0020 0AAB 0020 0020 0020 0020 0020 0020 0040 0020 0020 0020 0020 0020 0020 00A1 0020 0040 0020 0020 0020 0020 0020 0020 0040 0020 0020 0020 0020 0040 0020 0020 0040 0040 0020 04B0,,
,,PHONO,16,30,15,16 30 15,X,X,X,X,X,X,X,X,X,X,---,---,---,---,---,---,---,---,---,---,---,Turn On and select Phono,0000 0071 0000 0028 0020 0020 0020 0020 0020 0020 0040 0020 0020 0020 0020 0020 0020 00A1 0020 0040 0020 0020 0020 0020 0020 0020 0040 0020 0020 0020 0020 0040 0020 0020 0020 0020 0020 0020 0020 0AA4 0020 0020 0020 0020 0020 0020 0040 0020 0020 0020 0020 0020 0020 00A1 0020 0040 0020 0020 0020 0020 0020 0020 0040 0020 0020 0020 0020 0040 0020 0020 0020 0020 0020 0020 0020 0AA4 0020 0020 0020 0020 0020 0020 001B 04A8,,
,,Bluetooth,16,30,16,16 30 16,---,X,---,X,---,---,X,---,---,---,X,---,---,---,X,---,---,---,---,,,Turn On and select Bluetooth,,,
,,Internet Radio,27,92,20,27 92 20,X,X,X,X,X,X,X,X,X,X,X,X,X,X,X,X,X,X,---,---,---,Select Internet Radio as Zone 2 source,,,
,,Spotify (*6),27,92,28,27 92 29,X,---,X,---,X,X,---,X,X,---,---,X,X,---,---,X,X,---,---,---,---,Select Spotify as Zone 2 source,,,
,,SIRIUSXM (*4),27,92,29,27 92 29,X,X,X,X,X,X,X,X,X,---,X,X,X,---,X,X,X,---,---,---,---,Select Sirius XM as Zone 2 source,,,
,,Rhapsody (*4),27,92,21,27 92 21,---,---,---,---,---,---,---,---,---,X,---,---,---,X,---,---,---,X,---,---,---,Select Rhapsody as Zone 2 source,0000 0071 0000 0020 0040 0020 0020 0040 0020 0020 0040 0040 0020 0020 0020 0081 0020 0040 0020 0020 0020 0020 0040 0020 0020 0020 0020 0040 0040 0040 0040 0040 0020 0AA6 0040 0020 0020 0040 0020 0020 0040 0040 0020 0020 0020 0081 0020 0040 0020 0020 0020 0020 0040 0020 0020 0020 0020 0040 0040 0040 0040 0040 0020 0AA6 0040 0020 0019 04A9,,
,,Napster (*6),27,92,22,27 92 22,---,---,---,---,---,---,---,---,---,X,---,---,---,X,---,---,---,X,---,---,---,Select Napster as Zone 2 source,0000 0071 0000 001F 0040 0040 0020 0020 0020 0020 0040 0040 0020 0020 0020 0081 0020 0040 0020 0020 0020 0020 0040 0020 0020 0020 0020 0040 0040 0040 0020 0020 0040 0AA6 0040 0040 0020 0020 0020 0020 0040 0040 0020 0020 0020 0081 0020 0040 0020 0020 0020 0020 0040 0020 0020 0020 0020 0040 0040 0040 0020 0020 0040 0AA6 0040 04A9,,
,,Flickr,27,92,23,27 92 23,X,X,X,X,X,X,X,X,X,X,X,X,X,X,X,X,X,X,---,---,---,Select Flickr as Zone 2 source,0000 0071 0000 0010 0040 0020 0020 0040 0020 0020 0040 0040 0020 0020 0020 0081 0020 0040 0020 0020 0020 0020 0040 0020 0020 0020 0020 0040 0040 0040 0020 0020 0020 0020 0020 0AA6,,
,,Media Server,27,92,24,27 92 24,X,X,X,X,X,X,X,X,X,X,X,X,X,X,X,X,X,X,---,---,---,Select Media Server as Zone 2 source,0000 0071 0000 0026 0040 0040 0020 0020 0020 0020 0040 0040 0020 0020 0020 0081 0020 0040 0020 0020 0020 0020 0040 0020 0020 0020 0020 0040 0020 0020 0040 0020 0020 0020 0020 0AA6 0040 0040 0020 0020 0020 0020 0040 0040 0020 0020 0020 0081 0020 0040 0020 0020 0020 0020 0040 0020 0020 0020 0020 0040 0020 0020 0040 0020 0020 0020 0020 0AA6 0040 0040 0020 0020 0020 0020 0040 0040 0020 0020 0020 04A9,,
,,Pandora (*4),27,92,26,27 92 26,X,X,X,X,X,X,X,X,X,X,X,X,X,X,X,X,X,X,---,---,---,Select Pandora as Zone 2 source,0000 0071 0000 0021 0040 0020 0020 0040 0020 0020 0040 0040 0020 0020 0020 0081 0020 0040 0020 0020 0020 0020 0040 0020 0020 0020 0020 0040 0020 0020 0040 0040 0040 0AA6 0040 0020 0020 0040 0020 0020 0040 0040 0020 0020 0020 0081 0020 0040 0020 0020 0020 0020 0040 0020 0020 0020 0020 0040 0020 0020 0040 0040 0040 0AA6 0040 0020 0020 0040 001C 04A9,,
,,Last.fm (*5),27,92,27,27 92 27,---,---,---,---,---,---,---,---,---,---,---,---,---,---,---,---,X,X,---,---,---,Select Last.fm as Zone 2 source,0000 0071 0000 0020 0040 0040 0020 0020 0020 0020 0040 0040 0020 0020 0020 0081 0020 0040 0020 0020 0020 0020 0040 0020 0020 0020 0020 0040 0020 0020 0040 0040 0020 0020 0020 0AA6 0040 0040 0020 0020 0020 0020 0040 0040 0020 0020 0020 0081 0020 0040 0020 0020 0020 0020 0040 0020 0020 0020 0020 0040 0020 0020 0040 0040 0020 0020 0020 04A9,,
,Smart,Smart Select1,16,30,21,16 30 21,---,X,---,X,---,---,X,---,---,---,X,---,---,---,X,---,---,---,---,---,---,Zone 2 Smart Select 1,,,
,Select,Smart Select2,16,30,22,16 30 22,---,X,---,X,---,---,X,---,---,---,X,---,---,---,X,---,---,---,---,---,---,Zone 2 Smart Select 2,,,
,,Smart Select3,16,30,23,16 30 23,---,X,---,X,---,---,X,---,---,---,X,---,---,---,X,---,---,---,---,,,Zone 2 Smart Select 3,,,
,,Smart Select4,16,30,24,16 30 24,---,X,---,X,---,---,X,---,---,---,X,---,---,---,X,---,---,---,---,---,---,Zone 2 Smart Select 4,,,
,,Smart Select5,16,30,25,16 30 25,---,X,---,X,---,---,X,---,---,---,X,---,---,---,X,---,---,---,---,---,---,Zone 2 Smart Select 5,,,
,Control,Cursor Up,16,31,10,16 31 10,X,X,X,X,X,X,X,X,X,---,X,X,X,---,X,X,X,---,---,---,---,Zone 2 Cursor Up,0000 0071 0000 0024 0020 0020 0040 0040 0040 0020 0020 0020 0020 0020 0020 00A1 0020 0040 0020 0020 0020 0020 0020 0020 0020 0020 0040 0020 0020 0040 0040 0040 0040 0AA4 0020 0020 0040 0040 0040 0020 0020 0020 0020 0020 0020 00A1 0020 0040 0020 0020 0020 0020 0020 0020 0020 0020 0040 0020 0020 0040 0040 0040 0040 0AA4 0020 0020 0040 0040 0040 0020 0020 0020 0020 0020 0020 04A8,,
,,Cursor Down,16,31,11,16 31 11,X,X,X,X,X,X,X,X,X,---,X,X,X,---,X,X,X,---,---,---,---,Zone 2 Cursor Down,0000 0071 0000 0022 0020 0020 0020 0020 0020 0020 0040 0020 0020 0020 0020 0020 0020 00A1 0020 0040 0020 0020 0020 0020 0020 0020 0020 0020 0040 0020 0020 0040 0040 0040 0020 0020 0020 0AA4 0020 0020 0020 0020 0020 0020 0040 0020 0020 0020 0020 0020 0020 00A1 0020 0040 0020 0020 0020 0020 0020 0020 0020 0020 0040 0020 0020 0040 0040 0040 0020 0020 0020 04A8,,
,,Cursor Left,16,31,12,16 31 12,X,X,X,X,X,X,X,X,X,---,X,X,X,---,X,X,X,---,---,---,---,Zone 2 Cursor Left,0000 0071 0000 0020 0020 0020 0040 0040 0040 0020 0020 0020 0020 0020 0020 00A1 0020 0040 0020 0020 0020 0020 0020 0020 0020 0020 0040 0020 0020 0040 0020 0020 0040 0020 0020 0AA4 0020 0020 0040 0040 0040 0020 0020 0020 0020 0020 0020 00A1 0020 0040 0020 0020 0020 0020 0020 0020 0020 0020 0040 0020 0020 0040 0020 0020 0040 0020 0020 04A8,,
,,Cursor Right,16,31,13,16 31 13,X,X,X,X,X,X,X,X,X,---,X,X,X,---,X,X,X,---,---,---,---,Zone 2 Cursor Right,0000 0071 0000 0027 0020 0020 0020 0020 0020 0020 0040 0020 0020 0020 0020 0020 0020 00A1 0020 0040 0020 0020 0020 0020 0020 0020 0020 0020 0040 0020 0020 0040 0020 0020 0040 0040 0020 0AA4 0020 0020 0020 0020 0020 0020 0040 0020 0020 0020 0020 0020 0020 00A1 0020 0040 0020 0020 0020 0020 0020 0020 0020 0020 0040 0020 0020 0040 0020 0020 0040 0040 0020 0AA4 0020 0020 0020 0020 0020 0020 0040 0020 0020 04A8,,
,,Enter,16,31,14,16 31 14,X,X,X,X,X,X,X,X,X,---,X,X,X,---,X,X,X,---,---,---,---,Zone 2 Enter,0000 0071 0000 0020 0020 0020 0040 0040 0040 0020 0020 0020 0020 0020 0020 00A1 0020 0040 0020 0020 0020 0020 0020 0020 0020 0020 0040 0020 0020 0040 0020 0020 0020 0020 0040 0AA4 0020 0020 0040 0040 0040 0020 0020 0020 0020 0020 0020 00A1 0020 0040 0020 0020 0020 0020 0020 0020 0020 0020 0040 0020 0020 0040 0020 0020 0020 0020 0040 04A8,,
,,Return,16,31,15,16 31 15,X,X,X,X,X,X,X,X,X,---,X,X,X,---,X,X,X,---,---,---,---,Zone 2 Return,0000 0071 0000 0024 0020 0020 0020 0020 0020 0020 0040 0020 0020 0020 0020 0020 0020 00A1 0020 0040 0020 0020 0020 0020 0020 0020 0020 0020 0040 0020 0020 0040 0020 0020 0020 0020 0020 0020 0020 0AA4 0020 0020 0020 0020 0020 0020 0040 0020 0020 0020 0020 0020 0020 00A1 0020 0040 0020 0020 0020 0020 0020 0020 0020 0020 0040 0020 0020 0040 0020 0020 0020 0020 0020 0020 0020 04A8,,
,,Memory,16,31,16,16 30 14,X,X,X,X,X,X,X,X,X,X,X,X,X,X,X,X,X,X,---,---,---,Zone 2 Memory,0000 0071 0000 0020 0020 0020 0040 0040 0040 0020 0020 0020 0020 0020 0020 00A1 0020 0040 0020 0020 0020 0020 0020 0020 0020 0020 0040 0040 0040 0020 0020 0020 0020 0020 0020 0AA4 0020 0020 0040 0040 0040 0020 0020 0020 0020 0020 0020 00A1 0020 0040 0020 0020 0020 0020 0020 0020 0020 0020 0040 0040 0040 0020 0020 0020 0020 0020 0020 04A8,,
,Sleep,SLEEP (Toggle),16,29,10,16 29 10,X,X,X,X,X,X,X,X,X,X,X,X,X,X,X,X,X,X,---,---,---,Sleep Timer set,,,
,,SLEEP OFF,16,38,10,16 38 10,X,X,X,X,X,X,X,X,X,X,X,X,X,X,X,X,X,X,---,---,---,Sleep Timer set: Off,,,
,,SLEEP 30,16,38,11,16 38 11,---,---,---,---,---,---,---,---,---,---,---,---,---,---,---,---,---,---,---,---,---,Sleep Timer set: 30 min.,,,
,,SLEEP 60,16,38,12,16 38 12,---,---,---,---,---,---,---,---,---,---,---,---,---,---,---,---,---,---,---,---,---,Sleep Timer set: 60  min.,,,
,,SLEEP 90,16,38,13,16 38 13,---,---,---,---,---,---,---,---,---,---,---,---,---,---,---,---,---,---,---,---,---,Sleep Timer set: 90 min.,,,
,,SLEEP 120,16,38,14,16 38 14,---,---,---,---,---,---,---,---,---,---,---,---,---,---,---,---,---,---,---,---,---,Sleep Timer set: 120 min.,,,
,Tuner,[Tuner-1] 0,17,29,00,17 29 00,X,X,X,X,X,X,X,X,X,X,X,X,X,X,X,X,X,X,---,---,---,Ten Key 0 ( Pre set No. or Frequency) for Tuner-1,0000 0071 0000 0020 0020 0020 0040 0040 0040 0020 0020 0020 0020 0040 0020 0081 0020 0040 0020 0020 0020 0020 0040 0040 0040 0020 0020 0020 0020 0020 0020 0020 0020 0020 0020 0AAB 0020 0020 0040 0040 0040 0020 0020 0020 0020 0040 0020 0081 0020 0040 0020 0020 0020 0020 0040 0040 0040 0020 0020 0020 0020 0020 0020 0020 0020 0020 0020 04B0,,
,,[Tuner-1] 1,17,29,01,17 29 01,X,X,X,X,X,X,X,X,X,X,X,X,X,X,X,X,X,X,---,---,---,Ten Key 1 ( Pre set No. or Frequency) for Tuner-1,0000 0071 0000 0022 0020 0020 0020 0020 0020 0020 0040 0020 0020 0020 0020 0040 0020 0081 0020 0040 0020 0020 0020 0020 0040 0040 0040 0020 0020 0020 0020 0020 0020 0020 0020 0040 0020 0AAB 0020 0020 0020 0020 0020 0020 0040 0020 0020 0020 0020 0040 0020 0081 0020 0040 0020 0020 0020 0020 0040 0040 0040 0020 0020 0020 0020 0020 0020 0020 0020 0040 0020 04B0,,
,,[Tuner-1] 2,17,29,02,17 29 02,X,X,X,X,X,X,X,X,X,X,X,X,X,X,X,X,X,X,---,---,---,Ten Key 2 ( Pre set No. or Frequency) for Tuner-1,0000 0071 0000 001E 0020 0020 0040 0040 0040 0020 0020 0020 0020 0040 0020 0081 0020 0040 0020 0020 0020 0020 0040 0040 0040 0020 0020 0020 0020 0020 0020 0040 0040 0AAB 0020 0020 0040 0040 0040 0020 0020 0020 0020 0040 0020 0081 0020 0040 0020 0020 0020 0020 0040 0040 0040 0020 0020 0020 0020 0020 0020 0040 0040 04B0,,
,,[Tuner-1] 3,17,29,03,17 29 03,X,X,X,X,X,X,X,X,X,X,X,X,X,X,X,X,X,X,---,---,---,Ten Key 3 ( Pre set No. or Frequency) for Tuner-1,0000 0071 0000 0022 0020 0020 0020 0020 0020 0020 0040 0020 0020 0020 0020 0040 0020 0081 0020 0040 0020 0020 0020 0020 0040 0040 0040 0020 0020 0020 0020 0020 0020 0040 0020 0020 0020 0AAB 0020 0020 0020 0020 0020 0020 0040 0020 0020 0020 0020 0040 0020 0081 0020 0040 0020 0020 0020 0020 0040 0040 0040 0020 0020 0020 0020 0020 0020 0040 0020 0020 0020 04B0,,
,,[Tuner-1] 4,17,29,04,17 29 04,X,X,X,X,X,X,X,X,X,X,X,X,X,X,X,X,X,X,---,---,---,Ten Key 4 ( Pre set No. or Frequency) for Tuner-1,0000 0071 0000 001E 0020 0020 0040 0040 0040 0020 0020 0020 0020 0040 0020 0081 0020 0040 0020 0020 0020 0020 0040 0040 0040 0020 0020 0020 0020 0040 0040 0020 0020 0AAB 0020 0020 0040 0040 0040 0020 0020 0020 0020 0040 0020 0081 0020 0040 0020 0020 0020 0020 0040 0040 0040 0020 0020 0020 0020 0040 0040 0020 0020 04B0,,
,,[Tuner-1] 5,17,29,05,17 29 05,X,X,X,X,X,X,X,X,X,X,X,X,X,X,X,X,X,X,---,---,---,Ten Key 5 ( Pre set No. or Frequency) for Tuner-1,0000 0071 0000 0020 0020 0020 0020 0020 0020 0020 0040 0020 0020 0020 0020 0040 0020 0081 0020 0040 0020 0020 0020 0020 0040 0040 0040 0020 0020 0020 0020 0040 0040 0040 0020 0AAB 0020 0020 0020 0020 0020 0020 0040 0020 0020 0020 0020 0040 0020 0081 0020 0040 0020 0020 0020 0020 0040 0040 0040 0020 0020 0020 0020 0040 0040 0040 0020 04B0,,
,,[Tuner-1] 6,17,29,06,17 29 06,X,X,X,X,X,X,X,X,X,X,X,X,X,X,X,X,X,X,---,---,---,Ten Key 6 ( Pre set No. or Frequency) for Tuner-1,0000 0071 0000 001E 0020 0020 0040 0040 0040 0020 0020 0020 0020 0040 0020 0081 0020 0040 0020 0020 0020 0020 0040 0040 0040 0020 0020 0020 0020 0040 0020 0020 0040 0AAB 0020 0020 0040 0040 0040 0020 0020 0020 0020 0040 0020 0081 0020 0040 0020 0020 0020 0020 0040 0040 0040 0020 0020 0020 0020 0040 0020 0020 0040 04B0,,
,,[Tuner-1] 7,17,29,07,17 29 07,X,X,X,X,X,X,X,X,X,X,X,X,X,X,X,X,X,X,---,---,---,Ten Key 7 ( Pre set No. or Frequency) for Tuner-1,0000 0071 0000 0022 0020 0020 0020 0020 0020 0020 0040 0020 0020 0020 0020 0040 0020 0081 0020 0040 0020 0020 0020 0020 0040 0040 0040 0020 0020 0020 0020 0040 0020 0020 0020 0020 0020 0AAB 0020 0020 0020 0020 0020 0020 0040 0020 0020 0020 0020 0040 0020 0081 0020 0040 0020 0020 0020 0020 0040 0040 0040 0020 0020 0020 0020 0040 0020 0020 0020 0020 0020 04B0,,
,,[Tuner-1] 8,17,29,08,17 29 08,X,X,X,X,X,X,X,X,X,X,X,X,X,X,X,X,X,X,---,---,---,Ten Key 8 ( Pre set No. or Frequency) for Tuner-1,0000 0071 0000 001E 0020 0020 0040 0040 0040 0020 0020 0020 0020 0040 0020 0081 0020 0040 0020 0020 0020 0020 0040 0040 0040 0020 0020 0040 0040 0020 0020 0020 0020 0AAB 0020 0020 0040 0040 0040 0020 0020 0020 0020 0040 0020 0081 0020 0040 0020 0020 0020 0020 0040 0040 0040 0020 0020 0040 0040 0020 0020 0020 0020 04B0,,
,,[Tuner-1] 9,17,29,09,17 29 09,X,X,X,X,X,X,X,X,X,X,X,X,X,X,X,X,X,X,---,---,---,Ten Key 9 ( Pre set No. or Frequency) for Tuner-1,0000 0071 0000 0020 0020 0020 0020 0020 0020 0020 0040 0020 0020 0020 0020 0040 0020 0081 0020 0040 0020 0020 0020 0020 0040 0040 0040 0020 0020 0040 0040 0020 0020 0040 0020 0AAB 0020 0020 0020 0020 0020 0020 0040 0020 0020 0020 0020 0040 0020 0081 0020 0040 0020 0020 0020 0020 0040 0040 0040 0020 0020 0040 0040 0020 0020 0040 0020 04B0,,
,,[Tuner-1] FM,17,29,10,17 29 10,X（HD Radio,X,X（HD Radio,X,X（HD Radio,X（HD Radio,X,X(*4),---,X,X,X(*4),---,X,X,X(*4),---,X,---,---,---,Turn On and select FM for Tuner-1,0000 0071 0000 001E 0020 0020 0020 0020 0020 0020 0040 0020 0020 0020 0020 0040 0020 0081 0020 0040 0020 0020 0020 0020 0040 0040 0040 0020 0020 0040 0040 0040 0040 0AAB 0020 0020 0020 0020 0020 0020 0040 0020 0020 0020 0020 0040 0020 0081 0020 0040 0020 0020 0020 0020 0040 0040 0040 0020 0020 0040 0040 0040 0040 04B0,,
,,[Tuner-1] AM,17,29,11,17 29 11,X（HD Radio,X,X（HD Radio,X,X（HD Radio,X（HD Radio,X,X(*4),---,X,X,X(*4),---,X,X,X(*4),---,X,---,---,---,Turn On and select AM for Tuner-1,0000 0071 0000 0020 0020 0020 0020 0020 0020 0020 0040 0020 0020 0020 0020 0040 0020 0081 0020 0040 0020 0020 0020 0020 0040 0040 0040 0020 0020 0040 0040 0040 0020 0020 0020 0AAB 0020 0020 0020 0020 0020 0020 0040 0020 0020 0020 0020 0040 0020 0081 0020 0040 0020 0020 0020 0020 0040 0040 0040 0020 0020 0040 0040 0040 0020 0020 0020 04B0,,
,,[Tuner-1] PRESET SCAN,17,29,12,17 29 12,---,---,---,---,---,---,---,---,---,---,---,---,---,---,---,---,---,---,---,---,---,Start Preset Scan for Tuner-1,0000 0071 0000 0020 0020 0020 0020 0020 0020 0020 0040 0020 0020 0020 0020 0040 0020 0081 0020 0040 0020 0020 0020 0020 0040 0040 0040 0020 0020 0040 0020 0020 0040 0020 0020 0AAB 0020 0020 0020 0020 0020 0020 0040 0020 0020 0020 0020 0040 0020 0081 0020 0040 0020 0020 0020 0020 0040 0040 0040 0020 0020 0040 0020 0020 0040 0020 0020 04B0,,
,,[Tuner-1] PRESET Up +,17,29,13,17 29 13,X,X,X,X,X,X,X,X,X,X,X,X,X,X,X,X,X,X,---,---,---,Preset (Skip) Up for Tuner-1,0000 0071 0000 001E 0020 0020 0040 0040 0040 0020 0020 0020 0020 0040 0020 0081 0020 0040 0020 0020 0020 0020 0040 0040 0040 0020 0020 0040 0020 0020 0040 0040 0020 0AAB 0020 0020 0040 0040 0040 0020 0020 0020 0020 0040 0020 0081 0020 0040 0020 0020 0020 0020 0040 0040 0040 0020 0020 0040 0020 0020 0040 0040 0020 04B0,,
,,[Tuner-1] PRESET Down -,17,29,14,17 29 14,X,X,X,X,X,X,X,X,X,X,X,X,X,X,X,X,X,X,---,---,---,Preset (Skip) Down for Tuner-1,0000 0071 0000 001E 0020 0020 0040 0040 0040 0020 0020 0020 0020 0040 0020 0081 0020 0040 0020 0020 0020 0020 0040 0040 0040 0020 0020 0040 0020 0020 0020 0020 0040 0AAB 0020 0020 0040 0040 0040 0020 0020 0020 0020 0040 0020 0081 0020 0040 0020 0020 0020 0020 0040 0040 0040 0020 0020 0040 0020 0020 0020 0020 0040 04B0,,
,,[Tuner-1] FREQ.(tuning) Up +,17,29,15,17 29 15,X,X,X,X,X,X,X,X,X,X,X,X,X,X,X,X,X,X,---,---,---,Frequency (Scan) Up for Tuner-1,0000 0071 0000 0022 0020 0020 0020 0020 0020 0020 0040 0020 0020 0020 0020 0040 0020 0081 0020 0040 0020 0020 0020 0020 0040 0040 0040 0020 0020 0040 0020 0020 0020 0020 0020 0020 0020 0AAB 0020 0020 0020 0020 0020 0020 0040 0020 0020 0020 0020 0040 0020 0081 0020 0040 0020 0020 0020 0020 0040 0040 0040 0020 0020 0040 0020 0020 0020 0020 0020 0020 0020 04B0,,
,,[Tuner-1] FREQ.(tuning) Down -,17,29,16,17 29 16,X,X,X,X,X,X,X,X,X,X,X,X,X,X,X,X,X,X,---,---,---,Frequency (Scan) Down for Tuner-1,0000 0071 0000 001E 0020 0020 0040 0040 0040 0020 0020 0020 0020 0040 0020 0081 0020 0040 0020 0020 0020 0020 0040 0040 0040 0040 0040 0020 0020 0020 0020 0020 0020 0AAB 0020 0020 0040 0040 0040 0020 0020 0020 0020 0040 0020 0081 0020 0040 0020 0020 0020 0020 0040 0040 0040 0040 0040 0020 0020 0020 0020 0020 0020 04B0,,
,,[Tuner-1] T-MODE,17,29,17,17 29 17,X,X,X,X,X,X,X,X,X,X,X,X,X,X,X,X,X,X,---,---,---,Switch FM MODE (Auto Stereo / Mono) for Tuner-1,0000 0071 0000 0020 0020 0020 0020 0020 0020 0020 0040 0020 0020 0020 0020 0040 0020 0081 0020 0040 0020 0020 0020 0020 0040 0040 0040 0040 0040 0020 0020 0020 0020 0040 0020 0AAB 0020 0020 0020 0020 0020 0020 0040 0020 0020 0020 0020 0040 0020 0081 0020 0040 0020 0020 0020 0020 0040 0040 0040 0040 0040 0020 0020 0020 0020 0040 0020 04B0,,
,,[Tuner-1] CLEAR,17,29,18,17 29 18,---,---,---,---,---,---,---,---,---,---,---,---,---,---,---,---,---,---,---,---,---,Clear for Tuner-1,0000 0071 0000 001C 0020 0020 0040 0040 0040 0020 0020 0020 0020 0040 0020 0081 0020 0040 0020 0020 0020 0020 0040 0040 0040 0040 0040 0020 0020 0040 0040 0AAB 0020 0020 0040 0040 0040 0020 0020 0020 0020 0040 0020 0081 0020 0040 0020 0020 0020 0020 0040 0040 0040 0040 0040 0020 0020 0040 0040 04B0,,
,,[Tuner-1] FREQ.-DIRECT,17,29,19,17 29 19,---,---,---,---,---,---,---,---,---,X,---,---,---,X,---,---,---,X,---,---,---,Change to Direct Frequency input mode for Tuner-1,0000 0071 0000 001E 0020 0020 0040 0040 0040 0020 0020 0020 0020 0040 0020 0081 0020 0040 0020 0020 0020 0020 0040 0040 0040 0040 0040 0020 0020 0040 0020 0020 0020 0AAB 0020 0020 0040 0040 0040 0020 0020 0020 0020 0040 0020 0081 0020 0040 0020 0020 0020 0020 0040 0040 0040 0040 0040 0020 0020 0040 0020 0020 0020 04B0,,
,,SHIFT A,17,29,52,17 29 52,---,---,---,---,---,---,---,---,---,X,---,---,---,X,---,---,---,X,---,---,---,,,,
,,SHIFT B,17,29,53,17 29 53,---,---,---,---,---,---,---,---,---,X,---,---,---,X,---,---,---,X,---,---,---,,,,
,,SHIFT C,17,29,54,17 29 54,---,---,---,---,---,---,---,---,---,X,---,---,---,X,---,---,---,X,---,---,---,,,,
,,SHIFT D,17,29,55,17 29 55,---,---,---,---,---,---,---,---,---,X,---,---,---,X,---,---,---,X,---,---,---,,,,
,,SHIFT E,17,29,56,17 29 56,---,---,---,---,---,---,---,---,---,X,---,---,---,X,---,---,---,X,---,---,---,,,,
,,SHIFT F,17,29,57,17 29 57,---,---,---,---,---,---,---,---,---,X,---,---,---,X,---,---,---,X,---,---,---,,,,
,,SHIFT G,17,29,58,17 29 58,---,---,---,---,---,---,---,---,---,X,---,---,---,X,---,---,---,X,---,---,---,,,,
,,BAND (FM/AM),17,29,61,17 29 61,X（HD Radio,X,X（HD Radio,X,X（HD Radio,X（HD Radio,X,X(*4),---,X,X,X(*4),---,X,X,X(*4),---,X,---,---,---,,,,
,,RDS/SEARCH,17,29,62,17 29 62,X,X,X,X,X,X,X,X,X,X,X,X,X,X,X,X,X,X,---,---,---,,,,
,,[Tuner-1] Preset Group Shift,17,32,60,17 93 37,---,---,---,---,---,---,---,---,---,X,---,---,---,X,---,---,---,X,---,---,---,Change Preset Group A -> B -> C -> D -> E -> F -> G -> A,,,
,,[Tuner-1] Direct PRESET,17,65,01-60,17 65 [01-60],---,---,---,---,---,---,---,---,---,---,---,---,---,---,---,---,---,---,---,---,---,Discrete Preset # select,,,
,USB/iPod,iPod Direct Mode,16,83,01,16 83 01,---,---,---,---,---,---,---,---,---,---,---,---,---,---,---,---,---,---,---,---,---,Select iPod Direct mode,,,
,,iPod Remote Mode,16,83,02,16 83 02,---,---,---,---,---,---,---,---,---,---,---,---,---,---,---,---,---,---,---,---,---,Select iPod Remote mode,,,
,,iPod Mode Select(Toggle),16,83,00,16 83 00,---,---,---,---,---,---,---,---,---,---,---,---,---,---,---,---,---,---,---,---,---,Change iPod mode Direct->Remote->Direct,0000 0071 0000 0021 0040 0020 0020 0040 0040 0020 0020 0020 0020 0020 0020 00A1 0020 0040 0040 0020 0020 0040 0020 0020 0040 0020 0020 0020 0020 0020 0020 0020 0020 0020 0020 0AA6 0040 0020 0020 0040 0040 0020 0020 0020 0020 0020 0020 00A1 0020 0040 0040 0020 0020 0040 0020 0020 0040 0020 0020 0020 0020 0020 0020 0020 0020 0020 0020 0AA6 0008 04A9,,
,,Next,24,32,02,24 32 02,X,X,X,X,X,X,X,X,X,X,X,X,X,X,X,X,X,X,---,---,---,Go to next song,,,
,,Previous,24,33,02,24 33 02,X,X,X,X,X,X,X,X,X,X,X,X,X,X,X,X,X,X,---,---,---,Go to previous song,,,
,,Random (Toggle),24,41,01,24 41 01,X,X,X,X,X,X,X,X,X,X,X,X,X,X,X,X,X,X,---,---,---,Change Random mode (Toggle),0000 0071 0000 0020 0020 0020 0020 0020 0020 0020 0020 0020 0040 0020 0020 0020 0020 00C1 0040 0040 0040 0020 0020 0040 0040 0020 0020 0020 0020 0020 0020 0020 0020 0040 0020 0AA6 0020 0020 0020 0020 0020 0020 0020 0020 0040 0020 0020 0020 0020 00C1 0040 0040 0040 0020 0020 0040 0040 0020 0020 0020 0020 0020 0020 0020 0020 0040 0020 04A9,,
,,Random On,24,41,02,24 41 02,X,X,X,X,X,X,X,X,X,X,X,X,X,X,X,X,X,X,---,---,---,,,,
,,Random Off,24,41,03,24 41 03,X,X,X,X,X,X,X,X,X,X,X,X,X,X,X,X,X,X,---,---,---,,,,
,,Random (Album),24,41,04,24 41 04,---,---,---,---,---,---,---,---,---,---,---,---,---,---,---,---,---,---,---,---,---,Select Album Random mode,,,
,,Repeat(toggle),24,42,01,24 42 01,X,X,X,X,X,X,X,X,X,X,X,X,X,X,X,X,X,X,---,---,---,Change Repeat mode (Toggle),,,
,,Repeat Off,24,42,02,24 42 02,X,X,X,X,X,X,X,X,X,X,X,X,X,X,X,X,X,X,---,---,---,Turn Off the repeat mode,0000 0071 0000 001E 0020 0020 0040 0040 0020 0020 0040 0020 0020 0020 0020 00C1 0040 0040 0040 0040 0040 0020 0020 0020 0020 0020 0020 0020 0020 0040 0040 0AA7 0020 0020 0040 0040 0020 0020 0040 0020 0020 0020 0020 00C1 0040 0040 0040 0040 0040 0020 0020 0020 0020 0020 0020 0020 0020 0040 0040 0AA7 0020 0020 0040 04A9,,
,,Repeat One,24,42,03,24 42 03,X,X,X,X,X,X,X,X,X,X,X,X,X,X,X,X,X,X,---,---,---,One track repeat mode on,0000 0071 0000 0022 0020 0020 0020 0020 0020 0020 0020 0020 0040 0020 0020 0020 0020 00C1 0040 0040 0040 0040 0040 0020 0020 0020 0020 0020 0020 0020 0020 0040 0020 0020 0020 0AA7 0020 0020 0020 0020 0020 0020 0020 0020 0040 0020 0020 0020 0020 00C1 0040 0040 0040 0040 0040 0020 0020 0020 0020 0020 0020 0020 0020 0040 0020 0020 0020 0AA7 0020 0020 0020 04A9,,
2nd,,Repeat All,24,42,04,24 42 04,X,X,X,X,X,X,X,X,X,X,X,X,X,X,X,X,X,X,---,---,---,All track repeat mode,0000 0071 0000 0021 0020 0020 0040 0040 0020 0020 0040 0020 0020 0020 0020 00C1 0040 0040 0040 0040 0040 0020 0020 0020 0020 0020 0020 0040 0040 0020 0020 0AA3 0020 0020 0040 0040 0020 0020 0040 0020 0020 0020 0020 00C1 0040 0040 0040 0040 0040 0020 0020 0020 0020 0020 0020 0040 0040 0020 0020 0AA3 0020 0020 0040 0040 0020 0020 0040 0020 0020 04A7,,
Zone,,Repeat Folder,24,42,05,24 42 05,---,---,---,---,---,---,---,---,---,---,---,---,---,---,---,---,---,---,---,---,---,Folder repeat mode on,0000 0071 0000 001E 0020 0020 0020 0020 0020 0020 0020 0020 0040 0020 0020 0020 0020 00C1 0040 0040 0040 0040 0040 0020 0020 0020 0020 0020 0020 0040 0040 0040 0020 0AA3 0020 0020 0020 0020 0020 0020 0020 0020 0040 0020 0020 0020 0020 00C1 0040 0040 0040 0040 0040 0020 0020 0020 0020 0020 0020 0040 0040 0040 0020 04A7,,
,,Pause,24,48,02,24 48 02,X,X,X,X,X,X,X,X,X,X,X,X,X,X,X,X,X,X,---,---,---,Pause the playback,,,
,,REW (Toggle),24,50,02,24 50 02,X,X,X,X,X,X,X,X,X,X,X,X,X,X,X,X,X,X,---,---,---,Change REW mode (Toggle),,,
,,REW 1 (x2 speed),24,50,09,24 50 09,---,---,---,---,---,---,---,---,---,---,---,---,---,---,---,---,---,---,---,---,---,Rew 1 mode,0000 0071 0000 0022 0020 0020 0040 0040 0020 0020 0040 0020 0020 0020 0020 00C1 0020 0020 0040 0020 0020 0040 0040 0020 0020 0020 0020 0040 0040 0020 0020 0040 0020 0AA6 0020 0020 0040 0040 0020 0020 0040 0020 0020 0020 0020 00C1 0020 0020 0040 0020 0020 0040 0040 0020 0020 0020 0020 0040 0040 0020 0020 0040 0020 0AA6 0020 0020 0040 0040 0020 0020 0015 04A9,,
,,REW 2 (x4 speed),24,50,10,24 50 10,---,---,---,---,---,---,---,---,---,---,---,---,---,---,---,---,---,---,---,---,---,Rew 2 mode,0000 0071 0000 0021 0020 0020 0020 0020 0020 0020 0020 0020 0040 0020 0020 0020 0020 00C1 0020 0020 0040 0020 0020 0040 0040 0020 0020 0020 0020 0040 0040 0040 0040 0AA6 0020 0020 0020 0020 0020 0020 0020 0020 0040 0020 0020 0020 0020 00C1 0020 0020 0040 0020 0020 0040 0040 0020 0020 0020 0020 0040 0040 0040 0040 0AA6 0020 0020 0020 0020 0020 04A9,,
,,REW 3 (x8 speed),24,50,11,24 50 11,---,---,---,---,---,---,---,---,---,---,---,---,---,---,---,---,---,---,---,---,---,Rew 3 mode,0000 0071 0000 001E 0020 0020 0040 0040 0020 0020 0040 0020 0020 0020 0020 00C1 0020 0020 0040 0020 0020 0040 0040 0020 0020 0020 0020 0040 0040 0040 0020 0020 0020 0AA6 0020 0020 0040 0040 0020 0020 0040 0020 0020 0020 0020 00C1 0020 0020 0040 0020 0020 0040 0040 0020 0020 0020 0020 0040 0040 0040 0020 0020 0020 04A9,,
,,FF (Toggle),24,52,02,24 52 02,X,X,X,X,X,X,X,X,X,X,X,X,X,X,X,X,X,X,---,---,---,Change FF mode (Toggle),,,
,,FF 1 (x2 speed),24,52,09,24 52 09,---,---,---,---,---,---,---,---,---,---,---,---,---,---,---,---,---,---,---,---,---,FF 1 mode,0000 0071 0000 0020 0020 0020 0020 0020 0020 0020 0020 0020 0040 0020 0020 0020 0020 00C1 0020 0020 0040 0040 0040 0020 0020 0020 0020 0020 0020 0040 0040 0020 0020 0040 0020 0AA6 0020 0020 0020 0020 0020 0020 0020 0020 0040 0020 0020 0020 0020 00C1 0020 0020 0040 0040 0040 0020 0020 0020 0020 0020 0020 0040 0040 0020 0020 0040 0020 04A9,,
,,FF 2 (x4 speed),24,52,10,24 52 10,---,---,---,---,---,---,---,---,---,---,---,---,---,---,---,---,---,---,---,---,---,FF 2 mode,0000 0071 0000 0022 0020 0020 0040 0040 0020 0020 0040 0020 0020 0020 0020 00C1 0020 0020 0040 0040 0040 0020 0020 0020 0020 0020 0020 0040 0040 0040 0040 0AA6 0020 0020 0040 0040 0020 0020 0040 0020 0020 0020 0020 00C1 0020 0020 0040 0040 0040 0020 0020 0020 0020 0020 0020 0040 0040 0040 0040 0AA6 0020 0020 0040 0040 0020 0020 0040 0020 0020 0020 001C 04A9,,
,,Ff 3 (x8 speed),24,52,11,24 52 11,---,---,---,---,---,---,---,---,---,---,---,---,---,---,---,---,---,---,---,---,---,FF 3 mode,0000 0071 0000 0020 0020 0020 0020 0020 0020 0020 0020 0020 0040 0020 0020 0020 0020 00C1 0020 0020 0040 0040 0040 0020 0020 0020 0020 0020 0020 0040 0040 0040 0020 0020 0020 0AA6 0020 0020 0020 0020 0020 0020 0020 0020 0040 0020 0020 0020 0020 00C1 0020 0020 0040 0040 0040 0020 0020 0020 0020 0020 0020 0040 0040 0040 0020 0020 0020 04A9,,
,,Play,24,53,02,24 53 02,X,X,X,X,X,X,X,X,X,X,X,X,X,X,X,X,X,X,---,---,---,Start a playback,,,
,,Play/Pause,24,53,10,24 53 10,X,X,X,X,X,X,X,X,X,X,X,X,X,X,X,X,X,X,---,---,---,Play Pause Toggle,,,
,,iPod Play,24,53,32,24 53 32,X,X,X,X,X,X,X,X,X,X,X,X,X,X,X,X,X,X,---,---,---,,,,
,,USB Direct Play,24,53,61,24 53 61,X,X,X,X,X,X,X,X,X,X,X,X,X,X,X,X,X,X,---,---,---,Start a playback directly in a folder of USB storage (Except iPod),0000 0071 0000 0023 0020 0020 0040 0040 0020 0020 0040 0020 0020 0020 0020 00C1 0020 0020 0040 0040 0040 0040 0020 0020 0020 0020 0020 0020 0020 0020 0040 0040 0020 0AA6 0020 0020 0040 0040 0020 0020 0040 0020 0020 0020 0020 00C1 0020 0020 0040 0040 0040 0040 0020 0020 0020 0020 0020 0020 0020 0020 0040 0040 0020 0AA6 0020 0020 0040 0040 0020 0020 0040 0020 0020 04A9,,
,,Stop,24,54,02,24 54 02,X,X,X,X,X,X,X,X,X,X,X,X,X,X,X,X,X,X,---,---,---,Stop the playback,,,
,,Page,24,80,05,24 80 05,---,---,---,---,---,---,---,---,---,X,---,---,---,X,---,---,---,X,---,---,---,,,,
,,Back (Exit),24,83,02,24 83 02,---,---,---,---,---,---,---,---,---,---,---,---,---,---,---,---,---,---,---,---,---,Exit/Back in iPod menu,,,
,Network,Preset 1,27,29,21,27 29 21,X,X,X,X,X,X,X,X,X,X,X,X,X,X,X,X,X,X,---,---,---,,,,
,(Digital,Preset 2,27,29,22,27 29 22,X,X,X,X,X,X,X,X,X,X,X,X,X,X,X,X,X,X,---,---,---,,,,
,Media,Preset 3,27,29,23,27 29 23,X,X,X,X,X,X,X,X,X,X,X,X,X,X,X,X,X,X,---,---,---,,,,
,Player),Preset 4,27,29,24,27 29 24,X,X,X,X,X,X,X,X,X,X,X,X,X,X,X,X,X,X,---,---,---,,,,
,,Preset 5,27,29,25,27 29 25,X,X,X,X,X,X,X,X,X,X,X,X,X,X,X,X,X,X,---,---,---,,,,
,,Preset 6,27,29,26,27 29 26,X,X,X,X,X,X,X,X,X,X,X,X,X,X,X,X,X,X,---,---,---,,,,
,,Preset 7,27,29,27,27 29 27,X,X,X,X,X,X,X,X,X,X,X,X,X,X,X,X,X,X,---,---,---,,,,
,,Preset 8,27,29,28,27 29 28,X,X,X,X,X,X,X,X,X,X,X,X,X,X,X,X,X,X,---,---,---,,,,
,,SHIFT A,27,29,31,27 29 31,---,---,---,---,---,---,---,---,---,X,---,---,---,X,---,---,---,X,---,---,---,,,,
,,SHIFT B,27,29,32,27 29 32,---,---,---,---,---,---,---,---,---,X,---,---,---,X,---,---,---,X,---,---,---,,,,
,,SHIFT C,27,29,33,27 29 33,---,---,---,---,---,---,---,---,---,X,---,---,---,X,---,---,---,X,---,---,---,,,,
,,SHIFT D,27,29,34,27 29 34,---,---,---,---,---,---,---,---,---,X,---,---,---,X,---,---,---,X,---,---,---,,,,
,,SHIFT E,27,29,35,27 29 35,---,---,---,---,---,---,---,---,---,X,---,---,---,X,---,---,---,X,---,---,---,,,,
,,SHIFT F,27,29,36,27 29 36,---,---,---,---,---,---,---,---,---,X,---,---,---,X,---,---,---,X,---,---,---,,,,
,,SHIFT G,27,29,37,27 29 37,---,---,---,---,---,---,---,---,---,X,---,---,---,X,---,---,---,X,---,---,---,,,,
,,Preset Channel Shift,27,29,60,27 29 60,---,---,---,---,---,---,---,---,---,X,---,---,---,X,---,---,---,X,---,---,---,,,,
,,Network(DMP): Next,27,32,02,27 32 02,X,X,X,X,X,X,X,X,X,X,X,X,X,X,X,X,X,X,---,---,---,,,,
,,Network(DMP): Previous,27,33,02,27 33 02,X,X,X,X,X,X,X,X,X,X,X,X,X,X,X,X,X,X,---,---,---,,,,
,,JPEG Skip + (Next),27,32,11,27 32 11,X,X,X,X,X,X,X,X,X,X,X,X,X,X,X,X,X,X,---,---,---,,,,
,,JPEG Skip - (Previous),27,33,11,27 33 11,X,X,X,X,X,X,X,X,X,X,X,X,X,X,X,X,X,X,---,---,---,,,,
,,Internet Radio Preset 1/FAVORITE STATION  1,27,34,21,27 34 21,X,---,X,---,X,X,---,X,X,X,---,X,X,X,---,X,X,X,---,---,---,,,,
,,Internet Radio Preset 2/FAVORITE STATION  2,27,34,22,27 34 22,X,---,X,---,X,X,---,X,X,X,---,X,X,X,---,X,X,X,---,---,---,,,,
,,Internet Radio Preset 3/FAVORITE STATION  3,27,34,23,27 34 23,X,---,X,---,X,X,---,X,X,X,---,X,X,X,---,X,X,X,---,---,---,,,,
,,Internet Radio Preset 4/FAVORITE STATION  4,27,34,24,27 34 24,X,---,X,---,X,X,---,---,---,---,---,---,---,---,---,---,---,---,---,---,---,,,,
,,Network(DMP): Random (toggle),27,41,01,27 41 01,X,X,X,X,X,X,X,X,X,X,X,X,X,X,X,X,X,X,---,---,---,,,,
,,Network(DMP): Random Off,27,41,02,27 41 02,X,X,X,X,X,X,X,X,X,X,X,X,X,X,X,X,X,X,---,---,---,,,,
,,Network(DMP): Random On,27,41,03,27 41 03,X,X,X,X,X,X,X,X,X,X,X,X,X,X,X,X,X,X,---,---,---,,,,
,,Memory,27,41,52,27 41 52,X,X,X,X,X,X,X,X,X,X,X,X,X,X,X,X,X,X,---,---,---,,,,
,,Network(DMP): Repeat (toggle),27,42,01,27 42 01,X,X,X,X,X,X,X,X,X,X,X,X,X,X,X,X,X,X,---,---,---,,,,
,,Network(DMP): Repeat Off,27,42,02,27 42 02,X,X,X,X,X,X,X,X,X,X,X,X,X,X,X,X,X,X,---,---,---,,,,
,,Network(DMP): Repeat 1,27,42,03,27 42 03,X,X,X,X,X,X,X,X,X,X,X,X,X,X,X,X,X,X,---,---,---,,,,
,,Network(DMP): Repeat All,27,42,04,27 42 04,X,X,X,X,X,X,X,X,X,X,X,X,X,X,X,X,X,X,---,---,---,,,,
,,USB: Repeat Folder,27,42,05,27 42 05,---,---,---,---,---,---,---,---,---,---,---,---,---,---,---,---,---,---,---,---,---,,,,
,,Network(DMP)/USB: REW,27,50,02,27 50 02,---,X,---,X,X,---,X,X,---,---,X,X,---,---,X,X,---,---,---,---,---,,,,
,,USB: Rew1,27,50,09,27 50 09,---,---,---,---,---,---,---,---,---,---,---,---,---,---,---,---,---,---,---,---,---,,,,
,,USB: Rew2,27,50,10,27 50 10,---,---,---,---,---,---,---,---,---,---,---,---,---,---,---,---,---,---,---,---,---,,,,
,,USB: Rew3,27,50,11,27 50 11,---,---,---,---,---,---,---,---,---,---,---,---,---,---,---,---,---,---,---,---,---,,,,
,,Network(DMP)/USB: FF,27,52,02,27 52 02,---,X,---,X,X,---,X,X,---,---,X,X,---,---,X,X,---,---,---,---,---,,,,
,,USB: FF1,27,52,09,27 52 09,---,---,---,---,---,---,---,---,---,---,---,---,---,---,---,---,---,---,---,---,---,,,,
,,USB: FF2,27,52,10,27 52 10,---,---,---,---,---,---,---,---,---,---,---,---,---,---,---,---,---,---,---,---,---,,,,
,,USB: FF3,27,52,11,27 52 11,---,---,---,---,---,---,---,---,---,---,---,---,---,---,---,---,---,---,---,---,---,,,,
,,Network(DMP): Play(/Pause),27,53,02,27 53 02,X,X,X,X,X,X,X,X,X,X,X,X,X,X,X,X,X,X,---,---,---,,,,
,Network,Network(DMP): Play/Pause,27,53,10,27 53 10,---,---,---,---,---,---,---,---,---,---,---,---,---,---,---,---,---,---,---,---,---,,0000 0071 0000 0023 0020 0020 0020 0020 0020 0020 0020 0020 0040 0040 0020 0020 0020 00A1 0020 0020 0040 0040 0040 0040 0040 0020 0020 0040 0040 0040 0040 0AA8 0020 0020 0020 0020 0020 0020 0020 0020 0040 0040 0020 0020 0020 00A1 0020 0020 0040 0040 0040 0040 0040 0020 0020 0040 0040 0040 0040 0AA8 0020 0020 0020 0020 0020 0020 0020 0020 0040 0040 0020 0020 0020 04A9,,
,,iPod Play,27,53,32,27 53 32,X,X,X,X,X,X,X,X,X,X,X,X,X,X,X,X,X,X,---,---,---,,,,
,,Internet Radio - Recent Played Station,27,53,51,27 53 51,X,X,X,X,X,X,X,X,X,X,X,X,X,X,X,X,X,X,---,---,---,,,,
,,Favorite Direct Play,27,53,62,27 53 62,X,X,X,X,X,X,X,X,X,X,X,X,X,X,X,X,X,X,---,---,---,,,,
,,Network(DMP): Stop,27,54,02,27 54 02,X,X,X,X,X,X,X,X,X,X,X,X,X,X,X,X,X,X,---,---,---,,,,
,,Network(DMP): Pause,27,48,02,27 48 02,X,X,X,X,X,X,X,X,X,X,X,X,X,X,X,X,X,X,---,---,---,,,,
,,Network(DMP): Cursor Up,27,80,02,27 80 02,X,X,X,X,X,X,X,X,X,X,X,X,X,X,X,X,X,X,---,---,---,,,,
,,Network(DMP): Cursor Down,27,81,02,27 81 02,X,X,X,X,X,X,X,X,X,X,X,X,X,X,X,X,X,X,---,---,---,,,,
,,Network(DMP): Cursor Left,27,85,02,27 85 02,X,X,X,X,X,X,X,X,X,X,X,X,X,X,X,X,X,X,---,---,---,,,,
,,Network(DMP): Cursor Right,27,86,02,27 86 02,X,X,X,X,X,X,X,X,X,X,X,X,X,X,X,X,X,X,---,---,---,,,,
,,Network(DMP): Enter,27,87,02,27 87 02,X,X,X,X,X,X,X,X,X,X,X,X,X,X,X,X,X,X,---,---,---,,,,
,,Network(DMP): Page Previous,27,29,13,27 29 13,X,X,X,X,X,X,X,X,X,---,X,X,X,---,X,X,X,---,---,---,---,,,,
,,Network(DMP): Page Next,27,29,14,28 29 14,X,X,X,X,X,X,X,X,X,---,X,X,X,---,X,X,X,---,---,---,---,,,,
,,Network(DMP): Back(Return),27,83,02,27 83 02,X (Return),X (Return),X (Return),X (Return),X (Return),X (Return),X (Return),X (Return),X (Return),X (Return),X (Return),X (Return),X (Return),X (Return),X (Return),X (Return),X (Return),X (Return),---,---,---,,,,
,,Network(DMP):HOME,27,84,02,27 84 02,---,X,---,X,X,---,---,---,---,---,---,---,---,---,---,---,---,---,---,---,---,,,,
3rd,Power,POWER ON/OFF (Toggle),16,93,00,16 93 00,X,X,X,X,X,X,---,---,---,---,---,---,---,---,---,---,---,---,---,---,---,Turn Power On/Off (Toggle),,,
Zone,Control,POWER ON,16,93,03,16 93 03,X,X,X,X,X,X,---,---,---,X,---,---,---,---,---,---,---,---,---,---,---,Power On,0000 0071 0000 0023 0040 0040 0020 0020 0040 0020 0020 0020 0020 0020 0020 00A1 0020 0040 0020 0020 0020 0020 0040 0040 0040 0020 0020 0020 0020 0020 0020 0040 0020 0020 0020 0AA3 0040 0040 0020 0020 0040 0020 0020 0020 0020 0020 0020 00A1 0020 0040 0020 0020 0020 0020 0040 0040 0040 0020 0020 0020 0020 0020 0020 0040 0020 0020 0020 0AA3 0040 0040 0020 0020 0040 04A7,,
(Multi,,POWER OFF,16,93,04,16 93 04,X,X,X,X,X,X,---,---,---,X,---,---,---,---,---,---,---,---,---,---,---,Power Off,0000 0071 0000 0024 0040 0020 0020 0040 0040 0020 0020 0020 0020 0020 0020 00A1 0020 0040 0020 0020 0020 0020 0040 0040 0040 0020 0020 0020 0020 0040 0040 0020 0020 0AA3 0040 0020 0020 0040 0040 0020 0020 0020 0020 0020 0020 00A1 0020 0040 0020 0020 0020 0020 0040 0040 0040 0020 0020 0020 0020 0040 0040 0020 0020 0AA3 0040 0020 0020 0040 0040 0020 0020 0020 0020 0020 0020 04A7,,
Zone B),Volume,VOL. +,16,93,01,16 93 01,X,X,X,X,X,X,---,---,---,X,---,---,---,---,---,---,---,---,---,---,---,Volume Up,0000 0071 0000 0024 0040 0040 0020 0020 0040 0020 0020 0020 0020 0020 0020 00A1 0020 0040 0020 0020 0020 0020 0040 0040 0040 0020 0020 0020 0020 0020 0020 0020 0020 0040 0020 0AA3 0040 0040 0020 0020 0040 0020 0020 0020 0020 0020 0020 00A1 0020 0040 0020 0020 0020 0020 0040 0040 0040 0020 0020 0020 0020 0020 0020 0020 0020 0040 0020 0AA3 0040 0040 0020 0020 0040 0020 0012 04A7,,
,Control,VOL. -,16,93,02,16 93 02,X,X,X,X,X,X,---,---,---,X,---,---,---,---,---,---,---,---,---,---,---,Volume Down,0000 0071 0000 0024 0040 0020 0020 0040 0040 0020 0020 0020 0020 0020 0020 00A1 0020 0040 0020 0020 0020 0020 0040 0040 0040 0020 0020 0020 0020 0020 0020 0040 0040 0AA3 0040 0020 0020 0040 0040 0020 0020 0020 0020 0020 0020 00A1 0020 0040 0020 0020 0020 0020 0040 0040 0040 0020 0020 0020 0020 0020 0020 0040 0040 0AA3 0040 0020 0020 0040 0040 0020 0020 0020 0020 0020 0020 04A7,,
,,Direct VOLUME,16,113,00-63,16 113 [00-63],X,X,X,X,X,X (*3),---,---,---,X,---,---,---,---,---,---,---,---,---,---,---,Discrete Multi-room B Volume level select,,,
,,MUTE (Toggle),16,93,08,16 93 08,X,X,X,X,X,X,---,---,---,X,---,---,---,---,---,---,---,---,---,---,---,Mute On/Off (Toggle),,,
,Input,INPUT NEXT,16,92,03,16 92 03,X,X,X,X,X,X,---,---,---,X,---,---,---,---,---,---,---,---,---,---,---,Zone3 Switch Input forward,,,
,Source,INPUT BACK,16,92,04,16 92 04,X,X,X,X,X,X,---,---,---,X,---,---,---,---,---,---,---,---,---,---,---,Zone3 Switch Input backward,,,
,,Source Call,16,92,10,16 92 10,X,X,X,X,X,X,---,---,---,X,---,---,---,---,---,---,---,---,---,---,---,Turn On and select Main Zone Source Cal,,,
,,USB(iPod/USB),16,92,11,16 92 11,X(iPod/USB),X(iPod/USB),X(iPod/USB),X(iPod/USB),X(iPod/USB),X(iPod/USB),---,---,---,X (USB),---,---,---,---,---,---,---,---,---,---,---,Turn On and select USB,,,
,,Blu-ray(BD),16,92,12,16 92 12,X(Blu-ray),X(Blu-ray),X(Blu-ray),X(Blu-ray),X(Blu-ray),X(Blu-ray),---,---,---,X,---,---,---,---,---,---,---,---,---,---,---,Turn On and select BD,0000 0071 0000 0020 0040 0040 0020 0020 0040 0020 0020 0020 0020 0020 0020 00A1 0020 0040 0020 0020 0020 0020 0040 0020 0020 0020 0020 0020 0020 0040 0020 0020 0040 0020 0020 0AA7 0040 0040 0020 0020 0040 0020 0020 0020 0020 0020 0020 00A1 0020 0040 0020 0020 0020 0020 0040 0020 0020 0020 0020 0020 0020 0040 0020 0020 0040 0020 0020 04A9,,
,,M-XPort,16,92,13,16 92 13,X,X,X,---,X,X,---,---,---,X,---,---,---,---,---,---,---,---,---,---,---,Turn On and select M-XPort,0000 0071 0000 0020 0040 0020 0020 0040 0040 0020 0020 0020 0020 0020 0020 00A1 0020 0040 0020 0020 0020 0020 0040 0020 0020 0020 0020 0020 0020 0040 0020 0020 0040 0040 0020 0AA7 0040 0020 0020 0040 0040 0020 0020 0020 0020 0020 0020 00A1 0020 0040 0020 0020 0020 0020 0040 0020 0020 0020 0020 0020 0020 0040 0020 0020 0040 0040 0020 04A9,,
,,Game,16,92,14,16 92 14,X,X,X,X,X,X,---,---,---,X,---,---,---,---,---,---,---,---,---,---,---,Turn On and select Game,0000 0071 0000 0022 0040 0040 0020 0020 0040 0020 0020 0020 0020 0020 0020 00A1 0020 0040 0020 0020 0020 0020 0040 0020 0020 0020 0020 0020 0020 0040 0020 0020 0020 0020 0040 0AA7 0040 0040 0020 0020 0040 0020 0020 0020 0020 0020 0020 00A1 0020 0040 0020 0020 0020 0020 0040 0020 0020 0020 0020 0020 0020 0040 0020 0020 0020 0020 0040 0AA7 0040 0040 0019 04A9,,
,,PHONO,16,92,15,16 92 15,X,X,X,X,X,X,---,---,---,X,---,---,---,---,---,---,---,---,---,---,---,Turn On and select Phonon,0000 0071 0000 0022 0040 0020 0020 0040 0040 0020 0020 0020 0020 0020 0020 00A1 0020 0040 0020 0020 0020 0020 0040 0020 0020 0020 0020 0020 0020 0040 0020 0020 0020 0020 0020 0020 0020 0AA7 0040 0020 0020 0040 0040 0020 0020 0020 0020 0020 0020 00A1 0020 0040 0020 0020 0020 0020 0040 0020 0020 0020 0020 0020 0020 0040 0020 0020 0020 0020 0020 0020 0020 04A9,,
,,Bluetooth,16,92,16,16 92 16,---,X,---,X,---,---,---,---,---,---,---,---,---,---,---,---,---,---,---,,,Turn On and select Bluetooth,,,
,,CD,16,93,11,16 93 11,X,X,X,X,X,X,---,---,---,X,---,---,---,---,---,---,---,---,---,---,---,Turn On and select CD,,,
,,TV AUDIO(TV),16,93,15,16 93 15,X(TV AUDIO),X(TV AUDIO),X(TV AUDIO),X(TV AUDIO),X(TV AUDIO),X(TV AUDIO),---,---,---,X,---,---,---,---,---,---,---,---,---,---,---,Turn On and select TV,,,
,,DVD,16,93,16,16 93 16,X,X,X,X,X,X,---,---,---,X,---,---,---,---,---,---,---,---,---,---,---,Turn On and select DVD,,,
,,MEDIAPLAYER(VCR1),16,93,17,16 93 17,X (MPLAYER),X (MPLAYER),X (MPLAYER),X (MPLAYER),X (MPLAYER),X (MPLAYER),---,---,---,X (VCR),---,---,---,---,---,---,---,---,---,---,---,Turn On and select VCR1,,,
,,VCR2,16,93,18,16 93 18,---,---,---,---,---,---,---,---,---,---,---,---,---,---,---,---,---,---,---,---,---,Turn On and select VCR2,,,
,,CBL/SAT(SAT),16,93,19,16 93 19,X (CBL/SAT),X (CBL/SAT),X (CBL/SAT),X (CBL/SAT),X (CBL/SAT),X (CBL/SAT),---,---,---,X (SAT),---,---,---,---,---,---,---,---,---,---,---,Turn On and select DSS (SAT),,,
,,AUX1(AUX),16,93,20,16 93 20,X,X,X,X,X,X,---,---,---,X,---,---,---,---,---,---,---,---,---,---,---,Turn On and select Front Aux1 input,,,
,,AUX2,16,93,21,16 93 21,X,X,X,X,X,X,---,---,---,X,---,---,---,---,---,---,---,---,---,---,---,Turn On and select L/R channel of Multi channel direct input,,,
,,AUX3(Additional Source),16,93,24,16 93 24,X,---,---,---,---,---,---,---,---,---,---,---,---,---,---,---,---,---,---,---,---,Turn On and select AUX3,,,
3rd,,AUX4(Additional Source),16,93,25,17 93 25,X,---,---,---,---,---,---,---,---,---,---,---,---,---,---,---,---,---,---,---,---,Turn On and select AUX4,,,
Zone,,AUX5(Additional Source),16,93,26,18 93 26,X,---,---,---,---,---,---,---,---,---,---,---,---,---,---,---,---,---,---,---,---,Turn On and select AUX5,,,
,,AUX6(Additional Source),16,93,27,19 93 27,X,---,---,---,---,---,---,---,---,---,---,---,---,---,---,---,---,---,---,---,---,Turn On and select AUX6,,,
,,AUX7(Additional Source),16,93,28,20 93 28,X,---,---,---,---,---,---,---,---,---,---,---,---,---,---,---,---,---,---,---,---,Turn On and select AUX7,,,
,,Online Music(NETWORK),16,93,23,16 29 23,X(NETWORK),X (Online Music),X(NETWORK),X (Online Music),X(NETWORK),X(NETWORK),---,---,---,X (NET/USB),---,---,---,---,---,---,---,---,---,---,---,Turn On and select Digital Media Player,,,
,,"TUNER(TUNER 1,FM)",16,93,30,16 93 30,X,X,X,X,X,X,---,---,---,X,---,---,---,---,---,---,---,---,---,---,---,Turn On and select Tuner-1 or Change BAND (> FM > AM >LW),,,
,,TUNER-2,16,93,31,16 93 31,---,---,---,---,---,---,---,---,---,---,---,---,---,---,---,---,---,---,---,---,---,Turn On and select Tuner-1 or Change BAND (> FM > AM >LW),,,
,,Internet Radio,27,95,20,27 95 20,X,X,X,X,X,X,---,---,---,X,---,---,---,---,---,---,---,---,---,---,---,Select Internet Radio as Zone 2 source,0000 0071 0000 0026 0040 0040 0020 0020 0020 0020 0040 0040 0020 0020 0020 0081 0020 0040 0020 0020 0020 0020 0020 0020 0020 0020 0040 0040 0040 0040 0040 0020 0020 0AA7 0040 0040 0020 0020 0020 0020 0040 0040 0020 0020 0020 0081 0020 0040 0020 0020 0020 0020 0020 0020 0020 0020 0040 0040 0040 0040 0040 0020 0020 0AA7 0040 0040 0020 0020 0020 0020 0040 0040 0020 0020 0020 0081 0020 0040 0020 04A9,,
,,Spotify (*6),27,95,28,27 95 29,X,---,X,---,X,X,---,---,---,---,---,---,---,---,---,---,---,---,---,---,---,Select Spotify as Zone 2 source,,,
,,SIRIUSXM (*4),27,95,29,27 95 29,X,X,X,X,X,X,---,---,---,---,---,---,---,---,---,---,---,---,---,---,---,Select Sirius XM as Zone 2 source,,,
,,Rhapsody (*4),27,95,21,27 95 21,---,---,---,---,---,---,---,---,---,X,---,---,---,---,---,---,---,---,---,---,---,Select Rhapsody as Zone 2 source,0000 0071 0000 001E 0040 0020 0020 0040 0020 0020 0040 0040 0020 0020 0020 0081 0020 0040 0020 0020 0020 0020 0020 0020 0020 0020 0040 0040 0040 0040 0040 0040 0020 0AA7 0040 0020 0020 0040 0020 0020 0040 0040 0020 0020 0020 0081 0020 0040 0020 0020 0020 0020 0020 0020 0020 0020 0040 0040 0040 0040 0040 0040 0020 04A9,,
,,Napster (*6),27,95,22,27 95 22,---,---,---,---,---,---,---,---,---,X,---,---,---,---,---,---,---,---,---,---,---,Select Napster as Zone 2 source,0000 0071 0000 001E 0040 0040 0020 0020 0020 0020 0040 0040 0020 0020 0020 0081 0020 0040 0020 0020 0020 0020 0020 0020 0020 0020 0040 0040 0040 0040 0020 0020 0040 0AA7 0040 0040 0020 0020 0020 0020 0040 0040 0020 0020 0020 0081 0020 0040 0020 0020 0020 0020 0020 0020 0020 0020 0040 0040 0040 0040 0020 0020 0040 04A9,,
,,Flickr,27,95,23,27 95 23,X,X,X,X,X,X,---,---,---,X,---,---,---,---,---,---,---,---,---,---,---,Select Flickr as Zone 2 source,0000 0071 0000 0021 0040 0040 0020 0020 0020 0020 0040 0040 0020 0020 0020 0081 0020 0040 0020 0020 0020 0020 0020 0020 0020 0020 0040 0040 0040 0040 0020 0020 0020 0020 0020 0AAC 0040 0040 0020 0020 0020 0020 0040 0040 0020 0020 0020 0081 0020 0040 0020 0020 0020 0020 0020 0020 0020 0020 0040 0040 0040 0040 0020 0020 0020 0020 0020 0AAC 0040 04AB,,
,,Media Server,27,95,24,27 95 24,X,X,X,X,X,X,---,---,---,X,---,---,---,---,---,---,---,---,---,---,---,Select Media Server as Zone 2 source,0000 0071 0000 0021 0040 0040 0020 0020 0020 0020 0040 0040 0020 0020 0020 0081 0020 0040 0020 0020 0020 0020 0020 0020 0020 0020 0040 0040 0020 0020 0040 0020 0020 0020 0020 0AAC 0040 0040 0020 0020 0020 0020 0040 0040 0020 0020 0020 0081 0020 0040 0020 0020 0020 0020 0020 0020 0020 0020 0040 0040 0020 0020 0040 0020 0020 0020 0020 0AAC 002C 04AB,,
,,Pandora (*4),27,95,26,27 95 26,X,X,X,X,X,X,---,---,---,X,---,---,---,---,---,---,---,---,---,---,---,Select Pandora as Zone 2 source,0000 0071 0000 001E 0040 0020 0020 0040 0020 0020 0040 0040 0020 0020 0020 0081 0020 0040 0020 0020 0020 0020 0020 0020 0020 0020 0040 0040 0020 0020 0040 0040 0040 0AAC 0040 0020 0020 0040 0020 0020 0040 0040 0020 0020 0020 0081 0020 0040 0020 0020 0020 0020 0020 0020 0020 0020 0040 0040 0020 0020 0040 0040 0040 04AB,,
,,Last.fm (*5),27,95,27,27 95 27,---,---,---,---,---,---,---,---,---,---,---,---,---,---,---,---,---,---,---,---,---,Select Last.fm as Zone 2 source,0000 0071 0000 0022 0040 0020 0020 0040 0020 0020 0040 0040 0020 0020 0020 0081 0020 0040 0020 0020 0020 0020 0020 0020 0020 0020 0040 0040 0020 0020 0040 0040 0020 0020 0020 0AAC 0040 0020 0020 0040 0020 0020 0040 0040 0020 0020 0020 0081 0020 0040 0020 0020 0020 0020 0020 0020 0020 0020 0040 0040 0020 0020 0040 0040 0020 0020 0020 0AAC 0040 0020 0020 04AB,,
,Smart,Smart Select1,16,92,21,16 92 21,---,X,---,X,---,---,---,---,---,---,---,---,---,---,---,---,---,---,---,---,---,Zone 3 Smart Select 1,,,
,Select,Smart Select2,16,92,22,16 92 22,---,X,---,X,---,---,---,---,---,---,---,---,---,---,---,---,---,---,---,---,---,Zone 3 Smart Select 2,,,
,,Smart Select3,16,92,23,16 92 23,---,X,---,X,---,---,---,---,---,---,---,---,---,---,---,---,---,---,---,,,Zone 3 Smart Select 3,,,
,,Smart Select4,16,92,24,16 92 24,---,X,---,X,---,---,---,---,---,---,---,---,---,---,---,---,---,---,---,---,---,Zone 3 Smart Select 4,,,
,,Smart Select5,16,92,25,16 92 25,---,X,---,X,---,---,---,---,---,---,---,---,---,---,---,---,---,---,---,---,---,Zone 3 Smart Select 5,,,
,Control,Cursor Up,16,91,10,16 91 10,X,X,X,X,X,X,---,---,---,X,---,---,---,---,---,---,---,---,---,---,---,Zone 3 Cursor Up,0000 0071 0000 001E 0040 0040 0020 0020 0040 0020 0020 0020 0020 0020 0020 00A1 0020 0040 0020 0020 0020 0020 0040 0020 0020 0020 0020 0020 0020 0040 0040 0040 0040 0AA7 0040 0040 0020 0020 0040 0020 0020 0020 0020 0020 0020 00A1 0020 0040 0020 0020 0020 0020 0040 0020 0020 0020 0020 0020 0020 0040 0040 0040 0040 04A9,,
,,Cursor Down,16,91,11,16 91 11,X,X,X,X,X,X,---,---,---,X,---,---,---,---,---,---,---,---,---,---,---,Zone 3 Cursor Down,0000 0071 0000 0020 0040 0020 0020 0040 0040 0020 0020 0020 0020 0020 0020 00A1 0020 0040 0020 0020 0020 0020 0040 0020 0020 0020 0020 0020 0020 0040 0040 0040 0020 0020 0020 0AA7 0040 0020 0020 0040 0040 0020 0020 0020 0020 0020 0020 00A1 0020 0040 0020 0020 0020 0020 0040 0020 0020 0020 0020 0020 0020 0040 0040 0040 0020 0020 0020 04A9,,
,,Cursor Left,16,91,12,16 91 12,X,X,X,X,X,X,---,---,---,X,---,---,---,---,---,---,---,---,---,---,---,Zone 3 Cursor Left,0000 0071 0000 0025 0040 0040 0020 0020 0040 0020 0020 0020 0020 0020 0020 00A1 0020 0040 0020 0020 0020 0020 0040 0020 0020 0020 0020 0020 0020 0040 0020 0020 0040 0020 0020 0AA7 0040 0040 0020 0020 0040 0020 0020 0020 0020 0020 0020 00A1 0020 0040 0020 0020 0020 0020 0040 0020 0020 0020 0020 0020 0020 0040 0020 0020 0040 0020 0020 0AA7 0040 0040 0020 0020 0040 0020 0020 0020 0012 04A9,,
,,Cursor Right,16,91,13,16 91 13,X,X,X,X,X,X,---,---,---,X,---,---,---,---,---,---,---,---,---,---,---,Zone 3 Cursor Right,0000 0071 0000 0020 0040 0020 0020 0040 0040 0020 0020 0020 0020 0020 0020 00A1 0020 0040 0020 0020 0020 0020 0040 0020 0020 0020 0020 0020 0020 0040 0020 0020 0040 0040 0020 0AA7 0040 0020 0020 0040 0040 0020 0020 0020 0020 0020 0020 00A1 0020 0040 0020 0020 0020 0020 0040 0020 0020 0020 0020 0020 0020 0040 0020 0020 0040 0040 0020 04A9,,
,,Enter,16,91,14,16 92 14,X,X,X,X,X,X,---,---,---,X,---,---,---,---,---,---,---,---,---,---,---,Zone 3 Enter,0000 0071 0000 0021 0040 0040 0020 0020 0040 0020 0020 0020 0020 0020 0020 00A1 0020 0040 0020 0020 0020 0020 0040 0020 0020 0020 0020 0020 0020 0040 0020 0020 0020 0020 0040 0AA7 0040 0040 0020 0020 0040 0020 0020 0020 0020 0020 0020 00A1 0020 0040 0020 0020 0020 0020 0040 0020 0020 0020 0020 0020 0020 0040 0020 0020 0020 0020 0040 0AA7 0040 04A9,,
,,Return,16,91,15,16 91 15,X,X,X,X,X,X,---,---,---,X,---,---,---,---,---,---,---,---,---,---,---,Zone 3 Return,0000 0071 0000 0025 0040 0020 0020 0040 0040 0020 0020 0020 0020 0020 0020 00A1 0020 0040 0020 0020 0020 0020 0040 0020 0020 0020 0020 0020 0020 0040 0020 0020 0020 0020 0020 0020 0020 0AA7 0040 0020 0020 0040 0040 0020 0020 0020 0020 0020 0020 00A1 0020 0040 0020 0020 0020 0020 0040 0020 0020 0020 0020 0020 0020 0040 0020 0020 0020 0020 0020 0020 0020 0AA7 0040 0020 0020 0040 0013 04A9,,
,,Memory,16,91,16,16 91 16,X,X,X,X,X,X,---,---,---,X,---,---,---,---,---,---,---,---,---,---,---,Zone 3 Memory,0000 0071 0000 0021 0040 0040 0020 0020 0040 0020 0020 0020 0020 0020 0020 00A1 0020 0040 0020 0020 0020 0020 0040 0020 0020 0020 0020 0040 0040 0020 0020 0020 0020 0020 0020 0AA7 0040 0040 0020 0020 0040 0020 0020 0020 0020 0020 0020 00A1 0020 0040 0020 0020 0020 0020 0040 0020 0020 0020 0020 0040 0040 0020 0020 0020 0020 0020 0020 0AA7 002B 04A9,,
,Sleep,SLEEP (Toggle),16,93,10,16 93 10,X,X,X,X,X,X,---,---,---,X,---,---,---,---,---,---,---,---,---,---,---,Sleep Timer set,,,
,,SLEEP OFF,16,38,20,16 38 20,X,X,X,X,X,X,---,---,---,X,---,---,---,---,---,---,---,---,---,---,---,Sleep Timer set: Off,,,
,Tuner,[Tuner-1] 0,17,93,00,17 93 00,X,X,X,X,X,X,---,---,---,X,---,---,---,---,---,---,---,---,---,---,---,Ten Key 0 ( Pre set No. or Frequency) for Tuner-1,,,
,,[Tuner-1] 1,17,93,01,17 93 01,X,X,X,X,X,X,---,---,---,X,---,---,---,---,---,---,---,---,---,---,---,Ten Key 1 ( Pre set No. or Frequency) for Tuner-1,,,
,,[Tuner-1] 2,17,93,02,17 93 02,X,X,X,X,X,X,---,---,---,X,---,---,---,---,---,---,---,---,---,---,---,Ten Key 2 ( Pre set No. or Frequency) for Tuner-1,,,
,,[Tuner-1] 3,17,93,03,17 93 03,X,X,X,X,X,X,---,---,---,X,---,---,---,---,---,---,---,---,---,---,---,Ten Key 3 ( Pre set No. or Frequency) for Tuner-1,,,
,,[Tuner-1] 4,17,93,04,17 93 04,X,X,X,X,X,X,---,---,---,X,---,---,---,---,---,---,---,---,---,---,---,Ten Key 4 ( Pre set No. or Frequency) for Tuner-1,,,
,,[Tuner-1] 5,17,93,05,17 93 05,X,X,X,X,X,X,---,---,---,X,---,---,---,---,---,---,---,---,---,---,---,Ten Key 5 ( Pre set No. or Frequency) for Tuner-1,,,
,,[Tuner-1] 6,17,93,06,17 93 06,X,X,X,X,X,X,---,---,---,X,---,---,---,---,---,---,---,---,---,---,---,Ten Key 6 ( Pre set No. or Frequency) for Tuner-1,,,
,,[Tuner-1] 7,17,93,07,17 93 07,X,X,X,X,X,X,---,---,---,X,---,---,---,---,---,---,---,---,---,---,---,Ten Key 7 ( Pre set No. or Frequency) for Tuner-1,,,
,,[Tuner-1] 8,17,93,08,17 93 08,X,X,X,X,X,X,---,---,---,X,---,---,---,---,---,---,---,---,---,---,---,Ten Key 8 ( Pre set No. or Frequency) for Tuner-1,,,
,,[Tuner-1] 9,17,93,09,17 93 09,X,X,X,X,X,X,---,---,---,X,---,---,---,---,---,---,---,---,---,---,---,Ten Key 9 ( Pre set No. or Frequency) for Tuner-1,,,
,,[Tuner-1] FM,17,93,10,17 93 10,X（HD Radio,X,X（HD Radio,X,X（HD Radio,X（HD Radio,---,---,---,X,---,---,---,---,---,---,---,---,---,---,---,Turn On and select FM for Tuner-1,,,
,,[Tuner-1] AM,17,93,11,17 93 11,X（HD Radio,X,X（HD Radio,X,X（HD Radio,X（HD Radio,---,---,---,X,---,---,---,---,---,---,---,---,---,---,---,Turn On and select AM for Tuner-1,,,
,,[Tuner-1] PRESET SCAN,17,93,12,17 93 12,---,---,---,---,---,---,---,---,---,---,---,---,---,---,---,---,---,---,---,---,---,Start Preset Scan for Tuner-1,,,
,,[Tuner-1] PRESET Up +,17,93,13,17 93 13,X,X,X,X,X,X,---,---,---,X,---,---,---,---,---,---,---,---,---,---,---,Preset (Skip) Up for Tuner-1,,,
,,[Tuner-1] PRESET Down -,17,93,14,17 93 14,X,X,X,X,X,X,---,---,---,X,---,---,---,---,---,---,---,---,---,---,---,Preset (Skip) Down for Tuner-1,,,
,,[Tuner-1] FREQ.(tuning) Up +,17,93,15,17 93 15,X,X,X,X,X,X,---,---,---,X,---,---,---,---,---,---,---,---,---,---,---,Frequency (Scan) Up for Tuner-1,,,
,,[Tuner-1] FREQ.(tuning) Down -,17,93,16,17 93 16,X,X,X,X,X,X,---,---,---,X,---,---,---,---,---,---,---,---,---,---,---,Frequency (Scan) Down for Tuner-1,,,
,,[Tuner-1] T-MODE,17,93,17,17 93 17,X,X,X,X,X,X,---,---,---,X,---,---,---,---,---,---,---,---,---,---,---,Switch FM MODE (Auto Stereo / Mono) for Tuner-1,,,
,,[Tuner-1] CLEAR,17,93,18,17 93 18,---,---,---,---,---,---,---,---,---,---,---,---,---,---,---,---,---,---,---,---,---,Clear for Tuner-1,,,
,,[Tuner-1] FREQ.-DIRECT,17,93,19,17 93 19,---,---,---,---,---,---,---,---,---,---,---,---,---,---,---,---,---,---,---,---,---,Change to Direct Frequency input mode for Tuner-1,,,
,,SHIFT A,17,93,52,17 93 52,---,---,---,---,---,---,---,---,---,X,---,---,---,---,---,---,---,---,---,---,---,,,,
,,SHIFT B,17,93,53,17 93 53,---,---,---,---,---,---,---,---,---,X,---,---,---,---,---,---,---,---,---,---,---,,,,
,,SHIFT C,17,93,54,17 93 54,---,---,---,---,---,---,---,---,---,X,---,---,---,---,---,---,---,---,---,---,---,,,,
,,SHIFT D,17,93,55,17 93 55,---,---,---,---,---,---,---,---,---,X,---,---,---,---,---,---,---,---,---,---,---,,,,
,,SHIFT E,17,93,56,17 93 56,---,---,---,---,---,---,---,---,---,X,---,---,---,---,---,---,---,---,---,---,---,,,,
,,SHIFT F,17,93,57,17 93 57,---,---,---,---,---,---,---,---,---,X,---,---,---,---,---,---,---,---,---,---,---,,,,
,,SHIFT G,17,93,58,17 93 58,---,---,---,---,---,---,---,---,---,X,---,---,---,---,---,---,---,---,---,---,---,,,,
,,BAND (FM/AM),17,93,61,17 93 61,X（HD Radio,X,X（HD Radio,X,X（HD Radio,X（HD Radio,---,---,---,X,---,---,---,---,---,---,---,---,---,---,---,,,,
,,RDS/SEARCH,17,93,62,17 93 62,X,X,X,X,X,X,---,---,---,X,---,---,---,---,---,---,---,---,---,---,---,,,,
,,[Tuner-1] Preset Group Shift,17,32,61,17 32 61,---,---,---,---,---,---,---,---,---,X,---,---,---,---,---,---,---,---,---,---,---,Change Preset Group A -> B -> C -> D -> E -> F -> G -> A,0000 0071 0000 0028 0020 0020 0020 0020 0020 0020 0040 0020 0020 0020 0020 0040 0020 00A1 0040 0020 0020 0020 0020 0020 0020 0020 0020 0040 0020 0020 0020 0020 0020 0020 0040 0040 0020 0AA8 0020 0020 0020 0020 0020 0020 0040 0020 0020 0020 0020 0040 0020 00A1 0040 0020 0020 0020 0020 0020 0020 0020 0020 0040 0020 0020 0020 0020 0020 0020 0040 0040 0020 0AA8 0020 0020 0020 0020 0020 0020 0040 0020 0020 0020 0020 04AA,,
,,[Tuner-1] PRESET Direct,17,66,01-60,17 66 [01-60],---,---,---,---,---,---,---,---,---,---,---,---,---,---,---,---,---,---,---,---,---,Discrete Preset # select,,,
,USB/iPod,Zone 3: USB: Next,24,32,03,24 32 03,---,---,---,---,---,---,---,---,---,X,---,---,---,---,---,---,---,---,---,---,---,,,,
,,Zone 3: USB: Previous,24,33,03,24 33 03,---,---,---,---,---,---,---,---,---,X,---,---,---,---,---,---,---,---,---,---,---,,,,
,,Zone 3: USB/iPod: Random Mode,24,44,01,24 44 01,X,X,X,X,X,X,---,---,---,X,---,---,---,---,---,---,---,---,---,---,---,,0000 0071 0000 0026 0040 0040 0020 0020 0020 0020 0040 0040 0020 0020 0020 0081 0020 0040 0020 0020 0020 0020 0020 0020 0020 0020 0040 0040 0040 0040 0040 0020 0020 0AA7 0040 0040 0020 0020 0020 0020 0040 0040 0020 0020 0020 0081 0020 0040 0020 0020 0020 0020 0020 0020 0020 0020 0040 0040 0040 0040 0040 0020 0020 0AA7 0040 0040 0020 0020 0020 0020 0040 0040 0020 0020 0020 0081 0020 0040 0020 04A9,,
,,Zone 3: USB/iPod: Random Off,24,44,02,24 44 02,X,X,X,X,X,X,---,---,---,X,---,---,---,---,---,---,---,---,---,---,---,,,,
,,Zone 3: USB/iPod: Random On,24,44,03,24 44 03,X,X,X,X,X,X,---,---,---,X,---,---,---,---,---,---,---,---,---,---,---,,,,
,,Zone 3: USB/iPod: Repeat Mode,24,45,01,24 45 01,X,X,X,X,X,X,---,---,---,X,---,---,---,---,---,---,---,---,---,---,---,,0000 0071 0000 001E 0020 0020 0040 0040 0020 0020 0040 0020 0020 0020 0020 00C1 0040 0040 0020 0020 0040 0040 0040 0020 0020 0020 0020 0020 0020 0020 0020 0040 0020 0AA5 0020 0020 0040 0040 0020 0020 0040 0020 0020 0020 0020 00C1 0040 0040 0020 0020 0040 0040 0040 0020 0020 0020 0020 0020 0020 0020 0020 0040 0020 04A8,,
,,Zone 3: USB/iPod: Repeat Off,24,45,02,24 45 02,X,X,X,X,X,X,---,---,---,X,---,---,---,---,---,---,---,---,---,---,---,,,,
,,Zone 3: USB/iPod: Repeat One,24,45,03,24 45 03,X,X,X,X,X,X,---,---,---,X,---,---,---,---,---,---,---,---,---,---,---,,,,
,,Zone 3: USB/iPod: Repeat All,24,45,04,24 45 04,X,X,X,X,X,X,---,---,---,X,---,---,---,---,---,---,---,---,---,---,---,,,,
,,Zone 3: USB/iPod: Pause,24,48,03,24 48 03,X,X,X,X,X,X,---,---,---,X,---,---,---,---,---,---,---,---,---,---,---,,0000 0071 0000 0027 0020 0020 0020 0020 0020 0020 0020 0020 0040 0020 0020 0020 0020 00C1 0020 0020 0040 0020 0020 0020 0020 0020 0020 0020 0020 0020 0020 0020 0020 0020 0020 0040 0020 0020 0020 0AA5 0020 0020 0020 0020 0020 0020 0020 0020 0040 0020 0020 0020 0020 00C1 0020 0020 0040 0020 0020 0020 0020 0020 0020 0020 0020 0020 0020 0020 0020 0020 0020 0040 0020 0020 0020 0AA5 0020 0020 0020 0020 0020 04A8,,
,,Zone 3: USB/iPod: REW,24,50,03,24 50 03,X,X,X,X,X,X,---,---,---,X,---,---,---,---,---,---,---,---,---,---,---,,,,
,,Zone 3: USB/iPod: FF,24,52,03,24 52 03,X,X,X,X,X,X,---,---,---,X,---,---,---,---,---,---,---,---,---,---,---,,,,
,,Zone 3: USB: Play/Pause,24,53,03,24 53 03,X,X,X,X,X,X,---,---,---,X,---,---,---,---,---,---,---,---,---,---,---,,,,
,,Zone 3: USB/iPod: Play/Pause,24,53,20,24 53 20,---,---,---,---,---,---,---,---,---,---,---,---,---,---,---,---,---,---,---,---,---,,0000 0071 0000 0020 0020 0020 0020 0020 0020 0020 0020 0020 0040 0020 0020 0020 0020 00C1 0040 0040 0020 0020 0040 0040 0040 0020 0020 0020 0020 0020 0020 0040 0020 0020 0020 0AA5 0020 0020 0020 0020 0020 0020 0020 0020 0040 0020 0020 0020 0020 00C1 0040 0040 0020 0020 0040 0040 0040 0020 0020 0020 0020 0020 0020 0040 0020 0020 0020 04A8,,
,,Zone 3: iPod Play,24,53,33,24 53 33,X,X,X,X,X,X,X,X,X,X,X,X,X,---,X,X,X,---,---,---,---,,,,
,,Zone 3: USB/iPod: Stop,24,54,03,24 54 03,X,X,X,X,X,X,---,---,---,X,---,---,---,---,---,---,---,---,---,---,---,,0000 0071 0000 0020 0020 0020 0040 0040 0020 0020 0040 0020 0020 0020 0020 00C1 0020 0020 0040 0040 0020 0020 0040 0020 0020 0020 0020 0020 0020 0020 0020 0040 0020 0020 0020 0AA5 0020 0020 0040 0040 0020 0020 0040 0020 0020 0020 0020 00C1 0020 0020 0040 0040 0020 0020 0040 0020 0020 0020 0020 0020 0020 0020 0020 0040 0020 0020 0020 04A8,,
,,Zone 3: USB Direct Play,24,53,62,24 53 62,X,X,X,X,X,X,---,---,---,X,---,---,---,---,---,---,---,---,---,---,---,,0000 0071 0000 0024 0020 0020 0040 0040 0020 0020 0040 0020 0020 0020 0020 00C1 0020 0020 0040 0040 0040 0040 0020 0020 0020 0020 0020 0020 0020 0020 0020 0020 0040 0AA5 0020 0020 0040 0040 0020 0020 0040 0020 0020 0020 0020 00C1 0020 0020 0040 0040 0040 0040 0020 0020 0020 0020 0020 0020 0020 0020 0020 0020 0040 0AA5 0020 0020 0040 0040 0020 0020 0040 0020 0020 0020 0020 04A8,,
3rd,Network,Network(DMP): Information,27,15,02,27 15 02,---,---,---,---,---,---,---,---,---,---,---,---,---,---,---,---,---,---,---,---,---,,,,
Zone,,Preset Ch: Shift,27,29,61,27 29 61,---,---,---,---,---,---,---,---,---,X,---,---,---,---,---,---,---,---,---,---,---,,,,
,,Network(DMP): Next Track(file),27,32,03,27 32 03,X,X,X,X,X,X,---,---,---,X,---,---,---,---,---,---,---,---,---,---,---,,,,
,,Network(DMP): Previous Track(file),27,33,03,27 33 03,X,X,X,X,X,X,---,---,---,X,---,---,---,---,---,---,---,---,---,---,---,,,,
,,Network: Jpeg Skip +,27,32,12,27 32 12,X,X,X,X,X,X,---,---,---,X,---,---,---,---,---,---,---,---,---,---,---,,,,
,,Network: Jpeg Skip -,27,33,12,27 33 12,X,X,X,X,X,X,---,---,---,X,---,---,---,---,---,---,---,---,---,---,---,,,,
,,Internet Radio Preset 1/FAVORITE STATION  1,27,34,31,27 34 31,X,---,X,---,X,X,---,---,---,X,---,---,---,---,---,---,---,---,---,---,---,,,,
,,Internet Radio Preset 2/FAVORITE STATION  2,27,34,32,27 34 32,X,---,X,---,X,X,---,---,---,X,---,---,---,---,---,---,---,---,---,---,---,,,,
,,Internet Radio Preset 3/FAVORITE STATION  3,27,34,33,27 34 33,X,---,X,---,X,X,---,---,---,X,---,---,---,---,---,---,---,---,---,---,---,,,,
,,Internet Radio Preset 4/FAVORITE STATION  4,27,34,34,27 34 34,X,---,X,---,X,X,---,---,---,---,---,---,---,---,---,---,---,---,---,---,---,,,,
,,Network(DMP): Repeat (toggle),27,45,01,27 45 01,X,X,X,X,X,X,---,---,---,X,---,---,---,---,---,---,---,---,---,---,---,,,,
,,Network(DMP): Repeat Off,27,45,02,27 45 02,X,X,X,X,X,X,---,---,---,X,---,---,---,---,---,---,---,---,---,---,---,,,,
,,Network(DMP): Repeat 1,27,45,03,27 45 03,X,X,X,X,X,X,---,---,---,X,---,---,---,---,---,---,---,---,---,---,---,,,,
,,Network(DMP): Repeat All,27,45,04,27 45 04,X,X,X,X,X,X,---,---,---,X,---,---,---,---,---,---,---,---,---,---,---,,,,
,,Network(DMP): Pause,27,48,03,27 48 03,X,X,X,X,X,X,---,---,---,X,---,---,---,---,---,---,---,---,---,---,---,,,,
,,Network(DMP): REW,27,50,03,27 50 03,---,---,---,X,X,---,---,---,---,X,---,---,---,---,---,---,---,---,---,---,---,,,,
,,Network(DMP): FF,27,52,03,27 52 03,---,---,---,X,X,---,---,---,---,X,---,---,---,---,---,---,---,---,---,---,---,,,,
,,Network(DMP): Play/Pause,27,53,03,27 53 03,X,X,X,X,X,X,---,---,---,X,---,---,---,---,---,---,---,---,---,---,---,,,,
,,Network(DMP):Play/Pause,27,53,20,27 53 20,---,---,---,---,---,---,---,---,---,---,---,---,---,---,---,---,---,---,---,---,---,,0000 0071 0000 0020 0020 0020 0020 0020 0020 0020 0020 0020 0040 0040 0020 0020 0020 00A1 0020 0020 0040 0040 0040 0040 0040 0040 0040 0040 0040 0020 0020 0AA5 0020 0020 0020 0020 0020 0020 0020 0020 0040 0040 0020 0020 0020 00A1 0020 0020 0040 0040 0040 0040 0040 0040 0040 0040 0040 0020 0020 0AA5 0020 0020 0020 0020 0020 0020 0020 04A8,,
,,iPod Direct Play,27,53,33,27 53 33,X,X,X,X,X,X,---,---,---,X,---,---,---,---,---,---,---,---,---,---,---,,,,
,,Internet Radio Recent Played Station,27,53,52,27 53 52,X,X,X,X,X,X,---,---,---,X,---,---,---,---,---,---,---,---,---,---,---,,,,
,,Network: Favorite Direct Play,27,53,63,27 53 63,X,X,X,X,X,X,---,---,---,X,---,---,---,---,---,---,---,---,---,---,---,,,,
,,Network(DMP): Stop,27,54,03,27 54 03,X,X,X,X,X,X,---,---,---,X,---,---,---,---,---,---,---,---,---,---,---,,,,
,,Network(DMP): Cursor Up,27,80,03,27 80 03,X,X,X,X,X,X,---,---,---,X,---,---,---,---,---,---,---,---,---,---,---,,,,
,,Network(DMP): Cursor Down,27,81,03,27 81 03,X,X,X,X,X,X,---,---,---,X,---,---,---,---,---,---,---,---,---,---,---,,,,
,,Network(DMP): Cursor Left,27,85,03,27 85 03,X,X,X,X,X,X,---,---,---,X,---,---,---,---,---,---,---,---,---,---,---,,,,
,,Network(DMP): Cursor Right,27,86,03,27 86 03,X,X,X,X,X,X,---,---,---,X,---,---,---,---,---,---,---,---,---,---,---,,,,
,,Network(DMP): Enter,27,87,03,27 87 03,X,X,X,X,X,X,---,---,---,X,---,---,---,---,---,---,---,---,---,---,---,,,,
,,Network(DMP): Page Up,27,80,06,27 80 06,---,---,---,---,---,---,---,---,---,---,---,---,---,---,---,---,---,---,---,---,---,,,,
,,Network(DMP): Page Down,27,81,06,27 81 06,---,---,---,---,---,---,---,---,---,---,---,---,---,---,---,---,---,---,---,---,---,,,,
,,Network(DMP): Back(Return),27,83,03,27 83 03,X,X,X,X,X,X,---,---,---,X,---,---,---,---,---,---,---,---,---,---,---,,,,
,,Network(DMP):HOME,27,88,02,27 88 02,---,X,---,X,X,---,---,---,---,---,---,---,---,---,---,---,---,---,---,---,---,,,,
,,Page Previous,27,93,13,27 93 13,X,X,X,X,X,X,---,---,---,X(Preset-),---,---,---,---,---,---,---,---,---,---,---,,,,
,,Page Next,27,93,14,27 93 14,X,X,X,X,X,X,---,---,---,X(Preset+),---,---,---,---,---,---,---,---,---,---,---,,,,
,,Preset 1,27,93,21,27 93 21,---,---,---,---,---,---,---,---,---,X,---,---,---,---,---,---,---,---,---,---,---,,,,
,,Preset 2,27,93,22,27 93 22,---,---,---,---,---,---,---,---,---,X,---,---,---,---,---,---,---,---,---,---,---,,,,
,,Preset 3,27,93,23,27 93 23,---,---,---,---,---,---,---,---,---,X,---,---,---,---,---,---,---,---,---,---,---,,,,
,,Preset 4,27,93,24,27 93 24,---,---,---,---,---,---,---,---,---,X,---,---,---,---,---,---,---,---,---,---,---,,,,
,,Preset 5,27,93,25,27 93 25,---,---,---,---,---,---,---,---,---,X,---,---,---,---,---,---,---,---,---,---,---,,,,
,,Preset 6,27,93,26,27 93 26,---,---,---,---,---,---,---,---,---,X,---,---,---,---,---,---,---,---,---,---,---,,,,
,,Preset 7,27,93,27,27 93 27,---,---,---,---,---,---,---,---,---,X,---,---,---,---,---,---,---,---,---,---,---,,,,
,,Preset 8,27,93,28,27 93 28,---,---,---,---,---,---,---,---,---,X,---,---,---,---,---,---,---,---,---,---,---,,,,
,,SHIFT A,27,93,31,27 93 31,---,---,---,---,---,---,---,---,---,X,---,---,---,---,---,---,---,---,---,---,---,,,,
,,SHIFT B,27,93,32,27 93 32,---,---,---,---,---,---,---,---,---,X,---,---,---,---,---,---,---,---,---,---,---,,,,
,,SHIFT C,27,93,33,27 93 33,---,---,---,---,---,---,---,---,---,X,---,---,---,---,---,---,---,---,---,---,---,,,,
,,SHIFT D,27,93,34,27 93 34,---,---,---,---,---,---,---,---,---,X,---,---,---,---,---,---,---,---,---,---,---,,,,
,,SHIFT E,27,93,35,27 93 35,---,---,---,---,---,---,---,---,---,X,---,---,---,---,---,---,---,---,---,---,---,,,,
,,SHIFT F,27,93,36,27 93 36,---,---,---,---,---,---,---,---,---,X,---,---,---,---,---,---,---,---,---,---,---,,,,
,,SHIFT G,27,93,37,27 93 37,---,---,---,---,---,---,---,---,---,X,---,---,---,---,---,---,---,---,---,---,---,,,,
4th,Power,POWER ON/OFF (Toggle),16,94,00,16 94 00,X,---,---,---,---,---,---,---,---,---,---,---,---,---,---,---,---,---,---,---,---,Turn Power On/Off(Toggle),,,
Zone,Control,POWER ON,16,94,03,16 94 03,X,---,---,---,---,---,---,---,---,---,---,---,---,---,---,---,---,---,---,---,---,Power ON,,,
(Multi,,POWER OFF,16,94,04,16 94 04,X,---,---,---,---,---,---,---,---,---,---,---,---,---,---,---,---,---,---,---,---,Power Off,,,
Zone C),Input,Input source Next,16,94,03,16 94 03,X,---,---,---,---,---,---,---,---,---,---,---,---,---,---,---,---,---,---,---,---,,,,
,Source,Input source Previous,16,94,04,16 94 04,X,---,---,---,---,---,---,---,---,---,---,---,---,---,---,---,---,---,---,---,---,,,,
,,Source Call,16,95,10,16 95 10,X,---,---,---,---,---,---,---,---,---,---,---,---,---,---,---,---,---,---,---,---,Turn On and select Main Zone Source Cal,,,
,,Blu-ray,16,95,12,16 95 12,X,---,---,---,---,---,---,---,---,---,---,---,---,---,---,---,---,---,---,---,---,Turn On and select Blu-ray,,,
,,Game,16,95,14,16 95 14,X,---,---,---,---,---,---,---,---,---,---,---,---,---,---,---,---,---,---,---,---,Turn On and select Game,,,
,,CD,16,94,11,16 94 11,X,---,---,---,---,---,---,---,---,---,---,---,---,---,---,---,---,---,---,---,---,Turn On and select CD,,,
,,TV AUDIO,16,94,15,16 94 15,X,---,---,---,---,---,---,---,---,---,---,---,---,---,---,---,---,---,---,---,---,Turn On and select TV AUDIO,,,
,,DVD,16,94,16,16 94 16,X,---,---,---,---,---,---,---,---,---,---,---,---,---,---,---,---,---,---,---,---,Turn On and select DVD,,,
,,MEDIAPLAYER,16,94,17,16 94 17,X,---,---,---,---,---,---,---,---,---,---,---,---,---,---,---,---,---,---,---,---,Turn On and select MEDIA PLAYER,,,
,,CBL/SAT,16,94,19,16 94 19,X,---,---,---,---,---,---,---,---,---,---,---,---,---,---,---,---,---,---,---,---,Turn On and select CBL/SAT,,,
,,AUX1,16,94,20,16 94 20,X,---,---,---,---,---,---,---,---,---,---,---,---,---,---,---,---,---,---,---,---,Turn On and select AUX1,,,
,,AUX2,16,94,21,16 94 21,X,---,---,---,---,---,---,---,---,---,---,---,---,---,---,---,---,---,---,---,---,Turn On and select AUX2,,,
,,AUX3(Additional Source),16,94,24,16 94 24,X,---,---,---,---,---,---,---,---,---,---,---,---,---,---,---,---,---,---,---,---,Turn On and select AUX3,,,
,,AUX4(Additional Source),16,94,25,16 94 25,X,---,---,---,---,---,---,---,---,---,---,---,---,---,---,---,---,---,---,---,---,Turn On and select AUX4,,,
,,AUX5(Additional Source),16,94,26,16 94 26,X,---,---,---,---,---,---,---,---,---,---,---,---,---,---,---,---,---,---,---,---,Turn On and select AUX5,,,
,,AUX6(Additional Source),16,94,27,16 94 27,X,---,---,---,---,---,---,---,---,---,---,---,---,---,---,---,---,---,---,---,---,Turn On and select AUX6,,,
,,AUX7(Additional Source),16,94,28,16 94 28,X,---,---,---,---,---,---,---,---,---,---,---,---,---,---,---,---,---,---,---,---,Turn On and select AUX7,,,
,SLEEP,SLEEP (Toggle),16,94,10,16 94 10,X,---,---,---,---,---,---,---,---,---,---,---,---,---,---,---,---,---,---,---,---,Sleep Timer set,,,
,,SLEEP OFF,16,38,30,16 38 30,X,---,---,---,---,---,---,---,---,---,---,---,---,---,---,---,---,---,---,---,---,Sleep Timer set: Off,,,
Notes: Specifications subject to change without prior notice.,,,,,,,,,,,,,,,,,,,,,,,,,,,,,,,
,X,The command is available for the model.,,,,,,,,,,,,,,,,,,,,,,,,,,,,,
,---,The command is NOT available for the model.,,,,,,,,,,,,,,,,,,,,,,,,,,,,,
,* 1,Main room commands work as Multi room commands when the Multi room RC-IN input was used.,,,,,,,,,,,,,,,,,,,,,,,,,,,,,
,,These commands are recognized as for Main room(zone) commands when they are received via Front IR receiver or Rear Remote Control In.,,,,,,,,,,,,,,,,,,,,,,,,,,,,,
,,These commands are recognized as for Multi room(zone) commands when they are received via Rear Multi room Remote In.,,,,,,,,,,,,,,,,,,,,,,,,,,,,,
,*2,Need an input assign to the input in Menu in advance the use,,,,,,,,,,,,,,,,,,,,,,,,,,,,,
,*4,/U1x version (for North America) model only,,,,,,,,,,,,,,,,,,,,,,,,,,,,,
,*5,/N1x version (for Europe) model only,,,,,,,,,,,,,,,,,,,,,,,,,,,,,
,*6,"/U1x (for North America), /N1x version (for Europe) model only",,,,,,,,,,,,,,,,,,,,,,,,,,,,,
,,,,,,,,,,,,,,,,,,,,,,,,,,,,,,,
,,,,,,,,,,,,,,,,,,,,,,,,,,,,,,,
,,,,,,,,,,,,,,,,,,,,,,,,,,,,,,,
Revision,,,,,,,,,,,,,,,,,,,,,,,,,,,,,,,
4/25/2014,Added NR1605/SR5009,,,,,,,,,,,,,,,,,,,,,,,,,,,,,,
7/8/2014,Added SR6009/SR7009/AV7701,,,,,,,,,,,,,,,,,,,,,,,,,,,,,,
